# iteration    r (m)    potential (V)
         1         -0.048              0
         1        -0.0477              0
         1        -0.0474              0
         1        -0.0471              0
         1        -0.0468              0
         1        -0.0465              0
         1        -0.0462              0
         1        -0.0459              0
         1        -0.0456              0
         1        -0.0453              0
         1         -0.045              0
         1        -0.0447              0
         1        -0.0444              0
         1        -0.0441              0
         1        -0.0438              0
         1        -0.0435              0
         1        -0.0432              0
         1        -0.0429              0
         1        -0.0426              0
         1        -0.0423              0
         1         -0.042              0
         1        -0.0417              0
         1        -0.0414              0
         1        -0.0411              0
         1        -0.0408              0
         1        -0.0405              0
         1        -0.0402              0
         1        -0.0399              0
         1        -0.0396              0
         1        -0.0393              0
         1         -0.039              0
         1        -0.0387              0
         1        -0.0384              0
         1        -0.0381              0
         1        -0.0378              0
         1        -0.0375              0
         1        -0.0372              0
         1        -0.0369              0
         1        -0.0366              0
         1        -0.0363              0
         1         -0.036              0
         1        -0.0357              0
         1        -0.0354              0
         1        -0.0351              0
         1        -0.0348              0
         1        -0.0345              0
         1        -0.0342              0
         1        -0.0339              0
         1        -0.0336              0
         1        -0.0333              0
         1         -0.033              0
         1        -0.0327              0
         1        -0.0324              0
         1        -0.0321              0
         1        -0.0318              0
         1        -0.0315              0
         1        -0.0312              0
         1        -0.0309              0
         1        -0.0306              0
         1        -0.0303              0
         1          -0.03       -5.96531
         1        -0.0297       -25.3348
         1        -0.0294       -44.8974
         1        -0.0291       -64.6729
         1        -0.0288       -84.6855
         1        -0.0285       -104.963
         1        -0.0282       -125.534
         1        -0.0279       -146.431
         1        -0.0276       -167.686
         1        -0.0273       -189.335
         1         -0.027       -211.415
         1        -0.0267       -233.965
         1        -0.0264       -257.026
         1        -0.0261       -280.643
         1        -0.0258       -304.862
         1        -0.0255       -329.733
         1        -0.0252       -355.308
         1        -0.0249       -381.643
         1        -0.0246       -408.796
         1        -0.0243       -436.828
         1         -0.024       -465.806
         1        -0.0237       -495.799
         1        -0.0234       -526.879
         1        -0.0231       -559.125
         1        -0.0228       -592.619
         1        -0.0225       -627.448
         1        -0.0222       -663.706
         1        -0.0219       -701.489
         1        -0.0216       -740.901
         1        -0.0213        -782.05
         1         -0.021       -825.049
         1        -0.0207       -870.018
         1        -0.0204        -917.08
         1        -0.0201       -966.366
         1        -0.0198       -1018.01
         1        -0.0195       -1072.15
         1        -0.0192       -1128.94
         1        -0.0189       -1188.53
         1        -0.0186       -1251.07
         1        -0.0183       -1316.72
         1         -0.018       -1385.67
         1        -0.0177       -1458.08
         1        -0.0174       -1534.13
         1        -0.0171       -1614.02
         1        -0.0168       -1697.96
         1        -0.0165       -1786.13
         1        -0.0162       -1878.77
         1        -0.0159        -1976.1
         1        -0.0156       -2078.37
         1        -0.0153       -2185.83
         1         -0.015       -2298.77
         1        -0.0147       -2417.48
         1        -0.0144       -2542.29
         1        -0.0141       -2673.53
         1        -0.0138        -2811.6
         1        -0.0135       -2956.91
         1        -0.0132       -3109.91
         1        -0.0129       -3271.12
         1        -0.0126       -3441.08
         1        -0.0123       -3620.43
         1         -0.012       -3809.84
         1        -0.0117        -4010.1
         1        -0.0114       -4222.08
         1        -0.0111       -4446.75
         1        -0.0108       -4685.23
         1        -0.0105       -4938.79
         1        -0.0102       -5208.88
         1        -0.0099       -5497.17
         1        -0.0096       -5805.61
         1        -0.0093       -6136.45
         1         -0.009       -6492.35
         1        -0.0087       -6876.48
         1        -0.0084       -7292.63
         1        -0.0081        -7745.4
         1        -0.0078       -8240.45
         1        -0.0075       -8784.88
         1        -0.0072       -9387.71
         1        -0.0069       -10060.7
         1        -0.0066       -10819.6
         1        -0.0063       -11685.6
         1         -0.006       -12686.5
         1        -0.0057       -13848.7
         1        -0.0054         -15000
         1        -0.0051         -15000
         1        -0.0048         -15000
         1        -0.0045       -14974.8
         1        -0.0042       -14770.9
         1        -0.0039       -14583.3
         1        -0.0036       -14425.5
         1        -0.0033       -14297.8
         1         -0.003       -14197.6
         1        -0.0027       -14121.3
         1        -0.0024       -14065.2
         1        -0.0021       -14025.7
         1        -0.0018       -13999.6
         1        -0.0015       -13983.7
         1        -0.0012       -13975.2
         1        -0.0009       -13971.4
         1        -0.0006       -13970.3
         1        -0.0003       -13970.3
         1              0       -13970.4
         1         0.0003       -13970.3
         1         0.0006       -13970.3
         1         0.0009       -13971.4
         1         0.0012       -13975.2
         1         0.0015       -13983.7
         1         0.0018       -13999.6
         1         0.0021       -14025.7
         1         0.0024       -14065.1
         1         0.0027       -14121.2
         1          0.003       -14197.5
         1         0.0033       -14297.7
         1         0.0036       -14425.3
         1         0.0039       -14583.1
         1         0.0042       -14770.7
         1         0.0045       -14974.7
         1         0.0048         -15000
         1         0.0051         -15000
         1         0.0054         -15000
         1         0.0057       -13850.6
         1          0.006       -12687.9
         1         0.0063         -11687
         1         0.0066       -10821.1
         1         0.0069       -10062.2
         1         0.0072       -9389.26
         1         0.0075        -8786.5
         1         0.0078       -8242.16
         1         0.0081       -7747.22
         1         0.0084       -7294.58
         1         0.0087       -6878.57
         1          0.009        -6494.6
         1         0.0093       -6138.87
         1         0.0096       -5808.22
         1         0.0099       -5499.99
         1         0.0102       -5211.92
         1         0.0105       -4942.06
         1         0.0108       -4688.75
         1         0.0111       -4450.53
         1         0.0114       -4226.13
         1         0.0117       -4014.44
         1          0.012       -3814.48
         1         0.0123       -3625.36
         1         0.0126       -3446.32
         1         0.0129       -3276.66
         1         0.0132       -3115.76
         1         0.0135       -2963.06
         1         0.0138       -2818.04
         1         0.0141       -2680.26
         1         0.0144       -2549.29
         1         0.0147       -2424.75
         1          0.015       -2306.28
         1         0.0153       -2193.56
         1         0.0156       -2086.29
         1         0.0159        -1984.2
         1         0.0162       -1887.02
         1         0.0165        -1794.5
         1         0.0168       -1706.41
         1         0.0171       -1622.54
         1         0.0174       -1542.67
         1         0.0177       -1466.61
         1          0.018       -1394.17
         1         0.0183       -1325.16
         1         0.0186       -1259.41
         1         0.0189       -1196.76
         1         0.0192       -1137.03
         1         0.0195       -1080.07
         1         0.0198       -1025.74
         1         0.0201        -973.89
         1         0.0204       -924.382
         1         0.0207       -877.083
         1          0.021       -831.868
         1         0.0213       -788.613
         1         0.0216       -747.201
         1         0.0219       -707.522
         1         0.0222       -669.468
         1         0.0225       -632.939
         1         0.0228       -597.837
         1         0.0231       -564.073
         1         0.0234       -531.559
         1         0.0237       -500.214
         1          0.024       -469.961
         1         0.0243       -440.727
         1         0.0246       -412.444
         1         0.0249       -385.046
         1         0.0252       -358.473
         1         0.0255       -332.664
         1         0.0258       -307.566
         1         0.0261       -283.126
         1         0.0264       -259.294
         1         0.0267       -236.024
         1          0.027        -213.27
         1         0.0273       -190.992
         1         0.0276       -169.149
         1         0.0279       -147.705
         1         0.0282       -126.623
         1         0.0285       -105.871
         1         0.0288       -85.4168
         1         0.0291       -65.2303
         1         0.0294       -45.2837
         1         0.0297       -25.5525
         1           0.03       -6.01652
         1         0.0303              0
         1         0.0306              0
         1         0.0309              0
         1         0.0312              0
         1         0.0315              0
         1         0.0318              0
         1         0.0321              0
         1         0.0324              0
         1         0.0327              0
         1          0.033              0
         1         0.0333              0
         1         0.0336              0
         1         0.0339              0
         1         0.0342              0
         1         0.0345              0
         1         0.0348              0
         1         0.0351              0
         1         0.0354              0
         1         0.0357              0
         1          0.036              0
         1         0.0363              0
         1         0.0366              0
         1         0.0369              0
         1         0.0372              0
         1         0.0375              0
         1         0.0378              0
         1         0.0381              0
         1         0.0384              0
         1         0.0387              0
         1          0.039              0
         1         0.0393              0
         1         0.0396              0
         1         0.0399              0
         1         0.0402              0
         1         0.0405              0
         1         0.0408              0
         1         0.0411              0
         1         0.0414              0
         1         0.0417              0
         1          0.042              0
         1         0.0423              0
         1         0.0426              0
         1         0.0429              0
         1         0.0432              0
         1         0.0435              0
         1         0.0438              0
         1         0.0441              0
         1         0.0444              0
         1         0.0447              0
         1          0.045              0
         1         0.0453              0
         1         0.0456              0
         1         0.0459              0
         1         0.0462              0
         1         0.0465              0
         1         0.0468              0
         1         0.0471              0
         1         0.0474              0
         1         0.0477              0
         2         -0.048              0
         2        -0.0477              0
         2        -0.0474              0
         2        -0.0471              0
         2        -0.0468              0
         2        -0.0465              0
         2        -0.0462              0
         2        -0.0459              0
         2        -0.0456              0
         2        -0.0453              0
         2         -0.045              0
         2        -0.0447              0
         2        -0.0444              0
         2        -0.0441              0
         2        -0.0438              0
         2        -0.0435              0
         2        -0.0432              0
         2        -0.0429              0
         2        -0.0426              0
         2        -0.0423              0
         2         -0.042              0
         2        -0.0417              0
         2        -0.0414              0
         2        -0.0411              0
         2        -0.0408              0
         2        -0.0405              0
         2        -0.0402              0
         2        -0.0399              0
         2        -0.0396              0
         2        -0.0393              0
         2         -0.039              0
         2        -0.0387              0
         2        -0.0384              0
         2        -0.0381              0
         2        -0.0378              0
         2        -0.0375              0
         2        -0.0372              0
         2        -0.0369              0
         2        -0.0366              0
         2        -0.0363              0
         2         -0.036              0
         2        -0.0357              0
         2        -0.0354              0
         2        -0.0351              0
         2        -0.0348              0
         2        -0.0345              0
         2        -0.0342              0
         2        -0.0339              0
         2        -0.0336              0
         2        -0.0333              0
         2         -0.033              0
         2        -0.0327              0
         2        -0.0324              0
         2        -0.0321              0
         2        -0.0318              0
         2        -0.0315              0
         2        -0.0312              0
         2        -0.0309              0
         2        -0.0306              0
         2        -0.0303              0
         2          -0.03       -5.96426
         2        -0.0297       -25.3302
         2        -0.0294       -44.8888
         2        -0.0291       -64.6594
         2        -0.0288       -84.6664
         2        -0.0285       -104.937
         2        -0.0282       -125.501
         2        -0.0279       -146.391
         2        -0.0276       -167.639
         2        -0.0273       -189.282
         2         -0.027       -211.357
         2        -0.0267       -233.902
         2        -0.0264        -256.96
         2        -0.0261       -280.575
         2        -0.0258       -304.792
         2        -0.0255        -329.66
         2        -0.0252       -355.233
         2        -0.0249       -381.564
         2        -0.0246       -408.713
         2        -0.0243        -436.74
         2         -0.024       -465.713
         2        -0.0237         -495.7
         2        -0.0234       -526.775
         2        -0.0231       -559.017
         2        -0.0228       -592.508
         2        -0.0225       -627.336
         2        -0.0222       -663.594
         2        -0.0219       -701.378
         2        -0.0216       -740.793
         2        -0.0213       -781.946
         2         -0.021       -824.951
         2        -0.0207       -869.927
         2        -0.0204       -916.999
         2        -0.0201       -966.297
         2        -0.0198       -1017.96
         2        -0.0195       -1072.12
         2        -0.0192       -1128.94
         2        -0.0189       -1188.56
         2        -0.0186       -1251.15
         2        -0.0183       -1316.86
         2         -0.018       -1385.87
         2        -0.0177       -1458.36
         2        -0.0174       -1534.52
         2        -0.0171       -1614.53
         2        -0.0168       -1698.59
         2        -0.0165       -1786.92
         2        -0.0162       -1879.73
         2        -0.0159       -1977.26
         2        -0.0156       -2079.76
         2        -0.0153       -2187.47
         2         -0.015       -2300.68
         2        -0.0147       -2419.69
         2        -0.0144       -2544.81
         2        -0.0141        -2676.4
         2        -0.0138       -2814.83
         2        -0.0135       -2960.51
         2        -0.0132        -3113.9
         2        -0.0129        -3275.5
         2        -0.0126       -3445.86
         2        -0.0123        -3625.6
         2         -0.012       -3815.39
         2        -0.0117       -4016.02
         2        -0.0114       -4228.34
         2        -0.0111       -4453.33
         2        -0.0108        -4692.1
         2        -0.0105       -4945.91
         2        -0.0102       -5216.22
         2        -0.0099       -5504.69
         2        -0.0096       -5813.24
         2        -0.0093       -6144.15
         2         -0.009       -6500.06
         2        -0.0087       -6884.14
         2        -0.0084       -7300.16
         2        -0.0081       -7752.73
         2        -0.0078        -8247.5
         2        -0.0075       -8791.55
         2        -0.0072       -9393.91
         2        -0.0069       -10066.3
         2        -0.0066       -10824.5
         2        -0.0063       -11689.5
         2         -0.006       -12689.3
         2        -0.0057       -13850.1
         2        -0.0054         -15000
         2        -0.0051         -15000
         2        -0.0048         -15000
         2        -0.0045       -14974.9
         2        -0.0042       -14771.4
         2        -0.0039       -14584.1
         2        -0.0036       -14426.6
         2        -0.0033       -14299.2
         2         -0.003       -14199.2
         2        -0.0027       -14122.9
         2        -0.0024       -14066.9
         2        -0.0021       -14027.4
         2        -0.0018       -14001.3
         2        -0.0015       -13985.4
         2        -0.0012       -13976.8
         2        -0.0009         -13973
         2        -0.0006       -13971.9
         2        -0.0003       -13971.8
         2              0       -13971.9
         2         0.0003       -13971.8
         2         0.0006       -13971.8
         2         0.0009       -13972.9
         2         0.0012       -13976.7
         2         0.0015       -13985.3
         2         0.0018       -14001.2
         2         0.0021       -14027.3
         2         0.0024       -14066.7
         2         0.0027       -14122.8
         2          0.003         -14199
         2         0.0033         -14299
         2         0.0036       -14426.4
         2         0.0039       -14583.9
         2         0.0042       -14771.2
         2         0.0045       -14974.7
         2         0.0048         -15000
         2         0.0051         -15000
         2         0.0054         -15000
         2         0.0057       -13851.9
         2          0.006       -12690.6
         2         0.0063       -11690.7
         2         0.0066       -10825.7
         2         0.0069       -10067.5
         2         0.0072       -9395.14
         2         0.0075       -8792.83
         2         0.0078       -8248.85
         2         0.0081       -7754.17
         2         0.0084       -7301.72
         2         0.0087       -6885.83
         2          0.009       -6501.91
         2         0.0093       -6146.17
         2         0.0096       -5815.46
         2         0.0099       -5507.12
         2         0.0102        -5218.9
         2         0.0105       -4948.84
         2         0.0108        -4695.3
         2         0.0111       -4456.81
         2         0.0114       -4232.11
         2         0.0117        -4020.1
         2          0.012       -3819.79
         2         0.0123       -3630.32
         2         0.0126       -3450.91
         2         0.0129       -3280.88
         2         0.0132       -3119.61
         2         0.0135       -2966.54
         2         0.0138       -2821.17
         2         0.0141       -2683.05
         2         0.0144       -2551.75
         2         0.0147       -2426.91
         2          0.015       -2308.16
         2         0.0153       -2195.18
         2         0.0156       -2087.68
         2         0.0159       -1985.37
         2         0.0162          -1888
         2         0.0165       -1795.31
         2         0.0168       -1707.08
         2         0.0171       -1623.08
         2         0.0174        -1543.1
         2         0.0177       -1466.95
         2          0.018       -1394.43
         2         0.0183       -1325.35
         2         0.0186       -1259.55
         2         0.0189       -1196.85
         2         0.0192       -1137.08
         2         0.0195        -1080.1
         2         0.0198       -1025.75
         2         0.0201       -973.879
         2         0.0204       -924.358
         2         0.0207       -877.049
         2          0.021       -831.826
         2         0.0213       -788.564
         2         0.0216       -747.147
         2         0.0219       -707.463
         2         0.0222       -669.406
         2         0.0225       -632.875
         2         0.0228       -597.773
         2         0.0231        -564.01
         2         0.0234       -531.498
         2         0.0237       -500.156
         2          0.024       -469.907
         2         0.0243       -440.677
         2         0.0246       -412.397
         2         0.0249       -385.002
         2         0.0252        -358.43
         2         0.0255       -332.622
         2         0.0258       -307.525
         2         0.0261       -283.085
         2         0.0264       -259.254
         2         0.0267       -235.984
         2          0.027       -213.233
         2         0.0273       -190.958
         2         0.0276        -169.12
         2         0.0279        -147.68
         2         0.0282       -126.604
         2         0.0285       -105.857
         2         0.0288       -85.4072
         2         0.0291       -65.2242
         2         0.0294       -45.2802
         2         0.0297       -25.5509
         2           0.03       -6.01618
         2         0.0303              0
         2         0.0306              0
         2         0.0309              0
         2         0.0312              0
         2         0.0315              0
         2         0.0318              0
         2         0.0321              0
         2         0.0324              0
         2         0.0327              0
         2          0.033              0
         2         0.0333              0
         2         0.0336              0
         2         0.0339              0
         2         0.0342              0
         2         0.0345              0
         2         0.0348              0
         2         0.0351              0
         2         0.0354              0
         2         0.0357              0
         2          0.036              0
         2         0.0363              0
         2         0.0366              0
         2         0.0369              0
         2         0.0372              0
         2         0.0375              0
         2         0.0378              0
         2         0.0381              0
         2         0.0384              0
         2         0.0387              0
         2          0.039              0
         2         0.0393              0
         2         0.0396              0
         2         0.0399              0
         2         0.0402              0
         2         0.0405              0
         2         0.0408              0
         2         0.0411              0
         2         0.0414              0
         2         0.0417              0
         2          0.042              0
         2         0.0423              0
         2         0.0426              0
         2         0.0429              0
         2         0.0432              0
         2         0.0435              0
         2         0.0438              0
         2         0.0441              0
         2         0.0444              0
         2         0.0447              0
         2          0.045              0
         2         0.0453              0
         2         0.0456              0
         2         0.0459              0
         2         0.0462              0
         2         0.0465              0
         2         0.0468              0
         2         0.0471              0
         2         0.0474              0
         2         0.0477              0
         3         -0.048              0
         3        -0.0477              0
         3        -0.0474              0
         3        -0.0471              0
         3        -0.0468              0
         3        -0.0465              0
         3        -0.0462              0
         3        -0.0459              0
         3        -0.0456              0
         3        -0.0453              0
         3         -0.045              0
         3        -0.0447              0
         3        -0.0444              0
         3        -0.0441              0
         3        -0.0438              0
         3        -0.0435              0
         3        -0.0432              0
         3        -0.0429              0
         3        -0.0426              0
         3        -0.0423              0
         3         -0.042              0
         3        -0.0417              0
         3        -0.0414              0
         3        -0.0411              0
         3        -0.0408              0
         3        -0.0405              0
         3        -0.0402              0
         3        -0.0399              0
         3        -0.0396              0
         3        -0.0393              0
         3         -0.039              0
         3        -0.0387              0
         3        -0.0384              0
         3        -0.0381              0
         3        -0.0378              0
         3        -0.0375              0
         3        -0.0372              0
         3        -0.0369              0
         3        -0.0366              0
         3        -0.0363              0
         3         -0.036              0
         3        -0.0357              0
         3        -0.0354              0
         3        -0.0351              0
         3        -0.0348              0
         3        -0.0345              0
         3        -0.0342              0
         3        -0.0339              0
         3        -0.0336              0
         3        -0.0333              0
         3         -0.033              0
         3        -0.0327              0
         3        -0.0324              0
         3        -0.0321              0
         3        -0.0318              0
         3        -0.0315              0
         3        -0.0312              0
         3        -0.0309              0
         3        -0.0306              0
         3        -0.0303              0
         3          -0.03       -5.96436
         3        -0.0297       -25.3307
         3        -0.0294       -44.8896
         3        -0.0291       -64.6606
         3        -0.0288       -84.6679
         3        -0.0285       -104.939
         3        -0.0282       -125.504
         3        -0.0279       -146.393
         3        -0.0276       -167.642
         3        -0.0273       -189.285
         3         -0.027        -211.36
         3        -0.0267       -233.906
         3        -0.0264       -256.964
         3        -0.0261       -280.579
         3        -0.0258       -304.797
         3        -0.0255       -329.666
         3        -0.0252       -355.239
         3        -0.0249       -381.571
         3        -0.0246        -408.72
         3        -0.0243       -436.749
         3         -0.024       -465.722
         3        -0.0237       -495.711
         3        -0.0234       -526.788
         3        -0.0231       -559.032
         3        -0.0228       -592.526
         3        -0.0225       -627.357
         3        -0.0222       -663.619
         3        -0.0219       -701.409
         3        -0.0216        -740.83
         3        -0.0213       -781.991
         3         -0.021       -825.005
         3        -0.0207       -869.991
         3        -0.0204       -917.076
         3        -0.0201        -966.39
         3        -0.0198       -1018.07
         3        -0.0195       -1072.25
         3        -0.0192       -1129.09
         3        -0.0189       -1188.74
         3        -0.0186       -1251.35
         3        -0.0183       -1317.09
         3         -0.018       -1386.14
         3        -0.0177       -1458.66
         3        -0.0174       -1534.85
         3        -0.0171       -1614.89
         3        -0.0168       -1698.99
         3        -0.0165       -1787.34
         3        -0.0162       -1880.18
         3        -0.0159       -1977.73
         3        -0.0156       -2080.24
         3        -0.0153       -2187.95
         3         -0.015       -2301.16
         3        -0.0147       -2420.16
         3        -0.0144       -2545.26
         3        -0.0141       -2676.81
         3        -0.0138        -2815.2
         3        -0.0135       -2960.84
         3        -0.0132       -3114.17
         3        -0.0129        -3275.7
         3        -0.0126       -3445.99
         3        -0.0123       -3625.66
         3         -0.012       -3815.38
         3        -0.0117       -4015.94
         3        -0.0114       -4228.19
         3        -0.0111       -4453.12
         3        -0.0108       -4691.84
         3        -0.0105       -4945.61
         3        -0.0102       -5215.88
         3        -0.0099       -5504.31
         3        -0.0096       -5812.85
         3        -0.0093       -6143.75
         3         -0.009       -6499.66
         3        -0.0087       -6883.75
         3        -0.0084       -7299.78
         3        -0.0081       -7752.37
         3        -0.0078       -8247.16
         3        -0.0075       -8791.24
         3        -0.0072       -9393.63
         3        -0.0069       -10066.1
         3        -0.0066       -10824.3
         3        -0.0063       -11689.4
         3         -0.006       -12689.2
         3        -0.0057       -13850.1
         3        -0.0054         -15000
         3        -0.0051         -15000
         3        -0.0048         -15000
         3        -0.0045       -14974.9
         3        -0.0042       -14771.4
         3        -0.0039       -14584.2
         3        -0.0036       -14426.8
         3        -0.0033       -14299.4
         3         -0.003       -14199.4
         3        -0.0027       -14123.2
         3        -0.0024       -14067.2
         3        -0.0021       -14027.8
         3        -0.0018       -14001.8
         3        -0.0015       -13985.9
         3        -0.0012       -13977.3
         3        -0.0009       -13973.5
         3        -0.0006       -13972.4
         3        -0.0003       -13972.4
         3              0       -13972.6
         3         0.0003       -13972.4
         3         0.0006       -13972.4
         3         0.0009       -13973.5
         3         0.0012       -13977.3
         3         0.0015       -13985.8
         3         0.0018       -14001.7
         3         0.0021       -14027.7
         3         0.0024       -14067.1
         3         0.0027       -14123.1
         3          0.003       -14199.2
         3         0.0033       -14299.2
         3         0.0036       -14426.6
         3         0.0039         -14584
         3         0.0042       -14771.2
         3         0.0045       -14974.7
         3         0.0048         -15000
         3         0.0051         -15000
         3         0.0054         -15000
         3         0.0057       -13851.9
         3          0.006       -12690.5
         3         0.0063       -11690.6
         3         0.0066       -10825.5
         3         0.0069       -10067.3
         3         0.0072       -9394.88
         3         0.0075       -8792.55
         3         0.0078       -8248.54
         3         0.0081       -7753.84
         3         0.0084       -7301.36
         3         0.0087       -6885.46
         3          0.009       -6501.54
         3         0.0093        -6145.8
         3         0.0096        -5815.1
         3         0.0099       -5506.77
         3         0.0102       -5218.57
         3         0.0105       -4948.54
         3         0.0108       -4695.04
         3         0.0111        -4456.6
         3         0.0114       -4231.96
         3         0.0117       -4020.01
         3          0.012       -3819.76
         3         0.0123       -3630.36
         3         0.0126       -3451.01
         3         0.0129       -3281.05
         3         0.0132       -3119.84
         3         0.0135       -2966.83
         3         0.0138       -2821.51
         3         0.0141       -2683.42
         3         0.0144       -2552.16
         3         0.0147       -2427.34
         3          0.015        -2308.6
         3         0.0153       -2195.63
         3         0.0156       -2088.13
         3         0.0159       -1985.81
         3         0.0162       -1888.42
         3         0.0165       -1795.71
         3         0.0168       -1707.45
         3         0.0171       -1623.42
         3         0.0174       -1543.42
         3         0.0177       -1467.23
         3          0.018       -1394.68
         3         0.0183       -1325.57
         3         0.0186       -1259.74
         3         0.0189       -1197.01
         3         0.0192       -1137.23
         3         0.0195       -1080.22
         3         0.0198       -1025.85
         3         0.0201       -973.966
         3         0.0204       -924.431
         3         0.0207       -877.111
         3          0.021       -831.877
         3         0.0213       -788.606
         3         0.0216       -747.182
         3         0.0219       -707.493
         3         0.0222       -669.431
         3         0.0225       -632.896
         3         0.0228       -597.791
         3         0.0231       -564.024
         3         0.0234       -531.511
         3         0.0237       -500.167
         3          0.024       -469.916
         3         0.0243       -440.685
         3         0.0246       -412.404
         3         0.0249       -385.008
         3         0.0252       -358.435
         3         0.0255       -332.628
         3         0.0258        -307.53
         3         0.0261       -283.089
         3         0.0264       -259.258
         3         0.0267       -235.988
         3          0.027       -213.237
         3         0.0273       -190.961
         3         0.0276       -169.123
         3         0.0279       -147.683
         3         0.0282       -126.606
         3         0.0285       -105.859
         3         0.0288       -85.4086
         3         0.0291       -65.2252
         3         0.0294        -45.281
         3         0.0297       -25.5513
         3           0.03       -6.01628
         3         0.0303              0
         3         0.0306              0
         3         0.0309              0
         3         0.0312              0
         3         0.0315              0
         3         0.0318              0
         3         0.0321              0
         3         0.0324              0
         3         0.0327              0
         3          0.033              0
         3         0.0333              0
         3         0.0336              0
         3         0.0339              0
         3         0.0342              0
         3         0.0345              0
         3         0.0348              0
         3         0.0351              0
         3         0.0354              0
         3         0.0357              0
         3          0.036              0
         3         0.0363              0
         3         0.0366              0
         3         0.0369              0
         3         0.0372              0
         3         0.0375              0
         3         0.0378              0
         3         0.0381              0
         3         0.0384              0
         3         0.0387              0
         3          0.039              0
         3         0.0393              0
         3         0.0396              0
         3         0.0399              0
         3         0.0402              0
         3         0.0405              0
         3         0.0408              0
         3         0.0411              0
         3         0.0414              0
         3         0.0417              0
         3          0.042              0
         3         0.0423              0
         3         0.0426              0
         3         0.0429              0
         3         0.0432              0
         3         0.0435              0
         3         0.0438              0
         3         0.0441              0
         3         0.0444              0
         3         0.0447              0
         3          0.045              0
         3         0.0453              0
         3         0.0456              0
         3         0.0459              0
         3         0.0462              0
         3         0.0465              0
         3         0.0468              0
         3         0.0471              0
         3         0.0474              0
         3         0.0477              0
         4         -0.048              0
         4        -0.0477              0
         4        -0.0474              0
         4        -0.0471              0
         4        -0.0468              0
         4        -0.0465              0
         4        -0.0462              0
         4        -0.0459              0
         4        -0.0456              0
         4        -0.0453              0
         4         -0.045              0
         4        -0.0447              0
         4        -0.0444              0
         4        -0.0441              0
         4        -0.0438              0
         4        -0.0435              0
         4        -0.0432              0
         4        -0.0429              0
         4        -0.0426              0
         4        -0.0423              0
         4         -0.042              0
         4        -0.0417              0
         4        -0.0414              0
         4        -0.0411              0
         4        -0.0408              0
         4        -0.0405              0
         4        -0.0402              0
         4        -0.0399              0
         4        -0.0396              0
         4        -0.0393              0
         4         -0.039              0
         4        -0.0387              0
         4        -0.0384              0
         4        -0.0381              0
         4        -0.0378              0
         4        -0.0375              0
         4        -0.0372              0
         4        -0.0369              0
         4        -0.0366              0
         4        -0.0363              0
         4         -0.036              0
         4        -0.0357              0
         4        -0.0354              0
         4        -0.0351              0
         4        -0.0348              0
         4        -0.0345              0
         4        -0.0342              0
         4        -0.0339              0
         4        -0.0336              0
         4        -0.0333              0
         4         -0.033              0
         4        -0.0327              0
         4        -0.0324              0
         4        -0.0321              0
         4        -0.0318              0
         4        -0.0315              0
         4        -0.0312              0
         4        -0.0309              0
         4        -0.0306              0
         4        -0.0303              0
         4          -0.03        -5.9644
         4        -0.0297       -25.3308
         4        -0.0294       -44.8898
         4        -0.0291        -64.661
         4        -0.0288       -84.6684
         4        -0.0285        -104.94
         4        -0.0282       -125.504
         4        -0.0279       -146.394
         4        -0.0276       -167.643
         4        -0.0273       -189.287
         4         -0.027       -211.362
         4        -0.0267       -233.908
         4        -0.0264       -256.966
         4        -0.0261       -280.581
         4        -0.0258       -304.799
         4        -0.0255       -329.668
         4        -0.0252       -355.242
         4        -0.0249       -381.574
         4        -0.0246       -408.724
         4        -0.0243       -436.753
         4         -0.024       -465.728
         4        -0.0237       -495.717
         4        -0.0234       -526.795
         4        -0.0231       -559.041
         4        -0.0228       -592.537
         4        -0.0225        -627.37
         4        -0.0222       -663.634
         4        -0.0219       -701.427
         4        -0.0216       -740.851
         4        -0.0213       -782.016
         4         -0.021       -825.034
         4        -0.0207       -870.026
         4        -0.0204       -917.116
         4        -0.0201       -966.435
         4        -0.0198       -1018.12
         4        -0.0195       -1072.31
         4        -0.0192       -1129.16
         4        -0.0189       -1188.81
         4        -0.0186       -1251.43
         4        -0.0183       -1317.18
         4         -0.018       -1386.23
         4        -0.0177       -1458.77
         4        -0.0174       -1534.96
         4        -0.0171       -1615.01
         4        -0.0168        -1699.1
         4        -0.0165       -1787.46
         4        -0.0162        -1880.3
         4        -0.0159       -1977.85
         4        -0.0156       -2080.35
         4        -0.0153       -2188.07
         4         -0.015       -2301.27
         4        -0.0147       -2420.26
         4        -0.0144       -2545.35
         4        -0.0141        -2676.9
         4        -0.0138       -2815.27
         4        -0.0135       -2960.89
         4        -0.0132       -3114.21
         4        -0.0129       -3275.74
         4        -0.0126       -3446.01
         4        -0.0123       -3625.66
         4         -0.012       -3815.37
         4        -0.0117       -4015.91
         4        -0.0114       -4228.16
         4        -0.0111       -4453.07
         4        -0.0108       -4691.78
         4        -0.0105       -4945.54
         4        -0.0102        -5215.8
         4        -0.0099       -5504.23
         4        -0.0096       -5812.76
         4        -0.0093       -6143.66
         4         -0.009       -6499.57
         4        -0.0087       -6883.65
         4        -0.0084       -7299.68
         4        -0.0081       -7752.27
         4        -0.0078       -8247.07
         4        -0.0075       -8791.16
         4        -0.0072       -9393.55
         4        -0.0069         -10066
         4        -0.0066       -10824.2
         4        -0.0063       -11689.3
         4         -0.006       -12689.2
         4        -0.0057         -13850
         4        -0.0054         -15000
         4        -0.0051         -15000
         4        -0.0048         -15000
         4        -0.0045       -14974.9
         4        -0.0042       -14771.4
         4        -0.0039       -14584.2
         4        -0.0036       -14426.8
         4        -0.0033       -14299.5
         4         -0.003       -14199.5
         4        -0.0027       -14123.3
         4        -0.0024       -14067.3
         4        -0.0021       -14027.9
         4        -0.0018       -14001.9
         4        -0.0015         -13986
         4        -0.0012       -13977.4
         4        -0.0009       -13973.6
         4        -0.0006       -13972.5
         4        -0.0003       -13972.5
         4              0       -13972.6
         4         0.0003       -13972.5
         4         0.0006       -13972.5
         4         0.0009       -13973.6
         4         0.0012       -13977.3
         4         0.0015       -13985.9
         4         0.0018       -14001.8
         4         0.0021       -14027.8
         4         0.0024       -14067.1
         4         0.0027       -14123.1
         4          0.003       -14199.3
         4         0.0033       -14299.3
         4         0.0036       -14426.6
         4         0.0039         -14584
         4         0.0042       -14771.2
         4         0.0045       -14974.7
         4         0.0048         -15000
         4         0.0051         -15000
         4         0.0054         -15000
         4         0.0057       -13851.9
         4          0.006       -12690.5
         4         0.0063       -11690.5
         4         0.0066       -10825.4
         4         0.0069       -10067.2
         4         0.0072       -9394.81
         4         0.0075       -8792.46
         4         0.0078       -8248.45
         4         0.0081       -7753.74
         4         0.0084       -7301.27
         4         0.0087       -6885.37
         4          0.009       -6501.44
         4         0.0093       -6145.71
         4         0.0096       -5815.01
         4         0.0099       -5506.69
         4         0.0102       -5218.49
         4         0.0105       -4948.48
         4         0.0108       -4694.98
         4         0.0111       -4456.55
         4         0.0114       -4231.92
         4         0.0117       -4019.98
         4          0.012       -3819.75
         4         0.0123       -3630.36
         4         0.0126       -3451.03
         4         0.0129       -3281.08
         4         0.0132       -3119.88
         4         0.0135       -2966.88
         4         0.0138       -2821.57
         4         0.0141        -2683.5
         4         0.0144       -2552.24
         4         0.0147       -2427.43
         4          0.015        -2308.7
         4         0.0153       -2195.73
         4         0.0156       -2088.23
         4         0.0159       -1985.92
         4         0.0162       -1888.53
         4         0.0165       -1795.82
         4         0.0168       -1707.56
         4         0.0171       -1623.53
         4         0.0174       -1543.52
         4         0.0177       -1467.33
         4          0.018       -1394.77
         4         0.0183       -1325.66
         4         0.0186       -1259.82
         4         0.0189       -1197.08
         4         0.0192       -1137.29
         4         0.0195       -1080.28
         4         0.0198        -1025.9
         4         0.0201       -974.009
         4         0.0204       -924.469
         4         0.0207       -877.143
         4          0.021       -831.905
         4         0.0213        -788.63
         4         0.0216       -747.202
         4         0.0219        -707.51
         4         0.0222       -669.445
         4         0.0225       -632.908
         4         0.0228       -597.801
         4         0.0231       -564.033
         4         0.0234       -531.518
         4         0.0237       -500.173
         4          0.024       -469.922
         4         0.0243        -440.69
         4         0.0246       -412.408
         4         0.0249       -385.012
         4         0.0252       -358.438
         4         0.0255        -332.63
         4         0.0258       -307.532
         4         0.0261       -283.091
         4         0.0264       -259.259
         4         0.0267        -235.99
         4          0.027       -213.238
         4         0.0273       -190.962
         4         0.0276       -169.124
         4         0.0279       -147.684
         4         0.0282       -126.607
         4         0.0285       -105.859
         4         0.0288       -85.4091
         4         0.0291       -65.2256
         4         0.0294       -45.2812
         4         0.0297       -25.5514
         4           0.03       -6.01631
         4         0.0303              0
         4         0.0306              0
         4         0.0309              0
         4         0.0312              0
         4         0.0315              0
         4         0.0318              0
         4         0.0321              0
         4         0.0324              0
         4         0.0327              0
         4          0.033              0
         4         0.0333              0
         4         0.0336              0
         4         0.0339              0
         4         0.0342              0
         4         0.0345              0
         4         0.0348              0
         4         0.0351              0
         4         0.0354              0
         4         0.0357              0
         4          0.036              0
         4         0.0363              0
         4         0.0366              0
         4         0.0369              0
         4         0.0372              0
         4         0.0375              0
         4         0.0378              0
         4         0.0381              0
         4         0.0384              0
         4         0.0387              0
         4          0.039              0
         4         0.0393              0
         4         0.0396              0
         4         0.0399              0
         4         0.0402              0
         4         0.0405              0
         4         0.0408              0
         4         0.0411              0
         4         0.0414              0
         4         0.0417              0
         4          0.042              0
         4         0.0423              0
         4         0.0426              0
         4         0.0429              0
         4         0.0432              0
         4         0.0435              0
         4         0.0438              0
         4         0.0441              0
         4         0.0444              0
         4         0.0447              0
         4          0.045              0
         4         0.0453              0
         4         0.0456              0
         4         0.0459              0
         4         0.0462              0
         4         0.0465              0
         4         0.0468              0
         4         0.0471              0
         4         0.0474              0
         4         0.0477              0
         5         -0.048              0
         5        -0.0477              0
         5        -0.0474              0
         5        -0.0471              0
         5        -0.0468              0
         5        -0.0465              0
         5        -0.0462              0
         5        -0.0459              0
         5        -0.0456              0
         5        -0.0453              0
         5         -0.045              0
         5        -0.0447              0
         5        -0.0444              0
         5        -0.0441              0
         5        -0.0438              0
         5        -0.0435              0
         5        -0.0432              0
         5        -0.0429              0
         5        -0.0426              0
         5        -0.0423              0
         5         -0.042              0
         5        -0.0417              0
         5        -0.0414              0
         5        -0.0411              0
         5        -0.0408              0
         5        -0.0405              0
         5        -0.0402              0
         5        -0.0399              0
         5        -0.0396              0
         5        -0.0393              0
         5         -0.039              0
         5        -0.0387              0
         5        -0.0384              0
         5        -0.0381              0
         5        -0.0378              0
         5        -0.0375              0
         5        -0.0372              0
         5        -0.0369              0
         5        -0.0366              0
         5        -0.0363              0
         5         -0.036              0
         5        -0.0357              0
         5        -0.0354              0
         5        -0.0351              0
         5        -0.0348              0
         5        -0.0345              0
         5        -0.0342              0
         5        -0.0339              0
         5        -0.0336              0
         5        -0.0333              0
         5         -0.033              0
         5        -0.0327              0
         5        -0.0324              0
         5        -0.0321              0
         5        -0.0318              0
         5        -0.0315              0
         5        -0.0312              0
         5        -0.0309              0
         5        -0.0306              0
         5        -0.0303              0
         5          -0.03        -5.9644
         5        -0.0297       -25.3308
         5        -0.0294       -44.8898
         5        -0.0291        -64.661
         5        -0.0288       -84.6684
         5        -0.0285        -104.94
         5        -0.0282       -125.504
         5        -0.0279       -146.394
         5        -0.0276       -167.643
         5        -0.0273       -189.287
         5         -0.027       -211.362
         5        -0.0267       -233.908
         5        -0.0264       -256.966
         5        -0.0261       -280.581
         5        -0.0258       -304.799
         5        -0.0255       -329.668
         5        -0.0252       -355.242
         5        -0.0249       -381.574
         5        -0.0246       -408.724
         5        -0.0243       -436.753
         5         -0.024       -465.728
         5        -0.0237       -495.717
         5        -0.0234       -526.795
         5        -0.0231       -559.041
         5        -0.0228       -592.537
         5        -0.0225        -627.37
         5        -0.0222       -663.634
         5        -0.0219       -701.427
         5        -0.0216       -740.851
         5        -0.0213       -782.016
         5         -0.021       -825.034
         5        -0.0207       -870.026
         5        -0.0204       -917.116
         5        -0.0201       -966.435
         5        -0.0198       -1018.12
         5        -0.0195       -1072.31
         5        -0.0192       -1129.16
         5        -0.0189       -1188.81
         5        -0.0186       -1251.43
         5        -0.0183       -1317.18
         5         -0.018       -1386.23
         5        -0.0177       -1458.77
         5        -0.0174       -1534.96
         5        -0.0171       -1615.01
         5        -0.0168        -1699.1
         5        -0.0165       -1787.46
         5        -0.0162        -1880.3
         5        -0.0159       -1977.85
         5        -0.0156       -2080.35
         5        -0.0153       -2188.07
         5         -0.015       -2301.27
         5        -0.0147       -2420.26
         5        -0.0144       -2545.35
         5        -0.0141        -2676.9
         5        -0.0138       -2815.27
         5        -0.0135       -2960.89
         5        -0.0132       -3114.21
         5        -0.0129       -3275.74
         5        -0.0126       -3446.01
         5        -0.0123       -3625.66
         5         -0.012       -3815.37
         5        -0.0117       -4015.91
         5        -0.0114       -4228.16
         5        -0.0111       -4453.07
         5        -0.0108       -4691.78
         5        -0.0105       -4945.54
         5        -0.0102        -5215.8
         5        -0.0099       -5504.23
         5        -0.0096       -5812.76
         5        -0.0093       -6143.66
         5         -0.009       -6499.57
         5        -0.0087       -6883.65
         5        -0.0084       -7299.68
         5        -0.0081       -7752.27
         5        -0.0078       -8247.07
         5        -0.0075       -8791.16
         5        -0.0072       -9393.55
         5        -0.0069         -10066
         5        -0.0066       -10824.2
         5        -0.0063       -11689.3
         5         -0.006       -12689.2
         5        -0.0057         -13850
         5        -0.0054         -15000
         5        -0.0051         -15000
         5        -0.0048         -15000
         5        -0.0045       -14974.9
         5        -0.0042       -14771.4
         5        -0.0039       -14584.2
         5        -0.0036       -14426.8
         5        -0.0033       -14299.5
         5         -0.003       -14199.5
         5        -0.0027       -14123.3
         5        -0.0024       -14067.3
         5        -0.0021       -14027.9
         5        -0.0018       -14001.9
         5        -0.0015         -13986
         5        -0.0012       -13977.4
         5        -0.0009       -13973.6
         5        -0.0006       -13972.5
         5        -0.0003       -13972.5
         5              0       -13972.6
         5         0.0003       -13972.5
         5         0.0006       -13972.5
         5         0.0009       -13973.6
         5         0.0012       -13977.3
         5         0.0015       -13985.9
         5         0.0018       -14001.8
         5         0.0021       -14027.8
         5         0.0024       -14067.1
         5         0.0027       -14123.1
         5          0.003       -14199.3
         5         0.0033       -14299.3
         5         0.0036       -14426.6
         5         0.0039         -14584
         5         0.0042       -14771.2
         5         0.0045       -14974.7
         5         0.0048         -15000
         5         0.0051         -15000
         5         0.0054         -15000
         5         0.0057       -13851.9
         5          0.006       -12690.5
         5         0.0063       -11690.5
         5         0.0066       -10825.4
         5         0.0069       -10067.2
         5         0.0072       -9394.81
         5         0.0075       -8792.46
         5         0.0078       -8248.45
         5         0.0081       -7753.74
         5         0.0084       -7301.27
         5         0.0087       -6885.37
         5          0.009       -6501.44
         5         0.0093       -6145.71
         5         0.0096       -5815.01
         5         0.0099       -5506.69
         5         0.0102       -5218.49
         5         0.0105       -4948.48
         5         0.0108       -4694.98
         5         0.0111       -4456.55
         5         0.0114       -4231.92
         5         0.0117       -4019.98
         5          0.012       -3819.75
         5         0.0123       -3630.36
         5         0.0126       -3451.03
         5         0.0129       -3281.08
         5         0.0132       -3119.88
         5         0.0135       -2966.88
         5         0.0138       -2821.57
         5         0.0141        -2683.5
         5         0.0144       -2552.24
         5         0.0147       -2427.43
         5          0.015        -2308.7
         5         0.0153       -2195.73
         5         0.0156       -2088.23
         5         0.0159       -1985.92
         5         0.0162       -1888.53
         5         0.0165       -1795.82
         5         0.0168       -1707.56
         5         0.0171       -1623.53
         5         0.0174       -1543.52
         5         0.0177       -1467.33
         5          0.018       -1394.77
         5         0.0183       -1325.66
         5         0.0186       -1259.82
         5         0.0189       -1197.08
         5         0.0192       -1137.29
         5         0.0195       -1080.28
         5         0.0198        -1025.9
         5         0.0201       -974.009
         5         0.0204       -924.469
         5         0.0207       -877.143
         5          0.021       -831.905
         5         0.0213        -788.63
         5         0.0216       -747.202
         5         0.0219        -707.51
         5         0.0222       -669.445
         5         0.0225       -632.908
         5         0.0228       -597.801
         5         0.0231       -564.033
         5         0.0234       -531.518
         5         0.0237       -500.173
         5          0.024       -469.922
         5         0.0243        -440.69
         5         0.0246       -412.408
         5         0.0249       -385.012
         5         0.0252       -358.438
         5         0.0255        -332.63
         5         0.0258       -307.532
         5         0.0261       -283.091
         5         0.0264       -259.259
         5         0.0267        -235.99
         5          0.027       -213.238
         5         0.0273       -190.962
         5         0.0276       -169.124
         5         0.0279       -147.684
         5         0.0282       -126.607
         5         0.0285       -105.859
         5         0.0288       -85.4091
         5         0.0291       -65.2256
         5         0.0294       -45.2812
         5         0.0297       -25.5514
         5           0.03       -6.01631
         5         0.0303              0
         5         0.0306              0
         5         0.0309              0
         5         0.0312              0
         5         0.0315              0
         5         0.0318              0
         5         0.0321              0
         5         0.0324              0
         5         0.0327              0
         5          0.033              0
         5         0.0333              0
         5         0.0336              0
         5         0.0339              0
         5         0.0342              0
         5         0.0345              0
         5         0.0348              0
         5         0.0351              0
         5         0.0354              0
         5         0.0357              0
         5          0.036              0
         5         0.0363              0
         5         0.0366              0
         5         0.0369              0
         5         0.0372              0
         5         0.0375              0
         5         0.0378              0
         5         0.0381              0
         5         0.0384              0
         5         0.0387              0
         5          0.039              0
         5         0.0393              0
         5         0.0396              0
         5         0.0399              0
         5         0.0402              0
         5         0.0405              0
         5         0.0408              0
         5         0.0411              0
         5         0.0414              0
         5         0.0417              0
         5          0.042              0
         5         0.0423              0
         5         0.0426              0
         5         0.0429              0
         5         0.0432              0
         5         0.0435              0
         5         0.0438              0
         5         0.0441              0
         5         0.0444              0
         5         0.0447              0
         5          0.045              0
         5         0.0453              0
         5         0.0456              0
         5         0.0459              0
         5         0.0462              0
         5         0.0465              0
         5         0.0468              0
         5         0.0471              0
         5         0.0474              0
         5         0.0477              0
         6         -0.048              0
         6        -0.0477              0
         6        -0.0474              0
         6        -0.0471              0
         6        -0.0468              0
         6        -0.0465              0
         6        -0.0462              0
         6        -0.0459              0
         6        -0.0456              0
         6        -0.0453              0
         6         -0.045              0
         6        -0.0447              0
         6        -0.0444              0
         6        -0.0441              0
         6        -0.0438              0
         6        -0.0435              0
         6        -0.0432              0
         6        -0.0429              0
         6        -0.0426              0
         6        -0.0423              0
         6         -0.042              0
         6        -0.0417              0
         6        -0.0414              0
         6        -0.0411              0
         6        -0.0408              0
         6        -0.0405              0
         6        -0.0402              0
         6        -0.0399              0
         6        -0.0396              0
         6        -0.0393              0
         6         -0.039              0
         6        -0.0387              0
         6        -0.0384              0
         6        -0.0381              0
         6        -0.0378              0
         6        -0.0375              0
         6        -0.0372              0
         6        -0.0369              0
         6        -0.0366              0
         6        -0.0363              0
         6         -0.036              0
         6        -0.0357              0
         6        -0.0354              0
         6        -0.0351              0
         6        -0.0348              0
         6        -0.0345              0
         6        -0.0342              0
         6        -0.0339              0
         6        -0.0336              0
         6        -0.0333              0
         6         -0.033              0
         6        -0.0327              0
         6        -0.0324              0
         6        -0.0321              0
         6        -0.0318              0
         6        -0.0315              0
         6        -0.0312              0
         6        -0.0309              0
         6        -0.0306              0
         6        -0.0303              0
         6          -0.03        -5.9644
         6        -0.0297       -25.3308
         6        -0.0294       -44.8898
         6        -0.0291        -64.661
         6        -0.0288       -84.6684
         6        -0.0285        -104.94
         6        -0.0282       -125.504
         6        -0.0279       -146.394
         6        -0.0276       -167.643
         6        -0.0273       -189.287
         6         -0.027       -211.362
         6        -0.0267       -233.908
         6        -0.0264       -256.966
         6        -0.0261       -280.581
         6        -0.0258       -304.799
         6        -0.0255       -329.668
         6        -0.0252       -355.242
         6        -0.0249       -381.574
         6        -0.0246       -408.724
         6        -0.0243       -436.753
         6         -0.024       -465.728
         6        -0.0237       -495.717
         6        -0.0234       -526.795
         6        -0.0231       -559.041
         6        -0.0228       -592.537
         6        -0.0225        -627.37
         6        -0.0222       -663.634
         6        -0.0219       -701.427
         6        -0.0216       -740.851
         6        -0.0213       -782.016
         6         -0.021       -825.034
         6        -0.0207       -870.026
         6        -0.0204       -917.116
         6        -0.0201       -966.435
         6        -0.0198       -1018.12
         6        -0.0195       -1072.31
         6        -0.0192       -1129.16
         6        -0.0189       -1188.81
         6        -0.0186       -1251.43
         6        -0.0183       -1317.18
         6         -0.018       -1386.23
         6        -0.0177       -1458.77
         6        -0.0174       -1534.96
         6        -0.0171       -1615.01
         6        -0.0168        -1699.1
         6        -0.0165       -1787.46
         6        -0.0162        -1880.3
         6        -0.0159       -1977.85
         6        -0.0156       -2080.35
         6        -0.0153       -2188.07
         6         -0.015       -2301.27
         6        -0.0147       -2420.26
         6        -0.0144       -2545.35
         6        -0.0141        -2676.9
         6        -0.0138       -2815.27
         6        -0.0135       -2960.89
         6        -0.0132       -3114.21
         6        -0.0129       -3275.74
         6        -0.0126       -3446.01
         6        -0.0123       -3625.66
         6         -0.012       -3815.37
         6        -0.0117       -4015.91
         6        -0.0114       -4228.16
         6        -0.0111       -4453.07
         6        -0.0108       -4691.78
         6        -0.0105       -4945.54
         6        -0.0102        -5215.8
         6        -0.0099       -5504.23
         6        -0.0096       -5812.76
         6        -0.0093       -6143.66
         6         -0.009       -6499.57
         6        -0.0087       -6883.65
         6        -0.0084       -7299.68
         6        -0.0081       -7752.27
         6        -0.0078       -8247.07
         6        -0.0075       -8791.16
         6        -0.0072       -9393.55
         6        -0.0069         -10066
         6        -0.0066       -10824.2
         6        -0.0063       -11689.3
         6         -0.006       -12689.2
         6        -0.0057         -13850
         6        -0.0054         -15000
         6        -0.0051         -15000
         6        -0.0048         -15000
         6        -0.0045       -14974.9
         6        -0.0042       -14771.4
         6        -0.0039       -14584.2
         6        -0.0036       -14426.8
         6        -0.0033       -14299.5
         6         -0.003       -14199.5
         6        -0.0027       -14123.3
         6        -0.0024       -14067.3
         6        -0.0021       -14027.9
         6        -0.0018       -14001.9
         6        -0.0015         -13986
         6        -0.0012       -13977.4
         6        -0.0009       -13973.6
         6        -0.0006       -13972.5
         6        -0.0003       -13972.5
         6              0       -13972.6
         6         0.0003       -13972.5
         6         0.0006       -13972.5
         6         0.0009       -13973.6
         6         0.0012       -13977.3
         6         0.0015       -13985.9
         6         0.0018       -14001.8
         6         0.0021       -14027.8
         6         0.0024       -14067.1
         6         0.0027       -14123.1
         6          0.003       -14199.3
         6         0.0033       -14299.3
         6         0.0036       -14426.6
         6         0.0039         -14584
         6         0.0042       -14771.2
         6         0.0045       -14974.7
         6         0.0048         -15000
         6         0.0051         -15000
         6         0.0054         -15000
         6         0.0057       -13851.9
         6          0.006       -12690.5
         6         0.0063       -11690.5
         6         0.0066       -10825.4
         6         0.0069       -10067.2
         6         0.0072       -9394.81
         6         0.0075       -8792.46
         6         0.0078       -8248.45
         6         0.0081       -7753.74
         6         0.0084       -7301.27
         6         0.0087       -6885.37
         6          0.009       -6501.44
         6         0.0093       -6145.71
         6         0.0096       -5815.01
         6         0.0099       -5506.69
         6         0.0102       -5218.49
         6         0.0105       -4948.48
         6         0.0108       -4694.98
         6         0.0111       -4456.55
         6         0.0114       -4231.92
         6         0.0117       -4019.98
         6          0.012       -3819.75
         6         0.0123       -3630.36
         6         0.0126       -3451.03
         6         0.0129       -3281.08
         6         0.0132       -3119.88
         6         0.0135       -2966.88
         6         0.0138       -2821.57
         6         0.0141        -2683.5
         6         0.0144       -2552.24
         6         0.0147       -2427.43
         6          0.015        -2308.7
         6         0.0153       -2195.73
         6         0.0156       -2088.23
         6         0.0159       -1985.92
         6         0.0162       -1888.53
         6         0.0165       -1795.82
         6         0.0168       -1707.56
         6         0.0171       -1623.53
         6         0.0174       -1543.52
         6         0.0177       -1467.33
         6          0.018       -1394.77
         6         0.0183       -1325.66
         6         0.0186       -1259.82
         6         0.0189       -1197.08
         6         0.0192       -1137.29
         6         0.0195       -1080.28
         6         0.0198        -1025.9
         6         0.0201       -974.009
         6         0.0204       -924.469
         6         0.0207       -877.143
         6          0.021       -831.905
         6         0.0213        -788.63
         6         0.0216       -747.202
         6         0.0219        -707.51
         6         0.0222       -669.445
         6         0.0225       -632.908
         6         0.0228       -597.801
         6         0.0231       -564.033
         6         0.0234       -531.518
         6         0.0237       -500.173
         6          0.024       -469.922
         6         0.0243        -440.69
         6         0.0246       -412.408
         6         0.0249       -385.012
         6         0.0252       -358.438
         6         0.0255        -332.63
         6         0.0258       -307.532
         6         0.0261       -283.091
         6         0.0264       -259.259
         6         0.0267        -235.99
         6          0.027       -213.238
         6         0.0273       -190.962
         6         0.0276       -169.124
         6         0.0279       -147.684
         6         0.0282       -126.607
         6         0.0285       -105.859
         6         0.0288       -85.4091
         6         0.0291       -65.2256
         6         0.0294       -45.2812
         6         0.0297       -25.5514
         6           0.03       -6.01631
         6         0.0303              0
         6         0.0306              0
         6         0.0309              0
         6         0.0312              0
         6         0.0315              0
         6         0.0318              0
         6         0.0321              0
         6         0.0324              0
         6         0.0327              0
         6          0.033              0
         6         0.0333              0
         6         0.0336              0
         6         0.0339              0
         6         0.0342              0
         6         0.0345              0
         6         0.0348              0
         6         0.0351              0
         6         0.0354              0
         6         0.0357              0
         6          0.036              0
         6         0.0363              0
         6         0.0366              0
         6         0.0369              0
         6         0.0372              0
         6         0.0375              0
         6         0.0378              0
         6         0.0381              0
         6         0.0384              0
         6         0.0387              0
         6          0.039              0
         6         0.0393              0
         6         0.0396              0
         6         0.0399              0
         6         0.0402              0
         6         0.0405              0
         6         0.0408              0
         6         0.0411              0
         6         0.0414              0
         6         0.0417              0
         6          0.042              0
         6         0.0423              0
         6         0.0426              0
         6         0.0429              0
         6         0.0432              0
         6         0.0435              0
         6         0.0438              0
         6         0.0441              0
         6         0.0444              0
         6         0.0447              0
         6          0.045              0
         6         0.0453              0
         6         0.0456              0
         6         0.0459              0
         6         0.0462              0
         6         0.0465              0
         6         0.0468              0
         6         0.0471              0
         6         0.0474              0
         6         0.0477              0
         7         -0.048              0
         7        -0.0477              0
         7        -0.0474              0
         7        -0.0471              0
         7        -0.0468              0
         7        -0.0465              0
         7        -0.0462              0
         7        -0.0459              0
         7        -0.0456              0
         7        -0.0453              0
         7         -0.045              0
         7        -0.0447              0
         7        -0.0444              0
         7        -0.0441              0
         7        -0.0438              0
         7        -0.0435              0
         7        -0.0432              0
         7        -0.0429              0
         7        -0.0426              0
         7        -0.0423              0
         7         -0.042              0
         7        -0.0417              0
         7        -0.0414              0
         7        -0.0411              0
         7        -0.0408              0
         7        -0.0405              0
         7        -0.0402              0
         7        -0.0399              0
         7        -0.0396              0
         7        -0.0393              0
         7         -0.039              0
         7        -0.0387              0
         7        -0.0384              0
         7        -0.0381              0
         7        -0.0378              0
         7        -0.0375              0
         7        -0.0372              0
         7        -0.0369              0
         7        -0.0366              0
         7        -0.0363              0
         7         -0.036              0
         7        -0.0357              0
         7        -0.0354              0
         7        -0.0351              0
         7        -0.0348              0
         7        -0.0345              0
         7        -0.0342              0
         7        -0.0339              0
         7        -0.0336              0
         7        -0.0333              0
         7         -0.033              0
         7        -0.0327              0
         7        -0.0324              0
         7        -0.0321              0
         7        -0.0318              0
         7        -0.0315              0
         7        -0.0312              0
         7        -0.0309              0
         7        -0.0306              0
         7        -0.0303              0
         7          -0.03        -5.9644
         7        -0.0297       -25.3308
         7        -0.0294       -44.8898
         7        -0.0291        -64.661
         7        -0.0288       -84.6684
         7        -0.0285        -104.94
         7        -0.0282       -125.504
         7        -0.0279       -146.394
         7        -0.0276       -167.643
         7        -0.0273       -189.287
         7         -0.027       -211.362
         7        -0.0267       -233.908
         7        -0.0264       -256.966
         7        -0.0261       -280.581
         7        -0.0258       -304.799
         7        -0.0255       -329.668
         7        -0.0252       -355.242
         7        -0.0249       -381.574
         7        -0.0246       -408.724
         7        -0.0243       -436.753
         7         -0.024       -465.728
         7        -0.0237       -495.717
         7        -0.0234       -526.795
         7        -0.0231       -559.041
         7        -0.0228       -592.537
         7        -0.0225        -627.37
         7        -0.0222       -663.634
         7        -0.0219       -701.427
         7        -0.0216       -740.851
         7        -0.0213       -782.016
         7         -0.021       -825.034
         7        -0.0207       -870.026
         7        -0.0204       -917.116
         7        -0.0201       -966.435
         7        -0.0198       -1018.12
         7        -0.0195       -1072.31
         7        -0.0192       -1129.16
         7        -0.0189       -1188.81
         7        -0.0186       -1251.43
         7        -0.0183       -1317.18
         7         -0.018       -1386.23
         7        -0.0177       -1458.77
         7        -0.0174       -1534.96
         7        -0.0171       -1615.01
         7        -0.0168        -1699.1
         7        -0.0165       -1787.46
         7        -0.0162        -1880.3
         7        -0.0159       -1977.85
         7        -0.0156       -2080.35
         7        -0.0153       -2188.07
         7         -0.015       -2301.27
         7        -0.0147       -2420.26
         7        -0.0144       -2545.35
         7        -0.0141        -2676.9
         7        -0.0138       -2815.27
         7        -0.0135       -2960.89
         7        -0.0132       -3114.21
         7        -0.0129       -3275.74
         7        -0.0126       -3446.01
         7        -0.0123       -3625.66
         7         -0.012       -3815.37
         7        -0.0117       -4015.91
         7        -0.0114       -4228.16
         7        -0.0111       -4453.07
         7        -0.0108       -4691.78
         7        -0.0105       -4945.54
         7        -0.0102        -5215.8
         7        -0.0099       -5504.23
         7        -0.0096       -5812.76
         7        -0.0093       -6143.66
         7         -0.009       -6499.57
         7        -0.0087       -6883.65
         7        -0.0084       -7299.68
         7        -0.0081       -7752.27
         7        -0.0078       -8247.07
         7        -0.0075       -8791.16
         7        -0.0072       -9393.55
         7        -0.0069         -10066
         7        -0.0066       -10824.2
         7        -0.0063       -11689.3
         7         -0.006       -12689.2
         7        -0.0057         -13850
         7        -0.0054         -15000
         7        -0.0051         -15000
         7        -0.0048         -15000
         7        -0.0045       -14974.9
         7        -0.0042       -14771.4
         7        -0.0039       -14584.2
         7        -0.0036       -14426.8
         7        -0.0033       -14299.5
         7         -0.003       -14199.5
         7        -0.0027       -14123.3
         7        -0.0024       -14067.3
         7        -0.0021       -14027.9
         7        -0.0018       -14001.9
         7        -0.0015         -13986
         7        -0.0012       -13977.4
         7        -0.0009       -13973.6
         7        -0.0006       -13972.5
         7        -0.0003       -13972.5
         7              0       -13972.6
         7         0.0003       -13972.5
         7         0.0006       -13972.5
         7         0.0009       -13973.6
         7         0.0012       -13977.3
         7         0.0015       -13985.9
         7         0.0018       -14001.8
         7         0.0021       -14027.8
         7         0.0024       -14067.1
         7         0.0027       -14123.1
         7          0.003       -14199.3
         7         0.0033       -14299.3
         7         0.0036       -14426.6
         7         0.0039         -14584
         7         0.0042       -14771.2
         7         0.0045       -14974.7
         7         0.0048         -15000
         7         0.0051         -15000
         7         0.0054         -15000
         7         0.0057       -13851.9
         7          0.006       -12690.5
         7         0.0063       -11690.5
         7         0.0066       -10825.4
         7         0.0069       -10067.2
         7         0.0072       -9394.81
         7         0.0075       -8792.46
         7         0.0078       -8248.45
         7         0.0081       -7753.74
         7         0.0084       -7301.27
         7         0.0087       -6885.37
         7          0.009       -6501.44
         7         0.0093       -6145.71
         7         0.0096       -5815.01
         7         0.0099       -5506.69
         7         0.0102       -5218.49
         7         0.0105       -4948.48
         7         0.0108       -4694.98
         7         0.0111       -4456.55
         7         0.0114       -4231.92
         7         0.0117       -4019.98
         7          0.012       -3819.75
         7         0.0123       -3630.36
         7         0.0126       -3451.03
         7         0.0129       -3281.08
         7         0.0132       -3119.88
         7         0.0135       -2966.88
         7         0.0138       -2821.57
         7         0.0141        -2683.5
         7         0.0144       -2552.24
         7         0.0147       -2427.43
         7          0.015        -2308.7
         7         0.0153       -2195.73
         7         0.0156       -2088.23
         7         0.0159       -1985.92
         7         0.0162       -1888.53
         7         0.0165       -1795.82
         7         0.0168       -1707.56
         7         0.0171       -1623.53
         7         0.0174       -1543.52
         7         0.0177       -1467.33
         7          0.018       -1394.77
         7         0.0183       -1325.66
         7         0.0186       -1259.82
         7         0.0189       -1197.08
         7         0.0192       -1137.29
         7         0.0195       -1080.28
         7         0.0198        -1025.9
         7         0.0201       -974.009
         7         0.0204       -924.469
         7         0.0207       -877.143
         7          0.021       -831.905
         7         0.0213        -788.63
         7         0.0216       -747.202
         7         0.0219        -707.51
         7         0.0222       -669.445
         7         0.0225       -632.908
         7         0.0228       -597.801
         7         0.0231       -564.033
         7         0.0234       -531.518
         7         0.0237       -500.173
         7          0.024       -469.922
         7         0.0243        -440.69
         7         0.0246       -412.408
         7         0.0249       -385.012
         7         0.0252       -358.438
         7         0.0255        -332.63
         7         0.0258       -307.532
         7         0.0261       -283.091
         7         0.0264       -259.259
         7         0.0267        -235.99
         7          0.027       -213.238
         7         0.0273       -190.962
         7         0.0276       -169.124
         7         0.0279       -147.684
         7         0.0282       -126.607
         7         0.0285       -105.859
         7         0.0288       -85.4091
         7         0.0291       -65.2256
         7         0.0294       -45.2812
         7         0.0297       -25.5514
         7           0.03       -6.01631
         7         0.0303              0
         7         0.0306              0
         7         0.0309              0
         7         0.0312              0
         7         0.0315              0
         7         0.0318              0
         7         0.0321              0
         7         0.0324              0
         7         0.0327              0
         7          0.033              0
         7         0.0333              0
         7         0.0336              0
         7         0.0339              0
         7         0.0342              0
         7         0.0345              0
         7         0.0348              0
         7         0.0351              0
         7         0.0354              0
         7         0.0357              0
         7          0.036              0
         7         0.0363              0
         7         0.0366              0
         7         0.0369              0
         7         0.0372              0
         7         0.0375              0
         7         0.0378              0
         7         0.0381              0
         7         0.0384              0
         7         0.0387              0
         7          0.039              0
         7         0.0393              0
         7         0.0396              0
         7         0.0399              0
         7         0.0402              0
         7         0.0405              0
         7         0.0408              0
         7         0.0411              0
         7         0.0414              0
         7         0.0417              0
         7          0.042              0
         7         0.0423              0
         7         0.0426              0
         7         0.0429              0
         7         0.0432              0
         7         0.0435              0
         7         0.0438              0
         7         0.0441              0
         7         0.0444              0
         7         0.0447              0
         7          0.045              0
         7         0.0453              0
         7         0.0456              0
         7         0.0459              0
         7         0.0462              0
         7         0.0465              0
         7         0.0468              0
         7         0.0471              0
         7         0.0474              0
         7         0.0477              0
         8         -0.048              0
         8        -0.0477              0
         8        -0.0474              0
         8        -0.0471              0
         8        -0.0468              0
         8        -0.0465              0
         8        -0.0462              0
         8        -0.0459              0
         8        -0.0456              0
         8        -0.0453              0
         8         -0.045              0
         8        -0.0447              0
         8        -0.0444              0
         8        -0.0441              0
         8        -0.0438              0
         8        -0.0435              0
         8        -0.0432              0
         8        -0.0429              0
         8        -0.0426              0
         8        -0.0423              0
         8         -0.042              0
         8        -0.0417              0
         8        -0.0414              0
         8        -0.0411              0
         8        -0.0408              0
         8        -0.0405              0
         8        -0.0402              0
         8        -0.0399              0
         8        -0.0396              0
         8        -0.0393              0
         8         -0.039              0
         8        -0.0387              0
         8        -0.0384              0
         8        -0.0381              0
         8        -0.0378              0
         8        -0.0375              0
         8        -0.0372              0
         8        -0.0369              0
         8        -0.0366              0
         8        -0.0363              0
         8         -0.036              0
         8        -0.0357              0
         8        -0.0354              0
         8        -0.0351              0
         8        -0.0348              0
         8        -0.0345              0
         8        -0.0342              0
         8        -0.0339              0
         8        -0.0336              0
         8        -0.0333              0
         8         -0.033              0
         8        -0.0327              0
         8        -0.0324              0
         8        -0.0321              0
         8        -0.0318              0
         8        -0.0315              0
         8        -0.0312              0
         8        -0.0309              0
         8        -0.0306              0
         8        -0.0303              0
         8          -0.03        -5.9644
         8        -0.0297       -25.3308
         8        -0.0294       -44.8898
         8        -0.0291        -64.661
         8        -0.0288       -84.6684
         8        -0.0285        -104.94
         8        -0.0282       -125.504
         8        -0.0279       -146.394
         8        -0.0276       -167.643
         8        -0.0273       -189.287
         8         -0.027       -211.362
         8        -0.0267       -233.908
         8        -0.0264       -256.966
         8        -0.0261       -280.581
         8        -0.0258       -304.799
         8        -0.0255       -329.668
         8        -0.0252       -355.242
         8        -0.0249       -381.574
         8        -0.0246       -408.724
         8        -0.0243       -436.753
         8         -0.024       -465.728
         8        -0.0237       -495.717
         8        -0.0234       -526.795
         8        -0.0231       -559.041
         8        -0.0228       -592.537
         8        -0.0225        -627.37
         8        -0.0222       -663.634
         8        -0.0219       -701.427
         8        -0.0216       -740.851
         8        -0.0213       -782.016
         8         -0.021       -825.034
         8        -0.0207       -870.026
         8        -0.0204       -917.116
         8        -0.0201       -966.435
         8        -0.0198       -1018.12
         8        -0.0195       -1072.31
         8        -0.0192       -1129.16
         8        -0.0189       -1188.81
         8        -0.0186       -1251.43
         8        -0.0183       -1317.18
         8         -0.018       -1386.23
         8        -0.0177       -1458.77
         8        -0.0174       -1534.96
         8        -0.0171       -1615.01
         8        -0.0168        -1699.1
         8        -0.0165       -1787.46
         8        -0.0162        -1880.3
         8        -0.0159       -1977.85
         8        -0.0156       -2080.35
         8        -0.0153       -2188.07
         8         -0.015       -2301.27
         8        -0.0147       -2420.26
         8        -0.0144       -2545.35
         8        -0.0141        -2676.9
         8        -0.0138       -2815.27
         8        -0.0135       -2960.89
         8        -0.0132       -3114.21
         8        -0.0129       -3275.74
         8        -0.0126       -3446.01
         8        -0.0123       -3625.66
         8         -0.012       -3815.37
         8        -0.0117       -4015.91
         8        -0.0114       -4228.16
         8        -0.0111       -4453.07
         8        -0.0108       -4691.78
         8        -0.0105       -4945.54
         8        -0.0102        -5215.8
         8        -0.0099       -5504.23
         8        -0.0096       -5812.76
         8        -0.0093       -6143.66
         8         -0.009       -6499.57
         8        -0.0087       -6883.65
         8        -0.0084       -7299.68
         8        -0.0081       -7752.27
         8        -0.0078       -8247.07
         8        -0.0075       -8791.16
         8        -0.0072       -9393.55
         8        -0.0069         -10066
         8        -0.0066       -10824.2
         8        -0.0063       -11689.3
         8         -0.006       -12689.2
         8        -0.0057         -13850
         8        -0.0054         -15000
         8        -0.0051         -15000
         8        -0.0048         -15000
         8        -0.0045       -14974.9
         8        -0.0042       -14771.4
         8        -0.0039       -14584.2
         8        -0.0036       -14426.8
         8        -0.0033       -14299.5
         8         -0.003       -14199.5
         8        -0.0027       -14123.3
         8        -0.0024       -14067.3
         8        -0.0021       -14027.9
         8        -0.0018       -14001.9
         8        -0.0015         -13986
         8        -0.0012       -13977.4
         8        -0.0009       -13973.6
         8        -0.0006       -13972.5
         8        -0.0003       -13972.5
         8              0       -13972.6
         8         0.0003       -13972.5
         8         0.0006       -13972.5
         8         0.0009       -13973.6
         8         0.0012       -13977.3
         8         0.0015       -13985.9
         8         0.0018       -14001.8
         8         0.0021       -14027.8
         8         0.0024       -14067.1
         8         0.0027       -14123.1
         8          0.003       -14199.3
         8         0.0033       -14299.3
         8         0.0036       -14426.6
         8         0.0039         -14584
         8         0.0042       -14771.2
         8         0.0045       -14974.7
         8         0.0048         -15000
         8         0.0051         -15000
         8         0.0054         -15000
         8         0.0057       -13851.9
         8          0.006       -12690.5
         8         0.0063       -11690.5
         8         0.0066       -10825.4
         8         0.0069       -10067.2
         8         0.0072       -9394.81
         8         0.0075       -8792.46
         8         0.0078       -8248.45
         8         0.0081       -7753.74
         8         0.0084       -7301.27
         8         0.0087       -6885.37
         8          0.009       -6501.44
         8         0.0093       -6145.71
         8         0.0096       -5815.01
         8         0.0099       -5506.69
         8         0.0102       -5218.49
         8         0.0105       -4948.48
         8         0.0108       -4694.98
         8         0.0111       -4456.55
         8         0.0114       -4231.92
         8         0.0117       -4019.98
         8          0.012       -3819.75
         8         0.0123       -3630.36
         8         0.0126       -3451.03
         8         0.0129       -3281.08
         8         0.0132       -3119.88
         8         0.0135       -2966.88
         8         0.0138       -2821.57
         8         0.0141        -2683.5
         8         0.0144       -2552.24
         8         0.0147       -2427.43
         8          0.015        -2308.7
         8         0.0153       -2195.73
         8         0.0156       -2088.23
         8         0.0159       -1985.92
         8         0.0162       -1888.53
         8         0.0165       -1795.82
         8         0.0168       -1707.56
         8         0.0171       -1623.53
         8         0.0174       -1543.52
         8         0.0177       -1467.33
         8          0.018       -1394.77
         8         0.0183       -1325.66
         8         0.0186       -1259.82
         8         0.0189       -1197.08
         8         0.0192       -1137.29
         8         0.0195       -1080.28
         8         0.0198        -1025.9
         8         0.0201       -974.009
         8         0.0204       -924.469
         8         0.0207       -877.143
         8          0.021       -831.905
         8         0.0213        -788.63
         8         0.0216       -747.202
         8         0.0219        -707.51
         8         0.0222       -669.445
         8         0.0225       -632.908
         8         0.0228       -597.801
         8         0.0231       -564.033
         8         0.0234       -531.518
         8         0.0237       -500.173
         8          0.024       -469.922
         8         0.0243        -440.69
         8         0.0246       -412.408
         8         0.0249       -385.012
         8         0.0252       -358.438
         8         0.0255        -332.63
         8         0.0258       -307.532
         8         0.0261       -283.091
         8         0.0264       -259.259
         8         0.0267        -235.99
         8          0.027       -213.238
         8         0.0273       -190.962
         8         0.0276       -169.124
         8         0.0279       -147.684
         8         0.0282       -126.607
         8         0.0285       -105.859
         8         0.0288       -85.4091
         8         0.0291       -65.2256
         8         0.0294       -45.2812
         8         0.0297       -25.5514
         8           0.03       -6.01631
         8         0.0303              0
         8         0.0306              0
         8         0.0309              0
         8         0.0312              0
         8         0.0315              0
         8         0.0318              0
         8         0.0321              0
         8         0.0324              0
         8         0.0327              0
         8          0.033              0
         8         0.0333              0
         8         0.0336              0
         8         0.0339              0
         8         0.0342              0
         8         0.0345              0
         8         0.0348              0
         8         0.0351              0
         8         0.0354              0
         8         0.0357              0
         8          0.036              0
         8         0.0363              0
         8         0.0366              0
         8         0.0369              0
         8         0.0372              0
         8         0.0375              0
         8         0.0378              0
         8         0.0381              0
         8         0.0384              0
         8         0.0387              0
         8          0.039              0
         8         0.0393              0
         8         0.0396              0
         8         0.0399              0
         8         0.0402              0
         8         0.0405              0
         8         0.0408              0
         8         0.0411              0
         8         0.0414              0
         8         0.0417              0
         8          0.042              0
         8         0.0423              0
         8         0.0426              0
         8         0.0429              0
         8         0.0432              0
         8         0.0435              0
         8         0.0438              0
         8         0.0441              0
         8         0.0444              0
         8         0.0447              0
         8          0.045              0
         8         0.0453              0
         8         0.0456              0
         8         0.0459              0
         8         0.0462              0
         8         0.0465              0
         8         0.0468              0
         8         0.0471              0
         8         0.0474              0
         8         0.0477              0
         9         -0.048              0
         9        -0.0477              0
         9        -0.0474              0
         9        -0.0471              0
         9        -0.0468              0
         9        -0.0465              0
         9        -0.0462              0
         9        -0.0459              0
         9        -0.0456              0
         9        -0.0453              0
         9         -0.045              0
         9        -0.0447              0
         9        -0.0444              0
         9        -0.0441              0
         9        -0.0438              0
         9        -0.0435              0
         9        -0.0432              0
         9        -0.0429              0
         9        -0.0426              0
         9        -0.0423              0
         9         -0.042              0
         9        -0.0417              0
         9        -0.0414              0
         9        -0.0411              0
         9        -0.0408              0
         9        -0.0405              0
         9        -0.0402              0
         9        -0.0399              0
         9        -0.0396              0
         9        -0.0393              0
         9         -0.039              0
         9        -0.0387              0
         9        -0.0384              0
         9        -0.0381              0
         9        -0.0378              0
         9        -0.0375              0
         9        -0.0372              0
         9        -0.0369              0
         9        -0.0366              0
         9        -0.0363              0
         9         -0.036              0
         9        -0.0357              0
         9        -0.0354              0
         9        -0.0351              0
         9        -0.0348              0
         9        -0.0345              0
         9        -0.0342              0
         9        -0.0339              0
         9        -0.0336              0
         9        -0.0333              0
         9         -0.033              0
         9        -0.0327              0
         9        -0.0324              0
         9        -0.0321              0
         9        -0.0318              0
         9        -0.0315              0
         9        -0.0312              0
         9        -0.0309              0
         9        -0.0306              0
         9        -0.0303              0
         9          -0.03        -5.9644
         9        -0.0297       -25.3308
         9        -0.0294       -44.8898
         9        -0.0291        -64.661
         9        -0.0288       -84.6684
         9        -0.0285        -104.94
         9        -0.0282       -125.504
         9        -0.0279       -146.394
         9        -0.0276       -167.643
         9        -0.0273       -189.287
         9         -0.027       -211.362
         9        -0.0267       -233.908
         9        -0.0264       -256.966
         9        -0.0261       -280.581
         9        -0.0258       -304.799
         9        -0.0255       -329.668
         9        -0.0252       -355.242
         9        -0.0249       -381.574
         9        -0.0246       -408.724
         9        -0.0243       -436.753
         9         -0.024       -465.728
         9        -0.0237       -495.717
         9        -0.0234       -526.795
         9        -0.0231       -559.041
         9        -0.0228       -592.537
         9        -0.0225        -627.37
         9        -0.0222       -663.634
         9        -0.0219       -701.427
         9        -0.0216       -740.851
         9        -0.0213       -782.016
         9         -0.021       -825.034
         9        -0.0207       -870.026
         9        -0.0204       -917.116
         9        -0.0201       -966.435
         9        -0.0198       -1018.12
         9        -0.0195       -1072.31
         9        -0.0192       -1129.16
         9        -0.0189       -1188.81
         9        -0.0186       -1251.43
         9        -0.0183       -1317.18
         9         -0.018       -1386.23
         9        -0.0177       -1458.77
         9        -0.0174       -1534.96
         9        -0.0171       -1615.01
         9        -0.0168        -1699.1
         9        -0.0165       -1787.46
         9        -0.0162        -1880.3
         9        -0.0159       -1977.85
         9        -0.0156       -2080.35
         9        -0.0153       -2188.07
         9         -0.015       -2301.27
         9        -0.0147       -2420.26
         9        -0.0144       -2545.35
         9        -0.0141        -2676.9
         9        -0.0138       -2815.27
         9        -0.0135       -2960.89
         9        -0.0132       -3114.21
         9        -0.0129       -3275.74
         9        -0.0126       -3446.01
         9        -0.0123       -3625.66
         9         -0.012       -3815.37
         9        -0.0117       -4015.91
         9        -0.0114       -4228.16
         9        -0.0111       -4453.07
         9        -0.0108       -4691.78
         9        -0.0105       -4945.54
         9        -0.0102        -5215.8
         9        -0.0099       -5504.23
         9        -0.0096       -5812.76
         9        -0.0093       -6143.66
         9         -0.009       -6499.57
         9        -0.0087       -6883.65
         9        -0.0084       -7299.68
         9        -0.0081       -7752.27
         9        -0.0078       -8247.07
         9        -0.0075       -8791.16
         9        -0.0072       -9393.55
         9        -0.0069         -10066
         9        -0.0066       -10824.2
         9        -0.0063       -11689.3
         9         -0.006       -12689.2
         9        -0.0057         -13850
         9        -0.0054         -15000
         9        -0.0051         -15000
         9        -0.0048         -15000
         9        -0.0045       -14974.9
         9        -0.0042       -14771.4
         9        -0.0039       -14584.2
         9        -0.0036       -14426.8
         9        -0.0033       -14299.5
         9         -0.003       -14199.5
         9        -0.0027       -14123.3
         9        -0.0024       -14067.3
         9        -0.0021       -14027.9
         9        -0.0018       -14001.9
         9        -0.0015         -13986
         9        -0.0012       -13977.4
         9        -0.0009       -13973.6
         9        -0.0006       -13972.5
         9        -0.0003       -13972.5
         9              0       -13972.6
         9         0.0003       -13972.5
         9         0.0006       -13972.5
         9         0.0009       -13973.6
         9         0.0012       -13977.3
         9         0.0015       -13985.9
         9         0.0018       -14001.8
         9         0.0021       -14027.8
         9         0.0024       -14067.1
         9         0.0027       -14123.1
         9          0.003       -14199.3
         9         0.0033       -14299.3
         9         0.0036       -14426.6
         9         0.0039         -14584
         9         0.0042       -14771.2
         9         0.0045       -14974.7
         9         0.0048         -15000
         9         0.0051         -15000
         9         0.0054         -15000
         9         0.0057       -13851.9
         9          0.006       -12690.5
         9         0.0063       -11690.5
         9         0.0066       -10825.4
         9         0.0069       -10067.2
         9         0.0072       -9394.81
         9         0.0075       -8792.46
         9         0.0078       -8248.45
         9         0.0081       -7753.74
         9         0.0084       -7301.27
         9         0.0087       -6885.37
         9          0.009       -6501.44
         9         0.0093       -6145.71
         9         0.0096       -5815.01
         9         0.0099       -5506.69
         9         0.0102       -5218.49
         9         0.0105       -4948.48
         9         0.0108       -4694.98
         9         0.0111       -4456.55
         9         0.0114       -4231.92
         9         0.0117       -4019.98
         9          0.012       -3819.75
         9         0.0123       -3630.36
         9         0.0126       -3451.03
         9         0.0129       -3281.08
         9         0.0132       -3119.88
         9         0.0135       -2966.88
         9         0.0138       -2821.57
         9         0.0141        -2683.5
         9         0.0144       -2552.24
         9         0.0147       -2427.43
         9          0.015        -2308.7
         9         0.0153       -2195.73
         9         0.0156       -2088.23
         9         0.0159       -1985.92
         9         0.0162       -1888.53
         9         0.0165       -1795.82
         9         0.0168       -1707.56
         9         0.0171       -1623.53
         9         0.0174       -1543.52
         9         0.0177       -1467.33
         9          0.018       -1394.77
         9         0.0183       -1325.66
         9         0.0186       -1259.82
         9         0.0189       -1197.08
         9         0.0192       -1137.29
         9         0.0195       -1080.28
         9         0.0198        -1025.9
         9         0.0201       -974.009
         9         0.0204       -924.469
         9         0.0207       -877.143
         9          0.021       -831.905
         9         0.0213        -788.63
         9         0.0216       -747.202
         9         0.0219        -707.51
         9         0.0222       -669.445
         9         0.0225       -632.908
         9         0.0228       -597.801
         9         0.0231       -564.033
         9         0.0234       -531.518
         9         0.0237       -500.173
         9          0.024       -469.922
         9         0.0243        -440.69
         9         0.0246       -412.408
         9         0.0249       -385.012
         9         0.0252       -358.438
         9         0.0255        -332.63
         9         0.0258       -307.532
         9         0.0261       -283.091
         9         0.0264       -259.259
         9         0.0267        -235.99
         9          0.027       -213.238
         9         0.0273       -190.962
         9         0.0276       -169.124
         9         0.0279       -147.684
         9         0.0282       -126.607
         9         0.0285       -105.859
         9         0.0288       -85.4091
         9         0.0291       -65.2256
         9         0.0294       -45.2812
         9         0.0297       -25.5514
         9           0.03       -6.01631
         9         0.0303              0
         9         0.0306              0
         9         0.0309              0
         9         0.0312              0
         9         0.0315              0
         9         0.0318              0
         9         0.0321              0
         9         0.0324              0
         9         0.0327              0
         9          0.033              0
         9         0.0333              0
         9         0.0336              0
         9         0.0339              0
         9         0.0342              0
         9         0.0345              0
         9         0.0348              0
         9         0.0351              0
         9         0.0354              0
         9         0.0357              0
         9          0.036              0
         9         0.0363              0
         9         0.0366              0
         9         0.0369              0
         9         0.0372              0
         9         0.0375              0
         9         0.0378              0
         9         0.0381              0
         9         0.0384              0
         9         0.0387              0
         9          0.039              0
         9         0.0393              0
         9         0.0396              0
         9         0.0399              0
         9         0.0402              0
         9         0.0405              0
         9         0.0408              0
         9         0.0411              0
         9         0.0414              0
         9         0.0417              0
         9          0.042              0
         9         0.0423              0
         9         0.0426              0
         9         0.0429              0
         9         0.0432              0
         9         0.0435              0
         9         0.0438              0
         9         0.0441              0
         9         0.0444              0
         9         0.0447              0
         9          0.045              0
         9         0.0453              0
         9         0.0456              0
         9         0.0459              0
         9         0.0462              0
         9         0.0465              0
         9         0.0468              0
         9         0.0471              0
         9         0.0474              0
         9         0.0477              0
        10         -0.048              0
        10        -0.0477              0
        10        -0.0474              0
        10        -0.0471              0
        10        -0.0468              0
        10        -0.0465              0
        10        -0.0462              0
        10        -0.0459              0
        10        -0.0456              0
        10        -0.0453              0
        10         -0.045              0
        10        -0.0447              0
        10        -0.0444              0
        10        -0.0441              0
        10        -0.0438              0
        10        -0.0435              0
        10        -0.0432              0
        10        -0.0429              0
        10        -0.0426              0
        10        -0.0423              0
        10         -0.042              0
        10        -0.0417              0
        10        -0.0414              0
        10        -0.0411              0
        10        -0.0408              0
        10        -0.0405              0
        10        -0.0402              0
        10        -0.0399              0
        10        -0.0396              0
        10        -0.0393              0
        10         -0.039              0
        10        -0.0387              0
        10        -0.0384              0
        10        -0.0381              0
        10        -0.0378              0
        10        -0.0375              0
        10        -0.0372              0
        10        -0.0369              0
        10        -0.0366              0
        10        -0.0363              0
        10         -0.036              0
        10        -0.0357              0
        10        -0.0354              0
        10        -0.0351              0
        10        -0.0348              0
        10        -0.0345              0
        10        -0.0342              0
        10        -0.0339              0
        10        -0.0336              0
        10        -0.0333              0
        10         -0.033              0
        10        -0.0327              0
        10        -0.0324              0
        10        -0.0321              0
        10        -0.0318              0
        10        -0.0315              0
        10        -0.0312              0
        10        -0.0309              0
        10        -0.0306              0
        10        -0.0303              0
        10          -0.03        -5.9644
        10        -0.0297       -25.3308
        10        -0.0294       -44.8898
        10        -0.0291        -64.661
        10        -0.0288       -84.6684
        10        -0.0285        -104.94
        10        -0.0282       -125.504
        10        -0.0279       -146.394
        10        -0.0276       -167.643
        10        -0.0273       -189.287
        10         -0.027       -211.362
        10        -0.0267       -233.908
        10        -0.0264       -256.966
        10        -0.0261       -280.581
        10        -0.0258       -304.799
        10        -0.0255       -329.668
        10        -0.0252       -355.242
        10        -0.0249       -381.574
        10        -0.0246       -408.724
        10        -0.0243       -436.753
        10         -0.024       -465.728
        10        -0.0237       -495.717
        10        -0.0234       -526.795
        10        -0.0231       -559.041
        10        -0.0228       -592.537
        10        -0.0225        -627.37
        10        -0.0222       -663.634
        10        -0.0219       -701.427
        10        -0.0216       -740.851
        10        -0.0213       -782.016
        10         -0.021       -825.034
        10        -0.0207       -870.026
        10        -0.0204       -917.116
        10        -0.0201       -966.435
        10        -0.0198       -1018.12
        10        -0.0195       -1072.31
        10        -0.0192       -1129.16
        10        -0.0189       -1188.81
        10        -0.0186       -1251.43
        10        -0.0183       -1317.18
        10         -0.018       -1386.23
        10        -0.0177       -1458.77
        10        -0.0174       -1534.96
        10        -0.0171       -1615.01
        10        -0.0168        -1699.1
        10        -0.0165       -1787.46
        10        -0.0162        -1880.3
        10        -0.0159       -1977.85
        10        -0.0156       -2080.35
        10        -0.0153       -2188.07
        10         -0.015       -2301.27
        10        -0.0147       -2420.26
        10        -0.0144       -2545.35
        10        -0.0141        -2676.9
        10        -0.0138       -2815.27
        10        -0.0135       -2960.89
        10        -0.0132       -3114.21
        10        -0.0129       -3275.74
        10        -0.0126       -3446.01
        10        -0.0123       -3625.66
        10         -0.012       -3815.37
        10        -0.0117       -4015.91
        10        -0.0114       -4228.16
        10        -0.0111       -4453.07
        10        -0.0108       -4691.78
        10        -0.0105       -4945.54
        10        -0.0102        -5215.8
        10        -0.0099       -5504.23
        10        -0.0096       -5812.76
        10        -0.0093       -6143.66
        10         -0.009       -6499.57
        10        -0.0087       -6883.65
        10        -0.0084       -7299.68
        10        -0.0081       -7752.27
        10        -0.0078       -8247.07
        10        -0.0075       -8791.16
        10        -0.0072       -9393.55
        10        -0.0069         -10066
        10        -0.0066       -10824.2
        10        -0.0063       -11689.3
        10         -0.006       -12689.2
        10        -0.0057         -13850
        10        -0.0054         -15000
        10        -0.0051         -15000
        10        -0.0048         -15000
        10        -0.0045       -14974.9
        10        -0.0042       -14771.4
        10        -0.0039       -14584.2
        10        -0.0036       -14426.8
        10        -0.0033       -14299.5
        10         -0.003       -14199.5
        10        -0.0027       -14123.3
        10        -0.0024       -14067.3
        10        -0.0021       -14027.9
        10        -0.0018       -14001.9
        10        -0.0015         -13986
        10        -0.0012       -13977.4
        10        -0.0009       -13973.6
        10        -0.0006       -13972.5
        10        -0.0003       -13972.5
        10              0       -13972.6
        10         0.0003       -13972.5
        10         0.0006       -13972.5
        10         0.0009       -13973.6
        10         0.0012       -13977.3
        10         0.0015       -13985.9
        10         0.0018       -14001.8
        10         0.0021       -14027.8
        10         0.0024       -14067.1
        10         0.0027       -14123.1
        10          0.003       -14199.3
        10         0.0033       -14299.3
        10         0.0036       -14426.6
        10         0.0039         -14584
        10         0.0042       -14771.2
        10         0.0045       -14974.7
        10         0.0048         -15000
        10         0.0051         -15000
        10         0.0054         -15000
        10         0.0057       -13851.9
        10          0.006       -12690.5
        10         0.0063       -11690.5
        10         0.0066       -10825.4
        10         0.0069       -10067.2
        10         0.0072       -9394.81
        10         0.0075       -8792.46
        10         0.0078       -8248.45
        10         0.0081       -7753.74
        10         0.0084       -7301.27
        10         0.0087       -6885.37
        10          0.009       -6501.44
        10         0.0093       -6145.71
        10         0.0096       -5815.01
        10         0.0099       -5506.69
        10         0.0102       -5218.49
        10         0.0105       -4948.48
        10         0.0108       -4694.98
        10         0.0111       -4456.55
        10         0.0114       -4231.92
        10         0.0117       -4019.98
        10          0.012       -3819.75
        10         0.0123       -3630.36
        10         0.0126       -3451.03
        10         0.0129       -3281.08
        10         0.0132       -3119.88
        10         0.0135       -2966.88
        10         0.0138       -2821.57
        10         0.0141        -2683.5
        10         0.0144       -2552.24
        10         0.0147       -2427.43
        10          0.015        -2308.7
        10         0.0153       -2195.73
        10         0.0156       -2088.23
        10         0.0159       -1985.92
        10         0.0162       -1888.53
        10         0.0165       -1795.82
        10         0.0168       -1707.56
        10         0.0171       -1623.53
        10         0.0174       -1543.52
        10         0.0177       -1467.33
        10          0.018       -1394.77
        10         0.0183       -1325.66
        10         0.0186       -1259.82
        10         0.0189       -1197.08
        10         0.0192       -1137.29
        10         0.0195       -1080.28
        10         0.0198        -1025.9
        10         0.0201       -974.009
        10         0.0204       -924.469
        10         0.0207       -877.143
        10          0.021       -831.905
        10         0.0213        -788.63
        10         0.0216       -747.202
        10         0.0219        -707.51
        10         0.0222       -669.445
        10         0.0225       -632.908
        10         0.0228       -597.801
        10         0.0231       -564.033
        10         0.0234       -531.518
        10         0.0237       -500.173
        10          0.024       -469.922
        10         0.0243        -440.69
        10         0.0246       -412.408
        10         0.0249       -385.012
        10         0.0252       -358.438
        10         0.0255        -332.63
        10         0.0258       -307.532
        10         0.0261       -283.091
        10         0.0264       -259.259
        10         0.0267        -235.99
        10          0.027       -213.238
        10         0.0273       -190.962
        10         0.0276       -169.124
        10         0.0279       -147.684
        10         0.0282       -126.607
        10         0.0285       -105.859
        10         0.0288       -85.4091
        10         0.0291       -65.2256
        10         0.0294       -45.2812
        10         0.0297       -25.5514
        10           0.03       -6.01631
        10         0.0303              0
        10         0.0306              0
        10         0.0309              0
        10         0.0312              0
        10         0.0315              0
        10         0.0318              0
        10         0.0321              0
        10         0.0324              0
        10         0.0327              0
        10          0.033              0
        10         0.0333              0
        10         0.0336              0
        10         0.0339              0
        10         0.0342              0
        10         0.0345              0
        10         0.0348              0
        10         0.0351              0
        10         0.0354              0
        10         0.0357              0
        10          0.036              0
        10         0.0363              0
        10         0.0366              0
        10         0.0369              0
        10         0.0372              0
        10         0.0375              0
        10         0.0378              0
        10         0.0381              0
        10         0.0384              0
        10         0.0387              0
        10          0.039              0
        10         0.0393              0
        10         0.0396              0
        10         0.0399              0
        10         0.0402              0
        10         0.0405              0
        10         0.0408              0
        10         0.0411              0
        10         0.0414              0
        10         0.0417              0
        10          0.042              0
        10         0.0423              0
        10         0.0426              0
        10         0.0429              0
        10         0.0432              0
        10         0.0435              0
        10         0.0438              0
        10         0.0441              0
        10         0.0444              0
        10         0.0447              0
        10          0.045              0
        10         0.0453              0
        10         0.0456              0
        10         0.0459              0
        10         0.0462              0
        10         0.0465              0
        10         0.0468              0
        10         0.0471              0
        10         0.0474              0
        10         0.0477              0
        11         -0.048              0
        11        -0.0477              0
        11        -0.0474              0
        11        -0.0471              0
        11        -0.0468              0
        11        -0.0465              0
        11        -0.0462              0
        11        -0.0459              0
        11        -0.0456              0
        11        -0.0453              0
        11         -0.045              0
        11        -0.0447              0
        11        -0.0444              0
        11        -0.0441              0
        11        -0.0438              0
        11        -0.0435              0
        11        -0.0432              0
        11        -0.0429              0
        11        -0.0426              0
        11        -0.0423              0
        11         -0.042              0
        11        -0.0417              0
        11        -0.0414              0
        11        -0.0411              0
        11        -0.0408              0
        11        -0.0405              0
        11        -0.0402              0
        11        -0.0399              0
        11        -0.0396              0
        11        -0.0393              0
        11         -0.039              0
        11        -0.0387              0
        11        -0.0384              0
        11        -0.0381              0
        11        -0.0378              0
        11        -0.0375              0
        11        -0.0372              0
        11        -0.0369              0
        11        -0.0366              0
        11        -0.0363              0
        11         -0.036              0
        11        -0.0357              0
        11        -0.0354              0
        11        -0.0351              0
        11        -0.0348              0
        11        -0.0345              0
        11        -0.0342              0
        11        -0.0339              0
        11        -0.0336              0
        11        -0.0333              0
        11         -0.033              0
        11        -0.0327              0
        11        -0.0324              0
        11        -0.0321              0
        11        -0.0318              0
        11        -0.0315              0
        11        -0.0312              0
        11        -0.0309              0
        11        -0.0306              0
        11        -0.0303              0
        11          -0.03        -5.9644
        11        -0.0297       -25.3308
        11        -0.0294       -44.8898
        11        -0.0291        -64.661
        11        -0.0288       -84.6684
        11        -0.0285        -104.94
        11        -0.0282       -125.504
        11        -0.0279       -146.394
        11        -0.0276       -167.643
        11        -0.0273       -189.287
        11         -0.027       -211.362
        11        -0.0267       -233.908
        11        -0.0264       -256.966
        11        -0.0261       -280.581
        11        -0.0258       -304.799
        11        -0.0255       -329.668
        11        -0.0252       -355.242
        11        -0.0249       -381.574
        11        -0.0246       -408.724
        11        -0.0243       -436.753
        11         -0.024       -465.728
        11        -0.0237       -495.717
        11        -0.0234       -526.795
        11        -0.0231       -559.041
        11        -0.0228       -592.537
        11        -0.0225        -627.37
        11        -0.0222       -663.634
        11        -0.0219       -701.427
        11        -0.0216       -740.851
        11        -0.0213       -782.016
        11         -0.021       -825.034
        11        -0.0207       -870.026
        11        -0.0204       -917.116
        11        -0.0201       -966.435
        11        -0.0198       -1018.12
        11        -0.0195       -1072.31
        11        -0.0192       -1129.16
        11        -0.0189       -1188.81
        11        -0.0186       -1251.43
        11        -0.0183       -1317.18
        11         -0.018       -1386.23
        11        -0.0177       -1458.77
        11        -0.0174       -1534.96
        11        -0.0171       -1615.01
        11        -0.0168        -1699.1
        11        -0.0165       -1787.46
        11        -0.0162        -1880.3
        11        -0.0159       -1977.85
        11        -0.0156       -2080.35
        11        -0.0153       -2188.07
        11         -0.015       -2301.27
        11        -0.0147       -2420.26
        11        -0.0144       -2545.35
        11        -0.0141        -2676.9
        11        -0.0138       -2815.27
        11        -0.0135       -2960.89
        11        -0.0132       -3114.21
        11        -0.0129       -3275.74
        11        -0.0126       -3446.01
        11        -0.0123       -3625.66
        11         -0.012       -3815.37
        11        -0.0117       -4015.91
        11        -0.0114       -4228.16
        11        -0.0111       -4453.07
        11        -0.0108       -4691.78
        11        -0.0105       -4945.54
        11        -0.0102        -5215.8
        11        -0.0099       -5504.23
        11        -0.0096       -5812.76
        11        -0.0093       -6143.66
        11         -0.009       -6499.57
        11        -0.0087       -6883.65
        11        -0.0084       -7299.68
        11        -0.0081       -7752.27
        11        -0.0078       -8247.07
        11        -0.0075       -8791.16
        11        -0.0072       -9393.55
        11        -0.0069         -10066
        11        -0.0066       -10824.2
        11        -0.0063       -11689.3
        11         -0.006       -12689.2
        11        -0.0057         -13850
        11        -0.0054         -15000
        11        -0.0051         -15000
        11        -0.0048         -15000
        11        -0.0045       -14974.9
        11        -0.0042       -14771.4
        11        -0.0039       -14584.2
        11        -0.0036       -14426.8
        11        -0.0033       -14299.5
        11         -0.003       -14199.5
        11        -0.0027       -14123.3
        11        -0.0024       -14067.3
        11        -0.0021       -14027.9
        11        -0.0018       -14001.9
        11        -0.0015         -13986
        11        -0.0012       -13977.4
        11        -0.0009       -13973.6
        11        -0.0006       -13972.5
        11        -0.0003       -13972.5
        11              0       -13972.6
        11         0.0003       -13972.5
        11         0.0006       -13972.5
        11         0.0009       -13973.6
        11         0.0012       -13977.3
        11         0.0015       -13985.9
        11         0.0018       -14001.8
        11         0.0021       -14027.8
        11         0.0024       -14067.1
        11         0.0027       -14123.1
        11          0.003       -14199.3
        11         0.0033       -14299.3
        11         0.0036       -14426.6
        11         0.0039         -14584
        11         0.0042       -14771.2
        11         0.0045       -14974.7
        11         0.0048         -15000
        11         0.0051         -15000
        11         0.0054         -15000
        11         0.0057       -13851.9
        11          0.006       -12690.5
        11         0.0063       -11690.5
        11         0.0066       -10825.4
        11         0.0069       -10067.2
        11         0.0072       -9394.81
        11         0.0075       -8792.46
        11         0.0078       -8248.45
        11         0.0081       -7753.74
        11         0.0084       -7301.27
        11         0.0087       -6885.37
        11          0.009       -6501.44
        11         0.0093       -6145.71
        11         0.0096       -5815.01
        11         0.0099       -5506.69
        11         0.0102       -5218.49
        11         0.0105       -4948.48
        11         0.0108       -4694.98
        11         0.0111       -4456.55
        11         0.0114       -4231.92
        11         0.0117       -4019.98
        11          0.012       -3819.75
        11         0.0123       -3630.36
        11         0.0126       -3451.03
        11         0.0129       -3281.08
        11         0.0132       -3119.88
        11         0.0135       -2966.88
        11         0.0138       -2821.57
        11         0.0141        -2683.5
        11         0.0144       -2552.24
        11         0.0147       -2427.43
        11          0.015        -2308.7
        11         0.0153       -2195.73
        11         0.0156       -2088.23
        11         0.0159       -1985.92
        11         0.0162       -1888.53
        11         0.0165       -1795.82
        11         0.0168       -1707.56
        11         0.0171       -1623.53
        11         0.0174       -1543.52
        11         0.0177       -1467.33
        11          0.018       -1394.77
        11         0.0183       -1325.66
        11         0.0186       -1259.82
        11         0.0189       -1197.08
        11         0.0192       -1137.29
        11         0.0195       -1080.28
        11         0.0198        -1025.9
        11         0.0201       -974.009
        11         0.0204       -924.469
        11         0.0207       -877.143
        11          0.021       -831.905
        11         0.0213        -788.63
        11         0.0216       -747.202
        11         0.0219        -707.51
        11         0.0222       -669.445
        11         0.0225       -632.908
        11         0.0228       -597.801
        11         0.0231       -564.033
        11         0.0234       -531.518
        11         0.0237       -500.173
        11          0.024       -469.922
        11         0.0243        -440.69
        11         0.0246       -412.408
        11         0.0249       -385.012
        11         0.0252       -358.438
        11         0.0255        -332.63
        11         0.0258       -307.532
        11         0.0261       -283.091
        11         0.0264       -259.259
        11         0.0267        -235.99
        11          0.027       -213.238
        11         0.0273       -190.962
        11         0.0276       -169.124
        11         0.0279       -147.684
        11         0.0282       -126.607
        11         0.0285       -105.859
        11         0.0288       -85.4091
        11         0.0291       -65.2256
        11         0.0294       -45.2812
        11         0.0297       -25.5514
        11           0.03       -6.01631
        11         0.0303              0
        11         0.0306              0
        11         0.0309              0
        11         0.0312              0
        11         0.0315              0
        11         0.0318              0
        11         0.0321              0
        11         0.0324              0
        11         0.0327              0
        11          0.033              0
        11         0.0333              0
        11         0.0336              0
        11         0.0339              0
        11         0.0342              0
        11         0.0345              0
        11         0.0348              0
        11         0.0351              0
        11         0.0354              0
        11         0.0357              0
        11          0.036              0
        11         0.0363              0
        11         0.0366              0
        11         0.0369              0
        11         0.0372              0
        11         0.0375              0
        11         0.0378              0
        11         0.0381              0
        11         0.0384              0
        11         0.0387              0
        11          0.039              0
        11         0.0393              0
        11         0.0396              0
        11         0.0399              0
        11         0.0402              0
        11         0.0405              0
        11         0.0408              0
        11         0.0411              0
        11         0.0414              0
        11         0.0417              0
        11          0.042              0
        11         0.0423              0
        11         0.0426              0
        11         0.0429              0
        11         0.0432              0
        11         0.0435              0
        11         0.0438              0
        11         0.0441              0
        11         0.0444              0
        11         0.0447              0
        11          0.045              0
        11         0.0453              0
        11         0.0456              0
        11         0.0459              0
        11         0.0462              0
        11         0.0465              0
        11         0.0468              0
        11         0.0471              0
        11         0.0474              0
        11         0.0477              0
        12         -0.048              0
        12        -0.0477              0
        12        -0.0474              0
        12        -0.0471              0
        12        -0.0468              0
        12        -0.0465              0
        12        -0.0462              0
        12        -0.0459              0
        12        -0.0456              0
        12        -0.0453              0
        12         -0.045              0
        12        -0.0447              0
        12        -0.0444              0
        12        -0.0441              0
        12        -0.0438              0
        12        -0.0435              0
        12        -0.0432              0
        12        -0.0429              0
        12        -0.0426              0
        12        -0.0423              0
        12         -0.042              0
        12        -0.0417              0
        12        -0.0414              0
        12        -0.0411              0
        12        -0.0408              0
        12        -0.0405              0
        12        -0.0402              0
        12        -0.0399              0
        12        -0.0396              0
        12        -0.0393              0
        12         -0.039              0
        12        -0.0387              0
        12        -0.0384              0
        12        -0.0381              0
        12        -0.0378              0
        12        -0.0375              0
        12        -0.0372              0
        12        -0.0369              0
        12        -0.0366              0
        12        -0.0363              0
        12         -0.036              0
        12        -0.0357              0
        12        -0.0354              0
        12        -0.0351              0
        12        -0.0348              0
        12        -0.0345              0
        12        -0.0342              0
        12        -0.0339              0
        12        -0.0336              0
        12        -0.0333              0
        12         -0.033              0
        12        -0.0327              0
        12        -0.0324              0
        12        -0.0321              0
        12        -0.0318              0
        12        -0.0315              0
        12        -0.0312              0
        12        -0.0309              0
        12        -0.0306              0
        12        -0.0303              0
        12          -0.03        -5.9644
        12        -0.0297       -25.3308
        12        -0.0294       -44.8898
        12        -0.0291        -64.661
        12        -0.0288       -84.6684
        12        -0.0285        -104.94
        12        -0.0282       -125.504
        12        -0.0279       -146.394
        12        -0.0276       -167.643
        12        -0.0273       -189.287
        12         -0.027       -211.362
        12        -0.0267       -233.908
        12        -0.0264       -256.966
        12        -0.0261       -280.581
        12        -0.0258       -304.799
        12        -0.0255       -329.668
        12        -0.0252       -355.242
        12        -0.0249       -381.574
        12        -0.0246       -408.724
        12        -0.0243       -436.753
        12         -0.024       -465.728
        12        -0.0237       -495.717
        12        -0.0234       -526.795
        12        -0.0231       -559.041
        12        -0.0228       -592.537
        12        -0.0225        -627.37
        12        -0.0222       -663.634
        12        -0.0219       -701.427
        12        -0.0216       -740.851
        12        -0.0213       -782.016
        12         -0.021       -825.034
        12        -0.0207       -870.026
        12        -0.0204       -917.116
        12        -0.0201       -966.435
        12        -0.0198       -1018.12
        12        -0.0195       -1072.31
        12        -0.0192       -1129.16
        12        -0.0189       -1188.81
        12        -0.0186       -1251.43
        12        -0.0183       -1317.18
        12         -0.018       -1386.23
        12        -0.0177       -1458.77
        12        -0.0174       -1534.96
        12        -0.0171       -1615.01
        12        -0.0168        -1699.1
        12        -0.0165       -1787.46
        12        -0.0162        -1880.3
        12        -0.0159       -1977.85
        12        -0.0156       -2080.35
        12        -0.0153       -2188.07
        12         -0.015       -2301.27
        12        -0.0147       -2420.26
        12        -0.0144       -2545.35
        12        -0.0141        -2676.9
        12        -0.0138       -2815.27
        12        -0.0135       -2960.89
        12        -0.0132       -3114.21
        12        -0.0129       -3275.74
        12        -0.0126       -3446.01
        12        -0.0123       -3625.66
        12         -0.012       -3815.37
        12        -0.0117       -4015.91
        12        -0.0114       -4228.16
        12        -0.0111       -4453.07
        12        -0.0108       -4691.78
        12        -0.0105       -4945.54
        12        -0.0102        -5215.8
        12        -0.0099       -5504.23
        12        -0.0096       -5812.76
        12        -0.0093       -6143.66
        12         -0.009       -6499.57
        12        -0.0087       -6883.65
        12        -0.0084       -7299.68
        12        -0.0081       -7752.27
        12        -0.0078       -8247.07
        12        -0.0075       -8791.16
        12        -0.0072       -9393.55
        12        -0.0069         -10066
        12        -0.0066       -10824.2
        12        -0.0063       -11689.3
        12         -0.006       -12689.2
        12        -0.0057         -13850
        12        -0.0054         -15000
        12        -0.0051         -15000
        12        -0.0048         -15000
        12        -0.0045       -14974.9
        12        -0.0042       -14771.4
        12        -0.0039       -14584.2
        12        -0.0036       -14426.8
        12        -0.0033       -14299.5
        12         -0.003       -14199.5
        12        -0.0027       -14123.3
        12        -0.0024       -14067.3
        12        -0.0021       -14027.9
        12        -0.0018       -14001.9
        12        -0.0015         -13986
        12        -0.0012       -13977.4
        12        -0.0009       -13973.6
        12        -0.0006       -13972.5
        12        -0.0003       -13972.5
        12              0       -13972.6
        12         0.0003       -13972.5
        12         0.0006       -13972.5
        12         0.0009       -13973.6
        12         0.0012       -13977.3
        12         0.0015       -13985.9
        12         0.0018       -14001.8
        12         0.0021       -14027.8
        12         0.0024       -14067.1
        12         0.0027       -14123.1
        12          0.003       -14199.3
        12         0.0033       -14299.3
        12         0.0036       -14426.6
        12         0.0039         -14584
        12         0.0042       -14771.2
        12         0.0045       -14974.7
        12         0.0048         -15000
        12         0.0051         -15000
        12         0.0054         -15000
        12         0.0057       -13851.9
        12          0.006       -12690.5
        12         0.0063       -11690.5
        12         0.0066       -10825.4
        12         0.0069       -10067.2
        12         0.0072       -9394.81
        12         0.0075       -8792.46
        12         0.0078       -8248.45
        12         0.0081       -7753.74
        12         0.0084       -7301.27
        12         0.0087       -6885.37
        12          0.009       -6501.44
        12         0.0093       -6145.71
        12         0.0096       -5815.01
        12         0.0099       -5506.69
        12         0.0102       -5218.49
        12         0.0105       -4948.48
        12         0.0108       -4694.98
        12         0.0111       -4456.55
        12         0.0114       -4231.92
        12         0.0117       -4019.98
        12          0.012       -3819.75
        12         0.0123       -3630.36
        12         0.0126       -3451.03
        12         0.0129       -3281.08
        12         0.0132       -3119.88
        12         0.0135       -2966.88
        12         0.0138       -2821.57
        12         0.0141        -2683.5
        12         0.0144       -2552.24
        12         0.0147       -2427.43
        12          0.015        -2308.7
        12         0.0153       -2195.73
        12         0.0156       -2088.23
        12         0.0159       -1985.92
        12         0.0162       -1888.53
        12         0.0165       -1795.82
        12         0.0168       -1707.56
        12         0.0171       -1623.53
        12         0.0174       -1543.52
        12         0.0177       -1467.33
        12          0.018       -1394.77
        12         0.0183       -1325.66
        12         0.0186       -1259.82
        12         0.0189       -1197.08
        12         0.0192       -1137.29
        12         0.0195       -1080.28
        12         0.0198        -1025.9
        12         0.0201       -974.009
        12         0.0204       -924.469
        12         0.0207       -877.143
        12          0.021       -831.905
        12         0.0213        -788.63
        12         0.0216       -747.202
        12         0.0219        -707.51
        12         0.0222       -669.445
        12         0.0225       -632.908
        12         0.0228       -597.801
        12         0.0231       -564.033
        12         0.0234       -531.518
        12         0.0237       -500.173
        12          0.024       -469.922
        12         0.0243        -440.69
        12         0.0246       -412.408
        12         0.0249       -385.012
        12         0.0252       -358.438
        12         0.0255        -332.63
        12         0.0258       -307.532
        12         0.0261       -283.091
        12         0.0264       -259.259
        12         0.0267        -235.99
        12          0.027       -213.238
        12         0.0273       -190.962
        12         0.0276       -169.124
        12         0.0279       -147.684
        12         0.0282       -126.607
        12         0.0285       -105.859
        12         0.0288       -85.4091
        12         0.0291       -65.2256
        12         0.0294       -45.2812
        12         0.0297       -25.5514
        12           0.03       -6.01631
        12         0.0303              0
        12         0.0306              0
        12         0.0309              0
        12         0.0312              0
        12         0.0315              0
        12         0.0318              0
        12         0.0321              0
        12         0.0324              0
        12         0.0327              0
        12          0.033              0
        12         0.0333              0
        12         0.0336              0
        12         0.0339              0
        12         0.0342              0
        12         0.0345              0
        12         0.0348              0
        12         0.0351              0
        12         0.0354              0
        12         0.0357              0
        12          0.036              0
        12         0.0363              0
        12         0.0366              0
        12         0.0369              0
        12         0.0372              0
        12         0.0375              0
        12         0.0378              0
        12         0.0381              0
        12         0.0384              0
        12         0.0387              0
        12          0.039              0
        12         0.0393              0
        12         0.0396              0
        12         0.0399              0
        12         0.0402              0
        12         0.0405              0
        12         0.0408              0
        12         0.0411              0
        12         0.0414              0
        12         0.0417              0
        12          0.042              0
        12         0.0423              0
        12         0.0426              0
        12         0.0429              0
        12         0.0432              0
        12         0.0435              0
        12         0.0438              0
        12         0.0441              0
        12         0.0444              0
        12         0.0447              0
        12          0.045              0
        12         0.0453              0
        12         0.0456              0
        12         0.0459              0
        12         0.0462              0
        12         0.0465              0
        12         0.0468              0
        12         0.0471              0
        12         0.0474              0
        12         0.0477              0
        13         -0.048              0
        13        -0.0477              0
        13        -0.0474              0
        13        -0.0471              0
        13        -0.0468              0
        13        -0.0465              0
        13        -0.0462              0
        13        -0.0459              0
        13        -0.0456              0
        13        -0.0453              0
        13         -0.045              0
        13        -0.0447              0
        13        -0.0444              0
        13        -0.0441              0
        13        -0.0438              0
        13        -0.0435              0
        13        -0.0432              0
        13        -0.0429              0
        13        -0.0426              0
        13        -0.0423              0
        13         -0.042              0
        13        -0.0417              0
        13        -0.0414              0
        13        -0.0411              0
        13        -0.0408              0
        13        -0.0405              0
        13        -0.0402              0
        13        -0.0399              0
        13        -0.0396              0
        13        -0.0393              0
        13         -0.039              0
        13        -0.0387              0
        13        -0.0384              0
        13        -0.0381              0
        13        -0.0378              0
        13        -0.0375              0
        13        -0.0372              0
        13        -0.0369              0
        13        -0.0366              0
        13        -0.0363              0
        13         -0.036              0
        13        -0.0357              0
        13        -0.0354              0
        13        -0.0351              0
        13        -0.0348              0
        13        -0.0345              0
        13        -0.0342              0
        13        -0.0339              0
        13        -0.0336              0
        13        -0.0333              0
        13         -0.033              0
        13        -0.0327              0
        13        -0.0324              0
        13        -0.0321              0
        13        -0.0318              0
        13        -0.0315              0
        13        -0.0312              0
        13        -0.0309              0
        13        -0.0306              0
        13        -0.0303              0
        13          -0.03        -5.9644
        13        -0.0297       -25.3308
        13        -0.0294       -44.8898
        13        -0.0291        -64.661
        13        -0.0288       -84.6684
        13        -0.0285        -104.94
        13        -0.0282       -125.504
        13        -0.0279       -146.394
        13        -0.0276       -167.643
        13        -0.0273       -189.287
        13         -0.027       -211.362
        13        -0.0267       -233.908
        13        -0.0264       -256.966
        13        -0.0261       -280.581
        13        -0.0258       -304.799
        13        -0.0255       -329.668
        13        -0.0252       -355.242
        13        -0.0249       -381.574
        13        -0.0246       -408.724
        13        -0.0243       -436.753
        13         -0.024       -465.728
        13        -0.0237       -495.717
        13        -0.0234       -526.795
        13        -0.0231       -559.041
        13        -0.0228       -592.537
        13        -0.0225        -627.37
        13        -0.0222       -663.634
        13        -0.0219       -701.427
        13        -0.0216       -740.851
        13        -0.0213       -782.016
        13         -0.021       -825.034
        13        -0.0207       -870.026
        13        -0.0204       -917.116
        13        -0.0201       -966.435
        13        -0.0198       -1018.12
        13        -0.0195       -1072.31
        13        -0.0192       -1129.16
        13        -0.0189       -1188.81
        13        -0.0186       -1251.43
        13        -0.0183       -1317.18
        13         -0.018       -1386.23
        13        -0.0177       -1458.77
        13        -0.0174       -1534.96
        13        -0.0171       -1615.01
        13        -0.0168        -1699.1
        13        -0.0165       -1787.46
        13        -0.0162        -1880.3
        13        -0.0159       -1977.85
        13        -0.0156       -2080.35
        13        -0.0153       -2188.07
        13         -0.015       -2301.27
        13        -0.0147       -2420.26
        13        -0.0144       -2545.35
        13        -0.0141        -2676.9
        13        -0.0138       -2815.27
        13        -0.0135       -2960.89
        13        -0.0132       -3114.21
        13        -0.0129       -3275.74
        13        -0.0126       -3446.01
        13        -0.0123       -3625.66
        13         -0.012       -3815.37
        13        -0.0117       -4015.91
        13        -0.0114       -4228.16
        13        -0.0111       -4453.07
        13        -0.0108       -4691.78
        13        -0.0105       -4945.54
        13        -0.0102        -5215.8
        13        -0.0099       -5504.23
        13        -0.0096       -5812.76
        13        -0.0093       -6143.66
        13         -0.009       -6499.57
        13        -0.0087       -6883.65
        13        -0.0084       -7299.68
        13        -0.0081       -7752.27
        13        -0.0078       -8247.07
        13        -0.0075       -8791.16
        13        -0.0072       -9393.55
        13        -0.0069         -10066
        13        -0.0066       -10824.2
        13        -0.0063       -11689.3
        13         -0.006       -12689.2
        13        -0.0057         -13850
        13        -0.0054         -15000
        13        -0.0051         -15000
        13        -0.0048         -15000
        13        -0.0045       -14974.9
        13        -0.0042       -14771.4
        13        -0.0039       -14584.2
        13        -0.0036       -14426.8
        13        -0.0033       -14299.5
        13         -0.003       -14199.5
        13        -0.0027       -14123.3
        13        -0.0024       -14067.3
        13        -0.0021       -14027.9
        13        -0.0018       -14001.9
        13        -0.0015         -13986
        13        -0.0012       -13977.4
        13        -0.0009       -13973.6
        13        -0.0006       -13972.5
        13        -0.0003       -13972.5
        13              0       -13972.6
        13         0.0003       -13972.5
        13         0.0006       -13972.5
        13         0.0009       -13973.6
        13         0.0012       -13977.3
        13         0.0015       -13985.9
        13         0.0018       -14001.8
        13         0.0021       -14027.8
        13         0.0024       -14067.1
        13         0.0027       -14123.1
        13          0.003       -14199.3
        13         0.0033       -14299.3
        13         0.0036       -14426.6
        13         0.0039         -14584
        13         0.0042       -14771.2
        13         0.0045       -14974.7
        13         0.0048         -15000
        13         0.0051         -15000
        13         0.0054         -15000
        13         0.0057       -13851.9
        13          0.006       -12690.5
        13         0.0063       -11690.5
        13         0.0066       -10825.4
        13         0.0069       -10067.2
        13         0.0072       -9394.81
        13         0.0075       -8792.46
        13         0.0078       -8248.45
        13         0.0081       -7753.74
        13         0.0084       -7301.27
        13         0.0087       -6885.37
        13          0.009       -6501.44
        13         0.0093       -6145.71
        13         0.0096       -5815.01
        13         0.0099       -5506.69
        13         0.0102       -5218.49
        13         0.0105       -4948.48
        13         0.0108       -4694.98
        13         0.0111       -4456.55
        13         0.0114       -4231.92
        13         0.0117       -4019.98
        13          0.012       -3819.75
        13         0.0123       -3630.36
        13         0.0126       -3451.03
        13         0.0129       -3281.08
        13         0.0132       -3119.88
        13         0.0135       -2966.88
        13         0.0138       -2821.57
        13         0.0141        -2683.5
        13         0.0144       -2552.24
        13         0.0147       -2427.43
        13          0.015        -2308.7
        13         0.0153       -2195.73
        13         0.0156       -2088.23
        13         0.0159       -1985.92
        13         0.0162       -1888.53
        13         0.0165       -1795.82
        13         0.0168       -1707.56
        13         0.0171       -1623.53
        13         0.0174       -1543.52
        13         0.0177       -1467.33
        13          0.018       -1394.77
        13         0.0183       -1325.66
        13         0.0186       -1259.82
        13         0.0189       -1197.08
        13         0.0192       -1137.29
        13         0.0195       -1080.28
        13         0.0198        -1025.9
        13         0.0201       -974.009
        13         0.0204       -924.469
        13         0.0207       -877.143
        13          0.021       -831.905
        13         0.0213        -788.63
        13         0.0216       -747.202
        13         0.0219        -707.51
        13         0.0222       -669.445
        13         0.0225       -632.908
        13         0.0228       -597.801
        13         0.0231       -564.033
        13         0.0234       -531.518
        13         0.0237       -500.173
        13          0.024       -469.922
        13         0.0243        -440.69
        13         0.0246       -412.408
        13         0.0249       -385.012
        13         0.0252       -358.438
        13         0.0255        -332.63
        13         0.0258       -307.532
        13         0.0261       -283.091
        13         0.0264       -259.259
        13         0.0267        -235.99
        13          0.027       -213.238
        13         0.0273       -190.962
        13         0.0276       -169.124
        13         0.0279       -147.684
        13         0.0282       -126.607
        13         0.0285       -105.859
        13         0.0288       -85.4091
        13         0.0291       -65.2256
        13         0.0294       -45.2812
        13         0.0297       -25.5514
        13           0.03       -6.01631
        13         0.0303              0
        13         0.0306              0
        13         0.0309              0
        13         0.0312              0
        13         0.0315              0
        13         0.0318              0
        13         0.0321              0
        13         0.0324              0
        13         0.0327              0
        13          0.033              0
        13         0.0333              0
        13         0.0336              0
        13         0.0339              0
        13         0.0342              0
        13         0.0345              0
        13         0.0348              0
        13         0.0351              0
        13         0.0354              0
        13         0.0357              0
        13          0.036              0
        13         0.0363              0
        13         0.0366              0
        13         0.0369              0
        13         0.0372              0
        13         0.0375              0
        13         0.0378              0
        13         0.0381              0
        13         0.0384              0
        13         0.0387              0
        13          0.039              0
        13         0.0393              0
        13         0.0396              0
        13         0.0399              0
        13         0.0402              0
        13         0.0405              0
        13         0.0408              0
        13         0.0411              0
        13         0.0414              0
        13         0.0417              0
        13          0.042              0
        13         0.0423              0
        13         0.0426              0
        13         0.0429              0
        13         0.0432              0
        13         0.0435              0
        13         0.0438              0
        13         0.0441              0
        13         0.0444              0
        13         0.0447              0
        13          0.045              0
        13         0.0453              0
        13         0.0456              0
        13         0.0459              0
        13         0.0462              0
        13         0.0465              0
        13         0.0468              0
        13         0.0471              0
        13         0.0474              0
        13         0.0477              0
        14         -0.048              0
        14        -0.0477              0
        14        -0.0474              0
        14        -0.0471              0
        14        -0.0468              0
        14        -0.0465              0
        14        -0.0462              0
        14        -0.0459              0
        14        -0.0456              0
        14        -0.0453              0
        14         -0.045              0
        14        -0.0447              0
        14        -0.0444              0
        14        -0.0441              0
        14        -0.0438              0
        14        -0.0435              0
        14        -0.0432              0
        14        -0.0429              0
        14        -0.0426              0
        14        -0.0423              0
        14         -0.042              0
        14        -0.0417              0
        14        -0.0414              0
        14        -0.0411              0
        14        -0.0408              0
        14        -0.0405              0
        14        -0.0402              0
        14        -0.0399              0
        14        -0.0396              0
        14        -0.0393              0
        14         -0.039              0
        14        -0.0387              0
        14        -0.0384              0
        14        -0.0381              0
        14        -0.0378              0
        14        -0.0375              0
        14        -0.0372              0
        14        -0.0369              0
        14        -0.0366              0
        14        -0.0363              0
        14         -0.036              0
        14        -0.0357              0
        14        -0.0354              0
        14        -0.0351              0
        14        -0.0348              0
        14        -0.0345              0
        14        -0.0342              0
        14        -0.0339              0
        14        -0.0336              0
        14        -0.0333              0
        14         -0.033              0
        14        -0.0327              0
        14        -0.0324              0
        14        -0.0321              0
        14        -0.0318              0
        14        -0.0315              0
        14        -0.0312              0
        14        -0.0309              0
        14        -0.0306              0
        14        -0.0303              0
        14          -0.03        -5.9644
        14        -0.0297       -25.3308
        14        -0.0294       -44.8898
        14        -0.0291        -64.661
        14        -0.0288       -84.6684
        14        -0.0285        -104.94
        14        -0.0282       -125.504
        14        -0.0279       -146.394
        14        -0.0276       -167.643
        14        -0.0273       -189.287
        14         -0.027       -211.362
        14        -0.0267       -233.908
        14        -0.0264       -256.966
        14        -0.0261       -280.581
        14        -0.0258       -304.799
        14        -0.0255       -329.668
        14        -0.0252       -355.242
        14        -0.0249       -381.574
        14        -0.0246       -408.724
        14        -0.0243       -436.753
        14         -0.024       -465.728
        14        -0.0237       -495.717
        14        -0.0234       -526.795
        14        -0.0231       -559.041
        14        -0.0228       -592.537
        14        -0.0225        -627.37
        14        -0.0222       -663.634
        14        -0.0219       -701.427
        14        -0.0216       -740.851
        14        -0.0213       -782.016
        14         -0.021       -825.034
        14        -0.0207       -870.026
        14        -0.0204       -917.116
        14        -0.0201       -966.435
        14        -0.0198       -1018.12
        14        -0.0195       -1072.31
        14        -0.0192       -1129.16
        14        -0.0189       -1188.81
        14        -0.0186       -1251.43
        14        -0.0183       -1317.18
        14         -0.018       -1386.23
        14        -0.0177       -1458.77
        14        -0.0174       -1534.96
        14        -0.0171       -1615.01
        14        -0.0168        -1699.1
        14        -0.0165       -1787.46
        14        -0.0162        -1880.3
        14        -0.0159       -1977.85
        14        -0.0156       -2080.35
        14        -0.0153       -2188.07
        14         -0.015       -2301.27
        14        -0.0147       -2420.26
        14        -0.0144       -2545.35
        14        -0.0141        -2676.9
        14        -0.0138       -2815.27
        14        -0.0135       -2960.89
        14        -0.0132       -3114.21
        14        -0.0129       -3275.74
        14        -0.0126       -3446.01
        14        -0.0123       -3625.66
        14         -0.012       -3815.37
        14        -0.0117       -4015.91
        14        -0.0114       -4228.16
        14        -0.0111       -4453.07
        14        -0.0108       -4691.78
        14        -0.0105       -4945.54
        14        -0.0102        -5215.8
        14        -0.0099       -5504.23
        14        -0.0096       -5812.76
        14        -0.0093       -6143.66
        14         -0.009       -6499.57
        14        -0.0087       -6883.65
        14        -0.0084       -7299.68
        14        -0.0081       -7752.27
        14        -0.0078       -8247.07
        14        -0.0075       -8791.16
        14        -0.0072       -9393.55
        14        -0.0069         -10066
        14        -0.0066       -10824.2
        14        -0.0063       -11689.3
        14         -0.006       -12689.2
        14        -0.0057         -13850
        14        -0.0054         -15000
        14        -0.0051         -15000
        14        -0.0048         -15000
        14        -0.0045       -14974.9
        14        -0.0042       -14771.4
        14        -0.0039       -14584.2
        14        -0.0036       -14426.8
        14        -0.0033       -14299.5
        14         -0.003       -14199.5
        14        -0.0027       -14123.3
        14        -0.0024       -14067.3
        14        -0.0021       -14027.9
        14        -0.0018       -14001.9
        14        -0.0015         -13986
        14        -0.0012       -13977.4
        14        -0.0009       -13973.6
        14        -0.0006       -13972.5
        14        -0.0003       -13972.5
        14              0       -13972.6
        14         0.0003       -13972.5
        14         0.0006       -13972.5
        14         0.0009       -13973.6
        14         0.0012       -13977.3
        14         0.0015       -13985.9
        14         0.0018       -14001.8
        14         0.0021       -14027.8
        14         0.0024       -14067.1
        14         0.0027       -14123.1
        14          0.003       -14199.3
        14         0.0033       -14299.3
        14         0.0036       -14426.6
        14         0.0039         -14584
        14         0.0042       -14771.2
        14         0.0045       -14974.7
        14         0.0048         -15000
        14         0.0051         -15000
        14         0.0054         -15000
        14         0.0057       -13851.9
        14          0.006       -12690.5
        14         0.0063       -11690.5
        14         0.0066       -10825.4
        14         0.0069       -10067.2
        14         0.0072       -9394.81
        14         0.0075       -8792.46
        14         0.0078       -8248.45
        14         0.0081       -7753.74
        14         0.0084       -7301.27
        14         0.0087       -6885.37
        14          0.009       -6501.44
        14         0.0093       -6145.71
        14         0.0096       -5815.01
        14         0.0099       -5506.69
        14         0.0102       -5218.49
        14         0.0105       -4948.48
        14         0.0108       -4694.98
        14         0.0111       -4456.55
        14         0.0114       -4231.92
        14         0.0117       -4019.98
        14          0.012       -3819.75
        14         0.0123       -3630.36
        14         0.0126       -3451.03
        14         0.0129       -3281.08
        14         0.0132       -3119.88
        14         0.0135       -2966.88
        14         0.0138       -2821.57
        14         0.0141        -2683.5
        14         0.0144       -2552.24
        14         0.0147       -2427.43
        14          0.015        -2308.7
        14         0.0153       -2195.73
        14         0.0156       -2088.23
        14         0.0159       -1985.92
        14         0.0162       -1888.53
        14         0.0165       -1795.82
        14         0.0168       -1707.56
        14         0.0171       -1623.53
        14         0.0174       -1543.52
        14         0.0177       -1467.33
        14          0.018       -1394.77
        14         0.0183       -1325.66
        14         0.0186       -1259.82
        14         0.0189       -1197.08
        14         0.0192       -1137.29
        14         0.0195       -1080.28
        14         0.0198        -1025.9
        14         0.0201       -974.009
        14         0.0204       -924.469
        14         0.0207       -877.143
        14          0.021       -831.905
        14         0.0213        -788.63
        14         0.0216       -747.202
        14         0.0219        -707.51
        14         0.0222       -669.445
        14         0.0225       -632.908
        14         0.0228       -597.801
        14         0.0231       -564.033
        14         0.0234       -531.518
        14         0.0237       -500.173
        14          0.024       -469.922
        14         0.0243        -440.69
        14         0.0246       -412.408
        14         0.0249       -385.012
        14         0.0252       -358.438
        14         0.0255        -332.63
        14         0.0258       -307.532
        14         0.0261       -283.091
        14         0.0264       -259.259
        14         0.0267        -235.99
        14          0.027       -213.238
        14         0.0273       -190.962
        14         0.0276       -169.124
        14         0.0279       -147.684
        14         0.0282       -126.607
        14         0.0285       -105.859
        14         0.0288       -85.4091
        14         0.0291       -65.2256
        14         0.0294       -45.2812
        14         0.0297       -25.5514
        14           0.03       -6.01631
        14         0.0303              0
        14         0.0306              0
        14         0.0309              0
        14         0.0312              0
        14         0.0315              0
        14         0.0318              0
        14         0.0321              0
        14         0.0324              0
        14         0.0327              0
        14          0.033              0
        14         0.0333              0
        14         0.0336              0
        14         0.0339              0
        14         0.0342              0
        14         0.0345              0
        14         0.0348              0
        14         0.0351              0
        14         0.0354              0
        14         0.0357              0
        14          0.036              0
        14         0.0363              0
        14         0.0366              0
        14         0.0369              0
        14         0.0372              0
        14         0.0375              0
        14         0.0378              0
        14         0.0381              0
        14         0.0384              0
        14         0.0387              0
        14          0.039              0
        14         0.0393              0
        14         0.0396              0
        14         0.0399              0
        14         0.0402              0
        14         0.0405              0
        14         0.0408              0
        14         0.0411              0
        14         0.0414              0
        14         0.0417              0
        14          0.042              0
        14         0.0423              0
        14         0.0426              0
        14         0.0429              0
        14         0.0432              0
        14         0.0435              0
        14         0.0438              0
        14         0.0441              0
        14         0.0444              0
        14         0.0447              0
        14          0.045              0
        14         0.0453              0
        14         0.0456              0
        14         0.0459              0
        14         0.0462              0
        14         0.0465              0
        14         0.0468              0
        14         0.0471              0
        14         0.0474              0
        14         0.0477              0
        15         -0.048              0
        15        -0.0477              0
        15        -0.0474              0
        15        -0.0471              0
        15        -0.0468              0
        15        -0.0465              0
        15        -0.0462              0
        15        -0.0459              0
        15        -0.0456              0
        15        -0.0453              0
        15         -0.045              0
        15        -0.0447              0
        15        -0.0444              0
        15        -0.0441              0
        15        -0.0438              0
        15        -0.0435              0
        15        -0.0432              0
        15        -0.0429              0
        15        -0.0426              0
        15        -0.0423              0
        15         -0.042              0
        15        -0.0417              0
        15        -0.0414              0
        15        -0.0411              0
        15        -0.0408              0
        15        -0.0405              0
        15        -0.0402              0
        15        -0.0399              0
        15        -0.0396              0
        15        -0.0393              0
        15         -0.039              0
        15        -0.0387              0
        15        -0.0384              0
        15        -0.0381              0
        15        -0.0378              0
        15        -0.0375              0
        15        -0.0372              0
        15        -0.0369              0
        15        -0.0366              0
        15        -0.0363              0
        15         -0.036              0
        15        -0.0357              0
        15        -0.0354              0
        15        -0.0351              0
        15        -0.0348              0
        15        -0.0345              0
        15        -0.0342              0
        15        -0.0339              0
        15        -0.0336              0
        15        -0.0333              0
        15         -0.033              0
        15        -0.0327              0
        15        -0.0324              0
        15        -0.0321              0
        15        -0.0318              0
        15        -0.0315              0
        15        -0.0312              0
        15        -0.0309              0
        15        -0.0306              0
        15        -0.0303              0
        15          -0.03        -5.9644
        15        -0.0297       -25.3308
        15        -0.0294       -44.8898
        15        -0.0291        -64.661
        15        -0.0288       -84.6684
        15        -0.0285        -104.94
        15        -0.0282       -125.504
        15        -0.0279       -146.394
        15        -0.0276       -167.643
        15        -0.0273       -189.287
        15         -0.027       -211.362
        15        -0.0267       -233.908
        15        -0.0264       -256.966
        15        -0.0261       -280.581
        15        -0.0258       -304.799
        15        -0.0255       -329.668
        15        -0.0252       -355.242
        15        -0.0249       -381.574
        15        -0.0246       -408.724
        15        -0.0243       -436.753
        15         -0.024       -465.728
        15        -0.0237       -495.717
        15        -0.0234       -526.795
        15        -0.0231       -559.041
        15        -0.0228       -592.537
        15        -0.0225        -627.37
        15        -0.0222       -663.634
        15        -0.0219       -701.427
        15        -0.0216       -740.851
        15        -0.0213       -782.016
        15         -0.021       -825.034
        15        -0.0207       -870.026
        15        -0.0204       -917.116
        15        -0.0201       -966.435
        15        -0.0198       -1018.12
        15        -0.0195       -1072.31
        15        -0.0192       -1129.16
        15        -0.0189       -1188.81
        15        -0.0186       -1251.43
        15        -0.0183       -1317.18
        15         -0.018       -1386.23
        15        -0.0177       -1458.77
        15        -0.0174       -1534.96
        15        -0.0171       -1615.01
        15        -0.0168        -1699.1
        15        -0.0165       -1787.46
        15        -0.0162        -1880.3
        15        -0.0159       -1977.85
        15        -0.0156       -2080.35
        15        -0.0153       -2188.07
        15         -0.015       -2301.27
        15        -0.0147       -2420.26
        15        -0.0144       -2545.35
        15        -0.0141        -2676.9
        15        -0.0138       -2815.27
        15        -0.0135       -2960.89
        15        -0.0132       -3114.21
        15        -0.0129       -3275.74
        15        -0.0126       -3446.01
        15        -0.0123       -3625.66
        15         -0.012       -3815.37
        15        -0.0117       -4015.91
        15        -0.0114       -4228.16
        15        -0.0111       -4453.07
        15        -0.0108       -4691.78
        15        -0.0105       -4945.54
        15        -0.0102        -5215.8
        15        -0.0099       -5504.23
        15        -0.0096       -5812.76
        15        -0.0093       -6143.66
        15         -0.009       -6499.57
        15        -0.0087       -6883.65
        15        -0.0084       -7299.68
        15        -0.0081       -7752.27
        15        -0.0078       -8247.07
        15        -0.0075       -8791.16
        15        -0.0072       -9393.55
        15        -0.0069         -10066
        15        -0.0066       -10824.2
        15        -0.0063       -11689.3
        15         -0.006       -12689.2
        15        -0.0057         -13850
        15        -0.0054         -15000
        15        -0.0051         -15000
        15        -0.0048         -15000
        15        -0.0045       -14974.9
        15        -0.0042       -14771.4
        15        -0.0039       -14584.2
        15        -0.0036       -14426.8
        15        -0.0033       -14299.5
        15         -0.003       -14199.5
        15        -0.0027       -14123.3
        15        -0.0024       -14067.3
        15        -0.0021       -14027.9
        15        -0.0018       -14001.9
        15        -0.0015         -13986
        15        -0.0012       -13977.4
        15        -0.0009       -13973.6
        15        -0.0006       -13972.5
        15        -0.0003       -13972.5
        15              0       -13972.6
        15         0.0003       -13972.5
        15         0.0006       -13972.5
        15         0.0009       -13973.6
        15         0.0012       -13977.3
        15         0.0015       -13985.9
        15         0.0018       -14001.8
        15         0.0021       -14027.8
        15         0.0024       -14067.1
        15         0.0027       -14123.1
        15          0.003       -14199.3
        15         0.0033       -14299.3
        15         0.0036       -14426.6
        15         0.0039         -14584
        15         0.0042       -14771.2
        15         0.0045       -14974.7
        15         0.0048         -15000
        15         0.0051         -15000
        15         0.0054         -15000
        15         0.0057       -13851.9
        15          0.006       -12690.5
        15         0.0063       -11690.5
        15         0.0066       -10825.4
        15         0.0069       -10067.2
        15         0.0072       -9394.81
        15         0.0075       -8792.46
        15         0.0078       -8248.45
        15         0.0081       -7753.74
        15         0.0084       -7301.27
        15         0.0087       -6885.37
        15          0.009       -6501.44
        15         0.0093       -6145.71
        15         0.0096       -5815.01
        15         0.0099       -5506.69
        15         0.0102       -5218.49
        15         0.0105       -4948.48
        15         0.0108       -4694.98
        15         0.0111       -4456.55
        15         0.0114       -4231.92
        15         0.0117       -4019.98
        15          0.012       -3819.75
        15         0.0123       -3630.36
        15         0.0126       -3451.03
        15         0.0129       -3281.08
        15         0.0132       -3119.88
        15         0.0135       -2966.88
        15         0.0138       -2821.57
        15         0.0141        -2683.5
        15         0.0144       -2552.24
        15         0.0147       -2427.43
        15          0.015        -2308.7
        15         0.0153       -2195.73
        15         0.0156       -2088.23
        15         0.0159       -1985.92
        15         0.0162       -1888.53
        15         0.0165       -1795.82
        15         0.0168       -1707.56
        15         0.0171       -1623.53
        15         0.0174       -1543.52
        15         0.0177       -1467.33
        15          0.018       -1394.77
        15         0.0183       -1325.66
        15         0.0186       -1259.82
        15         0.0189       -1197.08
        15         0.0192       -1137.29
        15         0.0195       -1080.28
        15         0.0198        -1025.9
        15         0.0201       -974.009
        15         0.0204       -924.469
        15         0.0207       -877.143
        15          0.021       -831.905
        15         0.0213        -788.63
        15         0.0216       -747.202
        15         0.0219        -707.51
        15         0.0222       -669.445
        15         0.0225       -632.908
        15         0.0228       -597.801
        15         0.0231       -564.033
        15         0.0234       -531.518
        15         0.0237       -500.173
        15          0.024       -469.922
        15         0.0243        -440.69
        15         0.0246       -412.408
        15         0.0249       -385.012
        15         0.0252       -358.438
        15         0.0255        -332.63
        15         0.0258       -307.532
        15         0.0261       -283.091
        15         0.0264       -259.259
        15         0.0267        -235.99
        15          0.027       -213.238
        15         0.0273       -190.962
        15         0.0276       -169.124
        15         0.0279       -147.684
        15         0.0282       -126.607
        15         0.0285       -105.859
        15         0.0288       -85.4091
        15         0.0291       -65.2256
        15         0.0294       -45.2812
        15         0.0297       -25.5514
        15           0.03       -6.01631
        15         0.0303              0
        15         0.0306              0
        15         0.0309              0
        15         0.0312              0
        15         0.0315              0
        15         0.0318              0
        15         0.0321              0
        15         0.0324              0
        15         0.0327              0
        15          0.033              0
        15         0.0333              0
        15         0.0336              0
        15         0.0339              0
        15         0.0342              0
        15         0.0345              0
        15         0.0348              0
        15         0.0351              0
        15         0.0354              0
        15         0.0357              0
        15          0.036              0
        15         0.0363              0
        15         0.0366              0
        15         0.0369              0
        15         0.0372              0
        15         0.0375              0
        15         0.0378              0
        15         0.0381              0
        15         0.0384              0
        15         0.0387              0
        15          0.039              0
        15         0.0393              0
        15         0.0396              0
        15         0.0399              0
        15         0.0402              0
        15         0.0405              0
        15         0.0408              0
        15         0.0411              0
        15         0.0414              0
        15         0.0417              0
        15          0.042              0
        15         0.0423              0
        15         0.0426              0
        15         0.0429              0
        15         0.0432              0
        15         0.0435              0
        15         0.0438              0
        15         0.0441              0
        15         0.0444              0
        15         0.0447              0
        15          0.045              0
        15         0.0453              0
        15         0.0456              0
        15         0.0459              0
        15         0.0462              0
        15         0.0465              0
        15         0.0468              0
        15         0.0471              0
        15         0.0474              0
        15         0.0477              0
        16         -0.048              0
        16        -0.0477              0
        16        -0.0474              0
        16        -0.0471              0
        16        -0.0468              0
        16        -0.0465              0
        16        -0.0462              0
        16        -0.0459              0
        16        -0.0456              0
        16        -0.0453              0
        16         -0.045              0
        16        -0.0447              0
        16        -0.0444              0
        16        -0.0441              0
        16        -0.0438              0
        16        -0.0435              0
        16        -0.0432              0
        16        -0.0429              0
        16        -0.0426              0
        16        -0.0423              0
        16         -0.042              0
        16        -0.0417              0
        16        -0.0414              0
        16        -0.0411              0
        16        -0.0408              0
        16        -0.0405              0
        16        -0.0402              0
        16        -0.0399              0
        16        -0.0396              0
        16        -0.0393              0
        16         -0.039              0
        16        -0.0387              0
        16        -0.0384              0
        16        -0.0381              0
        16        -0.0378              0
        16        -0.0375              0
        16        -0.0372              0
        16        -0.0369              0
        16        -0.0366              0
        16        -0.0363              0
        16         -0.036              0
        16        -0.0357              0
        16        -0.0354              0
        16        -0.0351              0
        16        -0.0348              0
        16        -0.0345              0
        16        -0.0342              0
        16        -0.0339              0
        16        -0.0336              0
        16        -0.0333              0
        16         -0.033              0
        16        -0.0327              0
        16        -0.0324              0
        16        -0.0321              0
        16        -0.0318              0
        16        -0.0315              0
        16        -0.0312              0
        16        -0.0309              0
        16        -0.0306              0
        16        -0.0303              0
        16          -0.03        -5.9644
        16        -0.0297       -25.3308
        16        -0.0294       -44.8898
        16        -0.0291        -64.661
        16        -0.0288       -84.6684
        16        -0.0285        -104.94
        16        -0.0282       -125.504
        16        -0.0279       -146.394
        16        -0.0276       -167.643
        16        -0.0273       -189.287
        16         -0.027       -211.362
        16        -0.0267       -233.908
        16        -0.0264       -256.966
        16        -0.0261       -280.581
        16        -0.0258       -304.799
        16        -0.0255       -329.668
        16        -0.0252       -355.242
        16        -0.0249       -381.574
        16        -0.0246       -408.724
        16        -0.0243       -436.753
        16         -0.024       -465.728
        16        -0.0237       -495.717
        16        -0.0234       -526.795
        16        -0.0231       -559.041
        16        -0.0228       -592.537
        16        -0.0225        -627.37
        16        -0.0222       -663.634
        16        -0.0219       -701.427
        16        -0.0216       -740.851
        16        -0.0213       -782.016
        16         -0.021       -825.034
        16        -0.0207       -870.026
        16        -0.0204       -917.116
        16        -0.0201       -966.435
        16        -0.0198       -1018.12
        16        -0.0195       -1072.31
        16        -0.0192       -1129.16
        16        -0.0189       -1188.81
        16        -0.0186       -1251.43
        16        -0.0183       -1317.18
        16         -0.018       -1386.23
        16        -0.0177       -1458.77
        16        -0.0174       -1534.96
        16        -0.0171       -1615.01
        16        -0.0168        -1699.1
        16        -0.0165       -1787.46
        16        -0.0162        -1880.3
        16        -0.0159       -1977.85
        16        -0.0156       -2080.35
        16        -0.0153       -2188.07
        16         -0.015       -2301.27
        16        -0.0147       -2420.26
        16        -0.0144       -2545.35
        16        -0.0141        -2676.9
        16        -0.0138       -2815.27
        16        -0.0135       -2960.89
        16        -0.0132       -3114.21
        16        -0.0129       -3275.74
        16        -0.0126       -3446.01
        16        -0.0123       -3625.66
        16         -0.012       -3815.37
        16        -0.0117       -4015.91
        16        -0.0114       -4228.16
        16        -0.0111       -4453.07
        16        -0.0108       -4691.78
        16        -0.0105       -4945.54
        16        -0.0102        -5215.8
        16        -0.0099       -5504.23
        16        -0.0096       -5812.76
        16        -0.0093       -6143.66
        16         -0.009       -6499.57
        16        -0.0087       -6883.65
        16        -0.0084       -7299.68
        16        -0.0081       -7752.27
        16        -0.0078       -8247.07
        16        -0.0075       -8791.16
        16        -0.0072       -9393.55
        16        -0.0069         -10066
        16        -0.0066       -10824.2
        16        -0.0063       -11689.3
        16         -0.006       -12689.2
        16        -0.0057         -13850
        16        -0.0054         -15000
        16        -0.0051         -15000
        16        -0.0048         -15000
        16        -0.0045       -14974.9
        16        -0.0042       -14771.4
        16        -0.0039       -14584.2
        16        -0.0036       -14426.8
        16        -0.0033       -14299.5
        16         -0.003       -14199.5
        16        -0.0027       -14123.3
        16        -0.0024       -14067.3
        16        -0.0021       -14027.9
        16        -0.0018       -14001.9
        16        -0.0015         -13986
        16        -0.0012       -13977.4
        16        -0.0009       -13973.6
        16        -0.0006       -13972.5
        16        -0.0003       -13972.5
        16              0       -13972.6
        16         0.0003       -13972.5
        16         0.0006       -13972.5
        16         0.0009       -13973.6
        16         0.0012       -13977.3
        16         0.0015       -13985.9
        16         0.0018       -14001.8
        16         0.0021       -14027.8
        16         0.0024       -14067.1
        16         0.0027       -14123.1
        16          0.003       -14199.3
        16         0.0033       -14299.3
        16         0.0036       -14426.6
        16         0.0039         -14584
        16         0.0042       -14771.2
        16         0.0045       -14974.7
        16         0.0048         -15000
        16         0.0051         -15000
        16         0.0054         -15000
        16         0.0057       -13851.9
        16          0.006       -12690.5
        16         0.0063       -11690.5
        16         0.0066       -10825.4
        16         0.0069       -10067.2
        16         0.0072       -9394.81
        16         0.0075       -8792.46
        16         0.0078       -8248.45
        16         0.0081       -7753.74
        16         0.0084       -7301.27
        16         0.0087       -6885.37
        16          0.009       -6501.44
        16         0.0093       -6145.71
        16         0.0096       -5815.01
        16         0.0099       -5506.69
        16         0.0102       -5218.49
        16         0.0105       -4948.48
        16         0.0108       -4694.98
        16         0.0111       -4456.55
        16         0.0114       -4231.92
        16         0.0117       -4019.98
        16          0.012       -3819.75
        16         0.0123       -3630.36
        16         0.0126       -3451.03
        16         0.0129       -3281.08
        16         0.0132       -3119.88
        16         0.0135       -2966.88
        16         0.0138       -2821.57
        16         0.0141        -2683.5
        16         0.0144       -2552.24
        16         0.0147       -2427.43
        16          0.015        -2308.7
        16         0.0153       -2195.73
        16         0.0156       -2088.23
        16         0.0159       -1985.92
        16         0.0162       -1888.53
        16         0.0165       -1795.82
        16         0.0168       -1707.56
        16         0.0171       -1623.53
        16         0.0174       -1543.52
        16         0.0177       -1467.33
        16          0.018       -1394.77
        16         0.0183       -1325.66
        16         0.0186       -1259.82
        16         0.0189       -1197.08
        16         0.0192       -1137.29
        16         0.0195       -1080.28
        16         0.0198        -1025.9
        16         0.0201       -974.009
        16         0.0204       -924.469
        16         0.0207       -877.143
        16          0.021       -831.905
        16         0.0213        -788.63
        16         0.0216       -747.202
        16         0.0219        -707.51
        16         0.0222       -669.445
        16         0.0225       -632.908
        16         0.0228       -597.801
        16         0.0231       -564.033
        16         0.0234       -531.518
        16         0.0237       -500.173
        16          0.024       -469.922
        16         0.0243        -440.69
        16         0.0246       -412.408
        16         0.0249       -385.012
        16         0.0252       -358.438
        16         0.0255        -332.63
        16         0.0258       -307.532
        16         0.0261       -283.091
        16         0.0264       -259.259
        16         0.0267        -235.99
        16          0.027       -213.238
        16         0.0273       -190.962
        16         0.0276       -169.124
        16         0.0279       -147.684
        16         0.0282       -126.607
        16         0.0285       -105.859
        16         0.0288       -85.4091
        16         0.0291       -65.2256
        16         0.0294       -45.2812
        16         0.0297       -25.5514
        16           0.03       -6.01631
        16         0.0303              0
        16         0.0306              0
        16         0.0309              0
        16         0.0312              0
        16         0.0315              0
        16         0.0318              0
        16         0.0321              0
        16         0.0324              0
        16         0.0327              0
        16          0.033              0
        16         0.0333              0
        16         0.0336              0
        16         0.0339              0
        16         0.0342              0
        16         0.0345              0
        16         0.0348              0
        16         0.0351              0
        16         0.0354              0
        16         0.0357              0
        16          0.036              0
        16         0.0363              0
        16         0.0366              0
        16         0.0369              0
        16         0.0372              0
        16         0.0375              0
        16         0.0378              0
        16         0.0381              0
        16         0.0384              0
        16         0.0387              0
        16          0.039              0
        16         0.0393              0
        16         0.0396              0
        16         0.0399              0
        16         0.0402              0
        16         0.0405              0
        16         0.0408              0
        16         0.0411              0
        16         0.0414              0
        16         0.0417              0
        16          0.042              0
        16         0.0423              0
        16         0.0426              0
        16         0.0429              0
        16         0.0432              0
        16         0.0435              0
        16         0.0438              0
        16         0.0441              0
        16         0.0444              0
        16         0.0447              0
        16          0.045              0
        16         0.0453              0
        16         0.0456              0
        16         0.0459              0
        16         0.0462              0
        16         0.0465              0
        16         0.0468              0
        16         0.0471              0
        16         0.0474              0
        16         0.0477              0
        17         -0.048              0
        17        -0.0477              0
        17        -0.0474              0
        17        -0.0471              0
        17        -0.0468              0
        17        -0.0465              0
        17        -0.0462              0
        17        -0.0459              0
        17        -0.0456              0
        17        -0.0453              0
        17         -0.045              0
        17        -0.0447              0
        17        -0.0444              0
        17        -0.0441              0
        17        -0.0438              0
        17        -0.0435              0
        17        -0.0432              0
        17        -0.0429              0
        17        -0.0426              0
        17        -0.0423              0
        17         -0.042              0
        17        -0.0417              0
        17        -0.0414              0
        17        -0.0411              0
        17        -0.0408              0
        17        -0.0405              0
        17        -0.0402              0
        17        -0.0399              0
        17        -0.0396              0
        17        -0.0393              0
        17         -0.039              0
        17        -0.0387              0
        17        -0.0384              0
        17        -0.0381              0
        17        -0.0378              0
        17        -0.0375              0
        17        -0.0372              0
        17        -0.0369              0
        17        -0.0366              0
        17        -0.0363              0
        17         -0.036              0
        17        -0.0357              0
        17        -0.0354              0
        17        -0.0351              0
        17        -0.0348              0
        17        -0.0345              0
        17        -0.0342              0
        17        -0.0339              0
        17        -0.0336              0
        17        -0.0333              0
        17         -0.033              0
        17        -0.0327              0
        17        -0.0324              0
        17        -0.0321              0
        17        -0.0318              0
        17        -0.0315              0
        17        -0.0312              0
        17        -0.0309              0
        17        -0.0306              0
        17        -0.0303              0
        17          -0.03        -5.9644
        17        -0.0297       -25.3308
        17        -0.0294       -44.8898
        17        -0.0291        -64.661
        17        -0.0288       -84.6684
        17        -0.0285        -104.94
        17        -0.0282       -125.504
        17        -0.0279       -146.394
        17        -0.0276       -167.643
        17        -0.0273       -189.287
        17         -0.027       -211.362
        17        -0.0267       -233.908
        17        -0.0264       -256.966
        17        -0.0261       -280.581
        17        -0.0258       -304.799
        17        -0.0255       -329.668
        17        -0.0252       -355.242
        17        -0.0249       -381.574
        17        -0.0246       -408.724
        17        -0.0243       -436.753
        17         -0.024       -465.728
        17        -0.0237       -495.717
        17        -0.0234       -526.795
        17        -0.0231       -559.041
        17        -0.0228       -592.537
        17        -0.0225        -627.37
        17        -0.0222       -663.634
        17        -0.0219       -701.427
        17        -0.0216       -740.851
        17        -0.0213       -782.016
        17         -0.021       -825.034
        17        -0.0207       -870.026
        17        -0.0204       -917.116
        17        -0.0201       -966.435
        17        -0.0198       -1018.12
        17        -0.0195       -1072.31
        17        -0.0192       -1129.16
        17        -0.0189       -1188.81
        17        -0.0186       -1251.43
        17        -0.0183       -1317.18
        17         -0.018       -1386.23
        17        -0.0177       -1458.77
        17        -0.0174       -1534.96
        17        -0.0171       -1615.01
        17        -0.0168        -1699.1
        17        -0.0165       -1787.46
        17        -0.0162        -1880.3
        17        -0.0159       -1977.85
        17        -0.0156       -2080.35
        17        -0.0153       -2188.07
        17         -0.015       -2301.27
        17        -0.0147       -2420.26
        17        -0.0144       -2545.35
        17        -0.0141        -2676.9
        17        -0.0138       -2815.27
        17        -0.0135       -2960.89
        17        -0.0132       -3114.21
        17        -0.0129       -3275.74
        17        -0.0126       -3446.01
        17        -0.0123       -3625.66
        17         -0.012       -3815.37
        17        -0.0117       -4015.91
        17        -0.0114       -4228.16
        17        -0.0111       -4453.07
        17        -0.0108       -4691.78
        17        -0.0105       -4945.54
        17        -0.0102        -5215.8
        17        -0.0099       -5504.23
        17        -0.0096       -5812.76
        17        -0.0093       -6143.66
        17         -0.009       -6499.57
        17        -0.0087       -6883.65
        17        -0.0084       -7299.68
        17        -0.0081       -7752.27
        17        -0.0078       -8247.07
        17        -0.0075       -8791.16
        17        -0.0072       -9393.55
        17        -0.0069         -10066
        17        -0.0066       -10824.2
        17        -0.0063       -11689.3
        17         -0.006       -12689.2
        17        -0.0057         -13850
        17        -0.0054         -15000
        17        -0.0051         -15000
        17        -0.0048         -15000
        17        -0.0045       -14974.9
        17        -0.0042       -14771.4
        17        -0.0039       -14584.2
        17        -0.0036       -14426.8
        17        -0.0033       -14299.5
        17         -0.003       -14199.5
        17        -0.0027       -14123.3
        17        -0.0024       -14067.3
        17        -0.0021       -14027.9
        17        -0.0018       -14001.9
        17        -0.0015         -13986
        17        -0.0012       -13977.4
        17        -0.0009       -13973.6
        17        -0.0006       -13972.5
        17        -0.0003       -13972.5
        17              0       -13972.6
        17         0.0003       -13972.5
        17         0.0006       -13972.5
        17         0.0009       -13973.6
        17         0.0012       -13977.3
        17         0.0015       -13985.9
        17         0.0018       -14001.8
        17         0.0021       -14027.8
        17         0.0024       -14067.1
        17         0.0027       -14123.1
        17          0.003       -14199.3
        17         0.0033       -14299.3
        17         0.0036       -14426.6
        17         0.0039         -14584
        17         0.0042       -14771.2
        17         0.0045       -14974.7
        17         0.0048         -15000
        17         0.0051         -15000
        17         0.0054         -15000
        17         0.0057       -13851.9
        17          0.006       -12690.5
        17         0.0063       -11690.5
        17         0.0066       -10825.4
        17         0.0069       -10067.2
        17         0.0072       -9394.81
        17         0.0075       -8792.46
        17         0.0078       -8248.45
        17         0.0081       -7753.74
        17         0.0084       -7301.27
        17         0.0087       -6885.37
        17          0.009       -6501.44
        17         0.0093       -6145.71
        17         0.0096       -5815.01
        17         0.0099       -5506.69
        17         0.0102       -5218.49
        17         0.0105       -4948.48
        17         0.0108       -4694.98
        17         0.0111       -4456.55
        17         0.0114       -4231.92
        17         0.0117       -4019.98
        17          0.012       -3819.75
        17         0.0123       -3630.36
        17         0.0126       -3451.03
        17         0.0129       -3281.08
        17         0.0132       -3119.88
        17         0.0135       -2966.88
        17         0.0138       -2821.57
        17         0.0141        -2683.5
        17         0.0144       -2552.24
        17         0.0147       -2427.43
        17          0.015        -2308.7
        17         0.0153       -2195.73
        17         0.0156       -2088.23
        17         0.0159       -1985.92
        17         0.0162       -1888.53
        17         0.0165       -1795.82
        17         0.0168       -1707.56
        17         0.0171       -1623.53
        17         0.0174       -1543.52
        17         0.0177       -1467.33
        17          0.018       -1394.77
        17         0.0183       -1325.66
        17         0.0186       -1259.82
        17         0.0189       -1197.08
        17         0.0192       -1137.29
        17         0.0195       -1080.28
        17         0.0198        -1025.9
        17         0.0201       -974.009
        17         0.0204       -924.469
        17         0.0207       -877.143
        17          0.021       -831.905
        17         0.0213        -788.63
        17         0.0216       -747.202
        17         0.0219        -707.51
        17         0.0222       -669.445
        17         0.0225       -632.908
        17         0.0228       -597.801
        17         0.0231       -564.033
        17         0.0234       -531.518
        17         0.0237       -500.173
        17          0.024       -469.922
        17         0.0243        -440.69
        17         0.0246       -412.408
        17         0.0249       -385.012
        17         0.0252       -358.438
        17         0.0255        -332.63
        17         0.0258       -307.532
        17         0.0261       -283.091
        17         0.0264       -259.259
        17         0.0267        -235.99
        17          0.027       -213.238
        17         0.0273       -190.962
        17         0.0276       -169.124
        17         0.0279       -147.684
        17         0.0282       -126.607
        17         0.0285       -105.859
        17         0.0288       -85.4091
        17         0.0291       -65.2256
        17         0.0294       -45.2812
        17         0.0297       -25.5514
        17           0.03       -6.01631
        17         0.0303              0
        17         0.0306              0
        17         0.0309              0
        17         0.0312              0
        17         0.0315              0
        17         0.0318              0
        17         0.0321              0
        17         0.0324              0
        17         0.0327              0
        17          0.033              0
        17         0.0333              0
        17         0.0336              0
        17         0.0339              0
        17         0.0342              0
        17         0.0345              0
        17         0.0348              0
        17         0.0351              0
        17         0.0354              0
        17         0.0357              0
        17          0.036              0
        17         0.0363              0
        17         0.0366              0
        17         0.0369              0
        17         0.0372              0
        17         0.0375              0
        17         0.0378              0
        17         0.0381              0
        17         0.0384              0
        17         0.0387              0
        17          0.039              0
        17         0.0393              0
        17         0.0396              0
        17         0.0399              0
        17         0.0402              0
        17         0.0405              0
        17         0.0408              0
        17         0.0411              0
        17         0.0414              0
        17         0.0417              0
        17          0.042              0
        17         0.0423              0
        17         0.0426              0
        17         0.0429              0
        17         0.0432              0
        17         0.0435              0
        17         0.0438              0
        17         0.0441              0
        17         0.0444              0
        17         0.0447              0
        17          0.045              0
        17         0.0453              0
        17         0.0456              0
        17         0.0459              0
        17         0.0462              0
        17         0.0465              0
        17         0.0468              0
        17         0.0471              0
        17         0.0474              0
        17         0.0477              0
        18         -0.048              0
        18        -0.0477              0
        18        -0.0474              0
        18        -0.0471              0
        18        -0.0468              0
        18        -0.0465              0
        18        -0.0462              0
        18        -0.0459              0
        18        -0.0456              0
        18        -0.0453              0
        18         -0.045              0
        18        -0.0447              0
        18        -0.0444              0
        18        -0.0441              0
        18        -0.0438              0
        18        -0.0435              0
        18        -0.0432              0
        18        -0.0429              0
        18        -0.0426              0
        18        -0.0423              0
        18         -0.042              0
        18        -0.0417              0
        18        -0.0414              0
        18        -0.0411              0
        18        -0.0408              0
        18        -0.0405              0
        18        -0.0402              0
        18        -0.0399              0
        18        -0.0396              0
        18        -0.0393              0
        18         -0.039              0
        18        -0.0387              0
        18        -0.0384              0
        18        -0.0381              0
        18        -0.0378              0
        18        -0.0375              0
        18        -0.0372              0
        18        -0.0369              0
        18        -0.0366              0
        18        -0.0363              0
        18         -0.036              0
        18        -0.0357              0
        18        -0.0354              0
        18        -0.0351              0
        18        -0.0348              0
        18        -0.0345              0
        18        -0.0342              0
        18        -0.0339              0
        18        -0.0336              0
        18        -0.0333              0
        18         -0.033              0
        18        -0.0327              0
        18        -0.0324              0
        18        -0.0321              0
        18        -0.0318              0
        18        -0.0315              0
        18        -0.0312              0
        18        -0.0309              0
        18        -0.0306              0
        18        -0.0303              0
        18          -0.03        -5.9644
        18        -0.0297       -25.3308
        18        -0.0294       -44.8898
        18        -0.0291        -64.661
        18        -0.0288       -84.6684
        18        -0.0285        -104.94
        18        -0.0282       -125.504
        18        -0.0279       -146.394
        18        -0.0276       -167.643
        18        -0.0273       -189.287
        18         -0.027       -211.362
        18        -0.0267       -233.908
        18        -0.0264       -256.966
        18        -0.0261       -280.581
        18        -0.0258       -304.799
        18        -0.0255       -329.668
        18        -0.0252       -355.242
        18        -0.0249       -381.574
        18        -0.0246       -408.724
        18        -0.0243       -436.753
        18         -0.024       -465.728
        18        -0.0237       -495.717
        18        -0.0234       -526.795
        18        -0.0231       -559.041
        18        -0.0228       -592.537
        18        -0.0225        -627.37
        18        -0.0222       -663.634
        18        -0.0219       -701.427
        18        -0.0216       -740.851
        18        -0.0213       -782.016
        18         -0.021       -825.034
        18        -0.0207       -870.026
        18        -0.0204       -917.116
        18        -0.0201       -966.435
        18        -0.0198       -1018.12
        18        -0.0195       -1072.31
        18        -0.0192       -1129.16
        18        -0.0189       -1188.81
        18        -0.0186       -1251.43
        18        -0.0183       -1317.18
        18         -0.018       -1386.23
        18        -0.0177       -1458.77
        18        -0.0174       -1534.96
        18        -0.0171       -1615.01
        18        -0.0168        -1699.1
        18        -0.0165       -1787.46
        18        -0.0162        -1880.3
        18        -0.0159       -1977.85
        18        -0.0156       -2080.35
        18        -0.0153       -2188.07
        18         -0.015       -2301.27
        18        -0.0147       -2420.26
        18        -0.0144       -2545.35
        18        -0.0141        -2676.9
        18        -0.0138       -2815.27
        18        -0.0135       -2960.89
        18        -0.0132       -3114.21
        18        -0.0129       -3275.74
        18        -0.0126       -3446.01
        18        -0.0123       -3625.66
        18         -0.012       -3815.37
        18        -0.0117       -4015.91
        18        -0.0114       -4228.16
        18        -0.0111       -4453.07
        18        -0.0108       -4691.78
        18        -0.0105       -4945.54
        18        -0.0102        -5215.8
        18        -0.0099       -5504.23
        18        -0.0096       -5812.76
        18        -0.0093       -6143.66
        18         -0.009       -6499.57
        18        -0.0087       -6883.65
        18        -0.0084       -7299.68
        18        -0.0081       -7752.27
        18        -0.0078       -8247.07
        18        -0.0075       -8791.16
        18        -0.0072       -9393.55
        18        -0.0069         -10066
        18        -0.0066       -10824.2
        18        -0.0063       -11689.3
        18         -0.006       -12689.2
        18        -0.0057         -13850
        18        -0.0054         -15000
        18        -0.0051         -15000
        18        -0.0048         -15000
        18        -0.0045       -14974.9
        18        -0.0042       -14771.4
        18        -0.0039       -14584.2
        18        -0.0036       -14426.8
        18        -0.0033       -14299.5
        18         -0.003       -14199.5
        18        -0.0027       -14123.3
        18        -0.0024       -14067.3
        18        -0.0021       -14027.9
        18        -0.0018       -14001.9
        18        -0.0015         -13986
        18        -0.0012       -13977.4
        18        -0.0009       -13973.6
        18        -0.0006       -13972.5
        18        -0.0003       -13972.5
        18              0       -13972.6
        18         0.0003       -13972.5
        18         0.0006       -13972.5
        18         0.0009       -13973.6
        18         0.0012       -13977.3
        18         0.0015       -13985.9
        18         0.0018       -14001.8
        18         0.0021       -14027.8
        18         0.0024       -14067.1
        18         0.0027       -14123.1
        18          0.003       -14199.3
        18         0.0033       -14299.3
        18         0.0036       -14426.6
        18         0.0039         -14584
        18         0.0042       -14771.2
        18         0.0045       -14974.7
        18         0.0048         -15000
        18         0.0051         -15000
        18         0.0054         -15000
        18         0.0057       -13851.9
        18          0.006       -12690.5
        18         0.0063       -11690.5
        18         0.0066       -10825.4
        18         0.0069       -10067.2
        18         0.0072       -9394.81
        18         0.0075       -8792.46
        18         0.0078       -8248.45
        18         0.0081       -7753.74
        18         0.0084       -7301.27
        18         0.0087       -6885.37
        18          0.009       -6501.44
        18         0.0093       -6145.71
        18         0.0096       -5815.01
        18         0.0099       -5506.69
        18         0.0102       -5218.49
        18         0.0105       -4948.48
        18         0.0108       -4694.98
        18         0.0111       -4456.55
        18         0.0114       -4231.92
        18         0.0117       -4019.98
        18          0.012       -3819.75
        18         0.0123       -3630.36
        18         0.0126       -3451.03
        18         0.0129       -3281.08
        18         0.0132       -3119.88
        18         0.0135       -2966.88
        18         0.0138       -2821.57
        18         0.0141        -2683.5
        18         0.0144       -2552.24
        18         0.0147       -2427.43
        18          0.015        -2308.7
        18         0.0153       -2195.73
        18         0.0156       -2088.23
        18         0.0159       -1985.92
        18         0.0162       -1888.53
        18         0.0165       -1795.82
        18         0.0168       -1707.56
        18         0.0171       -1623.53
        18         0.0174       -1543.52
        18         0.0177       -1467.33
        18          0.018       -1394.77
        18         0.0183       -1325.66
        18         0.0186       -1259.82
        18         0.0189       -1197.08
        18         0.0192       -1137.29
        18         0.0195       -1080.28
        18         0.0198        -1025.9
        18         0.0201       -974.009
        18         0.0204       -924.469
        18         0.0207       -877.143
        18          0.021       -831.905
        18         0.0213        -788.63
        18         0.0216       -747.202
        18         0.0219        -707.51
        18         0.0222       -669.445
        18         0.0225       -632.908
        18         0.0228       -597.801
        18         0.0231       -564.033
        18         0.0234       -531.518
        18         0.0237       -500.173
        18          0.024       -469.922
        18         0.0243        -440.69
        18         0.0246       -412.408
        18         0.0249       -385.012
        18         0.0252       -358.438
        18         0.0255        -332.63
        18         0.0258       -307.532
        18         0.0261       -283.091
        18         0.0264       -259.259
        18         0.0267        -235.99
        18          0.027       -213.238
        18         0.0273       -190.962
        18         0.0276       -169.124
        18         0.0279       -147.684
        18         0.0282       -126.607
        18         0.0285       -105.859
        18         0.0288       -85.4091
        18         0.0291       -65.2256
        18         0.0294       -45.2812
        18         0.0297       -25.5514
        18           0.03       -6.01631
        18         0.0303              0
        18         0.0306              0
        18         0.0309              0
        18         0.0312              0
        18         0.0315              0
        18         0.0318              0
        18         0.0321              0
        18         0.0324              0
        18         0.0327              0
        18          0.033              0
        18         0.0333              0
        18         0.0336              0
        18         0.0339              0
        18         0.0342              0
        18         0.0345              0
        18         0.0348              0
        18         0.0351              0
        18         0.0354              0
        18         0.0357              0
        18          0.036              0
        18         0.0363              0
        18         0.0366              0
        18         0.0369              0
        18         0.0372              0
        18         0.0375              0
        18         0.0378              0
        18         0.0381              0
        18         0.0384              0
        18         0.0387              0
        18          0.039              0
        18         0.0393              0
        18         0.0396              0
        18         0.0399              0
        18         0.0402              0
        18         0.0405              0
        18         0.0408              0
        18         0.0411              0
        18         0.0414              0
        18         0.0417              0
        18          0.042              0
        18         0.0423              0
        18         0.0426              0
        18         0.0429              0
        18         0.0432              0
        18         0.0435              0
        18         0.0438              0
        18         0.0441              0
        18         0.0444              0
        18         0.0447              0
        18          0.045              0
        18         0.0453              0
        18         0.0456              0
        18         0.0459              0
        18         0.0462              0
        18         0.0465              0
        18         0.0468              0
        18         0.0471              0
        18         0.0474              0
        18         0.0477              0
        19         -0.048              0
        19        -0.0477              0
        19        -0.0474              0
        19        -0.0471              0
        19        -0.0468              0
        19        -0.0465              0
        19        -0.0462              0
        19        -0.0459              0
        19        -0.0456              0
        19        -0.0453              0
        19         -0.045              0
        19        -0.0447              0
        19        -0.0444              0
        19        -0.0441              0
        19        -0.0438              0
        19        -0.0435              0
        19        -0.0432              0
        19        -0.0429              0
        19        -0.0426              0
        19        -0.0423              0
        19         -0.042              0
        19        -0.0417              0
        19        -0.0414              0
        19        -0.0411              0
        19        -0.0408              0
        19        -0.0405              0
        19        -0.0402              0
        19        -0.0399              0
        19        -0.0396              0
        19        -0.0393              0
        19         -0.039              0
        19        -0.0387              0
        19        -0.0384              0
        19        -0.0381              0
        19        -0.0378              0
        19        -0.0375              0
        19        -0.0372              0
        19        -0.0369              0
        19        -0.0366              0
        19        -0.0363              0
        19         -0.036              0
        19        -0.0357              0
        19        -0.0354              0
        19        -0.0351              0
        19        -0.0348              0
        19        -0.0345              0
        19        -0.0342              0
        19        -0.0339              0
        19        -0.0336              0
        19        -0.0333              0
        19         -0.033              0
        19        -0.0327              0
        19        -0.0324              0
        19        -0.0321              0
        19        -0.0318              0
        19        -0.0315              0
        19        -0.0312              0
        19        -0.0309              0
        19        -0.0306              0
        19        -0.0303              0
        19          -0.03        -5.9644
        19        -0.0297       -25.3308
        19        -0.0294       -44.8898
        19        -0.0291        -64.661
        19        -0.0288       -84.6684
        19        -0.0285        -104.94
        19        -0.0282       -125.504
        19        -0.0279       -146.394
        19        -0.0276       -167.643
        19        -0.0273       -189.287
        19         -0.027       -211.362
        19        -0.0267       -233.908
        19        -0.0264       -256.966
        19        -0.0261       -280.581
        19        -0.0258       -304.799
        19        -0.0255       -329.668
        19        -0.0252       -355.242
        19        -0.0249       -381.574
        19        -0.0246       -408.724
        19        -0.0243       -436.753
        19         -0.024       -465.728
        19        -0.0237       -495.717
        19        -0.0234       -526.795
        19        -0.0231       -559.041
        19        -0.0228       -592.537
        19        -0.0225        -627.37
        19        -0.0222       -663.634
        19        -0.0219       -701.427
        19        -0.0216       -740.851
        19        -0.0213       -782.016
        19         -0.021       -825.034
        19        -0.0207       -870.026
        19        -0.0204       -917.116
        19        -0.0201       -966.435
        19        -0.0198       -1018.12
        19        -0.0195       -1072.31
        19        -0.0192       -1129.16
        19        -0.0189       -1188.81
        19        -0.0186       -1251.43
        19        -0.0183       -1317.18
        19         -0.018       -1386.23
        19        -0.0177       -1458.77
        19        -0.0174       -1534.96
        19        -0.0171       -1615.01
        19        -0.0168        -1699.1
        19        -0.0165       -1787.46
        19        -0.0162        -1880.3
        19        -0.0159       -1977.85
        19        -0.0156       -2080.35
        19        -0.0153       -2188.07
        19         -0.015       -2301.27
        19        -0.0147       -2420.26
        19        -0.0144       -2545.35
        19        -0.0141        -2676.9
        19        -0.0138       -2815.27
        19        -0.0135       -2960.89
        19        -0.0132       -3114.21
        19        -0.0129       -3275.74
        19        -0.0126       -3446.01
        19        -0.0123       -3625.66
        19         -0.012       -3815.37
        19        -0.0117       -4015.91
        19        -0.0114       -4228.16
        19        -0.0111       -4453.07
        19        -0.0108       -4691.78
        19        -0.0105       -4945.54
        19        -0.0102        -5215.8
        19        -0.0099       -5504.23
        19        -0.0096       -5812.76
        19        -0.0093       -6143.66
        19         -0.009       -6499.57
        19        -0.0087       -6883.65
        19        -0.0084       -7299.68
        19        -0.0081       -7752.27
        19        -0.0078       -8247.07
        19        -0.0075       -8791.16
        19        -0.0072       -9393.55
        19        -0.0069         -10066
        19        -0.0066       -10824.2
        19        -0.0063       -11689.3
        19         -0.006       -12689.2
        19        -0.0057         -13850
        19        -0.0054         -15000
        19        -0.0051         -15000
        19        -0.0048         -15000
        19        -0.0045       -14974.9
        19        -0.0042       -14771.4
        19        -0.0039       -14584.2
        19        -0.0036       -14426.8
        19        -0.0033       -14299.5
        19         -0.003       -14199.5
        19        -0.0027       -14123.3
        19        -0.0024       -14067.3
        19        -0.0021       -14027.9
        19        -0.0018       -14001.9
        19        -0.0015         -13986
        19        -0.0012       -13977.4
        19        -0.0009       -13973.6
        19        -0.0006       -13972.5
        19        -0.0003       -13972.5
        19              0       -13972.6
        19         0.0003       -13972.5
        19         0.0006       -13972.5
        19         0.0009       -13973.6
        19         0.0012       -13977.3
        19         0.0015       -13985.9
        19         0.0018       -14001.8
        19         0.0021       -14027.8
        19         0.0024       -14067.1
        19         0.0027       -14123.1
        19          0.003       -14199.3
        19         0.0033       -14299.3
        19         0.0036       -14426.6
        19         0.0039         -14584
        19         0.0042       -14771.2
        19         0.0045       -14974.7
        19         0.0048         -15000
        19         0.0051         -15000
        19         0.0054         -15000
        19         0.0057       -13851.9
        19          0.006       -12690.5
        19         0.0063       -11690.5
        19         0.0066       -10825.4
        19         0.0069       -10067.2
        19         0.0072       -9394.81
        19         0.0075       -8792.46
        19         0.0078       -8248.45
        19         0.0081       -7753.74
        19         0.0084       -7301.27
        19         0.0087       -6885.37
        19          0.009       -6501.44
        19         0.0093       -6145.71
        19         0.0096       -5815.01
        19         0.0099       -5506.69
        19         0.0102       -5218.49
        19         0.0105       -4948.48
        19         0.0108       -4694.98
        19         0.0111       -4456.55
        19         0.0114       -4231.92
        19         0.0117       -4019.98
        19          0.012       -3819.75
        19         0.0123       -3630.36
        19         0.0126       -3451.03
        19         0.0129       -3281.08
        19         0.0132       -3119.88
        19         0.0135       -2966.88
        19         0.0138       -2821.57
        19         0.0141        -2683.5
        19         0.0144       -2552.24
        19         0.0147       -2427.43
        19          0.015        -2308.7
        19         0.0153       -2195.73
        19         0.0156       -2088.23
        19         0.0159       -1985.92
        19         0.0162       -1888.53
        19         0.0165       -1795.82
        19         0.0168       -1707.56
        19         0.0171       -1623.53
        19         0.0174       -1543.52
        19         0.0177       -1467.33
        19          0.018       -1394.77
        19         0.0183       -1325.66
        19         0.0186       -1259.82
        19         0.0189       -1197.08
        19         0.0192       -1137.29
        19         0.0195       -1080.28
        19         0.0198        -1025.9
        19         0.0201       -974.009
        19         0.0204       -924.469
        19         0.0207       -877.143
        19          0.021       -831.905
        19         0.0213        -788.63
        19         0.0216       -747.202
        19         0.0219        -707.51
        19         0.0222       -669.445
        19         0.0225       -632.908
        19         0.0228       -597.801
        19         0.0231       -564.033
        19         0.0234       -531.518
        19         0.0237       -500.173
        19          0.024       -469.922
        19         0.0243        -440.69
        19         0.0246       -412.408
        19         0.0249       -385.012
        19         0.0252       -358.438
        19         0.0255        -332.63
        19         0.0258       -307.532
        19         0.0261       -283.091
        19         0.0264       -259.259
        19         0.0267        -235.99
        19          0.027       -213.238
        19         0.0273       -190.962
        19         0.0276       -169.124
        19         0.0279       -147.684
        19         0.0282       -126.607
        19         0.0285       -105.859
        19         0.0288       -85.4091
        19         0.0291       -65.2256
        19         0.0294       -45.2812
        19         0.0297       -25.5514
        19           0.03       -6.01631
        19         0.0303              0
        19         0.0306              0
        19         0.0309              0
        19         0.0312              0
        19         0.0315              0
        19         0.0318              0
        19         0.0321              0
        19         0.0324              0
        19         0.0327              0
        19          0.033              0
        19         0.0333              0
        19         0.0336              0
        19         0.0339              0
        19         0.0342              0
        19         0.0345              0
        19         0.0348              0
        19         0.0351              0
        19         0.0354              0
        19         0.0357              0
        19          0.036              0
        19         0.0363              0
        19         0.0366              0
        19         0.0369              0
        19         0.0372              0
        19         0.0375              0
        19         0.0378              0
        19         0.0381              0
        19         0.0384              0
        19         0.0387              0
        19          0.039              0
        19         0.0393              0
        19         0.0396              0
        19         0.0399              0
        19         0.0402              0
        19         0.0405              0
        19         0.0408              0
        19         0.0411              0
        19         0.0414              0
        19         0.0417              0
        19          0.042              0
        19         0.0423              0
        19         0.0426              0
        19         0.0429              0
        19         0.0432              0
        19         0.0435              0
        19         0.0438              0
        19         0.0441              0
        19         0.0444              0
        19         0.0447              0
        19          0.045              0
        19         0.0453              0
        19         0.0456              0
        19         0.0459              0
        19         0.0462              0
        19         0.0465              0
        19         0.0468              0
        19         0.0471              0
        19         0.0474              0
        19         0.0477              0
        20         -0.048              0
        20        -0.0477              0
        20        -0.0474              0
        20        -0.0471              0
        20        -0.0468              0
        20        -0.0465              0
        20        -0.0462              0
        20        -0.0459              0
        20        -0.0456              0
        20        -0.0453              0
        20         -0.045              0
        20        -0.0447              0
        20        -0.0444              0
        20        -0.0441              0
        20        -0.0438              0
        20        -0.0435              0
        20        -0.0432              0
        20        -0.0429              0
        20        -0.0426              0
        20        -0.0423              0
        20         -0.042              0
        20        -0.0417              0
        20        -0.0414              0
        20        -0.0411              0
        20        -0.0408              0
        20        -0.0405              0
        20        -0.0402              0
        20        -0.0399              0
        20        -0.0396              0
        20        -0.0393              0
        20         -0.039              0
        20        -0.0387              0
        20        -0.0384              0
        20        -0.0381              0
        20        -0.0378              0
        20        -0.0375              0
        20        -0.0372              0
        20        -0.0369              0
        20        -0.0366              0
        20        -0.0363              0
        20         -0.036              0
        20        -0.0357              0
        20        -0.0354              0
        20        -0.0351              0
        20        -0.0348              0
        20        -0.0345              0
        20        -0.0342              0
        20        -0.0339              0
        20        -0.0336              0
        20        -0.0333              0
        20         -0.033              0
        20        -0.0327              0
        20        -0.0324              0
        20        -0.0321              0
        20        -0.0318              0
        20        -0.0315              0
        20        -0.0312              0
        20        -0.0309              0
        20        -0.0306              0
        20        -0.0303              0
        20          -0.03        -5.9644
        20        -0.0297       -25.3308
        20        -0.0294       -44.8898
        20        -0.0291        -64.661
        20        -0.0288       -84.6684
        20        -0.0285        -104.94
        20        -0.0282       -125.504
        20        -0.0279       -146.394
        20        -0.0276       -167.643
        20        -0.0273       -189.287
        20         -0.027       -211.362
        20        -0.0267       -233.908
        20        -0.0264       -256.966
        20        -0.0261       -280.581
        20        -0.0258       -304.799
        20        -0.0255       -329.668
        20        -0.0252       -355.242
        20        -0.0249       -381.574
        20        -0.0246       -408.724
        20        -0.0243       -436.753
        20         -0.024       -465.728
        20        -0.0237       -495.717
        20        -0.0234       -526.795
        20        -0.0231       -559.041
        20        -0.0228       -592.537
        20        -0.0225        -627.37
        20        -0.0222       -663.634
        20        -0.0219       -701.427
        20        -0.0216       -740.851
        20        -0.0213       -782.016
        20         -0.021       -825.034
        20        -0.0207       -870.026
        20        -0.0204       -917.116
        20        -0.0201       -966.435
        20        -0.0198       -1018.12
        20        -0.0195       -1072.31
        20        -0.0192       -1129.16
        20        -0.0189       -1188.81
        20        -0.0186       -1251.43
        20        -0.0183       -1317.18
        20         -0.018       -1386.23
        20        -0.0177       -1458.77
        20        -0.0174       -1534.96
        20        -0.0171       -1615.01
        20        -0.0168        -1699.1
        20        -0.0165       -1787.46
        20        -0.0162        -1880.3
        20        -0.0159       -1977.85
        20        -0.0156       -2080.35
        20        -0.0153       -2188.07
        20         -0.015       -2301.27
        20        -0.0147       -2420.26
        20        -0.0144       -2545.35
        20        -0.0141        -2676.9
        20        -0.0138       -2815.27
        20        -0.0135       -2960.89
        20        -0.0132       -3114.21
        20        -0.0129       -3275.74
        20        -0.0126       -3446.01
        20        -0.0123       -3625.66
        20         -0.012       -3815.37
        20        -0.0117       -4015.91
        20        -0.0114       -4228.16
        20        -0.0111       -4453.07
        20        -0.0108       -4691.78
        20        -0.0105       -4945.54
        20        -0.0102        -5215.8
        20        -0.0099       -5504.23
        20        -0.0096       -5812.76
        20        -0.0093       -6143.66
        20         -0.009       -6499.57
        20        -0.0087       -6883.65
        20        -0.0084       -7299.68
        20        -0.0081       -7752.27
        20        -0.0078       -8247.07
        20        -0.0075       -8791.16
        20        -0.0072       -9393.55
        20        -0.0069         -10066
        20        -0.0066       -10824.2
        20        -0.0063       -11689.3
        20         -0.006       -12689.2
        20        -0.0057         -13850
        20        -0.0054         -15000
        20        -0.0051         -15000
        20        -0.0048         -15000
        20        -0.0045       -14974.9
        20        -0.0042       -14771.4
        20        -0.0039       -14584.2
        20        -0.0036       -14426.8
        20        -0.0033       -14299.5
        20         -0.003       -14199.5
        20        -0.0027       -14123.3
        20        -0.0024       -14067.3
        20        -0.0021       -14027.9
        20        -0.0018       -14001.9
        20        -0.0015         -13986
        20        -0.0012       -13977.4
        20        -0.0009       -13973.6
        20        -0.0006       -13972.5
        20        -0.0003       -13972.5
        20              0       -13972.6
        20         0.0003       -13972.5
        20         0.0006       -13972.5
        20         0.0009       -13973.6
        20         0.0012       -13977.3
        20         0.0015       -13985.9
        20         0.0018       -14001.8
        20         0.0021       -14027.8
        20         0.0024       -14067.1
        20         0.0027       -14123.1
        20          0.003       -14199.3
        20         0.0033       -14299.3
        20         0.0036       -14426.6
        20         0.0039         -14584
        20         0.0042       -14771.2
        20         0.0045       -14974.7
        20         0.0048         -15000
        20         0.0051         -15000
        20         0.0054         -15000
        20         0.0057       -13851.9
        20          0.006       -12690.5
        20         0.0063       -11690.5
        20         0.0066       -10825.4
        20         0.0069       -10067.2
        20         0.0072       -9394.81
        20         0.0075       -8792.46
        20         0.0078       -8248.45
        20         0.0081       -7753.74
        20         0.0084       -7301.27
        20         0.0087       -6885.37
        20          0.009       -6501.44
        20         0.0093       -6145.71
        20         0.0096       -5815.01
        20         0.0099       -5506.69
        20         0.0102       -5218.49
        20         0.0105       -4948.48
        20         0.0108       -4694.98
        20         0.0111       -4456.55
        20         0.0114       -4231.92
        20         0.0117       -4019.98
        20          0.012       -3819.75
        20         0.0123       -3630.36
        20         0.0126       -3451.03
        20         0.0129       -3281.08
        20         0.0132       -3119.88
        20         0.0135       -2966.88
        20         0.0138       -2821.57
        20         0.0141        -2683.5
        20         0.0144       -2552.24
        20         0.0147       -2427.43
        20          0.015        -2308.7
        20         0.0153       -2195.73
        20         0.0156       -2088.23
        20         0.0159       -1985.92
        20         0.0162       -1888.53
        20         0.0165       -1795.82
        20         0.0168       -1707.56
        20         0.0171       -1623.53
        20         0.0174       -1543.52
        20         0.0177       -1467.33
        20          0.018       -1394.77
        20         0.0183       -1325.66
        20         0.0186       -1259.82
        20         0.0189       -1197.08
        20         0.0192       -1137.29
        20         0.0195       -1080.28
        20         0.0198        -1025.9
        20         0.0201       -974.009
        20         0.0204       -924.469
        20         0.0207       -877.143
        20          0.021       -831.905
        20         0.0213        -788.63
        20         0.0216       -747.202
        20         0.0219        -707.51
        20         0.0222       -669.445
        20         0.0225       -632.908
        20         0.0228       -597.801
        20         0.0231       -564.033
        20         0.0234       -531.518
        20         0.0237       -500.173
        20          0.024       -469.922
        20         0.0243        -440.69
        20         0.0246       -412.408
        20         0.0249       -385.012
        20         0.0252       -358.438
        20         0.0255        -332.63
        20         0.0258       -307.532
        20         0.0261       -283.091
        20         0.0264       -259.259
        20         0.0267        -235.99
        20          0.027       -213.238
        20         0.0273       -190.962
        20         0.0276       -169.124
        20         0.0279       -147.684
        20         0.0282       -126.607
        20         0.0285       -105.859
        20         0.0288       -85.4091
        20         0.0291       -65.2256
        20         0.0294       -45.2812
        20         0.0297       -25.5514
        20           0.03       -6.01631
        20         0.0303              0
        20         0.0306              0
        20         0.0309              0
        20         0.0312              0
        20         0.0315              0
        20         0.0318              0
        20         0.0321              0
        20         0.0324              0
        20         0.0327              0
        20          0.033              0
        20         0.0333              0
        20         0.0336              0
        20         0.0339              0
        20         0.0342              0
        20         0.0345              0
        20         0.0348              0
        20         0.0351              0
        20         0.0354              0
        20         0.0357              0
        20          0.036              0
        20         0.0363              0
        20         0.0366              0
        20         0.0369              0
        20         0.0372              0
        20         0.0375              0
        20         0.0378              0
        20         0.0381              0
        20         0.0384              0
        20         0.0387              0
        20          0.039              0
        20         0.0393              0
        20         0.0396              0
        20         0.0399              0
        20         0.0402              0
        20         0.0405              0
        20         0.0408              0
        20         0.0411              0
        20         0.0414              0
        20         0.0417              0
        20          0.042              0
        20         0.0423              0
        20         0.0426              0
        20         0.0429              0
        20         0.0432              0
        20         0.0435              0
        20         0.0438              0
        20         0.0441              0
        20         0.0444              0
        20         0.0447              0
        20          0.045              0
        20         0.0453              0
        20         0.0456              0
        20         0.0459              0
        20         0.0462              0
        20         0.0465              0
        20         0.0468              0
        20         0.0471              0
        20         0.0474              0
        20         0.0477              0
        21         -0.048              0
        21        -0.0477              0
        21        -0.0474              0
        21        -0.0471              0
        21        -0.0468              0
        21        -0.0465              0
        21        -0.0462              0
        21        -0.0459              0
        21        -0.0456              0
        21        -0.0453              0
        21         -0.045              0
        21        -0.0447              0
        21        -0.0444              0
        21        -0.0441              0
        21        -0.0438              0
        21        -0.0435              0
        21        -0.0432              0
        21        -0.0429              0
        21        -0.0426              0
        21        -0.0423              0
        21         -0.042              0
        21        -0.0417              0
        21        -0.0414              0
        21        -0.0411              0
        21        -0.0408              0
        21        -0.0405              0
        21        -0.0402              0
        21        -0.0399              0
        21        -0.0396              0
        21        -0.0393              0
        21         -0.039              0
        21        -0.0387              0
        21        -0.0384              0
        21        -0.0381              0
        21        -0.0378              0
        21        -0.0375              0
        21        -0.0372              0
        21        -0.0369              0
        21        -0.0366              0
        21        -0.0363              0
        21         -0.036              0
        21        -0.0357              0
        21        -0.0354              0
        21        -0.0351              0
        21        -0.0348              0
        21        -0.0345              0
        21        -0.0342              0
        21        -0.0339              0
        21        -0.0336              0
        21        -0.0333              0
        21         -0.033              0
        21        -0.0327              0
        21        -0.0324              0
        21        -0.0321              0
        21        -0.0318              0
        21        -0.0315              0
        21        -0.0312              0
        21        -0.0309              0
        21        -0.0306              0
        21        -0.0303              0
        21          -0.03        -5.9644
        21        -0.0297       -25.3308
        21        -0.0294       -44.8898
        21        -0.0291        -64.661
        21        -0.0288       -84.6684
        21        -0.0285        -104.94
        21        -0.0282       -125.504
        21        -0.0279       -146.394
        21        -0.0276       -167.643
        21        -0.0273       -189.287
        21         -0.027       -211.362
        21        -0.0267       -233.908
        21        -0.0264       -256.966
        21        -0.0261       -280.581
        21        -0.0258       -304.799
        21        -0.0255       -329.668
        21        -0.0252       -355.242
        21        -0.0249       -381.574
        21        -0.0246       -408.724
        21        -0.0243       -436.753
        21         -0.024       -465.728
        21        -0.0237       -495.717
        21        -0.0234       -526.795
        21        -0.0231       -559.041
        21        -0.0228       -592.537
        21        -0.0225        -627.37
        21        -0.0222       -663.634
        21        -0.0219       -701.427
        21        -0.0216       -740.851
        21        -0.0213       -782.016
        21         -0.021       -825.034
        21        -0.0207       -870.026
        21        -0.0204       -917.116
        21        -0.0201       -966.435
        21        -0.0198       -1018.12
        21        -0.0195       -1072.31
        21        -0.0192       -1129.16
        21        -0.0189       -1188.81
        21        -0.0186       -1251.43
        21        -0.0183       -1317.18
        21         -0.018       -1386.23
        21        -0.0177       -1458.77
        21        -0.0174       -1534.96
        21        -0.0171       -1615.01
        21        -0.0168        -1699.1
        21        -0.0165       -1787.46
        21        -0.0162        -1880.3
        21        -0.0159       -1977.85
        21        -0.0156       -2080.35
        21        -0.0153       -2188.07
        21         -0.015       -2301.27
        21        -0.0147       -2420.26
        21        -0.0144       -2545.35
        21        -0.0141        -2676.9
        21        -0.0138       -2815.27
        21        -0.0135       -2960.89
        21        -0.0132       -3114.21
        21        -0.0129       -3275.74
        21        -0.0126       -3446.01
        21        -0.0123       -3625.66
        21         -0.012       -3815.37
        21        -0.0117       -4015.91
        21        -0.0114       -4228.16
        21        -0.0111       -4453.07
        21        -0.0108       -4691.78
        21        -0.0105       -4945.54
        21        -0.0102        -5215.8
        21        -0.0099       -5504.23
        21        -0.0096       -5812.76
        21        -0.0093       -6143.66
        21         -0.009       -6499.57
        21        -0.0087       -6883.65
        21        -0.0084       -7299.68
        21        -0.0081       -7752.27
        21        -0.0078       -8247.07
        21        -0.0075       -8791.16
        21        -0.0072       -9393.55
        21        -0.0069         -10066
        21        -0.0066       -10824.2
        21        -0.0063       -11689.3
        21         -0.006       -12689.2
        21        -0.0057         -13850
        21        -0.0054         -15000
        21        -0.0051         -15000
        21        -0.0048         -15000
        21        -0.0045       -14974.9
        21        -0.0042       -14771.4
        21        -0.0039       -14584.2
        21        -0.0036       -14426.8
        21        -0.0033       -14299.5
        21         -0.003       -14199.5
        21        -0.0027       -14123.3
        21        -0.0024       -14067.3
        21        -0.0021       -14027.9
        21        -0.0018       -14001.9
        21        -0.0015         -13986
        21        -0.0012       -13977.4
        21        -0.0009       -13973.6
        21        -0.0006       -13972.5
        21        -0.0003       -13972.5
        21              0       -13972.6
        21         0.0003       -13972.5
        21         0.0006       -13972.5
        21         0.0009       -13973.6
        21         0.0012       -13977.3
        21         0.0015       -13985.9
        21         0.0018       -14001.8
        21         0.0021       -14027.8
        21         0.0024       -14067.1
        21         0.0027       -14123.1
        21          0.003       -14199.3
        21         0.0033       -14299.3
        21         0.0036       -14426.6
        21         0.0039         -14584
        21         0.0042       -14771.2
        21         0.0045       -14974.7
        21         0.0048         -15000
        21         0.0051         -15000
        21         0.0054         -15000
        21         0.0057       -13851.9
        21          0.006       -12690.5
        21         0.0063       -11690.5
        21         0.0066       -10825.4
        21         0.0069       -10067.2
        21         0.0072       -9394.81
        21         0.0075       -8792.46
        21         0.0078       -8248.45
        21         0.0081       -7753.74
        21         0.0084       -7301.27
        21         0.0087       -6885.37
        21          0.009       -6501.44
        21         0.0093       -6145.71
        21         0.0096       -5815.01
        21         0.0099       -5506.69
        21         0.0102       -5218.49
        21         0.0105       -4948.48
        21         0.0108       -4694.98
        21         0.0111       -4456.55
        21         0.0114       -4231.92