# iteration    r (m)    potential (V)
         1        -0.0315              0
         1        -0.0312              0
         1        -0.0309              0
         1        -0.0306              0
         1        -0.0303              0
         1          -0.03              0
         1        -0.0297       -5.92759
         1        -0.0294       -18.1336
         1        -0.0291       -30.4916
         1        -0.0288       -42.9593
         1        -0.0285       -55.5162
         1        -0.0282       -68.1463
         1        -0.0279       -80.8333
         1        -0.0276       -93.5593
         1        -0.0273       -106.304
         1         -0.027       -119.042
         1        -0.0267       -131.746
         1        -0.0264       -144.384
         1        -0.0261       -156.915
         1        -0.0258       -169.292
         1        -0.0255        -181.46
         1        -0.0252       -193.351
         1        -0.0249       -204.882
         1        -0.0246       -215.954
         1        -0.0243       -226.441
         1         -0.024       -236.192
         1        -0.0237       -245.015
         1        -0.0234        -252.67
         1        -0.0231       -258.851
         1        -0.0228       -263.159
         1        -0.0225       -265.073
         1        -0.0222       -263.891
         1        -0.0219       -258.645
         1        -0.0216       -247.959
         1        -0.0213       -229.796
         1         -0.021       -200.988
         1        -0.0207       -156.283
         1        -0.0204       -86.2546
         1        -0.0201              0
         1        -0.0198              0
         1        -0.0195              0
         1        -0.0192       -27.4392
         1        -0.0189       -273.719
         1        -0.0186       -463.656
         1        -0.0183       -624.274
         1         -0.018       -768.096
         1        -0.0177       -901.755
         1        -0.0174       -1029.17
         1        -0.0171       -1152.85
         1        -0.0168       -1274.56
         1        -0.0165       -1395.57
         1        -0.0162       -1516.87
         1        -0.0159       -1639.29
         1        -0.0156        -1763.5
         1        -0.0153       -1890.11
         1         -0.015       -2019.68
         1        -0.0147       -2152.74
         1        -0.0144       -2289.79
         1        -0.0141       -2431.33
         1        -0.0138       -2577.88
         1        -0.0135       -2729.96
         1        -0.0132       -2888.11
         1        -0.0129        -3052.9
         1        -0.0126       -3224.96
         1        -0.0123       -3404.95
         1         -0.012       -3593.57
         1        -0.0117       -3791.62
         1        -0.0114       -3999.96
         1        -0.0111       -4219.55
         1        -0.0108       -4451.45
         1        -0.0105       -4696.86
         1        -0.0102       -4957.14
         1        -0.0099       -5233.82
         1        -0.0096       -5528.68
         1        -0.0093       -5843.75
         1         -0.009       -6181.42
         1        -0.0087       -6544.46
         1        -0.0084       -6936.19
         1        -0.0081       -7360.59
         1        -0.0078        -7822.5
         1        -0.0075       -8327.89
         1        -0.0072       -8884.24
         1        -0.0069       -9501.21
         1        -0.0066       -10191.5
         1        -0.0063       -10972.3
         1         -0.006       -11868.3
         1        -0.0057       -12917.4
         1        -0.0054       -14187.5
         1        -0.0051         -15000
         1        -0.0048         -15000
         1        -0.0045         -15000
         1        -0.0042       -14966.8
         1        -0.0039       -14748.3
         1        -0.0036         -14562
         1        -0.0033         -14408
         1         -0.003       -14284.1
         1        -0.0027       -14187.3
         1        -0.0024       -14113.9
         1        -0.0021       -14060.1
         1        -0.0018       -14022.5
         1        -0.0015       -13997.8
         1        -0.0012       -13982.9
         1        -0.0009       -13974.9
         1        -0.0006       -13971.5
         1        -0.0003       -13970.5
         1              0       -13970.4
         1         0.0003       -13970.6
         1         0.0006       -13970.6
         1         0.0009       -13970.9
         1         0.0012       -13972.7
         1         0.0015       -13977.5
         1         0.0018       -13987.6
         1         0.0021       -14005.5
         1         0.0024       -14034.2
         1         0.0027       -14076.8
         1          0.003       -14136.7
         1         0.0033       -14217.4
         1         0.0036       -14322.7
         1         0.0039         -14456
         1         0.0042       -14620.2
         1         0.0045       -14816.7
         1         0.0048         -15000
         1         0.0051         -15000
         1         0.0054         -15000
         1         0.0057         -15000
         1          0.006       -13745.8
         1         0.0063         -12560
         1         0.0066       -11567.5
         1         0.0069       -10714.1
         1         0.0072       -9966.94
         1         0.0075       -9304.13
         1         0.0078       -8710.04
         1         0.0081       -8173.08
         1         0.0084       -7684.37
         1         0.0087       -7236.99
         1          0.009       -6825.36
         1         0.0093       -6444.96
         1         0.0096       -6092.06
         1         0.0099       -5763.53
         1         0.0102       -5456.74
         1         0.0105       -5169.42
         1         0.0108       -4899.64
         1         0.0111        -4645.7
         1         0.0114       -4406.15
         1         0.0117       -4179.66
         1          0.012       -3965.09
         1         0.0123       -3761.41
         1         0.0126       -3567.69
         1         0.0129       -3383.09
         1         0.0132       -3206.85
         1         0.0135       -3038.26
         1         0.0138       -2876.67
         1         0.0141       -2721.49
         1         0.0144       -2572.12
         1         0.0147       -2428.03
         1          0.015       -2288.68
         1         0.0153       -2153.56
         1         0.0156       -2022.14
         1         0.0159       -1893.89
         1         0.0162       -1768.26
         1         0.0165       -1644.63
         1         0.0168       -1522.34
         1         0.0171       -1400.62
         1         0.0174       -1278.54
         1         0.0177       -1154.93
         1          0.018       -1028.27
         1         0.0183       -896.431
         1         0.0186       -756.288
         1         0.0189       -602.862
         1         0.0192       -427.492
         1         0.0195       -213.291
         1         0.0198              0
         1         0.0201              0
         1         0.0204              0
         1         0.0207       -20.5498
         1          0.021       -143.793
         1         0.0213       -223.716
         1         0.0216       -278.192
         1         0.0219       -316.422
         1         0.0222       -343.613
         1         0.0225       -362.953
         1         0.0228       -376.515
         1         0.0231       -385.717
         1         0.0234       -391.563
         1         0.0237        -394.79
         1          0.024       -395.949
         1         0.0243       -395.462
         1         0.0246       -393.659
         1         0.0249       -390.798
         1         0.0252       -387.086
         1         0.0255       -382.692
         1         0.0258       -377.749
         1         0.0261       -372.371
         1         0.0264       -366.648
         1         0.0267       -360.658
         1          0.027       -354.462
         1         0.0273       -348.115
         1         0.0276       -341.661
         1         0.0279       -335.137
         1         0.0282       -328.575
         1         0.0285       -322.002
         1         0.0288        -315.44
         1         0.0291       -308.909
         1         0.0294       -302.425
         1         0.0297       -296.001
         1           0.03       -289.649
         1         0.0303       -283.378
         1         0.0306       -277.196
         1         0.0309        -271.11
         1         0.0312       -265.124
         1         0.0315       -259.245
         1         0.0318       -253.475
         1         0.0321       -247.817
         1         0.0324       -242.276
         1         0.0327       -236.851
         1          0.033       -231.546
         1         0.0333       -226.362
         1         0.0336       -221.298
         1         0.0339       -216.356
         1         0.0342       -211.536
         1         0.0345       -206.837
         1         0.0348        -202.26
         1         0.0351       -197.803
         1         0.0354       -193.466
         1         0.0357       -189.248
         1          0.036        -185.15
         1         0.0363       -181.169
         1         0.0366       -177.306
         1         0.0369        -173.56
         1         0.0372        -169.93
         1         0.0375       -166.415
         1         0.0378       -163.016
         1         0.0381        -159.73
         1         0.0384       -156.556
         1         0.0387       -153.494
         1          0.039       -150.542
         1         0.0393         -147.7
         1         0.0396       -144.965
         1         0.0399       -142.338
         1         0.0402       -139.817
         1         0.0405       -137.402
         1         0.0408       -135.091
         1         0.0411       -132.886
         1         0.0414       -130.784
         1         0.0417       -128.785
         1          0.042       -126.888
         1         0.0423       -125.094
         1         0.0426         -123.4
         1         0.0429       -121.806
         1         0.0432       -120.312
         1         0.0435       -118.916
         1         0.0438       -117.618
         1         0.0441       -116.418
         1         0.0444       -115.314
         1         0.0447       -114.308
         1          0.045       -113.399
         1         0.0453       -112.586
         1         0.0456        -111.87
         1         0.0459        -111.25
         1         0.0462       -110.726
         1         0.0465       -110.298
         1         0.0468       -109.966
         1         0.0471       -109.729
         1         0.0474       -109.587
         1         0.0477       -109.539
         2        -0.0315              0
         2        -0.0312              0
         2        -0.0309              0
         2        -0.0306              0
         2        -0.0303              0
         2          -0.03              0
         2        -0.0297       -5.92298
         2        -0.0294       -18.1194
         2        -0.0291       -30.4672
         2        -0.0288       -42.9242
         2        -0.0285       -55.4697
         2        -0.0282       -68.0877
         2        -0.0279       -80.7624
         2        -0.0276        -93.476
         2        -0.0273       -106.208
         2         -0.027       -118.936
         2        -0.0267        -131.63
         2        -0.0264       -144.258
         2        -0.0261       -156.781
         2        -0.0258       -169.152
         2        -0.0255       -181.313
         2        -0.0252       -193.198
         2        -0.0249       -204.724
         2        -0.0246        -215.79
         2        -0.0243       -226.272
         2         -0.024       -236.019
         2        -0.0237       -244.838
         2        -0.0234       -252.491
         2        -0.0231       -258.671
         2        -0.0228       -262.981
         2        -0.0225       -264.899
         2        -0.0222       -263.724
         2        -0.0219       -258.489
         2        -0.0216       -247.817
         2        -0.0213       -229.671
         2         -0.021       -200.884
         2        -0.0207       -156.208
         2        -0.0204       -86.2156
         2        -0.0201              0
         2        -0.0198              0
         2        -0.0195              0
         2        -0.0192       -27.4394
         2        -0.0189       -273.725
         2        -0.0186       -463.676
         2        -0.0183       -624.319
         2         -0.018       -768.178
         2        -0.0177       -901.889
         2        -0.0174       -1029.37
         2        -0.0171       -1153.14
         2        -0.0168       -1274.95
         2        -0.0165       -1396.08
         2        -0.0162       -1517.53
         2        -0.0159       -1640.11
         2        -0.0156       -1764.52
         2        -0.0153       -1891.35
         2         -0.015       -2021.16
         2        -0.0147       -2154.49
         2        -0.0144       -2291.84
         2        -0.0141        -2433.7
         2        -0.0138       -2580.59
         2        -0.0135       -2733.02
         2        -0.0132       -2891.55
         2        -0.0129       -3056.73
         2        -0.0126       -3229.19
         2        -0.0123       -3409.57
         2         -0.012       -3598.59
         2        -0.0117       -3797.02
         2        -0.0114       -4005.72
         2        -0.0111       -4225.66
         2        -0.0108       -4457.87
         2        -0.0105       -4703.57
         2        -0.0102        -4964.1
         2        -0.0099          -5241
         2        -0.0096       -5536.02
         2        -0.0093       -5851.21
         2         -0.009       -6188.94
         2        -0.0087       -6551.99
         2        -0.0084       -6943.66
         2        -0.0081       -7367.94
         2        -0.0078       -7829.64
         2        -0.0075       -8334.74
         2        -0.0072       -8890.71
         2        -0.0069       -9507.18
         2        -0.0066       -10196.8
         2        -0.0063       -10976.9
         2         -0.006         -11872
         2        -0.0057       -12919.9
         2        -0.0054       -14188.5
         2        -0.0051         -15000
         2        -0.0048         -15000
         2        -0.0045         -15000
         2        -0.0042       -14966.8
         2        -0.0039       -14748.8
         2        -0.0036       -14562.9
         2        -0.0033       -14409.1
         2         -0.003       -14285.5
         2        -0.0027       -14188.9
         2        -0.0024       -14115.5
         2        -0.0021       -14061.8
         2        -0.0018       -14024.2
         2        -0.0015       -13999.5
         2        -0.0012       -13984.5
         2        -0.0009       -13976.5
         2        -0.0006         -13973
         2        -0.0003         -13972
         2              0       -13971.9
         2         0.0003         -13972
         2         0.0006       -13972.1
         2         0.0009       -13972.4
         2         0.0012       -13974.2
         2         0.0015       -13979.1
         2         0.0018       -13989.2
         2         0.0021       -14007.2
         2         0.0024       -14035.9
         2         0.0027       -14078.5
         2          0.003       -14138.3
         2         0.0033       -14218.9
         2         0.0036         -14324
         2         0.0039       -14457.1
         2         0.0042         -14621
         2         0.0045       -14817.1
         2         0.0048         -15000
         2         0.0051         -15000
         2         0.0054         -15000
         2         0.0057         -15000
         2          0.006       -13747.3
         2         0.0063         -12563
         2         0.0066       -11571.7
         2         0.0069       -10719.2
         2         0.0072       -9972.79
         2         0.0075       -9310.61
         2         0.0078       -8717.03
         2         0.0081       -8180.47
         2         0.0084       -7692.09
         2         0.0087       -7244.94
         2          0.009       -6833.49
         2         0.0093        -6453.2
         2         0.0096       -6100.35
         2         0.0099       -5771.82
         2         0.0102       -5464.97
         2         0.0105       -5177.56
         2         0.0108       -4907.64
         2         0.0111       -4653.54
         2         0.0114       -4413.77
         2         0.0117       -4187.05
         2          0.012       -3972.22
         2         0.0123       -3768.26
         2         0.0126       -3574.25
         2         0.0129       -3389.35
         2         0.0132       -3212.81
         2         0.0135       -3043.91
         2         0.0138       -2882.03
         2         0.0141       -2726.55
         2         0.0144        -2576.9
         2         0.0147       -2432.54
         2          0.015       -2292.95
         2         0.0153       -2157.59
         2         0.0156       -2025.96
         2         0.0159       -1897.51
         2         0.0162       -1771.69
         2         0.0165        -1647.9
         2         0.0168       -1525.45
         2         0.0171       -1403.57
         2         0.0174       -1281.33
         2         0.0177       -1157.56
         2          0.018       -1030.72
         2         0.0183       -898.677
         2         0.0186       -758.288
         2         0.0189       -604.547
         2         0.0192       -428.757
         2         0.0195       -213.959
         2         0.0198              0
         2         0.0201              0
         2         0.0204              0
         2         0.0207       -20.7932
         2          0.021       -145.588
         2         0.0213       -226.667
         2         0.0216       -282.078
         2         0.0219       -321.108
         2         0.0222       -349.008
         2         0.0225       -368.993
         2         0.0228       -383.151
         2         0.0231       -392.913
         2         0.0234       -399.291
         2         0.0237       -403.025
         2          0.024       -404.673
         2         0.0243       -404.659
         2         0.0246       -403.315
         2         0.0249       -400.902
         2         0.0252       -397.628
         2         0.0255       -393.661
         2         0.0258        -389.14
         2         0.0261       -384.176
         2         0.0264       -378.861
         2         0.0267       -373.273
         2          0.027       -367.475
         2         0.0273       -361.522
         2         0.0276       -355.457
         2         0.0279        -349.32
         2         0.0282        -343.14
         2         0.0285       -336.946
         2         0.0288        -330.76
         2         0.0291       -324.602
         2         0.0294       -318.486
         2         0.0297       -312.428
         2           0.03       -306.438
         2         0.0303       -300.526
         2         0.0306         -294.7
         2         0.0309       -288.967
         2         0.0312       -283.333
         2         0.0315       -277.801
         2         0.0318       -272.377
         2         0.0321       -267.062
         2         0.0324       -261.859
         2         0.0327       -256.771
         2          0.033       -251.798
         2         0.0333       -246.941
         2         0.0336       -242.201
         2         0.0339       -237.578
         2         0.0342       -233.073
         2         0.0345       -228.685
         2         0.0348       -224.414
         2         0.0351       -220.259
         2         0.0354        -216.22
         2         0.0357       -212.297
         2          0.036       -208.487
         2         0.0363       -204.791
         2         0.0366       -201.207
         2         0.0369       -197.735
         2         0.0372       -194.373
         2         0.0375       -191.121
         2         0.0378       -187.977
         2         0.0381       -184.941
         2         0.0384        -182.01
         2         0.0387       -179.185
         2          0.039       -176.464
         2         0.0393       -173.845
         2         0.0396       -171.329
         2         0.0399       -168.914
         2         0.0402       -166.599
         2         0.0405       -164.382
         2         0.0408       -162.264
         2         0.0411       -160.243
         2         0.0414       -158.318
         2         0.0417       -156.489
         2          0.042       -154.754
         2         0.0423       -153.113
         2         0.0426       -151.565
         2         0.0429       -150.109
         2         0.0432       -148.745
         2         0.0435       -147.472
         2         0.0438       -146.289
         2         0.0441       -145.197
         2         0.0444       -144.193
         2         0.0447       -143.279
         2          0.045       -142.452
         2         0.0453       -141.714
         2         0.0456       -141.064
         2         0.0459       -140.501
         2         0.0462       -140.025
         2         0.0465       -139.636
         2         0.0468       -139.333
         2         0.0471       -139.117
         2         0.0474       -138.988
         2         0.0477       -138.945
         3        -0.0315              0
         3        -0.0312              0
         3        -0.0309              0
         3        -0.0306              0
         3        -0.0303              0
         3          -0.03              0
         3        -0.0297       -5.92305
         3        -0.0294       -18.1196
         3        -0.0291       -30.4676
         3        -0.0288       -42.9247
         3        -0.0285       -55.4703
         3        -0.0282       -68.0885
         3        -0.0279       -80.7633
         3        -0.0276       -93.4771
         3        -0.0273        -106.21
         3         -0.027       -118.937
         3        -0.0267       -131.631
         3        -0.0264        -144.26
         3        -0.0261       -156.783
         3        -0.0258       -169.154
         3        -0.0255       -181.316
         3        -0.0252       -193.201
         3        -0.0249       -204.727
         3        -0.0246       -215.793
         3        -0.0243       -226.276
         3         -0.024       -236.023
         3        -0.0237       -244.843
         3        -0.0234       -252.497
         3        -0.0231       -258.677
         3        -0.0228       -262.988
         3        -0.0225       -264.907
         3        -0.0222       -263.734
         3        -0.0219       -258.499
         3        -0.0216       -247.828
         3        -0.0213       -229.684
         3         -0.021       -200.897
         3        -0.0207       -156.219
         3        -0.0204       -86.2224
         3        -0.0201              0
         3        -0.0198              0
         3        -0.0195              0
         3        -0.0192       -27.4461
         3        -0.0189       -273.792
         3        -0.0186       -463.793
         3        -0.0183        -624.48
         3         -0.018        -768.38
         3        -0.0177       -902.131
         3        -0.0174       -1029.65
         3        -0.0171       -1153.46
         3        -0.0168        -1275.3
         3        -0.0165       -1396.47
         3        -0.0162       -1517.95
         3        -0.0159       -1640.56
         3        -0.0156       -1764.98
         3        -0.0153       -1891.82
         3         -0.015       -2021.64
         3        -0.0147       -2154.97
         3        -0.0144        -2292.3
         3        -0.0141       -2434.14
         3        -0.0138       -2580.99
         3        -0.0135       -2733.38
         3        -0.0132       -2891.86
         3        -0.0129       -3056.98
         3        -0.0126       -3229.37
         3        -0.0123       -3409.68
         3         -0.012       -3598.63
         3        -0.0117       -3796.99
         3        -0.0114       -4005.62
         3        -0.0111       -4225.49
         3        -0.0108       -4457.64
         3        -0.0105       -4703.29
         3        -0.0102       -4963.77
         3        -0.0099       -5240.63
         3        -0.0096       -5535.63
         3        -0.0093       -5850.81
         3         -0.009       -6188.52
         3        -0.0087       -6551.57
         3        -0.0084       -6943.26
         3        -0.0081       -7367.55
         3        -0.0078       -7829.27
         3        -0.0075       -8334.39
         3        -0.0072        -8890.4
         3        -0.0069       -9506.91
         3        -0.0066       -10196.6
         3        -0.0063       -10976.7
         3         -0.006       -11871.8
         3        -0.0057       -12919.8
         3        -0.0054       -14188.4
         3        -0.0051         -15000
         3        -0.0048         -15000
         3        -0.0045         -15000
         3        -0.0042       -14966.9
         3        -0.0039       -14748.8
         3        -0.0036         -14563
         3        -0.0033       -14409.3
         3         -0.003       -14285.8
         3        -0.0027       -14189.1
         3        -0.0024       -14115.8
         3        -0.0021       -14062.1
         3        -0.0018       -14024.6
         3        -0.0015         -14000
         3        -0.0012       -13985.1
         3        -0.0009       -13977.1
         3        -0.0006       -13973.6
         3        -0.0003       -13972.6
         3              0       -13972.6
         3         0.0003       -13972.7
         3         0.0006       -13972.7
         3         0.0009         -13973
         3         0.0012       -13974.8
         3         0.0015       -13979.6
         3         0.0018       -13989.7
         3         0.0021       -14007.7
         3         0.0024       -14036.3
         3         0.0027       -14078.8
         3          0.003       -14138.6
         3         0.0033       -14219.2
         3         0.0036       -14324.2
         3         0.0039       -14457.2
         3         0.0042       -14621.1
         3         0.0045       -14817.2
         3         0.0048         -15000
         3         0.0051         -15000
         3         0.0054         -15000
         3         0.0057         -15000
         3          0.006       -13747.3
         3         0.0063       -12562.9
         3         0.0066       -11571.5
         3         0.0069         -10719
         3         0.0072       -9972.57
         3         0.0075       -9310.36
         3         0.0078       -8716.75
         3         0.0081       -8180.17
         3         0.0084       -7691.77
         3         0.0087       -7244.61
         3          0.009       -6833.14
         3         0.0093       -6452.84
         3         0.0096       -6099.99
         3         0.0099       -5771.47
         3         0.0102       -5464.64
         3         0.0105       -5177.26
         3         0.0108       -4907.37
         3         0.0111       -4653.31
         3         0.0114       -4413.59
         3         0.0117       -4186.92
         3          0.012       -3972.16
         3         0.0123       -3768.26
         3         0.0126       -3574.32
         3         0.0129       -3389.49
         3         0.0132          -3213
         3         0.0135       -3044.17
         3         0.0138       -2882.34
         3         0.0141       -2726.91
         3         0.0144       -2577.31
         3         0.0147       -2432.98
         3          0.015       -2293.41
         3         0.0153       -2158.07
         3         0.0156       -2026.44
         3         0.0159       -1897.99
         3         0.0162       -1772.15
         3         0.0165       -1648.34
         3         0.0168       -1525.86
         3         0.0171       -1403.96
         3         0.0174       -1281.68
         3         0.0177       -1157.88
         3          0.018          -1031
         3         0.0183       -898.921
         3         0.0186       -758.491
         3         0.0189       -604.707
         3         0.0192       -428.869
         3         0.0195       -214.014
         3         0.0198              0
         3         0.0201              0
         3         0.0204              0
         3         0.0207       -20.7971
         3          0.021       -145.615
         3         0.0213       -226.709
         3         0.0216        -282.13
         3         0.0219       -321.167
         3         0.0222       -349.073
         3         0.0225       -369.062
         3         0.0228       -383.225
         3         0.0231       -392.991
         3         0.0234       -399.371
         3         0.0237       -403.109
         3          0.024        -404.76
         3         0.0243       -404.749
         3         0.0246       -403.408
         3         0.0249       -400.997
         3         0.0252       -397.725
         3         0.0255       -393.761
         3         0.0258       -389.242
         3         0.0261        -384.28
         3         0.0264       -378.967
         3         0.0267       -373.381
         3          0.027       -367.586
         3         0.0273       -361.634
         3         0.0276       -355.571
         3         0.0279       -349.435
         3         0.0282       -343.257
         3         0.0285       -337.065
         3         0.0288        -330.88
         3         0.0291       -324.722
         3         0.0294       -318.608
         3         0.0297       -312.551
         3           0.03       -306.562
         3         0.0303       -300.651
         3         0.0306       -294.826
         3         0.0309       -289.094
         3         0.0312        -283.46
         3         0.0315        -277.93
         3         0.0318       -272.506
         3         0.0321       -267.192
         3         0.0324       -261.989
         3         0.0327       -256.901
         3          0.033       -251.929
         3         0.0333       -247.072
         3         0.0336       -242.332
         3         0.0339        -237.71
         3         0.0342       -233.205
         3         0.0345       -228.817
         3         0.0348       -224.546
         3         0.0351       -220.392
         3         0.0354       -216.353
         3         0.0357       -212.429
         3          0.036        -208.62
         3         0.0363       -204.924
         3         0.0366        -201.34
         3         0.0369       -197.868
         3         0.0372       -194.506
         3         0.0375       -191.254
         3         0.0378        -188.11
         3         0.0381       -185.073
         3         0.0384       -182.143
         3         0.0387       -179.317
         3          0.039       -176.596
         3         0.0393       -173.978
         3         0.0396       -171.461
         3         0.0399       -169.046
         3         0.0402       -166.731
         3         0.0405       -164.514
         3         0.0408       -162.396
         3         0.0411       -160.375
         3         0.0414        -158.45
         3         0.0417        -156.62
         3          0.042       -154.885
         3         0.0423       -153.244
         3         0.0426       -151.696
         3         0.0429        -150.24
         3         0.0432       -148.876
         3         0.0435       -147.602
         3         0.0438        -146.42
         3         0.0441       -145.327
         3         0.0444       -144.323
         3         0.0447       -143.408
         3          0.045       -142.582
         3         0.0453       -141.844
         3         0.0456       -141.193
         3         0.0459        -140.63
         3         0.0462       -140.154
         3         0.0465       -139.765
         3         0.0468       -139.462
         3         0.0471       -139.246
         3         0.0474       -139.117
         3         0.0477       -139.073
         4        -0.0315              0
         4        -0.0312              0
         4        -0.0309              0
         4        -0.0306              0
         4        -0.0303              0
         4          -0.03              0
         4        -0.0297       -5.92307
         4        -0.0294       -18.1197
         4        -0.0291       -30.4677
         4        -0.0288       -42.9249
         4        -0.0285       -55.4705
         4        -0.0282       -68.0888
         4        -0.0279       -80.7637
         4        -0.0276       -93.4775
         4        -0.0273        -106.21
         4         -0.027       -118.937
         4        -0.0267       -131.632
         4        -0.0264        -144.26
         4        -0.0261       -156.784
         4        -0.0258       -169.155
         4        -0.0255       -181.317
         4        -0.0252       -193.202
         4        -0.0249       -204.729
         4        -0.0246       -215.795
         4        -0.0243       -226.278
         4         -0.024       -236.026
         4        -0.0237       -244.846
         4        -0.0234         -252.5
         4        -0.0231       -258.681
         4        -0.0228       -262.993
         4        -0.0225       -264.913
         4        -0.0222        -263.74
         4        -0.0219       -258.506
         4        -0.0216       -247.835
         4        -0.0213       -229.691
         4         -0.021       -200.904
         4        -0.0207       -156.225
         4        -0.0204       -86.2261
         4        -0.0201              0
         4        -0.0198              0
         4        -0.0195              0
         4        -0.0192       -27.4485
         4        -0.0189       -273.817
         4        -0.0186       -463.836
         4        -0.0183       -624.537
         4         -0.018        -768.45
         4        -0.0177       -902.212
         4        -0.0174       -1029.74
         4        -0.0171       -1153.56
         4        -0.0168       -1275.41
         4        -0.0165       -1396.58
         4        -0.0162       -1518.06
         4        -0.0159       -1640.67
         4        -0.0156       -1765.09
         4        -0.0153       -1891.94
         4         -0.015       -2021.75
         4        -0.0147       -2155.07
         4        -0.0144       -2292.39
         4        -0.0141       -2434.22
         4        -0.0138       -2581.07
         4        -0.0135       -2733.45
         4        -0.0132       -2891.91
         4        -0.0129       -3057.02
         4        -0.0126        -3229.4
         4        -0.0123       -3409.69
         4         -0.012       -3598.62
         4        -0.0117       -3796.97
         4        -0.0114       -4005.59
         4        -0.0111       -4225.45
         4        -0.0108       -4457.59
         4        -0.0105       -4703.23
         4        -0.0102        -4963.7
         4        -0.0099       -5240.55
         4        -0.0096       -5535.54
         4        -0.0093       -5850.71
         4         -0.009       -6188.43
         4        -0.0087       -6551.47
         4        -0.0084       -6943.15
         4        -0.0081       -7367.45
         4        -0.0078       -7829.17
         4        -0.0075        -8334.3
         4        -0.0072       -8890.31
         4        -0.0069       -9506.82
         4        -0.0066       -10196.5
         4        -0.0063       -10976.6
         4         -0.006       -11871.8
         4        -0.0057       -12919.7
         4        -0.0054       -14188.4
         4        -0.0051         -15000
         4        -0.0048         -15000
         4        -0.0045         -15000
         4        -0.0042       -14966.9
         4        -0.0039       -14748.8
         4        -0.0036         -14563
         4        -0.0033       -14409.3
         4         -0.003       -14285.8
         4        -0.0027       -14189.2
         4        -0.0024       -14115.9
         4        -0.0021       -14062.2
         4        -0.0018       -14024.7
         4        -0.0015         -14000
         4        -0.0012       -13985.1
         4        -0.0009       -13977.1
         4        -0.0006       -13973.7
         4        -0.0003       -13972.6
         4              0       -13972.6
         4         0.0003       -13972.7
         4         0.0006       -13972.7
         4         0.0009       -13973.1
         4         0.0012       -13974.9
         4         0.0015       -13979.7
         4         0.0018       -13989.8
         4         0.0021       -14007.7
         4         0.0024       -14036.3
         4         0.0027       -14078.9
         4          0.003       -14138.6
         4         0.0033       -14219.2
         4         0.0036       -14324.2
         4         0.0039       -14457.2
         4         0.0042       -14621.1
         4         0.0045       -14817.2
         4         0.0048         -15000
         4         0.0051         -15000
         4         0.0054         -15000
         4         0.0057         -15000
         4          0.006       -13747.3
         4         0.0063       -12562.8
         4         0.0066       -11571.5
         4         0.0069       -10718.9
         4         0.0072       -9972.51
         4         0.0075       -9310.29
         4         0.0078       -8716.67
         4         0.0081       -8180.09
         4         0.0084       -7691.68
         4         0.0087       -7244.52
         4          0.009       -6833.05
         4         0.0093       -6452.76
         4         0.0096       -6099.91
         4         0.0099       -5771.39
         4         0.0102       -5464.57
         4         0.0105       -5177.19
         4         0.0108       -4907.31
         4         0.0111       -4653.26
         4         0.0114       -4413.55
         4         0.0117        -4186.9
         4          0.012       -3972.14
         4         0.0123       -3768.26
         4         0.0126       -3574.33
         4         0.0129       -3389.51
         4         0.0132       -3213.04
         4         0.0135       -3044.22
         4         0.0138       -2882.41
         4         0.0141       -2726.99
         4         0.0144       -2577.39
         4         0.0147       -2433.07
         4          0.015       -2293.51
         4         0.0153       -2158.17
         4         0.0156       -2026.55
         4         0.0159        -1898.1
         4         0.0162       -1772.27
         4         0.0165       -1648.45
         4         0.0168       -1525.98
         4         0.0171       -1404.07
         4         0.0174       -1281.79
         4         0.0177       -1157.98
         4          0.018       -1031.09
         4         0.0183       -899.003
         4         0.0186        -758.56
         4         0.0189       -604.763
         4         0.0192       -428.909
         4         0.0195       -214.033
         4         0.0198              0
         4         0.0201              0
         4         0.0204              0
         4         0.0207       -20.7986
         4          0.021       -145.626
         4         0.0213       -226.725
         4         0.0216        -282.15
         4         0.0219        -321.19
         4         0.0222       -349.098
         4         0.0225       -369.089
         4         0.0228       -383.253
         4         0.0231       -393.019
         4         0.0234       -399.401
         4         0.0237       -403.139
         4          0.024       -404.791
         4         0.0243       -404.781
         4         0.0246        -403.44
         4         0.0249        -401.03
         4         0.0252       -397.759
         4         0.0255       -393.796
         4         0.0258       -389.277
         4         0.0261       -384.316
         4         0.0264       -379.004
         4         0.0267       -373.418
         4          0.027       -367.623
         4         0.0273       -361.672
         4         0.0276        -355.61
         4         0.0279       -349.474
         4         0.0282       -343.297
         4         0.0285       -337.105
         4         0.0288       -330.921
         4         0.0291       -324.764
         4         0.0294        -318.65
         4         0.0297       -312.593
         4           0.03       -306.604
         4         0.0303       -300.693
         4         0.0306       -294.869
         4         0.0309       -289.137
         4         0.0312       -283.504
         4         0.0315       -277.973
         4         0.0318        -272.55
         4         0.0321       -267.236
         4         0.0324       -262.034
         4         0.0327       -256.946
         4          0.033       -251.973
         4         0.0333       -247.117
         4         0.0336       -242.377
         4         0.0339       -237.755
         4         0.0342        -233.25
         4         0.0345       -228.862
         4         0.0348       -224.592
         4         0.0351       -220.437
         4         0.0354       -216.398
         4         0.0357       -212.475
         4          0.036       -208.665
         4         0.0363       -204.969
         4         0.0366       -201.385
         4         0.0369       -197.913
         4         0.0372       -194.552
         4         0.0375       -191.299
         4         0.0378       -188.155
         4         0.0381       -185.119
         4         0.0384       -182.188
         4         0.0387       -179.363
         4          0.039       -176.641
         4         0.0393       -174.023
         4         0.0396       -171.507
         4         0.0399       -169.091
         4         0.0402       -166.776
         4         0.0405       -164.559
         4         0.0408       -162.441
         4         0.0411        -160.42
         4         0.0414       -158.495
         4         0.0417       -156.665
         4          0.042        -154.93
         4         0.0423       -153.289
         4         0.0426        -151.74
         4         0.0429       -150.285
         4         0.0432        -148.92
         4         0.0435       -147.647
         4         0.0438       -146.464
         4         0.0441       -145.371
         4         0.0444       -144.368
         4         0.0447       -143.453
         4          0.045       -142.627
         4         0.0453       -141.888
         4         0.0456       -141.238
         4         0.0459       -140.675
         4         0.0462       -140.198
         4         0.0465       -139.809
         4         0.0468       -139.507
         4         0.0471       -139.291
         4         0.0474       -139.161
         4         0.0477       -139.118
         5        -0.0315              0
         5        -0.0312              0
         5        -0.0309              0
         5        -0.0306              0
         5        -0.0303              0
         5          -0.03              0
         5        -0.0297       -5.92307
         5        -0.0294       -18.1197
         5        -0.0291       -30.4677
         5        -0.0288       -42.9249
         5        -0.0285       -55.4705
         5        -0.0282       -68.0888
         5        -0.0279       -80.7637
         5        -0.0276       -93.4775
         5        -0.0273        -106.21
         5         -0.027       -118.937
         5        -0.0267       -131.632
         5        -0.0264        -144.26
         5        -0.0261       -156.784
         5        -0.0258       -169.155
         5        -0.0255       -181.317
         5        -0.0252       -193.202
         5        -0.0249       -204.729
         5        -0.0246       -215.795
         5        -0.0243       -226.278
         5         -0.024       -236.026
         5        -0.0237       -244.846
         5        -0.0234         -252.5
         5        -0.0231       -258.681
         5        -0.0228       -262.993
         5        -0.0225       -264.913
         5        -0.0222        -263.74
         5        -0.0219       -258.506
         5        -0.0216       -247.835
         5        -0.0213       -229.691
         5         -0.021       -200.904
         5        -0.0207       -156.225
         5        -0.0204       -86.2261
         5        -0.0201              0
         5        -0.0198              0
         5        -0.0195              0
         5        -0.0192       -27.4485
         5        -0.0189       -273.817
         5        -0.0186       -463.836
         5        -0.0183       -624.537
         5         -0.018        -768.45
         5        -0.0177       -902.212
         5        -0.0174       -1029.74
         5        -0.0171       -1153.56
         5        -0.0168       -1275.41
         5        -0.0165       -1396.58
         5        -0.0162       -1518.06
         5        -0.0159       -1640.67
         5        -0.0156       -1765.09
         5        -0.0153       -1891.94
         5         -0.015       -2021.75
         5        -0.0147       -2155.07
         5        -0.0144       -2292.39
         5        -0.0141       -2434.22
         5        -0.0138       -2581.07
         5        -0.0135       -2733.45
         5        -0.0132       -2891.91
         5        -0.0129       -3057.02
         5        -0.0126        -3229.4
         5        -0.0123       -3409.69
         5         -0.012       -3598.62
         5        -0.0117       -3796.97
         5        -0.0114       -4005.59
         5        -0.0111       -4225.45
         5        -0.0108       -4457.59
         5        -0.0105       -4703.23
         5        -0.0102        -4963.7
         5        -0.0099       -5240.55
         5        -0.0096       -5535.54
         5        -0.0093       -5850.71
         5         -0.009       -6188.43
         5        -0.0087       -6551.47
         5        -0.0084       -6943.15
         5        -0.0081       -7367.45
         5        -0.0078       -7829.17
         5        -0.0075        -8334.3
         5        -0.0072       -8890.31
         5        -0.0069       -9506.82
         5        -0.0066       -10196.5
         5        -0.0063       -10976.6
         5         -0.006       -11871.8
         5        -0.0057       -12919.7
         5        -0.0054       -14188.4
         5        -0.0051         -15000
         5        -0.0048         -15000
         5        -0.0045         -15000
         5        -0.0042       -14966.9
         5        -0.0039       -14748.8
         5        -0.0036         -14563
         5        -0.0033       -14409.3
         5         -0.003       -14285.8
         5        -0.0027       -14189.2
         5        -0.0024       -14115.9
         5        -0.0021       -14062.2
         5        -0.0018       -14024.7
         5        -0.0015         -14000
         5        -0.0012       -13985.1
         5        -0.0009       -13977.1
         5        -0.0006       -13973.7
         5        -0.0003       -13972.6
         5              0       -13972.6
         5         0.0003       -13972.7
         5         0.0006       -13972.7
         5         0.0009       -13973.1
         5         0.0012       -13974.9
         5         0.0015       -13979.7
         5         0.0018       -13989.8
         5         0.0021       -14007.7
         5         0.0024       -14036.3
         5         0.0027       -14078.9
         5          0.003       -14138.6
         5         0.0033       -14219.2
         5         0.0036       -14324.2
         5         0.0039       -14457.2
         5         0.0042       -14621.1
         5         0.0045       -14817.2
         5         0.0048         -15000
         5         0.0051         -15000
         5         0.0054         -15000
         5         0.0057         -15000
         5          0.006       -13747.3
         5         0.0063       -12562.8
         5         0.0066       -11571.5
         5         0.0069       -10718.9
         5         0.0072       -9972.51
         5         0.0075       -9310.29
         5         0.0078       -8716.67
         5         0.0081       -8180.09
         5         0.0084       -7691.68
         5         0.0087       -7244.52
         5          0.009       -6833.05
         5         0.0093       -6452.76
         5         0.0096       -6099.91
         5         0.0099       -5771.39
         5         0.0102       -5464.57
         5         0.0105       -5177.19
         5         0.0108       -4907.31
         5         0.0111       -4653.26
         5         0.0114       -4413.55
         5         0.0117        -4186.9
         5          0.012       -3972.14
         5         0.0123       -3768.26
         5         0.0126       -3574.33
         5         0.0129       -3389.51
         5         0.0132       -3213.04
         5         0.0135       -3044.22
         5         0.0138       -2882.41
         5         0.0141       -2726.99
         5         0.0144       -2577.39
         5         0.0147       -2433.07
         5          0.015       -2293.51
         5         0.0153       -2158.17
         5         0.0156       -2026.55
         5         0.0159        -1898.1
         5         0.0162       -1772.27
         5         0.0165       -1648.45
         5         0.0168       -1525.98
         5         0.0171       -1404.07
         5         0.0174       -1281.79
         5         0.0177       -1157.98
         5          0.018       -1031.09
         5         0.0183       -899.003
         5         0.0186        -758.56
         5         0.0189       -604.763
         5         0.0192       -428.909
         5         0.0195       -214.033
         5         0.0198              0
         5         0.0201              0
         5         0.0204              0
         5         0.0207       -20.7986
         5          0.021       -145.626
         5         0.0213       -226.725
         5         0.0216        -282.15
         5         0.0219        -321.19
         5         0.0222       -349.098
         5         0.0225       -369.089
         5         0.0228       -383.253
         5         0.0231       -393.019
         5         0.0234       -399.401
         5         0.0237       -403.139
         5          0.024       -404.791
         5         0.0243       -404.781
         5         0.0246        -403.44
         5         0.0249        -401.03
         5         0.0252       -397.759
         5         0.0255       -393.796
         5         0.0258       -389.277
         5         0.0261       -384.316
         5         0.0264       -379.004
         5         0.0267       -373.418
         5          0.027       -367.623
         5         0.0273       -361.672
         5         0.0276        -355.61
         5         0.0279       -349.474
         5         0.0282       -343.297
         5         0.0285       -337.105
         5         0.0288       -330.921
         5         0.0291       -324.764
         5         0.0294        -318.65
         5         0.0297       -312.593
         5           0.03       -306.604
         5         0.0303       -300.693
         5         0.0306       -294.869
         5         0.0309       -289.137
         5         0.0312       -283.504
         5         0.0315       -277.973
         5         0.0318        -272.55
         5         0.0321       -267.236
         5         0.0324       -262.034
         5         0.0327       -256.946
         5          0.033       -251.973
         5         0.0333       -247.117
         5         0.0336       -242.377
         5         0.0339       -237.755
         5         0.0342        -233.25
         5         0.0345       -228.862
         5         0.0348       -224.592
         5         0.0351       -220.437
         5         0.0354       -216.398
         5         0.0357       -212.475
         5          0.036       -208.665
         5         0.0363       -204.969
         5         0.0366       -201.385
         5         0.0369       -197.913
         5         0.0372       -194.552
         5         0.0375       -191.299
         5         0.0378       -188.155
         5         0.0381       -185.119
         5         0.0384       -182.188
         5         0.0387       -179.363
         5          0.039       -176.641
         5         0.0393       -174.023
         5         0.0396       -171.507
         5         0.0399       -169.091
         5         0.0402       -166.776
         5         0.0405       -164.559
         5         0.0408       -162.441
         5         0.0411        -160.42
         5         0.0414       -158.495
         5         0.0417       -156.665
         5          0.042        -154.93
         5         0.0423       -153.289
         5         0.0426        -151.74
         5         0.0429       -150.285
         5         0.0432        -148.92
         5         0.0435       -147.647
         5         0.0438       -146.464
         5         0.0441       -145.371
         5         0.0444       -144.368
         5         0.0447       -143.453
         5          0.045       -142.627
         5         0.0453       -141.888
         5         0.0456       -141.238
         5         0.0459       -140.675
         5         0.0462       -140.198
         5         0.0465       -139.809
         5         0.0468       -139.507
         5         0.0471       -139.291
         5         0.0474       -139.161
         5         0.0477       -139.118
         6        -0.0315              0
         6        -0.0312              0
         6        -0.0309              0
         6        -0.0306              0
         6        -0.0303              0
         6          -0.03              0
         6        -0.0297       -5.92307
         6        -0.0294       -18.1197
         6        -0.0291       -30.4677
         6        -0.0288       -42.9249
         6        -0.0285       -55.4705
         6        -0.0282       -68.0888
         6        -0.0279       -80.7637
         6        -0.0276       -93.4775
         6        -0.0273        -106.21
         6         -0.027       -118.937
         6        -0.0267       -131.632
         6        -0.0264        -144.26
         6        -0.0261       -156.784
         6        -0.0258       -169.155
         6        -0.0255       -181.317
         6        -0.0252       -193.202
         6        -0.0249       -204.729
         6        -0.0246       -215.795
         6        -0.0243       -226.278
         6         -0.024       -236.026
         6        -0.0237       -244.846
         6        -0.0234         -252.5
         6        -0.0231       -258.681
         6        -0.0228       -262.993
         6        -0.0225       -264.913
         6        -0.0222        -263.74
         6        -0.0219       -258.506
         6        -0.0216       -247.835
         6        -0.0213       -229.691
         6         -0.021       -200.904
         6        -0.0207       -156.225
         6        -0.0204       -86.2261
         6        -0.0201              0
         6        -0.0198              0
         6        -0.0195              0
         6        -0.0192       -27.4485
         6        -0.0189       -273.817
         6        -0.0186       -463.836
         6        -0.0183       -624.537
         6         -0.018        -768.45
         6        -0.0177       -902.212
         6        -0.0174       -1029.74
         6        -0.0171       -1153.56
         6        -0.0168       -1275.41
         6        -0.0165       -1396.58
         6        -0.0162       -1518.06
         6        -0.0159       -1640.67
         6        -0.0156       -1765.09
         6        -0.0153       -1891.94
         6         -0.015       -2021.75
         6        -0.0147       -2155.07
         6        -0.0144       -2292.39
         6        -0.0141       -2434.22
         6        -0.0138       -2581.07
         6        -0.0135       -2733.45
         6        -0.0132       -2891.91
         6        -0.0129       -3057.02
         6        -0.0126        -3229.4
         6        -0.0123       -3409.69
         6         -0.012       -3598.62
         6        -0.0117       -3796.97
         6        -0.0114       -4005.59
         6        -0.0111       -4225.45
         6        -0.0108       -4457.59
         6        -0.0105       -4703.23
         6        -0.0102        -4963.7
         6        -0.0099       -5240.55
         6        -0.0096       -5535.54
         6        -0.0093       -5850.71
         6         -0.009       -6188.43
         6        -0.0087       -6551.47
         6        -0.0084       -6943.15
         6        -0.0081       -7367.45
         6        -0.0078       -7829.17
         6        -0.0075        -8334.3
         6        -0.0072       -8890.31
         6        -0.0069       -9506.82
         6        -0.0066       -10196.5
         6        -0.0063       -10976.6
         6         -0.006       -11871.8
         6        -0.0057       -12919.7
         6        -0.0054       -14188.4
         6        -0.0051         -15000
         6        -0.0048         -15000
         6        -0.0045         -15000
         6        -0.0042       -14966.9
         6        -0.0039       -14748.8
         6        -0.0036         -14563
         6        -0.0033       -14409.3
         6         -0.003       -14285.8
         6        -0.0027       -14189.2
         6        -0.0024       -14115.9
         6        -0.0021       -14062.2
         6        -0.0018       -14024.7
         6        -0.0015         -14000
         6        -0.0012       -13985.1
         6        -0.0009       -13977.1
         6        -0.0006       -13973.7
         6        -0.0003       -13972.6
         6              0       -13972.6
         6         0.0003       -13972.7
         6         0.0006       -13972.7
         6         0.0009       -13973.1
         6         0.0012       -13974.9
         6         0.0015       -13979.7
         6         0.0018       -13989.8
         6         0.0021       -14007.7
         6         0.0024       -14036.3
         6         0.0027       -14078.9
         6          0.003       -14138.6
         6         0.0033       -14219.2
         6         0.0036       -14324.2
         6         0.0039       -14457.2
         6         0.0042       -14621.1
         6         0.0045       -14817.2
         6         0.0048         -15000
         6         0.0051         -15000
         6         0.0054         -15000
         6         0.0057         -15000
         6          0.006       -13747.3
         6         0.0063       -12562.8
         6         0.0066       -11571.5
         6         0.0069       -10718.9
         6         0.0072       -9972.51
         6         0.0075       -9310.29
         6         0.0078       -8716.67
         6         0.0081       -8180.09
         6         0.0084       -7691.68
         6         0.0087       -7244.52
         6          0.009       -6833.05
         6         0.0093       -6452.76
         6         0.0096       -6099.91
         6         0.0099       -5771.39
         6         0.0102       -5464.57
         6         0.0105       -5177.19
         6         0.0108       -4907.31
         6         0.0111       -4653.26
         6         0.0114       -4413.55
         6         0.0117        -4186.9
         6          0.012       -3972.14
         6         0.0123       -3768.26
         6         0.0126       -3574.33
         6         0.0129       -3389.51
         6         0.0132       -3213.04
         6         0.0135       -3044.22
         6         0.0138       -2882.41
         6         0.0141       -2726.99
         6         0.0144       -2577.39
         6         0.0147       -2433.07
         6          0.015       -2293.51
         6         0.0153       -2158.17
         6         0.0156       -2026.55
         6         0.0159        -1898.1
         6         0.0162       -1772.27
         6         0.0165       -1648.45
         6         0.0168       -1525.98
         6         0.0171       -1404.07
         6         0.0174       -1281.79
         6         0.0177       -1157.98
         6          0.018       -1031.09
         6         0.0183       -899.003
         6         0.0186        -758.56
         6         0.0189       -604.763
         6         0.0192       -428.909
         6         0.0195       -214.033
         6         0.0198              0
         6         0.0201              0
         6         0.0204              0
         6         0.0207       -20.7986
         6          0.021       -145.626
         6         0.0213       -226.725
         6         0.0216        -282.15
         6         0.0219        -321.19
         6         0.0222       -349.098
         6         0.0225       -369.089
         6         0.0228       -383.253
         6         0.0231       -393.019
         6         0.0234       -399.401
         6         0.0237       -403.139
         6          0.024       -404.791
         6         0.0243       -404.781
         6         0.0246        -403.44
         6         0.0249        -401.03
         6         0.0252       -397.759
         6         0.0255       -393.796
         6         0.0258       -389.277
         6         0.0261       -384.316
         6         0.0264       -379.004
         6         0.0267       -373.418
         6          0.027       -367.623
         6         0.0273       -361.672
         6         0.0276        -355.61
         6         0.0279       -349.474
         6         0.0282       -343.297
         6         0.0285       -337.105
         6         0.0288       -330.921
         6         0.0291       -324.764
         6         0.0294        -318.65
         6         0.0297       -312.593
         6           0.03       -306.604
         6         0.0303       -300.693
         6         0.0306       -294.869
         6         0.0309       -289.137
         6         0.0312       -283.504
         6         0.0315       -277.973
         6         0.0318        -272.55
         6         0.0321       -267.236
         6         0.0324       -262.034
         6         0.0327       -256.946
         6          0.033       -251.973
         6         0.0333       -247.117
         6         0.0336       -242.377
         6         0.0339       -237.755
         6         0.0342        -233.25
         6         0.0345       -228.862
         6         0.0348       -224.592
         6         0.0351       -220.437
         6         0.0354       -216.398
         6         0.0357       -212.475
         6          0.036       -208.665
         6         0.0363       -204.969
         6         0.0366       -201.385
         6         0.0369       -197.913
         6         0.0372       -194.552
         6         0.0375       -191.299
         6         0.0378       -188.155
         6         0.0381       -185.119
         6         0.0384       -182.188
         6         0.0387       -179.363
         6          0.039       -176.641
         6         0.0393       -174.023
         6         0.0396       -171.507
         6         0.0399       -169.091
         6         0.0402       -166.776
         6         0.0405       -164.559
         6         0.0408       -162.441
         6         0.0411        -160.42
         6         0.0414       -158.495
         6         0.0417       -156.665
         6          0.042        -154.93
         6         0.0423       -153.289
         6         0.0426        -151.74
         6         0.0429       -150.285
         6         0.0432        -148.92
         6         0.0435       -147.647
         6         0.0438       -146.464
         6         0.0441       -145.371
         6         0.0444       -144.368
         6         0.0447       -143.453
         6          0.045       -142.627
         6         0.0453       -141.888
         6         0.0456       -141.238
         6         0.0459       -140.675
         6         0.0462       -140.198
         6         0.0465       -139.809
         6         0.0468       -139.507
         6         0.0471       -139.291
         6         0.0474       -139.161
         6         0.0477       -139.118
         7        -0.0315              0
         7        -0.0312              0
         7        -0.0309              0
         7        -0.0306              0
         7        -0.0303              0
         7          -0.03              0
         7        -0.0297       -5.92307
         7        -0.0294       -18.1197
         7        -0.0291       -30.4677
         7        -0.0288       -42.9249
         7        -0.0285       -55.4705
         7        -0.0282       -68.0888
         7        -0.0279       -80.7637
         7        -0.0276       -93.4775
         7        -0.0273        -106.21
         7         -0.027       -118.937
         7        -0.0267       -131.632
         7        -0.0264        -144.26
         7        -0.0261       -156.784
         7        -0.0258       -169.155
         7        -0.0255       -181.317
         7        -0.0252       -193.202
         7        -0.0249       -204.729
         7        -0.0246       -215.795
         7        -0.0243       -226.278
         7         -0.024       -236.026
         7        -0.0237       -244.846
         7        -0.0234         -252.5
         7        -0.0231       -258.681
         7        -0.0228       -262.993
         7        -0.0225       -264.913
         7        -0.0222        -263.74
         7        -0.0219       -258.506
         7        -0.0216       -247.835
         7        -0.0213       -229.691
         7         -0.021       -200.904
         7        -0.0207       -156.225
         7        -0.0204       -86.2261
         7        -0.0201              0
         7        -0.0198              0
         7        -0.0195              0
         7        -0.0192       -27.4485
         7        -0.0189       -273.817
         7        -0.0186       -463.836
         7        -0.0183       -624.537
         7         -0.018        -768.45
         7        -0.0177       -902.212
         7        -0.0174       -1029.74
         7        -0.0171       -1153.56
         7        -0.0168       -1275.41
         7        -0.0165       -1396.58
         7        -0.0162       -1518.06
         7        -0.0159       -1640.67
         7        -0.0156       -1765.09
         7        -0.0153       -1891.94
         7         -0.015       -2021.75
         7        -0.0147       -2155.07
         7        -0.0144       -2292.39
         7        -0.0141       -2434.22
         7        -0.0138       -2581.07
         7        -0.0135       -2733.45
         7        -0.0132       -2891.91
         7        -0.0129       -3057.02
         7        -0.0126        -3229.4
         7        -0.0123       -3409.69
         7         -0.012       -3598.62
         7        -0.0117       -3796.97
         7        -0.0114       -4005.59
         7        -0.0111       -4225.45
         7        -0.0108       -4457.59
         7        -0.0105       -4703.23
         7        -0.0102        -4963.7
         7        -0.0099       -5240.55
         7        -0.0096       -5535.54
         7        -0.0093       -5850.71
         7         -0.009       -6188.43
         7        -0.0087       -6551.47
         7        -0.0084       -6943.15
         7        -0.0081       -7367.45
         7        -0.0078       -7829.17
         7        -0.0075        -8334.3
         7        -0.0072       -8890.31
         7        -0.0069       -9506.82
         7        -0.0066       -10196.5
         7        -0.0063       -10976.6
         7         -0.006       -11871.8
         7        -0.0057       -12919.7
         7        -0.0054       -14188.4
         7        -0.0051         -15000
         7        -0.0048         -15000
         7        -0.0045         -15000
         7        -0.0042       -14966.9
         7        -0.0039       -14748.8
         7        -0.0036         -14563
         7        -0.0033       -14409.3
         7         -0.003       -14285.8
         7        -0.0027       -14189.2
         7        -0.0024       -14115.9
         7        -0.0021       -14062.2
         7        -0.0018       -14024.7
         7        -0.0015         -14000
         7        -0.0012       -13985.1
         7        -0.0009       -13977.1
         7        -0.0006       -13973.7
         7        -0.0003       -13972.6
         7              0       -13972.6
         7         0.0003       -13972.7
         7         0.0006       -13972.7
         7         0.0009       -13973.1
         7         0.0012       -13974.9
         7         0.0015       -13979.7
         7         0.0018       -13989.8
         7         0.0021       -14007.7
         7         0.0024       -14036.3
         7         0.0027       -14078.9
         7          0.003       -14138.6
         7         0.0033       -14219.2
         7         0.0036       -14324.2
         7         0.0039       -14457.2
         7         0.0042       -14621.1
         7         0.0045       -14817.2
         7         0.0048         -15000
         7         0.0051         -15000
         7         0.0054         -15000
         7         0.0057         -15000
         7          0.006       -13747.3
         7         0.0063       -12562.8
         7         0.0066       -11571.5
         7         0.0069       -10718.9
         7         0.0072       -9972.51
         7         0.0075       -9310.29
         7         0.0078       -8716.67
         7         0.0081       -8180.09
         7         0.0084       -7691.68
         7         0.0087       -7244.52
         7          0.009       -6833.05
         7         0.0093       -6452.76
         7         0.0096       -6099.91
         7         0.0099       -5771.39
         7         0.0102       -5464.57
         7         0.0105       -5177.19
         7         0.0108       -4907.31
         7         0.0111       -4653.26
         7         0.0114       -4413.55
         7         0.0117        -4186.9
         7          0.012       -3972.14
         7         0.0123       -3768.26
         7         0.0126       -3574.33
         7         0.0129       -3389.51
         7         0.0132       -3213.04
         7         0.0135       -3044.22
         7         0.0138       -2882.41
         7         0.0141       -2726.99
         7         0.0144       -2577.39
         7         0.0147       -2433.07
         7          0.015       -2293.51
         7         0.0153       -2158.17
         7         0.0156       -2026.55
         7         0.0159        -1898.1
         7         0.0162       -1772.27
         7         0.0165       -1648.45
         7         0.0168       -1525.98
         7         0.0171       -1404.07
         7         0.0174       -1281.79
         7         0.0177       -1157.98
         7          0.018       -1031.09
         7         0.0183       -899.003
         7         0.0186        -758.56
         7         0.0189       -604.763
         7         0.0192       -428.909
         7         0.0195       -214.033
         7         0.0198              0
         7         0.0201              0
         7         0.0204              0
         7         0.0207       -20.7986
         7          0.021       -145.626
         7         0.0213       -226.725
         7         0.0216        -282.15
         7         0.0219        -321.19
         7         0.0222       -349.098
         7         0.0225       -369.089
         7         0.0228       -383.253
         7         0.0231       -393.019
         7         0.0234       -399.401
         7         0.0237       -403.139
         7          0.024       -404.791
         7         0.0243       -404.781
         7         0.0246        -403.44
         7         0.0249        -401.03
         7         0.0252       -397.759
         7         0.0255       -393.796
         7         0.0258       -389.277
         7         0.0261       -384.316
         7         0.0264       -379.004
         7         0.0267       -373.418
         7          0.027       -367.623
         7         0.0273       -361.672
         7         0.0276        -355.61
         7         0.0279       -349.474
         7         0.0282       -343.297
         7         0.0285       -337.105
         7         0.0288       -330.921
         7         0.0291       -324.764
         7         0.0294        -318.65
         7         0.0297       -312.593
         7           0.03       -306.604
         7         0.0303       -300.693
         7         0.0306       -294.869
         7         0.0309       -289.137
         7         0.0312       -283.504
         7         0.0315       -277.973
         7         0.0318        -272.55
         7         0.0321       -267.236
         7         0.0324       -262.034
         7         0.0327       -256.946
         7          0.033       -251.973
         7         0.0333       -247.117
         7         0.0336       -242.377
         7         0.0339       -237.755
         7         0.0342        -233.25
         7         0.0345       -228.862
         7         0.0348       -224.592
         7         0.0351       -220.437
         7         0.0354       -216.398
         7         0.0357       -212.475
         7          0.036       -208.665
         7         0.0363       -204.969
         7         0.0366       -201.385
         7         0.0369       -197.913
         7         0.0372       -194.552
         7         0.0375       -191.299
         7         0.0378       -188.155
         7         0.0381       -185.119
         7         0.0384       -182.188
         7         0.0387       -179.363
         7          0.039       -176.641
         7         0.0393       -174.023
         7         0.0396       -171.507
         7         0.0399       -169.091
         7         0.0402       -166.776
         7         0.0405       -164.559
         7         0.0408       -162.441
         7         0.0411        -160.42
         7         0.0414       -158.495
         7         0.0417       -156.665
         7          0.042        -154.93
         7         0.0423       -153.289
         7         0.0426        -151.74
         7         0.0429       -150.285
         7         0.0432        -148.92
         7         0.0435       -147.647
         7         0.0438       -146.464
         7         0.0441       -145.371
         7         0.0444       -144.368
         7         0.0447       -143.453
         7          0.045       -142.627
         7         0.0453       -141.888
         7         0.0456       -141.238
         7         0.0459       -140.675
         7         0.0462       -140.198
         7         0.0465       -139.809
         7         0.0468       -139.507
         7         0.0471       -139.291
         7         0.0474       -139.161
         7         0.0477       -139.118
         8        -0.0315              0
         8        -0.0312              0
         8        -0.0309              0
         8        -0.0306              0
         8        -0.0303              0
         8          -0.03              0
         8        -0.0297       -5.92307
         8        -0.0294       -18.1197
         8        -0.0291       -30.4677
         8        -0.0288       -42.9249
         8        -0.0285       -55.4705
         8        -0.0282       -68.0888
         8        -0.0279       -80.7637
         8        -0.0276       -93.4775
         8        -0.0273        -106.21
         8         -0.027       -118.937
         8        -0.0267       -131.632
         8        -0.0264        -144.26
         8        -0.0261       -156.784
         8        -0.0258       -169.155
         8        -0.0255       -181.317
         8        -0.0252       -193.202
         8        -0.0249       -204.729
         8        -0.0246       -215.795
         8        -0.0243       -226.278
         8         -0.024       -236.026
         8        -0.0237       -244.846
         8        -0.0234         -252.5
         8        -0.0231       -258.681
         8        -0.0228       -262.993
         8        -0.0225       -264.913
         8        -0.0222        -263.74
         8        -0.0219       -258.506
         8        -0.0216       -247.835
         8        -0.0213       -229.691
         8         -0.021       -200.904
         8        -0.0207       -156.225
         8        -0.0204       -86.2261
         8        -0.0201              0
         8        -0.0198              0
         8        -0.0195              0
         8        -0.0192       -27.4485
         8        -0.0189       -273.817
         8        -0.0186       -463.836
         8        -0.0183       -624.537
         8         -0.018        -768.45
         8        -0.0177       -902.212
         8        -0.0174       -1029.74
         8        -0.0171       -1153.56
         8        -0.0168       -1275.41
         8        -0.0165       -1396.58
         8        -0.0162       -1518.06
         8        -0.0159       -1640.67
         8        -0.0156       -1765.09
         8        -0.0153       -1891.94
         8         -0.015       -2021.75
         8        -0.0147       -2155.07
         8        -0.0144       -2292.39
         8        -0.0141       -2434.22
         8        -0.0138       -2581.07
         8        -0.0135       -2733.45
         8        -0.0132       -2891.91
         8        -0.0129       -3057.02
         8        -0.0126        -3229.4
         8        -0.0123       -3409.69
         8         -0.012       -3598.62
         8        -0.0117       -3796.97
         8        -0.0114       -4005.59
         8        -0.0111       -4225.45
         8        -0.0108       -4457.59
         8        -0.0105       -4703.23
         8        -0.0102        -4963.7
         8        -0.0099       -5240.55
         8        -0.0096       -5535.54
         8        -0.0093       -5850.71
         8         -0.009       -6188.43
         8        -0.0087       -6551.47
         8        -0.0084       -6943.15
         8        -0.0081       -7367.45
         8        -0.0078       -7829.17
         8        -0.0075        -8334.3
         8        -0.0072       -8890.31
         8        -0.0069       -9506.82
         8        -0.0066       -10196.5
         8        -0.0063       -10976.6
         8         -0.006       -11871.8
         8        -0.0057       -12919.7
         8        -0.0054       -14188.4
         8        -0.0051         -15000
         8        -0.0048         -15000
         8        -0.0045         -15000
         8        -0.0042       -14966.9
         8        -0.0039       -14748.8
         8        -0.0036         -14563
         8        -0.0033       -14409.3
         8         -0.003       -14285.8
         8        -0.0027       -14189.2
         8        -0.0024       -14115.9
         8        -0.0021       -14062.2
         8        -0.0018       -14024.7
         8        -0.0015         -14000
         8        -0.0012       -13985.1
         8        -0.0009       -13977.1
         8        -0.0006       -13973.7
         8        -0.0003       -13972.6
         8              0       -13972.6
         8         0.0003       -13972.7
         8         0.0006       -13972.7
         8         0.0009       -13973.1
         8         0.0012       -13974.9
         8         0.0015       -13979.7
         8         0.0018       -13989.8
         8         0.0021       -14007.7
         8         0.0024       -14036.3
         8         0.0027       -14078.9
         8          0.003       -14138.6
         8         0.0033       -14219.2
         8         0.0036       -14324.2
         8         0.0039       -14457.2
         8         0.0042       -14621.1
         8         0.0045       -14817.2
         8         0.0048         -15000
         8         0.0051         -15000
         8         0.0054         -15000
         8         0.0057         -15000
         8          0.006       -13747.3
         8         0.0063       -12562.8
         8         0.0066       -11571.5
         8         0.0069       -10718.9
         8         0.0072       -9972.51
         8         0.0075       -9310.29
         8         0.0078       -8716.67
         8         0.0081       -8180.09
         8         0.0084       -7691.68
         8         0.0087       -7244.52
         8          0.009       -6833.05
         8         0.0093       -6452.76
         8         0.0096       -6099.91
         8         0.0099       -5771.39
         8         0.0102       -5464.57
         8         0.0105       -5177.19
         8         0.0108       -4907.31
         8         0.0111       -4653.26
         8         0.0114       -4413.55
         8         0.0117        -4186.9
         8          0.012       -3972.14
         8         0.0123       -3768.26
         8         0.0126       -3574.33
         8         0.0129       -3389.51
         8         0.0132       -3213.04
         8         0.0135       -3044.22
         8         0.0138       -2882.41
         8         0.0141       -2726.99
         8         0.0144       -2577.39
         8         0.0147       -2433.07
         8          0.015       -2293.51
         8         0.0153       -2158.17
         8         0.0156       -2026.55
         8         0.0159        -1898.1
         8         0.0162       -1772.27
         8         0.0165       -1648.45
         8         0.0168       -1525.98
         8         0.0171       -1404.07
         8         0.0174       -1281.79
         8         0.0177       -1157.98
         8          0.018       -1031.09
         8         0.0183       -899.003
         8         0.0186        -758.56
         8         0.0189       -604.763
         8         0.0192       -428.909
         8         0.0195       -214.033
         8         0.0198              0
         8         0.0201              0
         8         0.0204              0
         8         0.0207       -20.7986
         8          0.021       -145.626
         8         0.0213       -226.725
         8         0.0216        -282.15
         8         0.0219        -321.19
         8         0.0222       -349.098
         8         0.0225       -369.089
         8         0.0228       -383.253
         8         0.0231       -393.019
         8         0.0234       -399.401
         8         0.0237       -403.139
         8          0.024       -404.791
         8         0.0243       -404.781
         8         0.0246        -403.44
         8         0.0249        -401.03
         8         0.0252       -397.759
         8         0.0255       -393.796
         8         0.0258       -389.277
         8         0.0261       -384.316
         8         0.0264       -379.004
         8         0.0267       -373.418
         8          0.027       -367.623
         8         0.0273       -361.672
         8         0.0276        -355.61
         8         0.0279       -349.474
         8         0.0282       -343.297
         8         0.0285       -337.105
         8         0.0288       -330.921
         8         0.0291       -324.764
         8         0.0294        -318.65
         8         0.0297       -312.593
         8           0.03       -306.604
         8         0.0303       -300.693
         8         0.0306       -294.869
         8         0.0309       -289.137
         8         0.0312       -283.504
         8         0.0315       -277.973
         8         0.0318        -272.55
         8         0.0321       -267.236
         8         0.0324       -262.034
         8         0.0327       -256.946
         8          0.033       -251.973
         8         0.0333       -247.117
         8         0.0336       -242.377
         8         0.0339       -237.755
         8         0.0342        -233.25
         8         0.0345       -228.862
         8         0.0348       -224.592
         8         0.0351       -220.437
         8         0.0354       -216.398
         8         0.0357       -212.475
         8          0.036       -208.665
         8         0.0363       -204.969
         8         0.0366       -201.385
         8         0.0369       -197.913
         8         0.0372       -194.552
         8         0.0375       -191.299
         8         0.0378       -188.155
         8         0.0381       -185.119
         8         0.0384       -182.188
         8         0.0387       -179.363
         8          0.039       -176.641
         8         0.0393       -174.023
         8         0.0396       -171.507
         8         0.0399       -169.091
         8         0.0402       -166.776
         8         0.0405       -164.559
         8         0.0408       -162.441
         8         0.0411        -160.42
         8         0.0414       -158.495
         8         0.0417       -156.665
         8          0.042        -154.93
         8         0.0423       -153.289
         8         0.0426        -151.74
         8         0.0429       -150.285
         8         0.0432        -148.92
         8         0.0435       -147.647
         8         0.0438       -146.464
         8         0.0441       -145.371
         8         0.0444       -144.368
         8         0.0447       -143.453
         8          0.045       -142.627
         8         0.0453       -141.888
         8         0.0456       -141.238
         8         0.0459       -140.675
         8         0.0462       -140.198
         8         0.0465       -139.809
         8         0.0468       -139.507
         8         0.0471       -139.291
         8         0.0474       -139.161
         8         0.0477       -139.118
         9        -0.0315              0
         9        -0.0312              0
         9        -0.0309              0
         9        -0.0306              0
         9        -0.0303              0
         9          -0.03              0
         9        -0.0297       -5.92307
         9        -0.0294       -18.1197
         9        -0.0291       -30.4677
         9        -0.0288       -42.9249
         9        -0.0285       -55.4705
         9        -0.0282       -68.0888
         9        -0.0279       -80.7637
         9        -0.0276       -93.4775
         9        -0.0273        -106.21
         9         -0.027       -118.937
         9        -0.0267       -131.632
         9        -0.0264        -144.26
         9        -0.0261       -156.784
         9        -0.0258       -169.155
         9        -0.0255       -181.317
         9        -0.0252       -193.202
         9        -0.0249       -204.729
         9        -0.0246       -215.795
         9        -0.0243       -226.278
         9         -0.024       -236.026
         9        -0.0237       -244.846
         9        -0.0234         -252.5
         9        -0.0231       -258.681
         9        -0.0228       -262.993
         9        -0.0225       -264.913
         9        -0.0222        -263.74
         9        -0.0219       -258.506
         9        -0.0216       -247.835
         9        -0.0213       -229.691
         9         -0.021       -200.904
         9        -0.0207       -156.225
         9        -0.0204       -86.2261
         9        -0.0201              0
         9        -0.0198              0
         9        -0.0195              0
         9        -0.0192       -27.4485
         9        -0.0189       -273.817
         9        -0.0186       -463.836
         9        -0.0183       -624.537
         9         -0.018        -768.45
         9        -0.0177       -902.212
         9        -0.0174       -1029.74
         9        -0.0171       -1153.56
         9        -0.0168       -1275.41
         9        -0.0165       -1396.58
         9        -0.0162       -1518.06
         9        -0.0159       -1640.67
         9        -0.0156       -1765.09
         9        -0.0153       -1891.94
         9         -0.015       -2021.75
         9        -0.0147       -2155.07
         9        -0.0144       -2292.39
         9        -0.0141       -2434.22
         9        -0.0138       -2581.07
         9        -0.0135       -2733.45
         9        -0.0132       -2891.91
         9        -0.0129       -3057.02
         9        -0.0126        -3229.4
         9        -0.0123       -3409.69
         9         -0.012       -3598.62
         9        -0.0117       -3796.97
         9        -0.0114       -4005.59
         9        -0.0111       -4225.45
         9        -0.0108       -4457.59
         9        -0.0105       -4703.23
         9        -0.0102        -4963.7
         9        -0.0099       -5240.55
         9        -0.0096       -5535.54
         9        -0.0093       -5850.71
         9         -0.009       -6188.43
         9        -0.0087       -6551.47
         9        -0.0084       -6943.15
         9        -0.0081       -7367.45
         9        -0.0078       -7829.17
         9        -0.0075        -8334.3
         9        -0.0072       -8890.31
         9        -0.0069       -9506.82
         9        -0.0066       -10196.5
         9        -0.0063       -10976.6
         9         -0.006       -11871.8
         9        -0.0057       -12919.7
         9        -0.0054       -14188.4
         9        -0.0051         -15000
         9        -0.0048         -15000
         9        -0.0045         -15000
         9        -0.0042       -14966.9
         9        -0.0039       -14748.8
         9        -0.0036         -14563
         9        -0.0033       -14409.3
         9         -0.003       -14285.8
         9        -0.0027       -14189.2
         9        -0.0024       -14115.9
         9        -0.0021       -14062.2
         9        -0.0018       -14024.7
         9        -0.0015         -14000
         9        -0.0012       -13985.1
         9        -0.0009       -13977.1
         9        -0.0006       -13973.7
         9        -0.0003       -13972.6
         9              0       -13972.6
         9         0.0003       -13972.7
         9         0.0006       -13972.7
         9         0.0009       -13973.1
         9         0.0012       -13974.9
         9         0.0015       -13979.7
         9         0.0018       -13989.8
         9         0.0021       -14007.7
         9         0.0024       -14036.3
         9         0.0027       -14078.9
         9          0.003       -14138.6
         9         0.0033       -14219.2
         9         0.0036       -14324.2
         9         0.0039       -14457.2
         9         0.0042       -14621.1
         9         0.0045       -14817.2
         9         0.0048         -15000
         9         0.0051         -15000
         9         0.0054         -15000
         9         0.0057         -15000
         9          0.006       -13747.3
         9         0.0063       -12562.8
         9         0.0066       -11571.5
         9         0.0069       -10718.9
         9         0.0072       -9972.51
         9         0.0075       -9310.29
         9         0.0078       -8716.67
         9         0.0081       -8180.09
         9         0.0084       -7691.68
         9         0.0087       -7244.52
         9          0.009       -6833.05
         9         0.0093       -6452.76
         9         0.0096       -6099.91
         9         0.0099       -5771.39
         9         0.0102       -5464.57
         9         0.0105       -5177.19
         9         0.0108       -4907.31
         9         0.0111       -4653.26
         9         0.0114       -4413.55
         9         0.0117        -4186.9
         9          0.012       -3972.14
         9         0.0123       -3768.26
         9         0.0126       -3574.33
         9         0.0129       -3389.51
         9         0.0132       -3213.04
         9         0.0135       -3044.22
         9         0.0138       -2882.41
         9         0.0141       -2726.99
         9         0.0144       -2577.39
         9         0.0147       -2433.07
         9          0.015       -2293.51
         9         0.0153       -2158.17
         9         0.0156       -2026.55
         9         0.0159        -1898.1
         9         0.0162       -1772.27
         9         0.0165       -1648.45
         9         0.0168       -1525.98
         9         0.0171       -1404.07
         9         0.0174       -1281.79
         9         0.0177       -1157.98
         9          0.018       -1031.09
         9         0.0183       -899.003
         9         0.0186        -758.56
         9         0.0189       -604.763
         9         0.0192       -428.909
         9         0.0195       -214.033
         9         0.0198              0
         9         0.0201              0
         9         0.0204              0
         9         0.0207       -20.7986
         9          0.021       -145.626
         9         0.0213       -226.725
         9         0.0216        -282.15
         9         0.0219        -321.19
         9         0.0222       -349.098
         9         0.0225       -369.089
         9         0.0228       -383.253
         9         0.0231       -393.019
         9         0.0234       -399.401
         9         0.0237       -403.139
         9          0.024       -404.791
         9         0.0243       -404.781
         9         0.0246        -403.44
         9         0.0249        -401.03
         9         0.0252       -397.759
         9         0.0255       -393.796
         9         0.0258       -389.277
         9         0.0261       -384.316
         9         0.0264       -379.004
         9         0.0267       -373.418
         9          0.027       -367.623
         9         0.0273       -361.672
         9         0.0276        -355.61
         9         0.0279       -349.474
         9         0.0282       -343.297
         9         0.0285       -337.105
         9         0.0288       -330.921
         9         0.0291       -324.764
         9         0.0294        -318.65
         9         0.0297       -312.593
         9           0.03       -306.604
         9         0.0303       -300.693
         9         0.0306       -294.869
         9         0.0309       -289.137
         9         0.0312       -283.504
         9         0.0315       -277.973
         9         0.0318        -272.55
         9         0.0321       -267.236
         9         0.0324       -262.034
         9         0.0327       -256.946
         9          0.033       -251.973
         9         0.0333       -247.117
         9         0.0336       -242.377
         9         0.0339       -237.755
         9         0.0342        -233.25
         9         0.0345       -228.862
         9         0.0348       -224.592
         9         0.0351       -220.437
         9         0.0354       -216.398
         9         0.0357       -212.475
         9          0.036       -208.665
         9         0.0363       -204.969
         9         0.0366       -201.385
         9         0.0369       -197.913
         9         0.0372       -194.552
         9         0.0375       -191.299
         9         0.0378       -188.155
         9         0.0381       -185.119
         9         0.0384       -182.188
         9         0.0387       -179.363
         9          0.039       -176.641
         9         0.0393       -174.023
         9         0.0396       -171.507
         9         0.0399       -169.091
         9         0.0402       -166.776
         9         0.0405       -164.559
         9         0.0408       -162.441
         9         0.0411        -160.42
         9         0.0414       -158.495
         9         0.0417       -156.665
         9          0.042        -154.93
         9         0.0423       -153.289
         9         0.0426        -151.74
         9         0.0429       -150.285
         9         0.0432        -148.92
         9         0.0435       -147.647
         9         0.0438       -146.464
         9         0.0441       -145.371
         9         0.0444       -144.368
         9         0.0447       -143.453
         9          0.045       -142.627
         9         0.0453       -141.888
         9         0.0456       -141.238
         9         0.0459       -140.675
         9         0.0462       -140.198
         9         0.0465       -139.809
         9         0.0468       -139.507
         9         0.0471       -139.291
         9         0.0474       -139.161
         9         0.0477       -139.118
        10        -0.0315              0
        10        -0.0312              0
        10        -0.0309              0
        10        -0.0306              0
        10        -0.0303              0
        10          -0.03              0
        10        -0.0297       -5.92307
        10        -0.0294       -18.1197
        10        -0.0291       -30.4677
        10        -0.0288       -42.9249
        10        -0.0285       -55.4705
        10        -0.0282       -68.0888
        10        -0.0279       -80.7637
        10        -0.0276       -93.4775
        10        -0.0273        -106.21
        10         -0.027       -118.937
        10        -0.0267       -131.632
        10        -0.0264        -144.26
        10        -0.0261       -156.784
        10        -0.0258       -169.155
        10        -0.0255       -181.317
        10        -0.0252       -193.202
        10        -0.0249       -204.729
        10        -0.0246       -215.795
        10        -0.0243       -226.278
        10         -0.024       -236.026
        10        -0.0237       -244.846
        10        -0.0234         -252.5
        10        -0.0231       -258.681
        10        -0.0228       -262.993
        10        -0.0225       -264.913
        10        -0.0222        -263.74
        10        -0.0219       -258.506
        10        -0.0216       -247.835
        10        -0.0213       -229.691
        10         -0.021       -200.904
        10        -0.0207       -156.225
        10        -0.0204       -86.2261
        10        -0.0201              0
        10        -0.0198              0
        10        -0.0195              0
        10        -0.0192       -27.4485
        10        -0.0189       -273.817
        10        -0.0186       -463.836
        10        -0.0183       -624.537
        10         -0.018        -768.45
        10        -0.0177       -902.212
        10        -0.0174       -1029.74
        10        -0.0171       -1153.56
        10        -0.0168       -1275.41
        10        -0.0165       -1396.58
        10        -0.0162       -1518.06
        10        -0.0159       -1640.67
        10        -0.0156       -1765.09
        10        -0.0153       -1891.94
        10         -0.015       -2021.75
        10        -0.0147       -2155.07
        10        -0.0144       -2292.39
        10        -0.0141       -2434.22
        10        -0.0138       -2581.07
        10        -0.0135       -2733.45
        10        -0.0132       -2891.91
        10        -0.0129       -3057.02
        10        -0.0126        -3229.4
        10        -0.0123       -3409.69
        10         -0.012       -3598.62
        10        -0.0117       -3796.97
        10        -0.0114       -4005.59
        10        -0.0111       -4225.45
        10        -0.0108       -4457.59
        10        -0.0105       -4703.23
        10        -0.0102        -4963.7
        10        -0.0099       -5240.55
        10        -0.0096       -5535.54
        10        -0.0093       -5850.71
        10         -0.009       -6188.43
        10        -0.0087       -6551.47
        10        -0.0084       -6943.15
        10        -0.0081       -7367.45
        10        -0.0078       -7829.17
        10        -0.0075        -8334.3
        10        -0.0072       -8890.31
        10        -0.0069       -9506.82
        10        -0.0066       -10196.5
        10        -0.0063       -10976.6
        10         -0.006       -11871.8
        10        -0.0057       -12919.7
        10        -0.0054       -14188.4
        10        -0.0051         -15000
        10        -0.0048         -15000
        10        -0.0045         -15000
        10        -0.0042       -14966.9
        10        -0.0039       -14748.8
        10        -0.0036         -14563
        10        -0.0033       -14409.3
        10         -0.003       -14285.8
        10        -0.0027       -14189.2
        10        -0.0024       -14115.9
        10        -0.0021       -14062.2
        10        -0.0018       -14024.7
        10        -0.0015         -14000
        10        -0.0012       -13985.1
        10        -0.0009       -13977.1
        10        -0.0006       -13973.7
        10        -0.0003       -13972.6
        10              0       -13972.6
        10         0.0003       -13972.7
        10         0.0006       -13972.7
        10         0.0009       -13973.1
        10         0.0012       -13974.9
        10         0.0015       -13979.7
        10         0.0018       -13989.8
        10         0.0021       -14007.7
        10         0.0024       -14036.3
        10         0.0027       -14078.9
        10          0.003       -14138.6
        10         0.0033       -14219.2
        10         0.0036       -14324.2
        10         0.0039       -14457.2
        10         0.0042       -14621.1
        10         0.0045       -14817.2
        10         0.0048         -15000
        10         0.0051         -15000
        10         0.0054         -15000
        10         0.0057         -15000
        10          0.006       -13747.3
        10         0.0063       -12562.8
        10         0.0066       -11571.5
        10         0.0069       -10718.9
        10         0.0072       -9972.51
        10         0.0075       -9310.29
        10         0.0078       -8716.67
        10         0.0081       -8180.09
        10         0.0084       -7691.68
        10         0.0087       -7244.52
        10          0.009       -6833.05
        10         0.0093       -6452.76
        10         0.0096       -6099.91
        10         0.0099       -5771.39
        10         0.0102       -5464.57
        10         0.0105       -5177.19
        10         0.0108       -4907.31
        10         0.0111       -4653.26
        10         0.0114       -4413.55
        10         0.0117        -4186.9
        10          0.012       -3972.14
        10         0.0123       -3768.26
        10         0.0126       -3574.33
        10         0.0129       -3389.51
        10         0.0132       -3213.04
        10         0.0135       -3044.22
        10         0.0138       -2882.41
        10         0.0141       -2726.99
        10         0.0144       -2577.39
        10         0.0147       -2433.07
        10          0.015       -2293.51
        10         0.0153       -2158.17
        10         0.0156       -2026.55
        10         0.0159        -1898.1
        10         0.0162       -1772.27
        10         0.0165       -1648.45
        10         0.0168       -1525.98
        10         0.0171       -1404.07
        10         0.0174       -1281.79
        10         0.0177       -1157.98
        10          0.018       -1031.09
        10         0.0183       -899.003
        10         0.0186        -758.56
        10         0.0189       -604.763
        10         0.0192       -428.909
        10         0.0195       -214.033
        10         0.0198              0
        10         0.0201              0
        10         0.0204              0
        10         0.0207       -20.7986
        10          0.021       -145.626
        10         0.0213       -226.725
        10         0.0216        -282.15
        10         0.0219        -321.19
        10         0.0222       -349.098
        10         0.0225       -369.089
        10         0.0228       -383.253
        10         0.0231       -393.019
        10         0.0234       -399.401
        10         0.0237       -403.139
        10          0.024       -404.791
        10         0.0243       -404.781
        10         0.0246        -403.44
        10         0.0249        -401.03
        10         0.0252       -397.759
        10         0.0255       -393.796
        10         0.0258       -389.277
        10         0.0261       -384.316
        10         0.0264       -379.004
        10         0.0267       -373.418
        10          0.027       -367.623
        10         0.0273       -361.672
        10         0.0276        -355.61
        10         0.0279       -349.474
        10         0.0282       -343.297
        10         0.0285       -337.105
        10         0.0288       -330.921
        10         0.0291       -324.764
        10         0.0294        -318.65
        10         0.0297       -312.593
        10           0.03       -306.604
        10         0.0303       -300.693
        10         0.0306       -294.869
        10         0.0309       -289.137
        10         0.0312       -283.504
        10         0.0315       -277.973
        10         0.0318        -272.55
        10         0.0321       -267.236
        10         0.0324       -262.034
        10         0.0327       -256.946
        10          0.033       -251.973
        10         0.0333       -247.117
        10         0.0336       -242.377
        10         0.0339       -237.755
        10         0.0342        -233.25
        10         0.0345       -228.862
        10         0.0348       -224.592
        10         0.0351       -220.437
        10         0.0354       -216.398
        10         0.0357       -212.475
        10          0.036       -208.665
        10         0.0363       -204.969
        10         0.0366       -201.385
        10         0.0369       -197.913
        10         0.0372       -194.552
        10         0.0375       -191.299
        10         0.0378       -188.155
        10         0.0381       -185.119
        10         0.0384       -182.188
        10         0.0387       -179.363
        10          0.039       -176.641
        10         0.0393       -174.023
        10         0.0396       -171.507
        10         0.0399       -169.091
        10         0.0402       -166.776
        10         0.0405       -164.559
        10         0.0408       -162.441
        10         0.0411        -160.42
        10         0.0414       -158.495
        10         0.0417       -156.665
        10          0.042        -154.93
        10         0.0423       -153.289
        10         0.0426        -151.74
        10         0.0429       -150.285
        10         0.0432        -148.92
        10         0.0435       -147.647
        10         0.0438       -146.464
        10         0.0441       -145.371
        10         0.0444       -144.368
        10         0.0447       -143.453
        10          0.045       -142.627
        10         0.0453       -141.888
        10         0.0456       -141.238
        10         0.0459       -140.675
        10         0.0462       -140.198
        10         0.0465       -139.809
        10         0.0468       -139.507
        10         0.0471       -139.291
        10         0.0474       -139.161
        10         0.0477       -139.118
        11        -0.0315              0
        11        -0.0312              0
        11        -0.0309              0
        11        -0.0306              0
        11        -0.0303              0
        11          -0.03              0
        11        -0.0297       -5.92307
        11        -0.0294       -18.1197
        11        -0.0291       -30.4677
        11        -0.0288       -42.9249
        11        -0.0285       -55.4705
        11        -0.0282       -68.0888
        11        -0.0279       -80.7637
        11        -0.0276       -93.4775
        11        -0.0273        -106.21
        11         -0.027       -118.937
        11        -0.0267       -131.632
        11        -0.0264        -144.26
        11        -0.0261       -156.784
        11        -0.0258       -169.155
        11        -0.0255       -181.317
        11        -0.0252       -193.202
        11        -0.0249       -204.729
        11        -0.0246       -215.795
        11        -0.0243       -226.278
        11         -0.024       -236.026
        11        -0.0237       -244.846
        11        -0.0234         -252.5
        11        -0.0231       -258.681
        11        -0.0228       -262.993
        11        -0.0225       -264.913
        11        -0.0222        -263.74
        11        -0.0219       -258.506
        11        -0.0216       -247.835
        11        -0.0213       -229.691
        11         -0.021       -200.904
        11        -0.0207       -156.225
        11        -0.0204       -86.2261
        11        -0.0201              0
        11        -0.0198              0
        11        -0.0195              0
        11        -0.0192       -27.4485
        11        -0.0189       -273.817
        11        -0.0186       -463.836
        11        -0.0183       -624.537
        11         -0.018        -768.45
        11        -0.0177       -902.212
        11        -0.0174       -1029.74
        11        -0.0171       -1153.56
        11        -0.0168       -1275.41
        11        -0.0165       -1396.58
        11        -0.0162       -1518.06
        11        -0.0159       -1640.67
        11        -0.0156       -1765.09
        11        -0.0153       -1891.94
        11         -0.015       -2021.75
        11        -0.0147       -2155.07
        11        -0.0144       -2292.39
        11        -0.0141       -2434.22
        11        -0.0138       -2581.07
        11        -0.0135       -2733.45
        11        -0.0132       -2891.91
        11        -0.0129       -3057.02
        11        -0.0126        -3229.4
        11        -0.0123       -3409.69
        11         -0.012       -3598.62
        11        -0.0117       -3796.97
        11        -0.0114       -4005.59
        11        -0.0111       -4225.45
        11        -0.0108       -4457.59
        11        -0.0105       -4703.23
        11        -0.0102        -4963.7
        11        -0.0099       -5240.55
        11        -0.0096       -5535.54
        11        -0.0093       -5850.71
        11         -0.009       -6188.43
        11        -0.0087       -6551.47
        11        -0.0084       -6943.15
        11        -0.0081       -7367.45
        11        -0.0078       -7829.17
        11        -0.0075        -8334.3
        11        -0.0072       -8890.31
        11        -0.0069       -9506.82
        11        -0.0066       -10196.5
        11        -0.0063       -10976.6
        11         -0.006       -11871.8
        11        -0.0057       -12919.7
        11        -0.0054       -14188.4
        11        -0.0051         -15000
        11        -0.0048         -15000
        11        -0.0045         -15000
        11        -0.0042       -14966.9
        11        -0.0039       -14748.8
        11        -0.0036         -14563
        11        -0.0033       -14409.3
        11         -0.003       -14285.8
        11        -0.0027       -14189.2
        11        -0.0024       -14115.9
        11        -0.0021       -14062.2
        11        -0.0018       -14024.7
        11        -0.0015         -14000
        11        -0.0012       -13985.1
        11        -0.0009       -13977.1
        11        -0.0006       -13973.7
        11        -0.0003       -13972.6
        11              0       -13972.6
        11         0.0003       -13972.7
        11         0.0006       -13972.7
        11         0.0009       -13973.1
        11         0.0012       -13974.9
        11         0.0015       -13979.7
        11         0.0018       -13989.8
        11         0.0021       -14007.7
        11         0.0024       -14036.3
        11         0.0027       -14078.9
        11          0.003       -14138.6
        11         0.0033       -14219.2
        11         0.0036       -14324.2
        11         0.0039       -14457.2
        11         0.0042       -14621.1
        11         0.0045       -14817.2
        11         0.0048         -15000
        11         0.0051         -15000
        11         0.0054         -15000
        11         0.0057         -15000
        11          0.006       -13747.3
        11         0.0063       -12562.8
        11         0.0066       -11571.5
        11         0.0069       -10718.9
        11         0.0072       -9972.51
        11         0.0075       -9310.29
        11         0.0078       -8716.67
        11         0.0081       -8180.09
        11         0.0084       -7691.68
        11         0.0087       -7244.52
        11          0.009       -6833.05
        11         0.0093       -6452.76
        11         0.0096       -6099.91
        11         0.0099       -5771.39
        11         0.0102       -5464.57
        11         0.0105       -5177.19
        11         0.0108       -4907.31
        11         0.0111       -4653.26
        11         0.0114       -4413.55
        11         0.0117        -4186.9
        11          0.012       -3972.14
        11         0.0123       -3768.26
        11         0.0126       -3574.33
        11         0.0129       -3389.51
        11         0.0132       -3213.04
        11         0.0135       -3044.22
        11         0.0138       -2882.41
        11         0.0141       -2726.99
        11         0.0144       -2577.39
        11         0.0147       -2433.07
        11          0.015       -2293.51
        11         0.0153       -2158.17
        11         0.0156       -2026.55
        11         0.0159        -1898.1
        11         0.0162       -1772.27
        11         0.0165       -1648.45
        11         0.0168       -1525.98
        11         0.0171       -1404.07
        11         0.0174       -1281.79
        11         0.0177       -1157.98
        11          0.018       -1031.09
        11         0.0183       -899.003
        11         0.0186        -758.56
        11         0.0189       -604.763
        11         0.0192       -428.909
        11         0.0195       -214.033
        11         0.0198              0
        11         0.0201              0
        11         0.0204              0
        11         0.0207       -20.7986
        11          0.021       -145.626
        11         0.0213       -226.725
        11         0.0216        -282.15
        11         0.0219        -321.19
        11         0.0222       -349.098
        11         0.0225       -369.089
        11         0.0228       -383.253
        11         0.0231       -393.019
        11         0.0234       -399.401
        11         0.0237       -403.139
        11          0.024       -404.791
        11         0.0243       -404.781
        11         0.0246        -403.44
        11         0.0249        -401.03
        11         0.0252       -397.759
        11         0.0255       -393.796
        11         0.0258       -389.277
        11         0.0261       -384.316
        11         0.0264       -379.004
        11         0.0267       -373.418
        11          0.027       -367.623
        11         0.0273       -361.672
        11         0.0276        -355.61
        11         0.0279       -349.474
        11         0.0282       -343.297
        11         0.0285       -337.105
        11         0.0288       -330.921
        11         0.0291       -324.764
        11         0.0294        -318.65
        11         0.0297       -312.593
        11           0.03       -306.604
        11         0.0303       -300.693
        11         0.0306       -294.869
        11         0.0309       -289.137
        11         0.0312       -283.504
        11         0.0315       -277.973
        11         0.0318        -272.55
        11         0.0321       -267.236
        11         0.0324       -262.034
        11         0.0327       -256.946
        11          0.033       -251.973
        11         0.0333       -247.117
        11         0.0336       -242.377
        11         0.0339       -237.755
        11         0.0342        -233.25
        11         0.0345       -228.862
        11         0.0348       -224.592
        11         0.0351       -220.437
        11         0.0354       -216.398
        11         0.0357       -212.475
        11          0.036       -208.665
        11         0.0363       -204.969
        11         0.0366       -201.385
        11         0.0369       -197.913
        11         0.0372       -194.552
        11         0.0375       -191.299
        11         0.0378       -188.155
        11         0.0381       -185.119
        11         0.0384       -182.188
        11         0.0387       -179.363
        11          0.039       -176.641
        11         0.0393       -174.023
        11         0.0396       -171.507
        11         0.0399       -169.091
        11         0.0402       -166.776
        11         0.0405       -164.559
        11         0.0408       -162.441
        11         0.0411        -160.42
        11         0.0414       -158.495
        11         0.0417       -156.665
        11          0.042        -154.93
        11         0.0423       -153.289
        11         0.0426        -151.74
        11         0.0429       -150.285
        11         0.0432        -148.92
        11         0.0435       -147.647
        11         0.0438       -146.464
        11         0.0441       -145.371
        11         0.0444       -144.368
        11         0.0447       -143.453
        11          0.045       -142.627
        11         0.0453       -141.888
        11         0.0456       -141.238
        11         0.0459       -140.675
        11         0.0462       -140.198
        11         0.0465       -139.809
        11         0.0468       -139.507
        11         0.0471       -139.291
        11         0.0474       -139.161
        11         0.0477       -139.118
        12        -0.0315              0
        12        -0.0312              0
        12        -0.0309              0
        12        -0.0306              0
        12        -0.0303              0
        12          -0.03              0
        12        -0.0297       -5.92307
        12        -0.0294       -18.1197
        12        -0.0291       -30.4677
        12        -0.0288       -42.9249
        12        -0.0285       -55.4705
        12        -0.0282       -68.0888
        12        -0.0279       -80.7637
        12        -0.0276       -93.4775
        12        -0.0273        -106.21
        12         -0.027       -118.937
        12        -0.0267       -131.632
        12        -0.0264        -144.26
        12        -0.0261       -156.784
        12        -0.0258       -169.155
        12        -0.0255       -181.317
        12        -0.0252       -193.202
        12        -0.0249       -204.729
        12        -0.0246       -215.795
        12        -0.0243       -226.278
        12         -0.024       -236.026
        12        -0.0237       -244.846
        12        -0.0234         -252.5
        12        -0.0231       -258.681
        12        -0.0228       -262.993
        12        -0.0225       -264.913
        12        -0.0222        -263.74
        12        -0.0219       -258.506
        12        -0.0216       -247.835
        12        -0.0213       -229.691
        12         -0.021       -200.904
        12        -0.0207       -156.225
        12        -0.0204       -86.2261
        12        -0.0201              0
        12        -0.0198              0
        12        -0.0195              0
        12        -0.0192       -27.4485
        12        -0.0189       -273.817
        12        -0.0186       -463.836
        12        -0.0183       -624.537
        12         -0.018        -768.45
        12        -0.0177       -902.212
        12        -0.0174       -1029.74
        12        -0.0171       -1153.56
        12        -0.0168       -1275.41
        12        -0.0165       -1396.58
        12        -0.0162       -1518.06
        12        -0.0159       -1640.67
        12        -0.0156       -1765.09
        12        -0.0153       -1891.94
        12         -0.015       -2021.75
        12        -0.0147       -2155.07
        12        -0.0144       -2292.39
        12        -0.0141       -2434.22
        12        -0.0138       -2581.07
        12        -0.0135       -2733.45
        12        -0.0132       -2891.91
        12        -0.0129       -3057.02
        12        -0.0126        -3229.4
        12        -0.0123       -3409.69
        12         -0.012       -3598.62
        12        -0.0117       -3796.97
        12        -0.0114       -4005.59
        12        -0.0111       -4225.45
        12        -0.0108       -4457.59
        12        -0.0105       -4703.23
        12        -0.0102        -4963.7
        12        -0.0099       -5240.55
        12        -0.0096       -5535.54
        12        -0.0093       -5850.71
        12         -0.009       -6188.43
        12        -0.0087       -6551.47
        12        -0.0084       -6943.15
        12        -0.0081       -7367.45
        12        -0.0078       -7829.17
        12        -0.0075        -8334.3
        12        -0.0072       -8890.31
        12        -0.0069       -9506.82
        12        -0.0066       -10196.5
        12        -0.0063       -10976.6
        12         -0.006       -11871.8
        12        -0.0057       -12919.7
        12        -0.0054       -14188.4
        12        -0.0051         -15000
        12        -0.0048         -15000
        12        -0.0045         -15000
        12        -0.0042       -14966.9
        12        -0.0039       -14748.8
        12        -0.0036         -14563
        12        -0.0033       -14409.3
        12         -0.003       -14285.8
        12        -0.0027       -14189.2
        12        -0.0024       -14115.9
        12        -0.0021       -14062.2
        12        -0.0018       -14024.7
        12        -0.0015         -14000
        12        -0.0012       -13985.1
        12        -0.0009       -13977.1
        12        -0.0006       -13973.7
        12        -0.0003       -13972.6
        12              0       -13972.6
        12         0.0003       -13972.7
        12         0.0006       -13972.7
        12         0.0009       -13973.1
        12         0.0012       -13974.9
        12         0.0015       -13979.7
        12         0.0018       -13989.8
        12         0.0021       -14007.7
        12         0.0024       -14036.3
        12         0.0027       -14078.9
        12          0.003       -14138.6
        12         0.0033       -14219.2
        12         0.0036       -14324.2
        12         0.0039       -14457.2
        12         0.0042       -14621.1
        12         0.0045       -14817.2
        12         0.0048         -15000
        12         0.0051         -15000
        12         0.0054         -15000
        12         0.0057         -15000
        12          0.006       -13747.3
        12         0.0063       -12562.8
        12         0.0066       -11571.5
        12         0.0069       -10718.9
        12         0.0072       -9972.51
        12         0.0075       -9310.29
        12         0.0078       -8716.67
        12         0.0081       -8180.09
        12         0.0084       -7691.68
        12         0.0087       -7244.52
        12          0.009       -6833.05
        12         0.0093       -6452.76
        12         0.0096       -6099.91
        12         0.0099       -5771.39
        12         0.0102       -5464.57
        12         0.0105       -5177.19
        12         0.0108       -4907.31
        12         0.0111       -4653.26
        12         0.0114       -4413.55
        12         0.0117        -4186.9
        12          0.012       -3972.14
        12         0.0123       -3768.26
        12         0.0126       -3574.33
        12         0.0129       -3389.51
        12         0.0132       -3213.04
        12         0.0135       -3044.22
        12         0.0138       -2882.41
        12         0.0141       -2726.99
        12         0.0144       -2577.39
        12         0.0147       -2433.07
        12          0.015       -2293.51
        12         0.0153       -2158.17
        12         0.0156       -2026.55
        12         0.0159        -1898.1
        12         0.0162       -1772.27
        12         0.0165       -1648.45
        12         0.0168       -1525.98
        12         0.0171       -1404.07
        12         0.0174       -1281.79
        12         0.0177       -1157.98
        12          0.018       -1031.09
        12         0.0183       -899.003
        12         0.0186        -758.56
        12         0.0189       -604.763
        12         0.0192       -428.909
        12         0.0195       -214.033
        12         0.0198              0
        12         0.0201              0
        12         0.0204              0
        12         0.0207       -20.7986
        12          0.021       -145.626
        12         0.0213       -226.725
        12         0.0216        -282.15
        12         0.0219        -321.19
        12         0.0222       -349.098
        12         0.0225       -369.089
        12         0.0228       -383.253
        12         0.0231       -393.019
        12         0.0234       -399.401
        12         0.0237       -403.139
        12          0.024       -404.791
        12         0.0243       -404.781
        12         0.0246        -403.44
        12         0.0249        -401.03
        12         0.0252       -397.759
        12         0.0255       -393.796
        12         0.0258       -389.277
        12         0.0261       -384.316
        12         0.0264       -379.004
        12         0.0267       -373.418
        12          0.027       -367.623
        12         0.0273       -361.672
        12         0.0276        -355.61
        12         0.0279       -349.474
        12         0.0282       -343.297
        12         0.0285       -337.105
        12         0.0288       -330.921
        12         0.0291       -324.764
        12         0.0294        -318.65
        12         0.0297       -312.593
        12           0.03       -306.604
        12         0.0303       -300.693
        12         0.0306       -294.869
        12         0.0309       -289.137
        12         0.0312       -283.504
        12         0.0315       -277.973
        12         0.0318        -272.55
        12         0.0321       -267.236
        12         0.0324       -262.034
        12         0.0327       -256.946
        12          0.033       -251.973
        12         0.0333       -247.117
        12         0.0336       -242.377
        12         0.0339       -237.755
        12         0.0342        -233.25
        12         0.0345       -228.862
        12         0.0348       -224.592
        12         0.0351       -220.437
        12         0.0354       -216.398
        12         0.0357       -212.475
        12          0.036       -208.665
        12         0.0363       -204.969
        12         0.0366       -201.385
        12         0.0369       -197.913
        12         0.0372       -194.552
        12         0.0375       -191.299
        12         0.0378       -188.155
        12         0.0381       -185.119
        12         0.0384       -182.188
        12         0.0387       -179.363
        12          0.039       -176.641
        12         0.0393       -174.023
        12         0.0396       -171.507
        12         0.0399       -169.091
        12         0.0402       -166.776
        12         0.0405       -164.559
        12         0.0408       -162.441
        12         0.0411        -160.42
        12         0.0414       -158.495
        12         0.0417       -156.665
        12          0.042        -154.93
        12         0.0423       -153.289
        12         0.0426        -151.74
        12         0.0429       -150.285
        12         0.0432        -148.92
        12         0.0435       -147.647
        12         0.0438       -146.464
        12         0.0441       -145.371
        12         0.0444       -144.368
        12         0.0447       -143.453
        12          0.045       -142.627
        12         0.0453       -141.888
        12         0.0456       -141.238
        12         0.0459       -140.675
        12         0.0462       -140.198
        12         0.0465       -139.809
        12         0.0468       -139.507
        12         0.0471       -139.291
        12         0.0474       -139.161
        12         0.0477       -139.118
        13        -0.0315              0
        13        -0.0312              0
        13        -0.0309              0
        13        -0.0306              0
        13        -0.0303              0
        13          -0.03              0
        13        -0.0297       -5.92307
        13        -0.0294       -18.1197
        13        -0.0291       -30.4677
        13        -0.0288       -42.9249
        13        -0.0285       -55.4705
        13        -0.0282       -68.0888
        13        -0.0279       -80.7637
        13        -0.0276       -93.4775
        13        -0.0273        -106.21
        13         -0.027       -118.937
        13        -0.0267       -131.632
        13        -0.0264        -144.26
        13        -0.0261       -156.784
        13        -0.0258       -169.155
        13        -0.0255       -181.317
        13        -0.0252       -193.202
        13        -0.0249       -204.729
        13        -0.0246       -215.795
        13        -0.0243       -226.278
        13         -0.024       -236.026
        13        -0.0237       -244.846
        13        -0.0234         -252.5
        13        -0.0231       -258.681
        13        -0.0228       -262.993
        13        -0.0225       -264.913
        13        -0.0222        -263.74
        13        -0.0219       -258.506
        13        -0.0216       -247.835
        13        -0.0213       -229.691
        13         -0.021       -200.904
        13        -0.0207       -156.225
        13        -0.0204       -86.2261
        13        -0.0201              0
        13        -0.0198              0
        13        -0.0195              0
        13        -0.0192       -27.4485
        13        -0.0189       -273.817
        13        -0.0186       -463.836
        13        -0.0183       -624.537
        13         -0.018        -768.45
        13        -0.0177       -902.212
        13        -0.0174       -1029.74
        13        -0.0171       -1153.56
        13        -0.0168       -1275.41
        13        -0.0165       -1396.58
        13        -0.0162       -1518.06
        13        -0.0159       -1640.67
        13        -0.0156       -1765.09
        13        -0.0153       -1891.94
        13         -0.015       -2021.75
        13        -0.0147       -2155.07
        13        -0.0144       -2292.39
        13        -0.0141       -2434.22
        13        -0.0138       -2581.07
        13        -0.0135       -2733.45
        13        -0.0132       -2891.91
        13        -0.0129       -3057.02
        13        -0.0126        -3229.4
        13        -0.0123       -3409.69
        13         -0.012       -3598.62
        13        -0.0117       -3796.97
        13        -0.0114       -4005.59
        13        -0.0111       -4225.45
        13        -0.0108       -4457.59
        13        -0.0105       -4703.23
        13        -0.0102        -4963.7
        13        -0.0099       -5240.55
        13        -0.0096       -5535.54
        13        -0.0093       -5850.71
        13         -0.009       -6188.43
        13        -0.0087       -6551.47
        13        -0.0084       -6943.15
        13        -0.0081       -7367.45
        13        -0.0078       -7829.17
        13        -0.0075        -8334.3
        13        -0.0072       -8890.31
        13        -0.0069       -9506.82
        13        -0.0066       -10196.5
        13        -0.0063       -10976.6
        13         -0.006       -11871.8
        13        -0.0057       -12919.7
        13        -0.0054       -14188.4
        13        -0.0051         -15000
        13        -0.0048         -15000
        13        -0.0045         -15000
        13        -0.0042       -14966.9
        13        -0.0039       -14748.8
        13        -0.0036         -14563
        13        -0.0033       -14409.3
        13         -0.003       -14285.8
        13        -0.0027       -14189.2
        13        -0.0024       -14115.9
        13        -0.0021       -14062.2
        13        -0.0018       -14024.7
        13        -0.0015         -14000
        13        -0.0012       -13985.1
        13        -0.0009       -13977.1
        13        -0.0006       -13973.7
        13        -0.0003       -13972.6
        13              0       -13972.6
        13         0.0003       -13972.7
        13         0.0006       -13972.7
        13         0.0009       -13973.1
        13         0.0012       -13974.9
        13         0.0015       -13979.7
        13         0.0018       -13989.8
        13         0.0021       -14007.7
        13         0.0024       -14036.3
        13         0.0027       -14078.9
        13          0.003       -14138.6
        13         0.0033       -14219.2
        13         0.0036       -14324.2
        13         0.0039       -14457.2
        13         0.0042       -14621.1
        13         0.0045       -14817.2
        13         0.0048         -15000
        13         0.0051         -15000
        13         0.0054         -15000
        13         0.0057         -15000
        13          0.006       -13747.3
        13         0.0063       -12562.8
        13         0.0066       -11571.5
        13         0.0069       -10718.9
        13         0.0072       -9972.51
        13         0.0075       -9310.29
        13         0.0078       -8716.67
        13         0.0081       -8180.09
        13         0.0084       -7691.68
        13         0.0087       -7244.52
        13          0.009       -6833.05
        13         0.0093       -6452.76
        13         0.0096       -6099.91
        13         0.0099       -5771.39
        13         0.0102       -5464.57
        13         0.0105       -5177.19
        13         0.0108       -4907.31
        13         0.0111       -4653.26
        13         0.0114       -4413.55
        13         0.0117        -4186.9
        13          0.012       -3972.14
        13         0.0123       -3768.26
        13         0.0126       -3574.33
        13         0.0129       -3389.51
        13         0.0132       -3213.04
        13         0.0135       -3044.22
        13         0.0138       -2882.41
        13         0.0141       -2726.99
        13         0.0144       -2577.39
        13         0.0147       -2433.07
        13          0.015       -2293.51
        13         0.0153       -2158.17
        13         0.0156       -2026.55
        13         0.0159        -1898.1
        13         0.0162       -1772.27
        13         0.0165       -1648.45
        13         0.0168       -1525.98
        13         0.0171       -1404.07
        13         0.0174       -1281.79
        13         0.0177       -1157.98
        13          0.018       -1031.09
        13         0.0183       -899.003
        13         0.0186        -758.56
        13         0.0189       -604.763
        13         0.0192       -428.909
        13         0.0195       -214.033
        13         0.0198              0
        13         0.0201              0
        13         0.0204              0
        13         0.0207       -20.7986
        13          0.021       -145.626
        13         0.0213       -226.725
        13         0.0216        -282.15
        13         0.0219        -321.19
        13         0.0222       -349.098
        13         0.0225       -369.089
        13         0.0228       -383.253
        13         0.0231       -393.019
        13         0.0234       -399.401
        13         0.0237       -403.139
        13          0.024       -404.791
        13         0.0243       -404.781
        13         0.0246        -403.44
        13         0.0249        -401.03
        13         0.0252       -397.759
        13         0.0255       -393.796
        13         0.0258       -389.277
        13         0.0261       -384.316
        13         0.0264       -379.004
        13         0.0267       -373.418
        13          0.027       -367.623
        13         0.0273       -361.672
        13         0.0276        -355.61
        13         0.0279       -349.474
        13         0.0282       -343.297
        13         0.0285       -337.105
        13         0.0288       -330.921
        13         0.0291       -324.764
        13         0.0294        -318.65
        13         0.0297       -312.593
        13           0.03       -306.604
        13         0.0303       -300.693
        13         0.0306       -294.869
        13         0.0309       -289.137
        13         0.0312       -283.504
        13         0.0315       -277.973
        13         0.0318        -272.55
        13         0.0321       -267.236
        13         0.0324       -262.034
        13         0.0327       -256.946
        13          0.033       -251.973
        13         0.0333       -247.117
        13         0.0336       -242.377
        13         0.0339       -237.755
        13         0.0342        -233.25
        13         0.0345       -228.862
        13         0.0348       -224.592
        13         0.0351       -220.437
        13         0.0354       -216.398
        13         0.0357       -212.475
        13          0.036       -208.665
        13         0.0363       -204.969
        13         0.0366       -201.385
        13         0.0369       -197.913
        13         0.0372       -194.552
        13         0.0375       -191.299
        13         0.0378       -188.155
        13         0.0381       -185.119
        13         0.0384       -182.188
        13         0.0387       -179.363
        13          0.039       -176.641
        13         0.0393       -174.023
        13         0.0396       -171.507
        13         0.0399       -169.091
        13         0.0402       -166.776
        13         0.0405       -164.559
        13         0.0408       -162.441
        13         0.0411        -160.42
        13         0.0414       -158.495
        13         0.0417       -156.665
        13          0.042        -154.93
        13         0.0423       -153.289
        13         0.0426        -151.74
        13         0.0429       -150.285
        13         0.0432        -148.92
        13         0.0435       -147.647
        13         0.0438       -146.464
        13         0.0441       -145.371
        13         0.0444       -144.368
        13         0.0447       -143.453
        13          0.045       -142.627
        13         0.0453       -141.888
        13         0.0456       -141.238
        13         0.0459       -140.675
        13         0.0462       -140.198
        13         0.0465       -139.809
        13         0.0468       -139.507
        13         0.0471       -139.291
        13         0.0474       -139.161
        13         0.0477       -139.118
        14        -0.0315              0
        14        -0.0312              0
        14        -0.0309              0
        14        -0.0306              0
        14        -0.0303              0
        14          -0.03              0
        14        -0.0297       -5.92307
        14        -0.0294       -18.1197
        14        -0.0291       -30.4677
        14        -0.0288       -42.9249
        14        -0.0285       -55.4705
        14        -0.0282       -68.0888
        14        -0.0279       -80.7637
        14        -0.0276       -93.4775
        14        -0.0273        -106.21
        14         -0.027       -118.937
        14        -0.0267       -131.632
        14        -0.0264        -144.26
        14        -0.0261       -156.784
        14        -0.0258       -169.155
        14        -0.0255       -181.317
        14        -0.0252       -193.202
        14        -0.0249       -204.729
        14        -0.0246       -215.795
        14        -0.0243       -226.278
        14         -0.024       -236.026
        14        -0.0237       -244.846
        14        -0.0234         -252.5
        14        -0.0231       -258.681
        14        -0.0228       -262.993
        14        -0.0225       -264.913
        14        -0.0222        -263.74
        14        -0.0219       -258.506
        14        -0.0216       -247.835
        14        -0.0213       -229.691
        14         -0.021       -200.904
        14        -0.0207       -156.225
        14        -0.0204       -86.2261
        14        -0.0201              0
        14        -0.0198              0
        14        -0.0195              0
        14        -0.0192       -27.4485
        14        -0.0189       -273.817
        14        -0.0186       -463.836
        14        -0.0183       -624.537
        14         -0.018        -768.45
        14        -0.0177       -902.212
        14        -0.0174       -1029.74
        14        -0.0171       -1153.56
        14        -0.0168       -1275.41
        14        -0.0165       -1396.58
        14        -0.0162       -1518.06
        14        -0.0159       -1640.67
        14        -0.0156       -1765.09
        14        -0.0153       -1891.94
        14         -0.015       -2021.75
        14        -0.0147       -2155.07
        14        -0.0144       -2292.39
        14        -0.0141       -2434.22
        14        -0.0138       -2581.07
        14        -0.0135       -2733.45
        14        -0.0132       -2891.91
        14        -0.0129       -3057.02
        14        -0.0126        -3229.4
        14        -0.0123       -3409.69
        14         -0.012       -3598.62
        14        -0.0117       -3796.97
        14        -0.0114       -4005.59
        14        -0.0111       -4225.45
        14        -0.0108       -4457.59
        14        -0.0105       -4703.23
        14        -0.0102        -4963.7
        14        -0.0099       -5240.55
        14        -0.0096       -5535.54
        14        -0.0093       -5850.71
        14         -0.009       -6188.43
        14        -0.0087       -6551.47
        14        -0.0084       -6943.15
        14        -0.0081       -7367.45
        14        -0.0078       -7829.17
        14        -0.0075        -8334.3
        14        -0.0072       -8890.31
        14        -0.0069       -9506.82
        14        -0.0066       -10196.5
        14        -0.0063       -10976.6
        14         -0.006       -11871.8
        14        -0.0057       -12919.7
        14        -0.0054       -14188.4
        14        -0.0051         -15000
        14        -0.0048         -15000
        14        -0.0045         -15000
        14        -0.0042       -14966.9
        14        -0.0039       -14748.8
        14        -0.0036         -14563
        14        -0.0033       -14409.3
        14         -0.003       -14285.8
        14        -0.0027       -14189.2
        14        -0.0024       -14115.9
        14        -0.0021       -14062.2
        14        -0.0018       -14024.7
        14        -0.0015         -14000
        14        -0.0012       -13985.1
        14        -0.0009       -13977.1
        14        -0.0006       -13973.7
        14        -0.0003       -13972.6
        14              0       -13972.6
        14         0.0003       -13972.7
        14         0.0006       -13972.7
        14         0.0009       -13973.1
        14         0.0012       -13974.9
        14         0.0015       -13979.7
        14         0.0018       -13989.8
        14         0.0021       -14007.7
        14         0.0024       -14036.3
        14         0.0027       -14078.9
        14          0.003       -14138.6
        14         0.0033       -14219.2
        14         0.0036       -14324.2
        14         0.0039       -14457.2
        14         0.0042       -14621.1
        14         0.0045       -14817.2
        14         0.0048         -15000
        14         0.0051         -15000
        14         0.0054         -15000
        14         0.0057         -15000
        14          0.006       -13747.3
        14         0.0063       -12562.8
        14         0.0066       -11571.5
        14         0.0069       -10718.9
        14         0.0072       -9972.51
        14         0.0075       -9310.29
        14         0.0078       -8716.67
        14         0.0081       -8180.09
        14         0.0084       -7691.68
        14         0.0087       -7244.52
        14          0.009       -6833.05
        14         0.0093       -6452.76
        14         0.0096       -6099.91
        14         0.0099       -5771.39
        14         0.0102       -5464.57
        14         0.0105       -5177.19
        14         0.0108       -4907.31
        14         0.0111       -4653.26
        14         0.0114       -4413.55
        14         0.0117        -4186.9
        14          0.012       -3972.14
        14         0.0123       -3768.26
        14         0.0126       -3574.33
        14         0.0129       -3389.51
        14         0.0132       -3213.04
        14         0.0135       -3044.22
        14         0.0138       -2882.41
        14         0.0141       -2726.99
        14         0.0144       -2577.39
        14         0.0147       -2433.07
        14          0.015       -2293.51
        14         0.0153       -2158.17
        14         0.0156       -2026.55
        14         0.0159        -1898.1
        14         0.0162       -1772.27
        14         0.0165       -1648.45
        14         0.0168       -1525.98
        14         0.0171       -1404.07
        14         0.0174       -1281.79
        14         0.0177       -1157.98
        14          0.018       -1031.09
        14         0.0183       -899.003
        14         0.0186        -758.56
        14         0.0189       -604.763
        14         0.0192       -428.909
        14         0.0195       -214.033
        14         0.0198              0
        14         0.0201              0
        14         0.0204              0
        14         0.0207       -20.7986
        14          0.021       -145.626
        14         0.0213       -226.725
        14         0.0216        -282.15
        14         0.0219        -321.19
        14         0.0222       -349.098
        14         0.0225       -369.089
        14         0.0228       -383.253
        14         0.0231       -393.019
        14         0.0234       -399.401
        14         0.0237       -403.139
        14          0.024       -404.791
        14         0.0243       -404.781
        14         0.0246        -403.44
        14         0.0249        -401.03
        14         0.0252       -397.759
        14         0.0255       -393.796
        14         0.0258       -389.277
        14         0.0261       -384.316
        14         0.0264       -379.004
        14         0.0267       -373.418
        14          0.027       -367.623
        14         0.0273       -361.672
        14         0.0276        -355.61
        14         0.0279       -349.474
        14         0.0282       -343.297
        14         0.0285       -337.105
        14         0.0288       -330.921
        14         0.0291       -324.764
        14         0.0294        -318.65
        14         0.0297       -312.593
        14           0.03       -306.604
        14         0.0303       -300.693
        14         0.0306       -294.869
        14         0.0309       -289.137
        14         0.0312       -283.504
        14         0.0315       -277.973
        14         0.0318        -272.55
        14         0.0321       -267.236
        14         0.0324       -262.034
        14         0.0327       -256.946
        14          0.033       -251.973
        14         0.0333       -247.117
        14         0.0336       -242.377
        14         0.0339       -237.755
        14         0.0342        -233.25
        14         0.0345       -228.862
        14         0.0348       -224.592
        14         0.0351       -220.437
        14         0.0354       -216.398
        14         0.0357       -212.475
        14          0.036       -208.665
        14         0.0363       -204.969
        14         0.0366       -201.385
        14         0.0369       -197.913
        14         0.0372       -194.552
        14         0.0375       -191.299
        14         0.0378       -188.155
        14         0.0381       -185.119
        14         0.0384       -182.188
        14         0.0387       -179.363
        14          0.039       -176.641
        14         0.0393       -174.023
        14         0.0396       -171.507
        14         0.0399       -169.091
        14         0.0402       -166.776
        14         0.0405       -164.559
        14         0.0408       -162.441
        14         0.0411        -160.42
        14         0.0414       -158.495
        14         0.0417       -156.665
        14          0.042        -154.93
        14         0.0423       -153.289
        14         0.0426        -151.74
        14         0.0429       -150.285
        14         0.0432        -148.92
        14         0.0435       -147.647
        14         0.0438       -146.464
        14         0.0441       -145.371
        14         0.0444       -144.368
        14         0.0447       -143.453
        14          0.045       -142.627
        14         0.0453       -141.888
        14         0.0456       -141.238
        14         0.0459       -140.675
        14         0.0462       -140.198
        14         0.0465       -139.809
        14         0.0468       -139.507
        14         0.0471       -139.291
        14         0.0474       -139.161
        14         0.0477       -139.118
        15        -0.0315              0
        15        -0.0312              0
        15        -0.0309              0
        15        -0.0306              0
        15        -0.0303              0
        15          -0.03              0
        15        -0.0297       -5.92307
        15        -0.0294       -18.1197
        15        -0.0291       -30.4677
        15        -0.0288       -42.9249
        15        -0.0285       -55.4705
        15        -0.0282       -68.0888
        15        -0.0279       -80.7637
        15        -0.0276       -93.4775
        15        -0.0273        -106.21
        15         -0.027       -118.937
        15        -0.0267       -131.632
        15        -0.0264        -144.26
        15        -0.0261       -156.784
        15        -0.0258       -169.155
        15        -0.0255       -181.317
        15        -0.0252       -193.202
        15        -0.0249       -204.729
        15        -0.0246       -215.795
        15        -0.0243       -226.278
        15         -0.024       -236.026
        15        -0.0237       -244.846
        15        -0.0234         -252.5
        15        -0.0231       -258.681
        15        -0.0228       -262.993
        15        -0.0225       -264.913
        15        -0.0222        -263.74
        15        -0.0219       -258.506
        15        -0.0216       -247.835
        15        -0.0213       -229.691
        15         -0.021       -200.904
        15        -0.0207       -156.225
        15        -0.0204       -86.2261
        15        -0.0201              0
        15        -0.0198              0
        15        -0.0195              0
        15        -0.0192       -27.4485
        15        -0.0189       -273.817
        15        -0.0186       -463.836
        15        -0.0183       -624.537
        15         -0.018        -768.45
        15        -0.0177       -902.212
        15        -0.0174       -1029.74
        15        -0.0171       -1153.56
        15        -0.0168       -1275.41
        15        -0.0165       -1396.58
        15        -0.0162       -1518.06
        15        -0.0159       -1640.67
        15        -0.0156       -1765.09
        15        -0.0153       -1891.94
        15         -0.015       -2021.75
        15        -0.0147       -2155.07
        15        -0.0144       -2292.39
        15        -0.0141       -2434.22
        15        -0.0138       -2581.07
        15        -0.0135       -2733.45
        15        -0.0132       -2891.91
        15        -0.0129       -3057.02
        15        -0.0126        -3229.4
        15        -0.0123       -3409.69
        15         -0.012       -3598.62
        15        -0.0117       -3796.97
        15        -0.0114       -4005.59
        15        -0.0111       -4225.45
        15        -0.0108       -4457.59
        15        -0.0105       -4703.23
        15        -0.0102        -4963.7
        15        -0.0099       -5240.55
        15        -0.0096       -5535.54
        15        -0.0093       -5850.71
        15         -0.009       -6188.43
        15        -0.0087       -6551.47
        15        -0.0084       -6943.15
        15        -0.0081       -7367.45
        15        -0.0078       -7829.17
        15        -0.0075        -8334.3
        15        -0.0072       -8890.31
        15        -0.0069       -9506.82
        15        -0.0066       -10196.5
        15        -0.0063       -10976.6
        15         -0.006       -11871.8
        15        -0.0057       -12919.7
        15        -0.0054       -14188.4
        15        -0.0051         -15000
        15        -0.0048         -15000
        15        -0.0045         -15000
        15        -0.0042       -14966.9
        15        -0.0039       -14748.8
        15        -0.0036         -14563
        15        -0.0033       -14409.3
        15         -0.003       -14285.8
        15        -0.0027       -14189.2
        15        -0.0024       -14115.9
        15        -0.0021       -14062.2
        15        -0.0018       -14024.7
        15        -0.0015         -14000
        15        -0.0012       -13985.1
        15        -0.0009       -13977.1
        15        -0.0006       -13973.7
        15        -0.0003       -13972.6
        15              0       -13972.6
        15         0.0003       -13972.7
        15         0.0006       -13972.7
        15         0.0009       -13973.1
        15         0.0012       -13974.9
        15         0.0015       -13979.7
        15         0.0018       -13989.8
        15         0.0021       -14007.7
        15         0.0024       -14036.3
        15         0.0027       -14078.9
        15          0.003       -14138.6
        15         0.0033       -14219.2
        15         0.0036       -14324.2
        15         0.0039       -14457.2
        15         0.0042       -14621.1
        15         0.0045       -14817.2
        15         0.0048         -15000
        15         0.0051         -15000
        15         0.0054         -15000
        15         0.0057         -15000
        15          0.006       -13747.3
        15         0.0063       -12562.8
        15         0.0066       -11571.5
        15         0.0069       -10718.9
        15         0.0072       -9972.51
        15         0.0075       -9310.29
        15         0.0078       -8716.67
        15         0.0081       -8180.09
        15         0.0084       -7691.68
        15         0.0087       -7244.52
        15          0.009       -6833.05
        15         0.0093       -6452.76
        15         0.0096       -6099.91
        15         0.0099       -5771.39
        15         0.0102       -5464.57
        15         0.0105       -5177.19
        15         0.0108       -4907.31
        15         0.0111       -4653.26
        15         0.0114       -4413.55
        15         0.0117        -4186.9
        15          0.012       -3972.14
        15         0.0123       -3768.26
        15         0.0126       -3574.33
        15         0.0129       -3389.51
        15         0.0132       -3213.04
        15         0.0135       -3044.22
        15         0.0138       -2882.41
        15         0.0141       -2726.99
        15         0.0144       -2577.39
        15         0.0147       -2433.07
        15          0.015       -2293.51
        15         0.0153       -2158.17
        15         0.0156       -2026.55
        15         0.0159        -1898.1
        15         0.0162       -1772.27
        15         0.0165       -1648.45
        15         0.0168       -1525.98
        15         0.0171       -1404.07
        15         0.0174       -1281.79
        15         0.0177       -1157.98
        15          0.018       -1031.09
        15         0.0183       -899.003
        15         0.0186        -758.56
        15         0.0189       -604.763
        15         0.0192       -428.909
        15         0.0195       -214.033
        15         0.0198              0
        15         0.0201              0
        15         0.0204              0
        15         0.0207       -20.7986
        15          0.021       -145.626
        15         0.0213       -226.725
        15         0.0216        -282.15
        15         0.0219        -321.19
        15         0.0222       -349.098
        15         0.0225       -369.089
        15         0.0228       -383.253
        15         0.0231       -393.019
        15         0.0234       -399.401
        15         0.0237       -403.139
        15          0.024       -404.791
        15         0.0243       -404.781
        15         0.0246        -403.44
        15         0.0249        -401.03
        15         0.0252       -397.759
        15         0.0255       -393.796
        15         0.0258       -389.277
        15         0.0261       -384.316
        15         0.0264       -379.004
        15         0.0267       -373.418
        15          0.027       -367.623
        15         0.0273       -361.672
        15         0.0276        -355.61
        15         0.0279       -349.474
        15         0.0282       -343.297
        15         0.0285       -337.105
        15         0.0288       -330.921
        15         0.0291       -324.764
        15         0.0294        -318.65
        15         0.0297       -312.593
        15           0.03       -306.604
        15         0.0303       -300.693
        15         0.0306       -294.869
        15         0.0309       -289.137
        15         0.0312       -283.504
        15         0.0315       -277.973
        15         0.0318        -272.55
        15         0.0321       -267.236
        15         0.0324       -262.034
        15         0.0327       -256.946
        15          0.033       -251.973
        15         0.0333       -247.117
        15         0.0336       -242.377
        15         0.0339       -237.755
        15         0.0342        -233.25
        15         0.0345       -228.862
        15         0.0348       -224.592
        15         0.0351       -220.437
        15         0.0354       -216.398
        15         0.0357       -212.475
        15          0.036       -208.665
        15         0.0363       -204.969
        15         0.0366       -201.385
        15         0.0369       -197.913
        15         0.0372       -194.552
        15         0.0375       -191.299
        15         0.0378       -188.155
        15         0.0381       -185.119
        15         0.0384       -182.188
        15         0.0387       -179.363
        15          0.039       -176.641
        15         0.0393       -174.023
        15         0.0396       -171.507
        15         0.0399       -169.091
        15         0.0402       -166.776
        15         0.0405       -164.559
        15         0.0408       -162.441
        15         0.0411        -160.42
        15         0.0414       -158.495
        15         0.0417       -156.665
        15          0.042        -154.93
        15         0.0423       -153.289
        15         0.0426        -151.74
        15         0.0429       -150.285
        15         0.0432        -148.92
        15         0.0435       -147.647
        15         0.0438       -146.464
        15         0.0441       -145.371
        15         0.0444       -144.368
        15         0.0447       -143.453
        15          0.045       -142.627
        15         0.0453       -141.888
        15         0.0456       -141.238
        15         0.0459       -140.675
        15         0.0462       -140.198
        15         0.0465       -139.809
        15         0.0468       -139.507
        15         0.0471       -139.291
        15         0.0474       -139.161
        15         0.0477       -139.118
        16        -0.0315              0
        16        -0.0312              0
        16        -0.0309              0
        16        -0.0306              0
        16        -0.0303              0
        16          -0.03              0
        16        -0.0297       -5.92307
        16        -0.0294       -18.1197
        16        -0.0291       -30.4677
        16        -0.0288       -42.9249
        16        -0.0285       -55.4705
        16        -0.0282       -68.0888
        16        -0.0279       -80.7637
        16        -0.0276       -93.4775
        16        -0.0273        -106.21
        16         -0.027       -118.937
        16        -0.0267       -131.632
        16        -0.0264        -144.26
        16        -0.0261       -156.784
        16        -0.0258       -169.155
        16        -0.0255       -181.317
        16        -0.0252       -193.202
        16        -0.0249       -204.729
        16        -0.0246       -215.795
        16        -0.0243       -226.278
        16         -0.024       -236.026
        16        -0.0237       -244.846
        16        -0.0234         -252.5
        16        -0.0231       -258.681
        16        -0.0228       -262.993
        16        -0.0225       -264.913
        16        -0.0222        -263.74
        16        -0.0219       -258.506
        16        -0.0216       -247.835
        16        -0.0213       -229.691
        16         -0.021       -200.904
        16        -0.0207       -156.225
        16        -0.0204       -86.2261
        16        -0.0201              0
        16        -0.0198              0
        16        -0.0195              0
        16        -0.0192       -27.4485
        16        -0.0189       -273.817
        16        -0.0186       -463.836
        16        -0.0183       -624.537
        16         -0.018        -768.45
        16        -0.0177       -902.212
        16        -0.0174       -1029.74
        16        -0.0171       -1153.56
        16        -0.0168       -1275.41
        16        -0.0165       -1396.58
        16        -0.0162       -1518.06
        16        -0.0159       -1640.67
        16        -0.0156       -1765.09
        16        -0.0153       -1891.94
        16         -0.015       -2021.75
        16        -0.0147       -2155.07
        16        -0.0144       -2292.39
        16        -0.0141       -2434.22
        16        -0.0138       -2581.07
        16        -0.0135       -2733.45
        16        -0.0132       -2891.91
        16        -0.0129       -3057.02
        16        -0.0126        -3229.4
        16        -0.0123       -3409.69
        16         -0.012       -3598.62
        16        -0.0117       -3796.97
        16        -0.0114       -4005.59
        16        -0.0111       -4225.45
        16        -0.0108       -4457.59
        16        -0.0105       -4703.23
        16        -0.0102        -4963.7
        16        -0.0099       -5240.55
        16        -0.0096       -5535.54
        16        -0.0093       -5850.71
        16         -0.009       -6188.43
        16        -0.0087       -6551.47
        16        -0.0084       -6943.15
        16        -0.0081       -7367.45
        16        -0.0078       -7829.17
        16        -0.0075        -8334.3
        16        -0.0072       -8890.31
        16        -0.0069       -9506.82
        16        -0.0066       -10196.5
        16        -0.0063       -10976.6
        16         -0.006       -11871.8
        16        -0.0057       -12919.7
        16        -0.0054       -14188.4
        16        -0.0051         -15000
        16        -0.0048         -15000
        16        -0.0045         -15000
        16        -0.0042       -14966.9
        16        -0.0039       -14748.8
        16        -0.0036         -14563
        16        -0.0033       -14409.3
        16         -0.003       -14285.8
        16        -0.0027       -14189.2
        16        -0.0024       -14115.9
        16        -0.0021       -14062.2
        16        -0.0018       -14024.7
        16        -0.0015         -14000
        16        -0.0012       -13985.1
        16        -0.0009       -13977.1
        16        -0.0006       -13973.7
        16        -0.0003       -13972.6
        16              0       -13972.6
        16         0.0003       -13972.7
        16         0.0006       -13972.7
        16         0.0009       -13973.1
        16         0.0012       -13974.9
        16         0.0015       -13979.7
        16         0.0018       -13989.8
        16         0.0021       -14007.7
        16         0.0024       -14036.3
        16         0.0027       -14078.9
        16          0.003       -14138.6
        16         0.0033       -14219.2
        16         0.0036       -14324.2
        16         0.0039       -14457.2
        16         0.0042       -14621.1
        16         0.0045       -14817.2
        16         0.0048         -15000
        16         0.0051         -15000
        16         0.0054         -15000
        16         0.0057         -15000
        16          0.006       -13747.3
        16         0.0063       -12562.8
        16         0.0066       -11571.5
        16         0.0069       -10718.9
        16         0.0072       -9972.51
        16         0.0075       -9310.29
        16         0.0078       -8716.67
        16         0.0081       -8180.09
        16         0.0084       -7691.68
        16         0.0087       -7244.52
        16          0.009       -6833.05
        16         0.0093       -6452.76
        16         0.0096       -6099.91
        16         0.0099       -5771.39
        16         0.0102       -5464.57
        16         0.0105       -5177.19
        16         0.0108       -4907.31
        16         0.0111       -4653.26
        16         0.0114       -4413.55
        16         0.0117        -4186.9
        16          0.012       -3972.14
        16         0.0123       -3768.26
        16         0.0126       -3574.33
        16         0.0129       -3389.51
        16         0.0132       -3213.04
        16         0.0135       -3044.22
        16         0.0138       -2882.41
        16         0.0141       -2726.99
        16         0.0144       -2577.39
        16         0.0147       -2433.07
        16          0.015       -2293.51
        16         0.0153       -2158.17
        16         0.0156       -2026.55
        16         0.0159        -1898.1
        16         0.0162       -1772.27
        16         0.0165       -1648.45
        16         0.0168       -1525.98
        16         0.0171       -1404.07
        16         0.0174       -1281.79
        16         0.0177       -1157.98
        16          0.018       -1031.09
        16         0.0183       -899.003
        16         0.0186        -758.56
        16         0.0189       -604.763
        16         0.0192       -428.909
        16         0.0195       -214.033
        16         0.0198              0
        16         0.0201              0
        16         0.0204              0
        16         0.0207       -20.7986
        16          0.021       -145.626
        16         0.0213       -226.725
        16         0.0216        -282.15
        16         0.0219        -321.19
        16         0.0222       -349.098
        16         0.0225       -369.089
        16         0.0228       -383.253
        16         0.0231       -393.019
        16         0.0234       -399.401
        16         0.0237       -403.139
        16          0.024       -404.791
        16         0.0243       -404.781
        16         0.0246        -403.44
        16         0.0249        -401.03
        16         0.0252       -397.759
        16         0.0255       -393.796
        16         0.0258       -389.277
        16         0.0261       -384.316
        16         0.0264       -379.004
        16         0.0267       -373.418
        16          0.027       -367.623
        16         0.0273       -361.672
        16         0.0276        -355.61
        16         0.0279       -349.474
        16         0.0282       -343.297
        16         0.0285       -337.105
        16         0.0288       -330.921
        16         0.0291       -324.764
        16         0.0294        -318.65
        16         0.0297       -312.593
        16           0.03       -306.604
        16         0.0303       -300.693
        16         0.0306       -294.869
        16         0.0309       -289.137
        16         0.0312       -283.504
        16         0.0315       -277.973
        16         0.0318        -272.55
        16         0.0321       -267.236
        16         0.0324       -262.034
        16         0.0327       -256.946
        16          0.033       -251.973
        16         0.0333       -247.117
        16         0.0336       -242.377
        16         0.0339       -237.755
        16         0.0342        -233.25
        16         0.0345       -228.862
        16         0.0348       -224.592
        16         0.0351       -220.437
        16         0.0354       -216.398
        16         0.0357       -212.475
        16          0.036       -208.665
        16         0.0363       -204.969
        16         0.0366       -201.385
        16         0.0369       -197.913
        16         0.0372       -194.552
        16         0.0375       -191.299
        16         0.0378       -188.155
        16         0.0381       -185.119
        16         0.0384       -182.188
        16         0.0387       -179.363
        16          0.039       -176.641
        16         0.0393       -174.023
        16         0.0396       -171.507
        16         0.0399       -169.091
        16         0.0402       -166.776
        16         0.0405       -164.559
        16         0.0408       -162.441
        16         0.0411        -160.42
        16         0.0414       -158.495
        16         0.0417       -156.665
        16          0.042        -154.93
        16         0.0423       -153.289
        16         0.0426        -151.74
        16         0.0429       -150.285
        16         0.0432        -148.92
        16         0.0435       -147.647
        16         0.0438       -146.464
        16         0.0441       -145.371
        16         0.0444       -144.368
        16         0.0447       -143.453
        16          0.045       -142.627
        16         0.0453       -141.888
        16         0.0456       -141.238
        16         0.0459       -140.675
        16         0.0462       -140.198
        16         0.0465       -139.809
        16         0.0468       -139.507
        16         0.0471       -139.291
        16         0.0474       -139.161
        16         0.0477       -139.118
        17        -0.0315              0
        17        -0.0312              0
        17        -0.0309              0
        17        -0.0306              0
        17        -0.0303              0
        17          -0.03              0
        17        -0.0297       -5.92307
        17        -0.0294       -18.1197
        17        -0.0291       -30.4677
        17        -0.0288       -42.9249
        17        -0.0285       -55.4705
        17        -0.0282       -68.0888
        17        -0.0279       -80.7637
        17        -0.0276       -93.4775
        17        -0.0273        -106.21
        17         -0.027       -118.937
        17        -0.0267       -131.632
        17        -0.0264        -144.26
        17        -0.0261       -156.784
        17        -0.0258       -169.155
        17        -0.0255       -181.317
        17        -0.0252       -193.202
        17        -0.0249       -204.729
        17        -0.0246       -215.795
        17        -0.0243       -226.278
        17         -0.024       -236.026
        17        -0.0237       -244.846
        17        -0.0234         -252.5
        17        -0.0231       -258.681
        17        -0.0228       -262.993
        17        -0.0225       -264.913
        17        -0.0222        -263.74
        17        -0.0219       -258.506
        17        -0.0216       -247.835
        17        -0.0213       -229.691
        17         -0.021       -200.904
        17        -0.0207       -156.225
        17        -0.0204       -86.2261
        17        -0.0201              0
        17        -0.0198              0
        17        -0.0195              0
        17        -0.0192       -27.4485
        17        -0.0189       -273.817
        17        -0.0186       -463.836
        17        -0.0183       -624.537
        17         -0.018        -768.45
        17        -0.0177       -902.212
        17        -0.0174       -1029.74
        17        -0.0171       -1153.56
        17        -0.0168       -1275.41
        17        -0.0165       -1396.58
        17        -0.0162       -1518.06
        17        -0.0159       -1640.67
        17        -0.0156       -1765.09
        17        -0.0153       -1891.94
        17         -0.015       -2021.75
        17        -0.0147       -2155.07
        17        -0.0144       -2292.39
        17        -0.0141       -2434.22
        17        -0.0138       -2581.07
        17        -0.0135       -2733.45
        17        -0.0132       -2891.91
        17        -0.0129       -3057.02
        17        -0.0126        -3229.4
        17        -0.0123       -3409.69
        17         -0.012       -3598.62
        17        -0.0117       -3796.97
        17        -0.0114       -4005.59
        17        -0.0111       -4225.45
        17        -0.0108       -4457.59
        17        -0.0105       -4703.23
        17        -0.0102        -4963.7
        17        -0.0099       -5240.55
        17        -0.0096       -5535.54
        17        -0.0093       -5850.71
        17         -0.009       -6188.43
        17        -0.0087       -6551.47
        17        -0.0084       -6943.15
        17        -0.0081       -7367.45
        17        -0.0078       -7829.17
        17        -0.0075        -8334.3
        17        -0.0072       -8890.31
        17        -0.0069       -9506.82
        17        -0.0066       -10196.5
        17        -0.0063       -10976.6
        17         -0.006       -11871.8
        17        -0.0057       -12919.7
        17        -0.0054       -14188.4
        17        -0.0051         -15000
        17        -0.0048         -15000
        17        -0.0045         -15000
        17        -0.0042       -14966.9
        17        -0.0039       -14748.8
        17        -0.0036         -14563
        17        -0.0033       -14409.3
        17         -0.003       -14285.8
        17        -0.0027       -14189.2
        17        -0.0024       -14115.9
        17        -0.0021       -14062.2
        17        -0.0018       -14024.7
        17        -0.0015         -14000
        17        -0.0012       -13985.1
        17        -0.0009       -13977.1
        17        -0.0006       -13973.7
        17        -0.0003       -13972.6
        17              0       -13972.6
        17         0.0003       -13972.7
        17         0.0006       -13972.7
        17         0.0009       -13973.1
        17         0.0012       -13974.9
        17         0.0015       -13979.7
        17         0.0018       -13989.8
        17         0.0021       -14007.7
        17         0.0024       -14036.3
        17         0.0027       -14078.9
        17          0.003       -14138.6
        17         0.0033       -14219.2
        17         0.0036       -14324.2
        17         0.0039       -14457.2
        17         0.0042       -14621.1
        17         0.0045       -14817.2
        17         0.0048         -15000
        17         0.0051         -15000
        17         0.0054         -15000
        17         0.0057         -15000
        17          0.006       -13747.3
        17         0.0063       -12562.8
        17         0.0066       -11571.5
        17         0.0069       -10718.9
        17         0.0072       -9972.51
        17         0.0075       -9310.29
        17         0.0078       -8716.67
        17         0.0081       -8180.09
        17         0.0084       -7691.68
        17         0.0087       -7244.52
        17          0.009       -6833.05
        17         0.0093       -6452.76
        17         0.0096       -6099.91
        17         0.0099       -5771.39
        17         0.0102       -5464.57
        17         0.0105       -5177.19
        17         0.0108       -4907.31
        17         0.0111       -4653.26
        17         0.0114       -4413.55
        17         0.0117        -4186.9
        17          0.012       -3972.14
        17         0.0123       -3768.26
        17         0.0126       -3574.33
        17         0.0129       -3389.51
        17         0.0132       -3213.04
        17         0.0135       -3044.22
        17         0.0138       -2882.41
        17         0.0141       -2726.99
        17         0.0144       -2577.39
        17         0.0147       -2433.07
        17          0.015       -2293.51
        17         0.0153       -2158.17
        17         0.0156       -2026.55
        17         0.0159        -1898.1
        17         0.0162       -1772.27
        17         0.0165       -1648.45
        17         0.0168       -1525.98
        17         0.0171       -1404.07
        17         0.0174       -1281.79
        17         0.0177       -1157.98
        17          0.018       -1031.09
        17         0.0183       -899.003
        17         0.0186        -758.56
        17         0.0189       -604.763
        17         0.0192       -428.909
        17         0.0195       -214.033
        17         0.0198              0
        17         0.0201              0
        17         0.0204              0
        17         0.0207       -20.7986
        17          0.021       -145.626
        17         0.0213       -226.725
        17         0.0216        -282.15
        17         0.0219        -321.19
        17         0.0222       -349.098
        17         0.0225       -369.089
        17         0.0228       -383.253
        17         0.0231       -393.019
        17         0.0234       -399.401
        17         0.0237       -403.139
        17          0.024       -404.791
        17         0.0243       -404.781
        17         0.0246        -403.44
        17         0.0249        -401.03
        17         0.0252       -397.759
        17         0.0255       -393.796
        17         0.0258       -389.277
        17         0.0261       -384.316
        17         0.0264       -379.004
        17         0.0267       -373.418
        17          0.027       -367.623
        17         0.0273       -361.672
        17         0.0276        -355.61
        17         0.0279       -349.474
        17         0.0282       -343.297
        17         0.0285       -337.105
        17         0.0288       -330.921
        17         0.0291       -324.764
        17         0.0294        -318.65
        17         0.0297       -312.593
        17           0.03       -306.604
        17         0.0303       -300.693
        17         0.0306       -294.869
        17         0.0309       -289.137
        17         0.0312       -283.504
        17         0.0315       -277.973
        17         0.0318        -272.55
        17         0.0321       -267.236
        17         0.0324       -262.034
        17         0.0327       -256.946
        17          0.033       -251.973
        17         0.0333       -247.117
        17         0.0336       -242.377
        17         0.0339       -237.755
        17         0.0342        -233.25
        17         0.0345       -228.862
        17         0.0348       -224.592
        17         0.0351       -220.437
        17         0.0354       -216.398
        17         0.0357       -212.475
        17          0.036       -208.665
        17         0.0363       -204.969
        17         0.0366       -201.385
        17         0.0369       -197.913
        17         0.0372       -194.552
        17         0.0375       -191.299
        17         0.0378       -188.155
        17         0.0381       -185.119
        17         0.0384       -182.188
        17         0.0387       -179.363
        17          0.039       -176.641
        17         0.0393       -174.023
        17         0.0396       -171.507
        17         0.0399       -169.091
        17         0.0402       -166.776
        17         0.0405       -164.559
        17         0.0408       -162.441
        17         0.0411        -160.42
        17         0.0414       -158.495
        17         0.0417       -156.665
        17          0.042        -154.93
        17         0.0423       -153.289
        17         0.0426        -151.74
        17         0.0429       -150.285
        17         0.0432        -148.92
        17         0.0435       -147.647
        17         0.0438       -146.464
        17         0.0441       -145.371
        17         0.0444       -144.368
        17         0.0447       -143.453
        17          0.045       -142.627
        17         0.0453       -141.888
        17         0.0456       -141.238
        17         0.0459       -140.675
        17         0.0462       -140.198
        17         0.0465       -139.809
        17         0.0468       -139.507
        17         0.0471       -139.291
        17         0.0474       -139.161
        17         0.0477       -139.118
        18        -0.0315              0
        18        -0.0312              0
        18        -0.0309              0
        18        -0.0306              0
        18        -0.0303              0
        18          -0.03              0
        18        -0.0297       -5.92307
        18        -0.0294       -18.1197
        18        -0.0291       -30.4677
        18        -0.0288       -42.9249
        18        -0.0285       -55.4705
        18        -0.0282       -68.0888
        18        -0.0279       -80.7637
        18        -0.0276       -93.4775
        18        -0.0273        -106.21
        18         -0.027       -118.937
        18        -0.0267       -131.632
        18        -0.0264        -144.26
        18        -0.0261       -156.784
        18        -0.0258       -169.155
        18        -0.0255       -181.317
        18        -0.0252       -193.202
        18        -0.0249       -204.729
        18        -0.0246       -215.795
        18        -0.0243       -226.278
        18         -0.024       -236.026
        18        -0.0237       -244.846
        18        -0.0234         -252.5
        18        -0.0231       -258.681
        18        -0.0228       -262.993
        18        -0.0225       -264.913
        18        -0.0222        -263.74
        18        -0.0219       -258.506
        18        -0.0216       -247.835
        18        -0.0213       -229.691
        18         -0.021       -200.904
        18        -0.0207       -156.225
        18        -0.0204       -86.2261
        18        -0.0201              0
        18        -0.0198              0
        18        -0.0195              0
        18        -0.0192       -27.4485
        18        -0.0189       -273.817
        18        -0.0186       -463.836
        18        -0.0183       -624.537
        18         -0.018        -768.45
        18        -0.0177       -902.212
        18        -0.0174       -1029.74
        18        -0.0171       -1153.56
        18        -0.0168       -1275.41
        18        -0.0165       -1396.58
        18        -0.0162       -1518.06
        18        -0.0159       -1640.67
        18        -0.0156       -1765.09
        18        -0.0153       -1891.94
        18         -0.015       -2021.75
        18        -0.0147       -2155.07
        18        -0.0144       -2292.39
        18        -0.0141       -2434.22
        18        -0.0138       -2581.07
        18        -0.0135       -2733.45
        18        -0.0132       -2891.91
        18        -0.0129       -3057.02
        18        -0.0126        -3229.4
        18        -0.0123       -3409.69
        18         -0.012       -3598.62
        18        -0.0117       -3796.97
        18        -0.0114       -4005.59
        18        -0.0111       -4225.45
        18        -0.0108       -4457.59
        18        -0.0105       -4703.23
        18        -0.0102        -4963.7
        18        -0.0099       -5240.55
        18        -0.0096       -5535.54
        18        -0.0093       -5850.71
        18         -0.009       -6188.43
        18        -0.0087       -6551.47
        18        -0.0084       -6943.15
        18        -0.0081       -7367.45
        18        -0.0078       -7829.17
        18        -0.0075        -8334.3
        18        -0.0072       -8890.31
        18        -0.0069       -9506.82
        18        -0.0066       -10196.5
        18        -0.0063       -10976.6
        18         -0.006       -11871.8
        18        -0.0057       -12919.7
        18        -0.0054       -14188.4
        18        -0.0051         -15000
        18        -0.0048         -15000
        18        -0.0045         -15000
        18        -0.0042       -14966.9
        18        -0.0039       -14748.8
        18        -0.0036         -14563
        18        -0.0033       -14409.3
        18         -0.003       -14285.8
        18        -0.0027       -14189.2
        18        -0.0024       -14115.9
        18        -0.0021       -14062.2
        18        -0.0018       -14024.7
        18        -0.0015         -14000
        18        -0.0012       -13985.1
        18        -0.0009       -13977.1
        18        -0.0006       -13973.7
        18        -0.0003       -13972.6
        18              0       -13972.6
        18         0.0003       -13972.7
        18         0.0006       -13972.7
        18         0.0009       -13973.1
        18         0.0012       -13974.9
        18         0.0015       -13979.7
        18         0.0018       -13989.8
        18         0.0021       -14007.7
        18         0.0024       -14036.3
        18         0.0027       -14078.9
        18          0.003       -14138.6
        18         0.0033       -14219.2
        18         0.0036       -14324.2
        18         0.0039       -14457.2
        18         0.0042       -14621.1
        18         0.0045       -14817.2
        18         0.0048         -15000
        18         0.0051         -15000
        18         0.0054         -15000
        18         0.0057         -15000
        18          0.006       -13747.3
        18         0.0063       -12562.8
        18         0.0066       -11571.5
        18         0.0069       -10718.9
        18         0.0072       -9972.51
        18         0.0075       -9310.29
        18         0.0078       -8716.67
        18         0.0081       -8180.09
        18         0.0084       -7691.68
        18         0.0087       -7244.52
        18          0.009       -6833.05
        18         0.0093       -6452.76
        18         0.0096       -6099.91
        18         0.0099       -5771.39
        18         0.0102       -5464.57
        18         0.0105       -5177.19
        18         0.0108       -4907.31
        18         0.0111       -4653.26
        18         0.0114       -4413.55
        18         0.0117        -4186.9
        18          0.012       -3972.14
        18         0.0123       -3768.26
        18         0.0126       -3574.33
        18         0.0129       -3389.51
        18         0.0132       -3213.04
        18         0.0135       -3044.22
        18         0.0138       -2882.41
        18         0.0141       -2726.99
        18         0.0144       -2577.39
        18         0.0147       -2433.07
        18          0.015       -2293.51
        18         0.0153       -2158.17
        18         0.0156       -2026.55
        18         0.0159        -1898.1
        18         0.0162       -1772.27
        18         0.0165       -1648.45
        18         0.0168       -1525.98
        18         0.0171       -1404.07
        18         0.0174       -1281.79
        18         0.0177       -1157.98
        18          0.018       -1031.09
        18         0.0183       -899.003
        18         0.0186        -758.56
        18         0.0189       -604.763
        18         0.0192       -428.909
        18         0.0195       -214.033
        18         0.0198              0
        18         0.0201              0
        18         0.0204              0
        18         0.0207       -20.7986
        18          0.021       -145.626
        18         0.0213       -226.725
        18         0.0216        -282.15
        18         0.0219        -321.19
        18         0.0222       -349.098
        18         0.0225       -369.089
        18         0.0228       -383.253
        18         0.0231       -393.019
        18         0.0234       -399.401
        18         0.0237       -403.139
        18          0.024       -404.791
        18         0.0243       -404.781
        18         0.0246        -403.44
        18         0.0249        -401.03
        18         0.0252       -397.759
        18         0.0255       -393.796
        18         0.0258       -389.277
        18         0.0261       -384.316
        18         0.0264       -379.004
        18         0.0267       -373.418
        18          0.027       -367.623
        18         0.0273       -361.672
        18         0.0276        -355.61
        18         0.0279       -349.474
        18         0.0282       -343.297
        18         0.0285       -337.105
        18         0.0288       -330.921
        18         0.0291       -324.764
        18         0.0294        -318.65
        18         0.0297       -312.593
        18           0.03       -306.604
        18         0.0303       -300.693
        18         0.0306       -294.869
        18         0.0309       -289.137
        18         0.0312       -283.504
        18         0.0315       -277.973
        18         0.0318        -272.55
        18         0.0321       -267.236
        18         0.0324       -262.034
        18         0.0327       -256.946
        18          0.033       -251.973
        18         0.0333       -247.117
        18         0.0336       -242.377
        18         0.0339       -237.755
        18         0.0342        -233.25
        18         0.0345       -228.862
        18         0.0348       -224.592
        18         0.0351       -220.437
        18         0.0354       -216.398
        18         0.0357       -212.475
        18          0.036       -208.665
        18         0.0363       -204.969
        18         0.0366       -201.385
        18         0.0369       -197.913
        18         0.0372       -194.552
        18         0.0375       -191.299
        18         0.0378       -188.155
        18         0.0381       -185.119
        18         0.0384       -182.188
        18         0.0387       -179.363
        18          0.039       -176.641
        18         0.0393       -174.023
        18         0.0396       -171.507
        18         0.0399       -169.091
        18         0.0402       -166.776
        18         0.0405       -164.559
        18         0.0408       -162.441
        18         0.0411        -160.42
        18         0.0414       -158.495
        18         0.0417       -156.665
        18          0.042        -154.93
        18         0.0423       -153.289
        18         0.0426        -151.74
        18         0.0429       -150.285
        18         0.0432        -148.92
        18         0.0435       -147.647
        18         0.0438       -146.464
        18         0.0441       -145.371
        18         0.0444       -144.368
        18         0.0447       -143.453
        18          0.045       -142.627
        18         0.0453       -141.888
        18         0.0456       -141.238
        18         0.0459       -140.675
        18         0.0462       -140.198
        18         0.0465       -139.809
        18         0.0468       -139.507
        18         0.0471       -139.291
        18         0.0474       -139.161
        18         0.0477       -139.118
        19        -0.0315              0
        19        -0.0312              0
        19        -0.0309              0
        19        -0.0306              0
        19        -0.0303              0
        19          -0.03              0
        19        -0.0297       -5.92307
        19        -0.0294       -18.1197
        19        -0.0291       -30.4677
        19        -0.0288       -42.9249
        19        -0.0285       -55.4705
        19        -0.0282       -68.0888
        19        -0.0279       -80.7637
        19        -0.0276       -93.4775
        19        -0.0273        -106.21
        19         -0.027       -118.937
        19        -0.0267       -131.632
        19        -0.0264        -144.26
        19        -0.0261       -156.784
        19        -0.0258       -169.155
        19        -0.0255       -181.317
        19        -0.0252       -193.202
        19        -0.0249       -204.729
        19        -0.0246       -215.795
        19        -0.0243       -226.278
        19         -0.024       -236.026
        19        -0.0237       -244.846
        19        -0.0234         -252.5
        19        -0.0231       -258.681
        19        -0.0228       -262.993
        19        -0.0225       -264.913
        19        -0.0222        -263.74
        19        -0.0219       -258.506
        19        -0.0216       -247.835
        19        -0.0213       -229.691
        19         -0.021       -200.904
        19        -0.0207       -156.225
        19        -0.0204       -86.2261
        19        -0.0201              0
        19        -0.0198              0
        19        -0.0195              0
        19        -0.0192       -27.4485
        19        -0.0189       -273.817
        19        -0.0186       -463.836
        19        -0.0183       -624.537
        19         -0.018        -768.45
        19        -0.0177       -902.212
        19        -0.0174       -1029.74
        19        -0.0171       -1153.56
        19        -0.0168       -1275.41
        19        -0.0165       -1396.58
        19        -0.0162       -1518.06
        19        -0.0159       -1640.67
        19        -0.0156       -1765.09
        19        -0.0153       -1891.94
        19         -0.015       -2021.75
        19        -0.0147       -2155.07
        19        -0.0144       -2292.39
        19        -0.0141       -2434.22
        19        -0.0138       -2581.07
        19        -0.0135       -2733.45
        19        -0.0132       -2891.91
        19        -0.0129       -3057.02
        19        -0.0126        -3229.4
        19        -0.0123       -3409.69
        19         -0.012       -3598.62
        19        -0.0117       -3796.97
        19        -0.0114       -4005.59
        19        -0.0111       -4225.45
        19        -0.0108       -4457.59
        19        -0.0105       -4703.23
        19        -0.0102        -4963.7
        19        -0.0099       -5240.55
        19        -0.0096       -5535.54
        19        -0.0093       -5850.71
        19         -0.009       -6188.43
        19        -0.0087       -6551.47
        19        -0.0084       -6943.15
        19        -0.0081       -7367.45
        19        -0.0078       -7829.17
        19        -0.0075        -8334.3
        19        -0.0072       -8890.31
        19        -0.0069       -9506.82
        19        -0.0066       -10196.5
        19        -0.0063       -10976.6
        19         -0.006       -11871.8
        19        -0.0057       -12919.7
        19        -0.0054       -14188.4
        19        -0.0051         -15000
        19        -0.0048         -15000
        19        -0.0045         -15000
        19        -0.0042       -14966.9
        19        -0.0039       -14748.8
        19        -0.0036         -14563
        19        -0.0033       -14409.3
        19         -0.003       -14285.8
        19        -0.0027       -14189.2
        19        -0.0024       -14115.9
        19        -0.0021       -14062.2
        19        -0.0018       -14024.7
        19        -0.0015         -14000
        19        -0.0012       -13985.1
        19        -0.0009       -13977.1
        19        -0.0006       -13973.7
        19        -0.0003       -13972.6
        19              0       -13972.6
        19         0.0003       -13972.7
        19         0.0006       -13972.7
        19         0.0009       -13973.1
        19         0.0012       -13974.9
        19         0.0015       -13979.7
        19         0.0018       -13989.8
        19         0.0021       -14007.7
        19         0.0024       -14036.3
        19         0.0027       -14078.9
        19          0.003       -14138.6
        19         0.0033       -14219.2
        19         0.0036       -14324.2
        19         0.0039       -14457.2
        19         0.0042       -14621.1
        19         0.0045       -14817.2
        19         0.0048         -15000
        19         0.0051         -15000
        19         0.0054         -15000
        19         0.0057         -15000
        19          0.006       -13747.3
        19         0.0063       -12562.8
        19         0.0066       -11571.5
        19         0.0069       -10718.9
        19         0.0072       -9972.51
        19         0.0075       -9310.29
        19         0.0078       -8716.67
        19         0.0081       -8180.09
        19         0.0084       -7691.68
        19         0.0087       -7244.52
        19          0.009       -6833.05
        19         0.0093       -6452.76
        19         0.0096       -6099.91
        19         0.0099       -5771.39
        19         0.0102       -5464.57
        19         0.0105       -5177.19
        19         0.0108       -4907.31
        19         0.0111       -4653.26
        19         0.0114       -4413.55
        19         0.0117        -4186.9
        19          0.012       -3972.14
        19         0.0123       -3768.26
        19         0.0126       -3574.33
        19         0.0129       -3389.51
        19         0.0132       -3213.04
        19         0.0135       -3044.22
        19         0.0138       -2882.41
        19         0.0141       -2726.99
        19         0.0144       -2577.39
        19         0.0147       -2433.07
        19          0.015       -2293.51
        19         0.0153       -2158.17
        19         0.0156       -2026.55
        19         0.0159        -1898.1
        19         0.0162       -1772.27
        19         0.0165       -1648.45
        19         0.0168       -1525.98
        19         0.0171       -1404.07
        19         0.0174       -1281.79
        19         0.0177       -1157.98
        19          0.018       -1031.09
        19         0.0183       -899.003
        19         0.0186        -758.56
        19         0.0189       -604.763
        19         0.0192       -428.909
        19         0.0195       -214.033
        19         0.0198              0
        19         0.0201              0
        19         0.0204              0
        19         0.0207       -20.7986
        19          0.021       -145.626
        19         0.0213       -226.725
        19         0.0216        -282.15
        19         0.0219        -321.19
        19         0.0222       -349.098
        19         0.0225       -369.089
        19         0.0228       -383.253
        19         0.0231       -393.019
        19         0.0234       -399.401
        19         0.0237       -403.139
        19          0.024       -404.791
        19         0.0243       -404.781
        19         0.0246        -403.44
        19         0.0249        -401.03
        19         0.0252       -397.759
        19         0.0255       -393.796
        19         0.0258       -389.277
        19         0.0261       -384.316
        19         0.0264       -379.004
        19         0.0267       -373.418
        19          0.027       -367.623
        19         0.0273       -361.672
        19         0.0276        -355.61
        19         0.0279       -349.474
        19         0.0282       -343.297
        19         0.0285       -337.105
        19         0.0288       -330.921
        19         0.0291       -324.764
        19         0.0294        -318.65
        19         0.0297       -312.593
        19           0.03       -306.604
        19         0.0303       -300.693
        19         0.0306       -294.869
        19         0.0309       -289.137
        19         0.0312       -283.504
        19         0.0315       -277.973
        19         0.0318        -272.55
        19         0.0321       -267.236
        19         0.0324       -262.034
        19         0.0327       -256.946
        19          0.033       -251.973
        19         0.0333       -247.117
        19         0.0336       -242.377
        19         0.0339       -237.755
        19         0.0342        -233.25
        19         0.0345       -228.862
        19         0.0348       -224.592
        19         0.0351       -220.437
        19         0.0354       -216.398
        19         0.0357       -212.475
        19          0.036       -208.665
        19         0.0363       -204.969
        19         0.0366       -201.385
        19         0.0369       -197.913
        19         0.0372       -194.552
        19         0.0375       -191.299
        19         0.0378       -188.155
        19         0.0381       -185.119
        19         0.0384       -182.188
        19         0.0387       -179.363
        19          0.039       -176.641
        19         0.0393       -174.023
        19         0.0396       -171.507
        19         0.0399       -169.091
        19         0.0402       -166.776
        19         0.0405       -164.559
        19         0.0408       -162.441
        19         0.0411        -160.42
        19         0.0414       -158.495
        19         0.0417       -156.665
        19          0.042        -154.93
        19         0.0423       -153.289
        19         0.0426        -151.74
        19         0.0429       -150.285
        19         0.0432        -148.92
        19         0.0435       -147.647
        19         0.0438       -146.464
        19         0.0441       -145.371
        19         0.0444       -144.368
        19         0.0447       -143.453
        19          0.045       -142.627
        19         0.0453       -141.888
        19         0.0456       -141.238
        19         0.0459       -140.675
        19         0.0462       -140.198
        19         0.0465       -139.809
        19         0.0468       -139.507
        19         0.0471       -139.291
        19         0.0474       -139.161
        19         0.0477       -139.118
        20        -0.0315              0
        20        -0.0312              0
        20        -0.0309              0
        20        -0.0306              0
        20        -0.0303              0
        20          -0.03              0
        20        -0.0297       -5.92307
        20        -0.0294       -18.1197
        20        -0.0291       -30.4677
        20        -0.0288       -42.9249
        20        -0.0285       -55.4705
        20        -0.0282       -68.0888
        20        -0.0279       -80.7637
        20        -0.0276       -93.4775
        20        -0.0273        -106.21
        20         -0.027       -118.937
        20        -0.0267       -131.632
        20        -0.0264        -144.26
        20        -0.0261       -156.784
        20        -0.0258       -169.155
        20        -0.0255       -181.317
        20        -0.0252       -193.202
        20        -0.0249       -204.729
        20        -0.0246       -215.795
        20        -0.0243       -226.278
        20         -0.024       -236.026
        20        -0.0237       -244.846
        20        -0.0234         -252.5
        20        -0.0231       -258.681
        20        -0.0228       -262.993
        20        -0.0225       -264.913
        20        -0.0222        -263.74
        20        -0.0219       -258.506
        20        -0.0216       -247.835
        20        -0.0213       -229.691
        20         -0.021       -200.904
        20        -0.0207       -156.225
        20        -0.0204       -86.2261
        20        -0.0201              0
        20        -0.0198              0
        20        -0.0195              0
        20        -0.0192       -27.4485
        20        -0.0189       -273.817
        20        -0.0186       -463.836
        20        -0.0183       -624.537
        20         -0.018        -768.45
        20        -0.0177       -902.212
        20        -0.0174       -1029.74
        20        -0.0171       -1153.56
        20        -0.0168       -1275.41
        20        -0.0165       -1396.58
        20        -0.0162       -1518.06
        20        -0.0159       -1640.67
        20        -0.0156       -1765.09
        20        -0.0153       -1891.94
        20         -0.015       -2021.75
        20        -0.0147       -2155.07
        20        -0.0144       -2292.39
        20        -0.0141       -2434.22
        20        -0.0138       -2581.07
        20        -0.0135       -2733.45
        20        -0.0132       -2891.91
        20        -0.0129       -3057.02
        20        -0.0126        -3229.4
        20        -0.0123       -3409.69
        20         -0.012       -3598.62
        20        -0.0117       -3796.97
        20        -0.0114       -4005.59
        20        -0.0111       -4225.45
        20        -0.0108       -4457.59
        20        -0.0105       -4703.23
        20        -0.0102        -4963.7
        20        -0.0099       -5240.55
        20        -0.0096       -5535.54
        20        -0.0093       -5850.71
        20         -0.009       -6188.43
        20        -0.0087       -6551.47
        20        -0.0084       -6943.15
        20        -0.0081       -7367.45
        20        -0.0078       -7829.17
        20        -0.0075        -8334.3
        20        -0.0072       -8890.31
        20        -0.0069       -9506.82
        20        -0.0066       -10196.5
        20        -0.0063       -10976.6
        20         -0.006       -11871.8
        20        -0.0057       -12919.7
        20        -0.0054       -14188.4
        20        -0.0051         -15000
        20        -0.0048         -15000
        20        -0.0045         -15000
        20        -0.0042       -14966.9
        20        -0.0039       -14748.8
        20        -0.0036         -14563
        20        -0.0033       -14409.3
        20         -0.003       -14285.8
        20        -0.0027       -14189.2
        20        -0.0024       -14115.9
        20        -0.0021       -14062.2
        20        -0.0018       -14024.7
        20        -0.0015         -14000
        20        -0.0012       -13985.1
        20        -0.0009       -13977.1
        20        -0.0006       -13973.7
        20        -0.0003       -13972.6
        20              0       -13972.6
        20         0.0003       -13972.7
        20         0.0006       -13972.7
        20         0.0009       -13973.1
        20         0.0012       -13974.9
        20         0.0015       -13979.7
        20         0.0018       -13989.8
        20         0.0021       -14007.7
        20         0.0024       -14036.3
        20         0.0027       -14078.9
        20          0.003       -14138.6
        20         0.0033       -14219.2
        20         0.0036       -14324.2
        20         0.0039       -14457.2
        20         0.0042       -14621.1
        20         0.0045       -14817.2
        20         0.0048         -15000
        20         0.0051         -15000
        20         0.0054         -15000
        20         0.0057         -15000
        20          0.006       -13747.3
        20         0.0063       -12562.8
        20         0.0066       -11571.5
        20         0.0069       -10718.9
        20         0.0072       -9972.51
        20         0.0075       -9310.29
        20         0.0078       -8716.67
        20         0.0081       -8180.09
        20         0.0084       -7691.68
        20         0.0087       -7244.52
        20          0.009       -6833.05
        20         0.0093       -6452.76
        20         0.0096       -6099.91
        20         0.0099       -5771.39
        20         0.0102       -5464.57
        20         0.0105       -5177.19
        20         0.0108       -4907.31
        20         0.0111       -4653.26
        20         0.0114       -4413.55
        20         0.0117        -4186.9
        20          0.012       -3972.14
        20         0.0123       -3768.26
        20         0.0126       -3574.33
        20         0.0129       -3389.51
        20         0.0132       -3213.04
        20         0.0135       -3044.22
        20         0.0138       -2882.41
        20         0.0141       -2726.99
        20         0.0144       -2577.39
        20         0.0147       -2433.07
        20          0.015       -2293.51
        20         0.0153       -2158.17
        20         0.0156       -2026.55
        20         0.0159        -1898.1
        20         0.0162       -1772.27
        20         0.0165       -1648.45
        20         0.0168       -1525.98
        20         0.0171       -1404.07
        20         0.0174       -1281.79
        20         0.0177       -1157.98
        20          0.018       -1031.09
        20         0.0183       -899.003
        20         0.0186        -758.56
        20         0.0189       -604.763
        20         0.0192       -428.909
        20         0.0195       -214.033
        20         0.0198              0
        20         0.0201              0
        20         0.0204              0
        20         0.0207       -20.7986
        20          0.021       -145.626
        20         0.0213       -226.725
        20         0.0216        -282.15
        20         0.0219        -321.19
        20         0.0222       -349.098
        20         0.0225       -369.089
        20         0.0228       -383.253
        20         0.0231       -393.019
        20         0.0234       -399.401
        20         0.0237       -403.139
        20          0.024       -404.791
        20         0.0243       -404.781
        20         0.0246        -403.44
        20         0.0249        -401.03
        20         0.0252       -397.759
        20         0.0255       -393.796
        20         0.0258       -389.277
        20         0.0261       -384.316
        20         0.0264       -379.004
        20         0.0267       -373.418
        20          0.027       -367.623
        20         0.0273       -361.672
        20         0.0276        -355.61
        20         0.0279       -349.474
        20         0.0282       -343.297
        20         0.0285       -337.105
        20         0.0288       -330.921
        20         0.0291       -324.764
        20         0.0294        -318.65
        20         0.0297       -312.593
        20           0.03       -306.604
        20         0.0303       -300.693
        20         0.0306       -294.869
        20         0.0309       -289.137
        20         0.0312       -283.504
        20         0.0315       -277.973
        20         0.0318        -272.55
        20         0.0321       -267.236
        20         0.0324       -262.034
        20         0.0327       -256.946
        20          0.033       -251.973
        20         0.0333       -247.117
        20         0.0336       -242.377
        20         0.0339       -237.755
        20         0.0342        -233.25
        20         0.0345       -228.862
        20         0.0348       -224.592
        20         0.0351       -220.437
        20         0.0354       -216.398
        20         0.0357       -212.475
        20          0.036       -208.665
        20         0.0363       -204.969
        20         0.0366       -201.385
        20         0.0369       -197.913
        20         0.0372       -194.552
        20         0.0375       -191.299
        20         0.0378       -188.155
        20         0.0381       -185.119
        20         0.0384       -182.188
        20         0.0387       -179.363
        20          0.039       -176.641
        20         0.0393       -174.023
        20         0.0396       -171.507
        20         0.0399       -169.091
        20         0.0402       -166.776
        20         0.0405       -164.559
        20         0.0408       -162.441
        20         0.0411        -160.42
        20         0.0414       -158.495
        20         0.0417       -156.665
        20          0.042        -154.93
        20         0.0423       -153.289
        20         0.0426        -151.74
        20         0.0429       -150.285
        20         0.0432        -148.92
        20         0.0435       -147.647
        20         0.0438       -146.464
        20         0.0441       -145.371
        20         0.0444       -144.368
        20         0.0447       -143.453
        20          0.045       -142.627
        20         0.0453       -141.888
        20         0.0456       -141.238
        20         0.0459       -140.675
        20         0.0462       -140.198
        20         0.0465       -139.809
        20         0.0468       -139.507
        20         0.0471       -139.291
        20         0.0474       -139.161
        20         0.0477       -139.118
        21        -0.0315              0
        21        -0.0312              0
        21        -0.0309              0
        21        -0.0306              0
        21        -0.0303              0
        21          -0.03              0
        21        -0.0297       -5.92307
        21        -0.0294       -18.1197
        21        -0.0291       -30.4677
        21        -0.0288       -42.9249
        21        -0.0285       -55.4705
        21        -0.0282       -68.0888
        21        -0.0279       -80.7637
        21        -0.0276       -93.4775
        21        -0.0273        -106.21
        21         -0.027       -118.937
        21        -0.0267       -131.632
        21        -0.0264        -144.26
        21        -0.0261       -156.784
        21        -0.0258       -169.155
        21        -0.0255       -181.317
        21        -0.0252       -193.202
        21        -0.0249       -204.729
        21        -0.0246       -215.795
        21        -0.0243       -226.278
        21         -0.024       -236.026
        21        -0.0237       -244.846
        21        -0.0234         -252.5
        21        -0.0231       -258.681
        21        -0.0228       -262.993
        21        -0.0225       -264.913
        21        -0.0222        -263.74
        21        -0.0219       -258.506
        21        -0.0216       -247.835
        21        -0.0213       -229.691
        21         -0.021       -200.904
        21        -0.0207       -156.225
        21        -0.0204       -86.2261
        21        -0.0201              0
        21        -0.0198              0
        21        -0.0195              0
        21        -0.0192       -27.4485
        21        -0.0189       -273.817
        21        -0.0186       -463.836
        21        -0.0183       -624.537
        21         -0.018        -768.45
        21        -0.0177       -902.212
        21        -0.0174       -1029.74
        21        -0.0171       -1153.56
        21        -0.0168       -1275.41
        21        -0.0165       -1396.58
        21        -0.0162       -1518.06
        21        -0.0159       -1640.67
        21        -0.0156       -1765.09
        21        -0.0153       -1891.94
        21         -0.015       -2021.75
        21        -0.0147       -2155.07
        21        -0.0144       -2292.39
        21        -0.0141       -2434.22
        21        -0.0138       -2581.07
        21        -0.0135       -2733.45
        21        -0.0132       -2891.91
        21        -0.0129       -3057.02
        21        -0.0126        -3229.4
        21        -0.0123       -3409.69
        21         -0.012       -3598.62
        21        -0.0117       -3796.97
        21        -0.0114       -4005.59
        21        -0.0111       -4225.45
        21        -0.0108       -4457.59
        21        -0.0105       -4703.23
        21        -0.0102        -4963.7
        21        -0.0099       -5240.55
        21        -0.0096       -5535.54
        21        -0.0093       -5850.71
        21         -0.009       -6188.43
        21        -0.0087       -6551.47
        21        -0.0084       -6943.15
        21        -0.0081       -7367.45
        21        -0.0078       -7829.17
        21        -0.0075        -8334.3
        21        -0.0072       -8890.31
        21        -0.0069       -9506.82
        21        -0.0066       -10196.5
        21        -0.0063       -10976.6
        21         -0.006       -11871.8
        21        -0.0057       -12919.7
        21        -0.0054       -14188.4
        21        -0.0051         -15000
        21        -0.0048         -15000
        21        -0.0045         -15000
        21        -0.0042       -14966.9
        21        -0.0039       -14748.8
        21        -0.0036         -14563
        21        -0.0033       -14409.3
        21         -0.003       -14285.8
        21        -0.0027       -14189.2
        21        -0.0024       -14115.9
        21        -0.0021       -14062.2