# iteration    r (m)    potential (V)
         1        -0.0315       -555.547
         1        -0.0312        -555.82
         1        -0.0309        -556.64
         1        -0.0306        -558.01
         1        -0.0303       -559.934
         1          -0.03       -562.417
         1        -0.0297       -565.467
         1        -0.0294       -569.092
         1        -0.0291       -573.305
         1        -0.0288       -578.116
         1        -0.0285        -583.54
         1        -0.0282       -589.592
         1        -0.0279       -596.292
         1        -0.0276       -603.658
         1        -0.0273       -611.713
         1         -0.027       -620.482
         1        -0.0267       -629.992
         1        -0.0264       -640.274
         1        -0.0261        -651.36
         1        -0.0258       -663.287
         1        -0.0255       -676.092
         1        -0.0252       -689.818
         1        -0.0249       -704.511
         1        -0.0246       -720.219
         1        -0.0243       -736.994
         1         -0.024       -754.894
         1        -0.0237       -773.978
         1        -0.0234       -794.313
         1        -0.0231       -815.968
         1        -0.0228       -839.017
         1        -0.0225       -863.541
         1        -0.0222       -889.624
         1        -0.0219       -917.356
         1        -0.0216       -946.833
         1        -0.0213       -978.154
         1         -0.021       -1011.43
         1        -0.0207       -1046.76
         1        -0.0204       -1084.28
         1        -0.0201        -1124.1
         1        -0.0198       -1166.35
         1        -0.0195       -1211.17
         1        -0.0192        -1258.7
         1        -0.0189       -1309.07
         1        -0.0186       -1362.45
         1        -0.0183       -1418.99
         1         -0.018       -1478.85
         1        -0.0177        -1542.2
         1        -0.0174       -1609.22
         1        -0.0171       -1680.09
         1        -0.0168          -1755
         1        -0.0165       -1834.14
         1        -0.0162       -1917.73
         1        -0.0159       -2005.99
         1        -0.0156       -2099.13
         1        -0.0153       -2197.41
         1         -0.015       -2301.09
         1        -0.0147       -2410.45
         1        -0.0144       -2525.78
         1        -0.0141       -2647.42
         1        -0.0138        -2775.7
         1        -0.0135       -2911.03
         1        -0.0132       -3053.81
         1        -0.0129        -3204.5
         1        -0.0126       -3363.63
         1        -0.0123       -3531.75
         1         -0.012       -3709.49
         1        -0.0117       -3897.56
         1        -0.0114       -4096.75
         1        -0.0111       -4307.94
         1        -0.0108       -4532.13
         1        -0.0105       -4770.46
         1        -0.0102       -5024.23
         1        -0.0099       -5294.93
         1        -0.0096       -5584.28
         1        -0.0093       -5894.26
         1         -0.009       -6227.21
         1        -0.0087       -6585.88
         1        -0.0084       -6973.54
         1        -0.0081       -7394.12
         1        -0.0078       -7852.42
         1        -0.0075       -8354.37
         1        -0.0072       -8907.44
         1        -0.0069       -9521.19
         1        -0.0066       -10208.3
         1        -0.0063       -10985.9
         1         -0.006       -11878.6
         1        -0.0057       -12924.1
         1        -0.0054         -14190
         1        -0.0051         -15000
         1        -0.0048         -15000
         1        -0.0045         -15000
         1        -0.0042       -14966.8
         1        -0.0039       -14748.5
         1        -0.0036       -14562.3
         1        -0.0033       -14408.4
         1         -0.003       -14284.6
         1        -0.0027       -14187.8
         1        -0.0024       -14114.3
         1        -0.0021       -14060.5
         1        -0.0018       -14022.9
         1        -0.0015       -13998.2
         1        -0.0012       -13983.2
         1        -0.0009       -13975.1
         1        -0.0006       -13971.6
         1        -0.0003       -13970.5
         1              0       -13970.4
         1         0.0003       -13970.5
         1         0.0006       -13970.4
         1         0.0009       -13970.7
         1         0.0012       -13972.4
         1         0.0015       -13977.2
         1         0.0018       -13987.3
         1         0.0021       -14005.2
         1         0.0024       -14033.9
         1         0.0027       -14076.5
         1          0.003       -14136.4
         1         0.0033       -14217.1
         1         0.0036       -14322.4
         1         0.0039       -14455.8
         1         0.0042       -14620.1
         1         0.0045       -14816.7
         1         0.0048         -15000
         1         0.0051         -15000
         1         0.0054         -15000
         1         0.0057         -15000
         1          0.006       -13746.9
         1         0.0063       -12562.4
         1         0.0066       -11571.1
         1         0.0069       -10718.9
         1         0.0072       -9973.13
         1         0.0075       -9311.81
         1         0.0078       -8719.37
         1         0.0081       -8184.25
         1         0.0084       -7697.62
         1         0.0087       -7252.56
         1          0.009       -6843.53
         1         0.0093       -6466.05
         1         0.0096       -6116.41
         1         0.0099       -5791.53
         1         0.0102        -5488.8
         1         0.0105       -5206.03
         1         0.0108        -4941.3
         1         0.0111       -4692.98
         1         0.0114       -4459.66
         1         0.0117        -4240.1
         1          0.012       -4033.19
         1         0.0123       -3837.98
         1         0.0126       -3653.63
         1         0.0129       -3479.36
         1         0.0132       -3314.51
         1         0.0135       -3158.46
         1         0.0138       -3010.68
         1         0.0141       -2870.66
         1         0.0144       -2737.96
         1         0.0147       -2612.17
         1          0.015       -2492.93
         1         0.0153       -2379.88
         1         0.0156       -2272.71
         1         0.0159       -2171.14
         1         0.0162       -2074.89
         1         0.0165        -1983.7
         1         0.0168       -1897.33
         1         0.0171       -1815.57
         1         0.0174       -1738.19
         1         0.0177          -1665
         1          0.018       -1595.79
         1         0.0183       -1530.37
         1         0.0186       -1468.58
         1         0.0189       -1410.23
         1         0.0192       -1355.17
         1         0.0195       -1303.22
         1         0.0198       -1254.23
         1         0.0201       -1208.06
         1         0.0204       -1164.57
         1         0.0207        -1123.6
         1          0.021       -1085.04
         1         0.0213       -1048.76
         1         0.0216       -1014.63
         1         0.0219       -982.534
         1         0.0222       -952.372
         1         0.0225       -924.036
         1         0.0228       -897.426
         1         0.0231       -872.449
         1         0.0234       -849.017
         1         0.0237        -827.05
         1          0.024       -806.468
         1         0.0243       -787.201
         1         0.0246       -769.181
         1         0.0249       -752.345
         1         0.0252       -736.635
         1         0.0255       -721.995
         1         0.0258       -708.377
         1         0.0261       -695.731
         1         0.0264       -684.016
         1         0.0267       -673.191
         1          0.027       -663.219
         1         0.0273       -654.068
         1         0.0276       -645.707
         1         0.0279       -638.109
         1         0.0282        -631.25
         1         0.0285       -625.108
         1         0.0288       -619.663
         1         0.0291         -614.9
         1         0.0294       -610.802
         1         0.0297       -607.357
         1           0.03       -604.553
         1         0.0303       -602.383
         1         0.0306       -600.837
         1         0.0309       -599.912
         1         0.0312       -599.604
         2        -0.0315        -558.25
         2        -0.0312       -558.523
         2        -0.0309       -559.341
         2        -0.0306       -560.708
         2        -0.0303       -562.626
         2          -0.03       -565.103
         2        -0.0297       -568.144
         2        -0.0294       -571.759
         2        -0.0291       -575.959
         2        -0.0288       -580.755
         2        -0.0285       -586.162
         2        -0.0282       -592.196
         2        -0.0279       -598.875
         2        -0.0276        -606.22
         2        -0.0273       -614.253
         2         -0.027       -622.999
         2        -0.0267       -632.485
         2        -0.0264       -642.741
         2        -0.0261         -653.8
         2        -0.0258       -665.698
         2        -0.0255       -678.473
         2        -0.0252       -692.167
         2        -0.0249       -706.826
         2        -0.0246       -722.498
         2        -0.0243       -739.236
         2         -0.024       -757.098
         2        -0.0237       -776.144
         2        -0.0234       -796.439
         2        -0.0231       -818.054
         2        -0.0228       -841.064
         2        -0.0225       -865.548
         2        -0.0222       -891.591
         2        -0.0219       -919.283
         2        -0.0216        -948.72
         2        -0.0213       -980.002
         2         -0.021       -1013.24
         2        -0.0207       -1048.54
         2        -0.0204       -1086.02
         2        -0.0201       -1125.81
         2        -0.0198       -1168.03
         2        -0.0195       -1212.83
         2        -0.0192       -1260.33
         2        -0.0189        -1310.7
         2        -0.0186       -1364.07
         2        -0.0183       -1420.61
         2         -0.018       -1480.49
         2        -0.0177       -1543.87
         2        -0.0174       -1610.93
         2        -0.0171       -1681.86
         2        -0.0168       -1756.84
         2        -0.0165       -1836.08
         2        -0.0162       -1919.79
         2        -0.0159       -2008.18
         2        -0.0156       -2101.49
         2        -0.0153       -2199.96
         2         -0.015       -2303.86
         2        -0.0147       -2413.46
         2        -0.0144       -2529.06
         2        -0.0141       -2650.98
         2        -0.0138       -2779.58
         2        -0.0135       -2915.23
         2        -0.0132       -3058.35
         2        -0.0129        -3209.4
         2        -0.0126       -3368.89
         2        -0.0123       -3537.37
         2         -0.012       -3715.47
         2        -0.0117        -3903.9
         2        -0.0114       -4103.42
         2        -0.0111       -4314.92
         2        -0.0108        -4539.4
         2        -0.0105       -4777.99
         2        -0.0102       -5031.98
         2        -0.0099       -5302.86
         2        -0.0096       -5592.34
         2        -0.0093       -5902.41
         2         -0.009       -6235.39
         2        -0.0087       -6594.02
         2        -0.0084       -6981.58
         2        -0.0081       -7401.99
         2        -0.0078       -7860.05
         2        -0.0075       -8361.67
         2        -0.0072       -8914.31
         2        -0.0069       -9527.53
         2        -0.0066       -10213.9
         2        -0.0063       -10990.7
         2         -0.006       -11882.4
         2        -0.0057       -12926.7
         2        -0.0054       -14191.1
         2        -0.0051         -15000
         2        -0.0048         -15000
         2        -0.0045         -15000
         2        -0.0042       -14966.9
         2        -0.0039         -14749
         2        -0.0036       -14563.2
         2        -0.0033       -14409.6
         2         -0.003         -14286
         2        -0.0027       -14189.4
         2        -0.0024         -14116
         2        -0.0021       -14062.2
         2        -0.0018       -14024.6
         2        -0.0015       -13999.9
         2        -0.0012       -13984.8
         2        -0.0009       -13976.7
         2        -0.0006       -13973.1
         2        -0.0003         -13972
         2              0       -13971.9
         2         0.0003         -13972
         2         0.0006       -13971.9
         2         0.0009       -13972.2
         2         0.0012         -13974
         2         0.0015       -13978.8
         2         0.0018       -13988.9
         2         0.0021       -14006.8
         2         0.0024       -14035.5
         2         0.0027       -14078.1
         2          0.003       -14137.9
         2         0.0033       -14218.6
         2         0.0036       -14323.7
         2         0.0039       -14456.8
         2         0.0042       -14620.8
         2         0.0045         -14817
         2         0.0048         -15000
         2         0.0051         -15000
         2         0.0054         -15000
         2         0.0057         -15000
         2          0.006       -13748.4
         2         0.0063       -12565.1
         2         0.0066       -11574.9
         2         0.0069       -10723.5
         2         0.0072       -9978.41
         2         0.0075       -9317.63
         2         0.0078       -8725.62
         2         0.0081       -8190.83
         2         0.0084       -7704.45
         2         0.0087       -7259.56
         2          0.009       -6850.63
         2         0.0093       -6473.19
         2         0.0096       -6123.54
         2         0.0099       -5798.59
         2         0.0102       -5495.74
         2         0.0105        -5212.8
         2         0.0108       -4947.87
         2         0.0111       -4699.32
         2         0.0114       -4465.73
         2         0.0117       -4245.86
         2          0.012       -4038.63
         2         0.0123       -3843.08
         2         0.0126       -3658.37
         2         0.0129       -3483.74
         2         0.0132       -3318.51
         2         0.0135        -3162.1
         2         0.0138       -3013.96
         2         0.0141       -2873.59
         2         0.0144       -2740.55
         2         0.0147       -2614.45
         2          0.015        -2494.9
         2         0.0153       -2381.57
         2         0.0156       -2274.15
         2         0.0159       -2172.35
         2         0.0162       -2075.89
         2         0.0165       -1984.51
         2         0.0168       -1897.98
         2         0.0171       -1816.08
         2         0.0174       -1738.58
         2         0.0177       -1665.27
         2          0.018       -1595.97
         2         0.0183       -1530.49
         2         0.0186       -1468.63
         2         0.0189       -1410.23
         2         0.0192       -1355.12
         2         0.0195       -1303.14
         2         0.0198       -1254.13
         2         0.0201       -1207.95
         2         0.0204       -1164.43
         2         0.0207       -1123.46
         2          0.021       -1084.89
         2         0.0213        -1048.6
         2         0.0216       -1014.47
         2         0.0219       -982.371
         2         0.0222       -952.208
         2         0.0225       -923.872
         2         0.0228       -897.263
         2         0.0231       -872.288
         2         0.0234       -848.861
         2         0.0237       -826.897
         2          0.024       -806.321
         2         0.0243       -787.058
         2         0.0246       -769.042
         2         0.0249        -752.21
         2         0.0252       -736.502
         2         0.0255       -721.865
         2         0.0258       -708.247
         2         0.0261       -695.602
         2         0.0264       -683.887
         2         0.0267       -673.062
         2          0.027       -663.092
         2         0.0273       -653.942
         2         0.0276       -645.584
         2         0.0279       -637.989
         2         0.0282       -631.133
         2         0.0285       -624.993
         2         0.0288       -619.551
         2         0.0291       -614.788
         2         0.0294       -610.691
         2         0.0297       -607.245
         2           0.03        -604.44
         2         0.0303       -602.267
         2         0.0306        -600.72
         2         0.0309       -599.793
         2         0.0312       -599.485
         3        -0.0315       -558.258
         3        -0.0312        -558.53
         3        -0.0309       -559.349
         3        -0.0306       -560.715
         3        -0.0303       -562.634
         3          -0.03        -565.11
         3        -0.0297       -568.152
         3        -0.0294       -571.767
         3        -0.0291       -575.966
         3        -0.0288       -580.762
         3        -0.0285       -586.169
         3        -0.0282       -592.203
         3        -0.0279       -598.883
         3        -0.0276       -606.228
         3        -0.0273       -614.261
         3         -0.027       -623.007
         3        -0.0267       -632.493
         3        -0.0264       -642.749
         3        -0.0261       -653.809
         3        -0.0258       -665.707
         3        -0.0255       -678.482
         3        -0.0252       -692.176
         3        -0.0249       -706.835
         3        -0.0246       -722.508
         3        -0.0243       -739.247
         3         -0.024        -757.11
         3        -0.0237       -776.157
         3        -0.0234       -796.454
         3        -0.0231        -818.07
         3        -0.0228       -841.082
         3        -0.0225       -865.569
         3        -0.0222       -891.615
         3        -0.0219       -919.312
         3        -0.0216       -948.754
         3        -0.0213       -980.043
         3         -0.021       -1013.29
         3        -0.0207       -1048.59
         3        -0.0204       -1086.09
         3        -0.0201       -1125.89
         3        -0.0198       -1168.13
         3        -0.0195       -1212.94
         3        -0.0192       -1260.47
         3        -0.0189       -1310.85
         3        -0.0186       -1364.25
         3        -0.0183       -1420.83
         3         -0.018       -1480.73
         3        -0.0177       -1544.15
         3        -0.0174       -1611.24
         3        -0.0171        -1682.2
         3        -0.0168       -1757.22
         3        -0.0165       -1836.49
         3        -0.0162       -1920.22
         3        -0.0159       -2008.64
         3        -0.0156       -2101.97
         3        -0.0153       -2200.45
         3         -0.015       -2304.36
         3        -0.0147       -2413.95
         3        -0.0144       -2529.54
         3        -0.0141       -2651.44
         3        -0.0138          -2780
         3        -0.0135       -2915.61
         3        -0.0132       -3058.68
         3        -0.0129       -3209.67
         3        -0.0126       -3369.09
         3        -0.0123        -3537.5
         3         -0.012       -3715.53
         3        -0.0117       -3903.88
         3        -0.0114       -4103.33
         3        -0.0111       -4314.77
         3        -0.0108       -4539.19
         3        -0.0105       -4777.72
         3        -0.0102       -5031.67
         3        -0.0099       -5302.51
         3        -0.0096       -5591.96
         3        -0.0093       -5902.01
         3         -0.009       -6234.98
         3        -0.0087       -6593.62
         3        -0.0084       -6981.19
         3        -0.0081       -7401.61
         3        -0.0078       -7859.69
         3        -0.0075       -8361.34
         3        -0.0072       -8914.01
         3        -0.0069       -9527.26
         3        -0.0066       -10213.7
         3        -0.0063       -10990.5
         3         -0.006       -11882.3
         3        -0.0057       -12926.6
         3        -0.0054         -14191
         3        -0.0051         -15000
         3        -0.0048         -15000
         3        -0.0045         -15000
         3        -0.0042       -14966.9
         3        -0.0039         -14749
         3        -0.0036       -14563.3
         3        -0.0033       -14409.7
         3         -0.003       -14286.2
         3        -0.0027       -14189.6
         3        -0.0024       -14116.3
         3        -0.0021       -14062.6
         3        -0.0018         -14025
         3        -0.0015       -14000.3
         3        -0.0012       -13985.3
         3        -0.0009       -13977.3
         3        -0.0006       -13973.7
         3        -0.0003       -13972.6
         3              0       -13972.6
         3         0.0003       -13972.6
         3         0.0006       -13972.5
         3         0.0009       -13972.8
         3         0.0012       -13974.5
         3         0.0015       -13979.3
         3         0.0018       -13989.4
         3         0.0021       -14007.3
         3         0.0024       -14035.9
         3         0.0027       -14078.4
         3          0.003       -14138.2
         3         0.0033       -14218.8
         3         0.0036       -14323.9
         3         0.0039         -14457
         3         0.0042       -14620.9
         3         0.0045       -14817.1
         3         0.0048         -15000
         3         0.0051         -15000
         3         0.0054         -15000
         3         0.0057         -15000
         3          0.006       -13748.3
         3         0.0063         -12565
         3         0.0066       -11574.7
         3         0.0069       -10723.3
         3         0.0072       -9978.18
         3         0.0075       -9317.37
         3         0.0078       -8725.33
         3         0.0081       -8190.52
         3         0.0084       -7704.12
         3         0.0087        -7259.2
         3          0.009       -6850.27
         3         0.0093       -6472.82
         3         0.0096       -6123.16
         3         0.0099       -5798.22
         3         0.0102        -5495.4
         3         0.0105       -5212.48
         3         0.0108       -4947.58
         3         0.0111       -4699.07
         3         0.0114       -4465.52
         3         0.0117       -4245.71
         3          0.012       -4038.54
         3         0.0123       -3843.05
         3         0.0126       -3658.41
         3         0.0129       -3483.84
         3         0.0132       -3318.69
         3         0.0135       -3162.33
         3         0.0138       -3014.24
         3         0.0141       -2873.92
         3         0.0144       -2740.93
         3         0.0147       -2614.85
         3          0.015       -2495.33
         3         0.0153       -2382.02
         3         0.0156        -2274.6
         3         0.0159       -2172.79
         3         0.0162       -2076.32
         3         0.0165       -1984.93
         3         0.0168       -1898.38
         3         0.0171       -1816.44
         3         0.0174       -1738.91
         3         0.0177       -1665.58
         3          0.018       -1596.25
         3         0.0183       -1530.73
         3         0.0186       -1468.85
         3         0.0189       -1410.42
         3         0.0192       -1355.29
         3         0.0195       -1303.29
         3         0.0198       -1254.26
         3         0.0201       -1208.05
         3         0.0204       -1164.52
         3         0.0207       -1123.53
         3          0.021       -1084.95
         3         0.0213       -1048.65
         3         0.0216       -1014.51
         3         0.0219       -982.407
         3         0.0222       -952.238
         3         0.0225       -923.897
         3         0.0228       -897.284
         3         0.0231       -872.306
         3         0.0234       -848.876
         3         0.0237       -826.911
         3          0.024       -806.333
         3         0.0243       -787.069
         3         0.0246       -769.052
         3         0.0249       -752.219
         3         0.0252        -736.51
         3         0.0255       -721.872
         3         0.0258       -708.254
         3         0.0261       -695.609
         3         0.0264       -683.893
         3         0.0267       -673.069
         3          0.027       -663.098
         3         0.0273       -653.949
         3         0.0276        -645.59
         3         0.0279       -637.995
         3         0.0282       -631.139
         3         0.0285       -624.999
         3         0.0288       -619.557
         3         0.0291       -614.794
         3         0.0294       -610.697
         3         0.0297       -607.251
         3           0.03       -604.446
         3         0.0303       -602.273
         3         0.0306       -600.726
         3         0.0309       -599.799
         3         0.0312       -599.491
         4        -0.0315        -558.26
         4        -0.0312       -558.533
         4        -0.0309       -559.351
         4        -0.0306       -560.718
         4        -0.0303       -562.636
         4          -0.03       -565.113
         4        -0.0297       -568.154
         4        -0.0294       -571.769
         4        -0.0291       -575.969
         4        -0.0288       -580.765
         4        -0.0285       -586.172
         4        -0.0282       -592.206
         4        -0.0279       -598.885
         4        -0.0276        -606.23
         4        -0.0273       -614.263
         4         -0.027       -623.009
         4        -0.0267       -632.496
         4        -0.0264       -642.752
         4        -0.0261       -653.812
         4        -0.0258        -665.71
         4        -0.0255       -678.486
         4        -0.0252        -692.18
         4        -0.0249        -706.84
         4        -0.0246       -722.513
         4        -0.0243       -739.253
         4         -0.024       -757.116
         4        -0.0237       -776.163
         4        -0.0234       -796.461
         4        -0.0231       -818.079
         4        -0.0228       -841.093
         4        -0.0225       -865.581
         4        -0.0222       -891.629
         4        -0.0219       -919.328
         4        -0.0216       -948.773
         4        -0.0213       -980.065
         4         -0.021       -1013.31
         4        -0.0207       -1048.63
         4        -0.0204       -1086.12
         4        -0.0201       -1125.93
         4        -0.0198       -1168.18
         4        -0.0195       -1212.99
         4        -0.0192       -1260.53
         4        -0.0189       -1310.92
         4        -0.0186       -1364.33
         4        -0.0183       -1420.91
         4         -0.018       -1480.82
         4        -0.0177       -1544.24
         4        -0.0174       -1611.35
         4        -0.0171       -1682.31
         4        -0.0168       -1757.33
         4        -0.0165       -1836.61
         4        -0.0162       -1920.35
         4        -0.0159       -2008.76
         4        -0.0156       -2102.09
         4        -0.0153       -2200.57
         4         -0.015       -2304.47
         4        -0.0147       -2414.06
         4        -0.0144       -2529.64
         4        -0.0141       -2651.53
         4        -0.0138       -2780.08
         4        -0.0135       -2915.68
         4        -0.0132       -3058.73
         4        -0.0129       -3209.71
         4        -0.0126       -3369.12
         4        -0.0123       -3537.52
         4         -0.012       -3715.54
         4        -0.0117       -3903.87
         4        -0.0114       -4103.31
         4        -0.0111       -4314.73
         4        -0.0108       -4539.14
         4        -0.0105       -4777.66
         4        -0.0102        -5031.6
         4        -0.0099       -5302.44
         4        -0.0096       -5591.88
         4        -0.0093       -5901.92
         4         -0.009       -6234.89
         4        -0.0087       -6593.52
         4        -0.0084       -6981.09
         4        -0.0081       -7401.51
         4        -0.0078       -7859.59
         4        -0.0075       -8361.25
         4        -0.0072       -8913.92
         4        -0.0069       -9527.18
         4        -0.0066       -10213.6
         4        -0.0063       -10990.5
         4         -0.006       -11882.2
         4        -0.0057       -12926.6
         4        -0.0054         -14191
         4        -0.0051         -15000
         4        -0.0048         -15000
         4        -0.0045         -15000
         4        -0.0042       -14966.9
         4        -0.0039       -14749.1
         4        -0.0036       -14563.4
         4        -0.0033       -14409.8
         4         -0.003       -14286.3
         4        -0.0027       -14189.7
         4        -0.0024       -14116.3
         4        -0.0021       -14062.7
         4        -0.0018       -14025.1
         4        -0.0015       -14000.4
         4        -0.0012       -13985.4
         4        -0.0009       -13977.4
         4        -0.0006       -13973.8
         4        -0.0003       -13972.7
         4              0       -13972.6
         4         0.0003       -13972.7
         4         0.0006       -13972.6
         4         0.0009       -13972.9
         4         0.0012       -13974.6
         4         0.0015       -13979.4
         4         0.0018       -13989.5
         4         0.0021       -14007.3
         4         0.0024         -14036
         4         0.0027       -14078.5
         4          0.003       -14138.3
         4         0.0033       -14218.9
         4         0.0036       -14323.9
         4         0.0039         -14457
         4         0.0042       -14620.9
         4         0.0045       -14817.1
         4         0.0048         -15000
         4         0.0051         -15000
         4         0.0054         -15000
         4         0.0057         -15000
         4          0.006       -13748.3
         4         0.0063       -12564.9
         4         0.0066       -11574.7
         4         0.0069       -10723.3
         4         0.0072       -9978.11
         4         0.0075       -9317.29
         4         0.0078       -8725.25
         4         0.0081       -8190.43
         4         0.0084       -7704.02
         4         0.0087       -7259.11
         4          0.009       -6850.17
         4         0.0093       -6472.73
         4         0.0096       -6123.07
         4         0.0099       -5798.14
         4         0.0102       -5495.32
         4         0.0105       -5212.41
         4         0.0108       -4947.52
         4         0.0111       -4699.01
         4         0.0114       -4465.48
         4         0.0117       -4245.67
         4          0.012       -4038.52
         4         0.0123       -3843.04
         4         0.0126       -3658.41
         4         0.0129       -3483.86
         4         0.0132       -3318.71
         4         0.0135       -3162.37
         4         0.0138       -3014.29
         4         0.0141       -2873.98
         4         0.0144          -2741
         4         0.0147       -2614.93
         4          0.015       -2495.42
         4         0.0153       -2382.11
         4         0.0156        -2274.7
         4         0.0159        -2172.9
         4         0.0162       -2076.43
         4         0.0165       -1985.04
         4         0.0168       -1898.49
         4         0.0171       -1816.55
         4         0.0174       -1739.02
         4         0.0177       -1665.68
         4          0.018       -1596.34
         4         0.0183       -1530.82
         4         0.0186       -1468.93
         4         0.0189        -1410.5
         4         0.0192       -1355.36
         4         0.0195       -1303.35
         4         0.0198       -1254.31
         4         0.0201        -1208.1
         4         0.0204       -1164.56
         4         0.0207       -1123.57
         4          0.021       -1084.98
         4         0.0213       -1048.68
         4         0.0216       -1014.53
         4         0.0219       -982.427
         4         0.0222       -952.255
         4         0.0225       -923.911
         4         0.0228       -897.296
         4         0.0231       -872.317
         4         0.0234       -848.885
         4         0.0237       -826.919
         4          0.024       -806.339
         4         0.0243       -787.075
         4         0.0246       -769.057
         4         0.0249       -752.223
         4         0.0252       -736.514
         4         0.0255       -721.876
         4         0.0258       -708.257
         4         0.0261       -695.612
         4         0.0264       -683.896
         4         0.0267       -673.071
         4          0.027       -663.101
         4         0.0273       -653.951
         4         0.0276       -645.592
         4         0.0279       -637.997
         4         0.0282       -631.141
         4         0.0285       -625.002
         4         0.0288       -619.559
         4         0.0291       -614.796
         4         0.0294       -610.699
         4         0.0297       -607.252
         4           0.03       -604.447
         4         0.0303       -602.275
         4         0.0306       -600.728
         4         0.0309       -599.801
         4         0.0312       -599.493
         5        -0.0315        -558.26
         5        -0.0312       -558.533
         5        -0.0309       -559.351
         5        -0.0306       -560.718
         5        -0.0303       -562.636
         5          -0.03       -565.113
         5        -0.0297       -568.154
         5        -0.0294       -571.769
         5        -0.0291       -575.969
         5        -0.0288       -580.765
         5        -0.0285       -586.172
         5        -0.0282       -592.206
         5        -0.0279       -598.885
         5        -0.0276        -606.23
         5        -0.0273       -614.263
         5         -0.027       -623.009
         5        -0.0267       -632.496
         5        -0.0264       -642.752
         5        -0.0261       -653.812
         5        -0.0258        -665.71
         5        -0.0255       -678.486
         5        -0.0252        -692.18
         5        -0.0249        -706.84
         5        -0.0246       -722.513
         5        -0.0243       -739.253
         5         -0.024       -757.116
         5        -0.0237       -776.163
         5        -0.0234       -796.461
         5        -0.0231       -818.079
         5        -0.0228       -841.093
         5        -0.0225       -865.581
         5        -0.0222       -891.629
         5        -0.0219       -919.328
         5        -0.0216       -948.773
         5        -0.0213       -980.065
         5         -0.021       -1013.31
         5        -0.0207       -1048.63
         5        -0.0204       -1086.12
         5        -0.0201       -1125.93
         5        -0.0198       -1168.18
         5        -0.0195       -1212.99
         5        -0.0192       -1260.53
         5        -0.0189       -1310.92
         5        -0.0186       -1364.33
         5        -0.0183       -1420.91
         5         -0.018       -1480.82
         5        -0.0177       -1544.24
         5        -0.0174       -1611.35
         5        -0.0171       -1682.31
         5        -0.0168       -1757.33
         5        -0.0165       -1836.61
         5        -0.0162       -1920.35
         5        -0.0159       -2008.76
         5        -0.0156       -2102.09
         5        -0.0153       -2200.57
         5         -0.015       -2304.47
         5        -0.0147       -2414.06
         5        -0.0144       -2529.64
         5        -0.0141       -2651.53
         5        -0.0138       -2780.08
         5        -0.0135       -2915.68
         5        -0.0132       -3058.73
         5        -0.0129       -3209.71
         5        -0.0126       -3369.12
         5        -0.0123       -3537.52
         5         -0.012       -3715.54
         5        -0.0117       -3903.87
         5        -0.0114       -4103.31
         5        -0.0111       -4314.73
         5        -0.0108       -4539.14
         5        -0.0105       -4777.66
         5        -0.0102        -5031.6
         5        -0.0099       -5302.44
         5        -0.0096       -5591.88
         5        -0.0093       -5901.92
         5         -0.009       -6234.89
         5        -0.0087       -6593.52
         5        -0.0084       -6981.09
         5        -0.0081       -7401.51
         5        -0.0078       -7859.59
         5        -0.0075       -8361.25
         5        -0.0072       -8913.92
         5        -0.0069       -9527.18
         5        -0.0066       -10213.6
         5        -0.0063       -10990.5
         5         -0.006       -11882.2
         5        -0.0057       -12926.6
         5        -0.0054         -14191
         5        -0.0051         -15000
         5        -0.0048         -15000
         5        -0.0045         -15000
         5        -0.0042       -14966.9
         5        -0.0039       -14749.1
         5        -0.0036       -14563.4
         5        -0.0033       -14409.8
         5         -0.003       -14286.3
         5        -0.0027       -14189.7
         5        -0.0024       -14116.3
         5        -0.0021       -14062.7
         5        -0.0018       -14025.1
         5        -0.0015       -14000.4
         5        -0.0012       -13985.4
         5        -0.0009       -13977.4
         5        -0.0006       -13973.8
         5        -0.0003       -13972.7
         5              0       -13972.6
         5         0.0003       -13972.7
         5         0.0006       -13972.6
         5         0.0009       -13972.9
         5         0.0012       -13974.6
         5         0.0015       -13979.4
         5         0.0018       -13989.5
         5         0.0021       -14007.3
         5         0.0024         -14036
         5         0.0027       -14078.5
         5          0.003       -14138.3
         5         0.0033       -14218.9
         5         0.0036       -14323.9
         5         0.0039         -14457
         5         0.0042       -14620.9
         5         0.0045       -14817.1
         5         0.0048         -15000
         5         0.0051         -15000
         5         0.0054         -15000
         5         0.0057         -15000
         5          0.006       -13748.3
         5         0.0063       -12564.9
         5         0.0066       -11574.7
         5         0.0069       -10723.3
         5         0.0072       -9978.11
         5         0.0075       -9317.29
         5         0.0078       -8725.25
         5         0.0081       -8190.43
         5         0.0084       -7704.02
         5         0.0087       -7259.11
         5          0.009       -6850.17
         5         0.0093       -6472.73
         5         0.0096       -6123.07
         5         0.0099       -5798.14
         5         0.0102       -5495.32
         5         0.0105       -5212.41
         5         0.0108       -4947.52
         5         0.0111       -4699.01
         5         0.0114       -4465.48
         5         0.0117       -4245.67
         5          0.012       -4038.52
         5         0.0123       -3843.04
         5         0.0126       -3658.41
         5         0.0129       -3483.86
         5         0.0132       -3318.71
         5         0.0135       -3162.37
         5         0.0138       -3014.29
         5         0.0141       -2873.98
         5         0.0144          -2741
         5         0.0147       -2614.93
         5          0.015       -2495.42
         5         0.0153       -2382.11
         5         0.0156        -2274.7
         5         0.0159        -2172.9
         5         0.0162       -2076.43
         5         0.0165       -1985.04
         5         0.0168       -1898.49
         5         0.0171       -1816.55
         5         0.0174       -1739.02
         5         0.0177       -1665.68
         5          0.018       -1596.34
         5         0.0183       -1530.82
         5         0.0186       -1468.93
         5         0.0189        -1410.5
         5         0.0192       -1355.36
         5         0.0195       -1303.35
         5         0.0198       -1254.31
         5         0.0201        -1208.1
         5         0.0204       -1164.56
         5         0.0207       -1123.57
         5          0.021       -1084.98
         5         0.0213       -1048.68
         5         0.0216       -1014.53
         5         0.0219       -982.427
         5         0.0222       -952.255
         5         0.0225       -923.911
         5         0.0228       -897.296
         5         0.0231       -872.317
         5         0.0234       -848.885
         5         0.0237       -826.919
         5          0.024       -806.339
         5         0.0243       -787.075
         5         0.0246       -769.057
         5         0.0249       -752.223
         5         0.0252       -736.514
         5         0.0255       -721.876
         5         0.0258       -708.257
         5         0.0261       -695.612
         5         0.0264       -683.896
         5         0.0267       -673.071
         5          0.027       -663.101
         5         0.0273       -653.951
         5         0.0276       -645.592
         5         0.0279       -637.997
         5         0.0282       -631.141
         5         0.0285       -625.002
         5         0.0288       -619.559
         5         0.0291       -614.796
         5         0.0294       -610.699
         5         0.0297       -607.252
         5           0.03       -604.447
         5         0.0303       -602.275
         5         0.0306       -600.728
         5         0.0309       -599.801
         5         0.0312       -599.493
         6        -0.0315        -558.26
         6        -0.0312       -558.533
         6        -0.0309       -559.351
         6        -0.0306       -560.718
         6        -0.0303       -562.636
         6          -0.03       -565.113
         6        -0.0297       -568.154
         6        -0.0294       -571.769
         6        -0.0291       -575.969
         6        -0.0288       -580.765
         6        -0.0285       -586.172
         6        -0.0282       -592.206
         6        -0.0279       -598.885
         6        -0.0276        -606.23
         6        -0.0273       -614.263
         6         -0.027       -623.009
         6        -0.0267       -632.496
         6        -0.0264       -642.752
         6        -0.0261       -653.812
         6        -0.0258        -665.71
         6        -0.0255       -678.486
         6        -0.0252        -692.18
         6        -0.0249        -706.84
         6        -0.0246       -722.513
         6        -0.0243       -739.253
         6         -0.024       -757.116
         6        -0.0237       -776.163
         6        -0.0234       -796.461
         6        -0.0231       -818.079
         6        -0.0228       -841.093
         6        -0.0225       -865.581
         6        -0.0222       -891.629
         6        -0.0219       -919.328
         6        -0.0216       -948.773
         6        -0.0213       -980.065
         6         -0.021       -1013.31
         6        -0.0207       -1048.63
         6        -0.0204       -1086.12
         6        -0.0201       -1125.93
         6        -0.0198       -1168.18
         6        -0.0195       -1212.99
         6        -0.0192       -1260.53
         6        -0.0189       -1310.92
         6        -0.0186       -1364.33
         6        -0.0183       -1420.91
         6         -0.018       -1480.82
         6        -0.0177       -1544.24
         6        -0.0174       -1611.35
         6        -0.0171       -1682.31
         6        -0.0168       -1757.33
         6        -0.0165       -1836.61
         6        -0.0162       -1920.35
         6        -0.0159       -2008.76
         6        -0.0156       -2102.09
         6        -0.0153       -2200.57
         6         -0.015       -2304.47
         6        -0.0147       -2414.06
         6        -0.0144       -2529.64
         6        -0.0141       -2651.53
         6        -0.0138       -2780.08
         6        -0.0135       -2915.68
         6        -0.0132       -3058.73
         6        -0.0129       -3209.71
         6        -0.0126       -3369.12
         6        -0.0123       -3537.52
         6         -0.012       -3715.54
         6        -0.0117       -3903.87
         6        -0.0114       -4103.31
         6        -0.0111       -4314.73
         6        -0.0108       -4539.14
         6        -0.0105       -4777.66
         6        -0.0102        -5031.6
         6        -0.0099       -5302.44
         6        -0.0096       -5591.88
         6        -0.0093       -5901.92
         6         -0.009       -6234.89
         6        -0.0087       -6593.52
         6        -0.0084       -6981.09
         6        -0.0081       -7401.51
         6        -0.0078       -7859.59
         6        -0.0075       -8361.25
         6        -0.0072       -8913.92
         6        -0.0069       -9527.18
         6        -0.0066       -10213.6
         6        -0.0063       -10990.5
         6         -0.006       -11882.2
         6        -0.0057       -12926.6
         6        -0.0054         -14191
         6        -0.0051         -15000
         6        -0.0048         -15000
         6        -0.0045         -15000
         6        -0.0042       -14966.9
         6        -0.0039       -14749.1
         6        -0.0036       -14563.4
         6        -0.0033       -14409.8
         6         -0.003       -14286.3
         6        -0.0027       -14189.7
         6        -0.0024       -14116.3
         6        -0.0021       -14062.7
         6        -0.0018       -14025.1
         6        -0.0015       -14000.4
         6        -0.0012       -13985.4
         6        -0.0009       -13977.4
         6        -0.0006       -13973.8
         6        -0.0003       -13972.7
         6              0       -13972.6
         6         0.0003       -13972.7
         6         0.0006       -13972.6
         6         0.0009       -13972.9
         6         0.0012       -13974.6
         6         0.0015       -13979.4
         6         0.0018       -13989.5
         6         0.0021       -14007.3
         6         0.0024         -14036
         6         0.0027       -14078.5
         6          0.003       -14138.3
         6         0.0033       -14218.9
         6         0.0036       -14323.9
         6         0.0039         -14457
         6         0.0042       -14620.9
         6         0.0045       -14817.1
         6         0.0048         -15000
         6         0.0051         -15000
         6         0.0054         -15000
         6         0.0057         -15000
         6          0.006       -13748.3
         6         0.0063       -12564.9
         6         0.0066       -11574.7
         6         0.0069       -10723.3
         6         0.0072       -9978.11
         6         0.0075       -9317.29
         6         0.0078       -8725.25
         6         0.0081       -8190.43
         6         0.0084       -7704.02
         6         0.0087       -7259.11
         6          0.009       -6850.17
         6         0.0093       -6472.73
         6         0.0096       -6123.07
         6         0.0099       -5798.14
         6         0.0102       -5495.32
         6         0.0105       -5212.41
         6         0.0108       -4947.52
         6         0.0111       -4699.01
         6         0.0114       -4465.48
         6         0.0117       -4245.67
         6          0.012       -4038.52
         6         0.0123       -3843.04
         6         0.0126       -3658.41
         6         0.0129       -3483.86
         6         0.0132       -3318.71
         6         0.0135       -3162.37
         6         0.0138       -3014.29
         6         0.0141       -2873.98
         6         0.0144          -2741
         6         0.0147       -2614.93
         6          0.015       -2495.42
         6         0.0153       -2382.11
         6         0.0156        -2274.7
         6         0.0159        -2172.9
         6         0.0162       -2076.43
         6         0.0165       -1985.04
         6         0.0168       -1898.49
         6         0.0171       -1816.55
         6         0.0174       -1739.02
         6         0.0177       -1665.68
         6          0.018       -1596.34
         6         0.0183       -1530.82
         6         0.0186       -1468.93
         6         0.0189        -1410.5
         6         0.0192       -1355.36
         6         0.0195       -1303.35
         6         0.0198       -1254.31
         6         0.0201        -1208.1
         6         0.0204       -1164.56
         6         0.0207       -1123.57
         6          0.021       -1084.98
         6         0.0213       -1048.68
         6         0.0216       -1014.53
         6         0.0219       -982.427
         6         0.0222       -952.255
         6         0.0225       -923.911
         6         0.0228       -897.296
         6         0.0231       -872.317
         6         0.0234       -848.885
         6         0.0237       -826.919
         6          0.024       -806.339
         6         0.0243       -787.075
         6         0.0246       -769.057
         6         0.0249       -752.223
         6         0.0252       -736.514
         6         0.0255       -721.876
         6         0.0258       -708.257
         6         0.0261       -695.612
         6         0.0264       -683.896
         6         0.0267       -673.071
         6          0.027       -663.101
         6         0.0273       -653.951
         6         0.0276       -645.592
         6         0.0279       -637.997
         6         0.0282       -631.141
         6         0.0285       -625.002
         6         0.0288       -619.559
         6         0.0291       -614.796
         6         0.0294       -610.699
         6         0.0297       -607.252
         6           0.03       -604.447
         6         0.0303       -602.275
         6         0.0306       -600.728
         6         0.0309       -599.801
         6         0.0312       -599.493
         7        -0.0315        -558.26
         7        -0.0312       -558.533
         7        -0.0309       -559.351
         7        -0.0306       -560.718
         7        -0.0303       -562.636
         7          -0.03       -565.113
         7        -0.0297       -568.154
         7        -0.0294       -571.769
         7        -0.0291       -575.969
         7        -0.0288       -580.765
         7        -0.0285       -586.172
         7        -0.0282       -592.206
         7        -0.0279       -598.885
         7        -0.0276        -606.23
         7        -0.0273       -614.263
         7         -0.027       -623.009
         7        -0.0267       -632.496
         7        -0.0264       -642.752
         7        -0.0261       -653.812
         7        -0.0258        -665.71
         7        -0.0255       -678.486
         7        -0.0252        -692.18
         7        -0.0249        -706.84
         7        -0.0246       -722.513
         7        -0.0243       -739.253
         7         -0.024       -757.116
         7        -0.0237       -776.163
         7        -0.0234       -796.461
         7        -0.0231       -818.079
         7        -0.0228       -841.093
         7        -0.0225       -865.581
         7        -0.0222       -891.629
         7        -0.0219       -919.328
         7        -0.0216       -948.773
         7        -0.0213       -980.065
         7         -0.021       -1013.31
         7        -0.0207       -1048.63
         7        -0.0204       -1086.12
         7        -0.0201       -1125.93
         7        -0.0198       -1168.18
         7        -0.0195       -1212.99
         7        -0.0192       -1260.53
         7        -0.0189       -1310.92
         7        -0.0186       -1364.33
         7        -0.0183       -1420.91
         7         -0.018       -1480.82
         7        -0.0177       -1544.24
         7        -0.0174       -1611.35
         7        -0.0171       -1682.31
         7        -0.0168       -1757.33
         7        -0.0165       -1836.61
         7        -0.0162       -1920.35
         7        -0.0159       -2008.76
         7        -0.0156       -2102.09
         7        -0.0153       -2200.57
         7         -0.015       -2304.47
         7        -0.0147       -2414.06
         7        -0.0144       -2529.64
         7        -0.0141       -2651.53
         7        -0.0138       -2780.08
         7        -0.0135       -2915.68
         7        -0.0132       -3058.73
         7        -0.0129       -3209.71
         7        -0.0126       -3369.12
         7        -0.0123       -3537.52
         7         -0.012       -3715.54
         7        -0.0117       -3903.87
         7        -0.0114       -4103.31
         7        -0.0111       -4314.73
         7        -0.0108       -4539.14
         7        -0.0105       -4777.66
         7        -0.0102        -5031.6
         7        -0.0099       -5302.44
         7        -0.0096       -5591.88
         7        -0.0093       -5901.92
         7         -0.009       -6234.89
         7        -0.0087       -6593.52
         7        -0.0084       -6981.09
         7        -0.0081       -7401.51
         7        -0.0078       -7859.59
         7        -0.0075       -8361.25
         7        -0.0072       -8913.92
         7        -0.0069       -9527.18
         7        -0.0066       -10213.6
         7        -0.0063       -10990.5
         7         -0.006       -11882.2
         7        -0.0057       -12926.6
         7        -0.0054         -14191
         7        -0.0051         -15000
         7        -0.0048         -15000
         7        -0.0045         -15000
         7        -0.0042       -14966.9
         7        -0.0039       -14749.1
         7        -0.0036       -14563.4
         7        -0.0033       -14409.8
         7         -0.003       -14286.3
         7        -0.0027       -14189.7
         7        -0.0024       -14116.3
         7        -0.0021       -14062.7
         7        -0.0018       -14025.1
         7        -0.0015       -14000.4
         7        -0.0012       -13985.4
         7        -0.0009       -13977.4
         7        -0.0006       -13973.8
         7        -0.0003       -13972.7
         7              0       -13972.6
         7         0.0003       -13972.7
         7         0.0006       -13972.6
         7         0.0009       -13972.9
         7         0.0012       -13974.6
         7         0.0015       -13979.4
         7         0.0018       -13989.5
         7         0.0021       -14007.3
         7         0.0024         -14036
         7         0.0027       -14078.5
         7          0.003       -14138.3
         7         0.0033       -14218.9
         7         0.0036       -14323.9
         7         0.0039         -14457
         7         0.0042       -14620.9
         7         0.0045       -14817.1
         7         0.0048         -15000
         7         0.0051         -15000
         7         0.0054         -15000
         7         0.0057         -15000
         7          0.006       -13748.3
         7         0.0063       -12564.9
         7         0.0066       -11574.7
         7         0.0069       -10723.3
         7         0.0072       -9978.11
         7         0.0075       -9317.29
         7         0.0078       -8725.25
         7         0.0081       -8190.43
         7         0.0084       -7704.02
         7         0.0087       -7259.11
         7          0.009       -6850.17
         7         0.0093       -6472.73
         7         0.0096       -6123.07
         7         0.0099       -5798.14
         7         0.0102       -5495.32
         7         0.0105       -5212.41
         7         0.0108       -4947.52
         7         0.0111       -4699.01
         7         0.0114       -4465.48
         7         0.0117       -4245.67
         7          0.012       -4038.52
         7         0.0123       -3843.04
         7         0.0126       -3658.41
         7         0.0129       -3483.86
         7         0.0132       -3318.71
         7         0.0135       -3162.37
         7         0.0138       -3014.29
         7         0.0141       -2873.98
         7         0.0144          -2741
         7         0.0147       -2614.93
         7          0.015       -2495.42
         7         0.0153       -2382.11
         7         0.0156        -2274.7
         7         0.0159        -2172.9
         7         0.0162       -2076.43
         7         0.0165       -1985.04
         7         0.0168       -1898.49
         7         0.0171       -1816.55
         7         0.0174       -1739.02
         7         0.0177       -1665.68
         7          0.018       -1596.34
         7         0.0183       -1530.82
         7         0.0186       -1468.93
         7         0.0189        -1410.5
         7         0.0192       -1355.36
         7         0.0195       -1303.35
         7         0.0198       -1254.31
         7         0.0201        -1208.1
         7         0.0204       -1164.56
         7         0.0207       -1123.57
         7          0.021       -1084.98
         7         0.0213       -1048.68
         7         0.0216       -1014.53
         7         0.0219       -982.427
         7         0.0222       -952.255
         7         0.0225       -923.911
         7         0.0228       -897.296
         7         0.0231       -872.317
         7         0.0234       -848.885
         7         0.0237       -826.919
         7          0.024       -806.339
         7         0.0243       -787.075
         7         0.0246       -769.057
         7         0.0249       -752.223
         7         0.0252       -736.514
         7         0.0255       -721.876
         7         0.0258       -708.257
         7         0.0261       -695.612
         7         0.0264       -683.896
         7         0.0267       -673.071
         7          0.027       -663.101
         7         0.0273       -653.951
         7         0.0276       -645.592
         7         0.0279       -637.997
         7         0.0282       -631.141
         7         0.0285       -625.002
         7         0.0288       -619.559
         7         0.0291       -614.796
         7         0.0294       -610.699
         7         0.0297       -607.252
         7           0.03       -604.447
         7         0.0303       -602.275
         7         0.0306       -600.728
         7         0.0309       -599.801
         7         0.0312       -599.493
         8        -0.0315        -558.26
         8        -0.0312       -558.533
         8        -0.0309       -559.351
         8        -0.0306       -560.718
         8        -0.0303       -562.636
         8          -0.03       -565.113
         8        -0.0297       -568.154
         8        -0.0294       -571.769
         8        -0.0291       -575.969
         8        -0.0288       -580.765
         8        -0.0285       -586.172
         8        -0.0282       -592.206
         8        -0.0279       -598.885
         8        -0.0276        -606.23
         8        -0.0273       -614.263
         8         -0.027       -623.009
         8        -0.0267       -632.496
         8        -0.0264       -642.752
         8        -0.0261       -653.812
         8        -0.0258        -665.71
         8        -0.0255       -678.486
         8        -0.0252        -692.18
         8        -0.0249        -706.84
         8        -0.0246       -722.513
         8        -0.0243       -739.253
         8         -0.024       -757.116
         8        -0.0237       -776.163
         8        -0.0234       -796.461
         8        -0.0231       -818.079
         8        -0.0228       -841.093
         8        -0.0225       -865.581
         8        -0.0222       -891.629
         8        -0.0219       -919.328
         8        -0.0216       -948.773
         8        -0.0213       -980.065
         8         -0.021       -1013.31
         8        -0.0207       -1048.63
         8        -0.0204       -1086.12
         8        -0.0201       -1125.93
         8        -0.0198       -1168.18
         8        -0.0195       -1212.99
         8        -0.0192       -1260.53
         8        -0.0189       -1310.92
         8        -0.0186       -1364.33
         8        -0.0183       -1420.91
         8         -0.018       -1480.82
         8        -0.0177       -1544.24
         8        -0.0174       -1611.35
         8        -0.0171       -1682.31
         8        -0.0168       -1757.33
         8        -0.0165       -1836.61
         8        -0.0162       -1920.35
         8        -0.0159       -2008.76
         8        -0.0156       -2102.09
         8        -0.0153       -2200.57
         8         -0.015       -2304.47
         8        -0.0147       -2414.06
         8        -0.0144       -2529.64
         8        -0.0141       -2651.53
         8        -0.0138       -2780.08
         8        -0.0135       -2915.68
         8        -0.0132       -3058.73
         8        -0.0129       -3209.71
         8        -0.0126       -3369.12
         8        -0.0123       -3537.52
         8         -0.012       -3715.54
         8        -0.0117       -3903.87
         8        -0.0114       -4103.31
         8        -0.0111       -4314.73
         8        -0.0108       -4539.14
         8        -0.0105       -4777.66
         8        -0.0102        -5031.6
         8        -0.0099       -5302.44
         8        -0.0096       -5591.88
         8        -0.0093       -5901.92
         8         -0.009       -6234.89
         8        -0.0087       -6593.52
         8        -0.0084       -6981.09
         8        -0.0081       -7401.51
         8        -0.0078       -7859.59
         8        -0.0075       -8361.25
         8        -0.0072       -8913.92
         8        -0.0069       -9527.18
         8        -0.0066       -10213.6
         8        -0.0063       -10990.5
         8         -0.006       -11882.2
         8        -0.0057       -12926.6
         8        -0.0054         -14191
         8        -0.0051         -15000
         8        -0.0048         -15000
         8        -0.0045         -15000
         8        -0.0042       -14966.9
         8        -0.0039       -14749.1
         8        -0.0036       -14563.4
         8        -0.0033       -14409.8
         8         -0.003       -14286.3
         8        -0.0027       -14189.7
         8        -0.0024       -14116.3
         8        -0.0021       -14062.7
         8        -0.0018       -14025.1
         8        -0.0015       -14000.4
         8        -0.0012       -13985.4
         8        -0.0009       -13977.4
         8        -0.0006       -13973.8
         8        -0.0003       -13972.7
         8              0       -13972.6
         8         0.0003       -13972.7
         8         0.0006       -13972.6
         8         0.0009       -13972.9
         8         0.0012       -13974.6
         8         0.0015       -13979.4
         8         0.0018       -13989.5
         8         0.0021       -14007.3
         8         0.0024         -14036
         8         0.0027       -14078.5
         8          0.003       -14138.3
         8         0.0033       -14218.9
         8         0.0036       -14323.9
         8         0.0039         -14457
         8         0.0042       -14620.9
         8         0.0045       -14817.1
         8         0.0048         -15000
         8         0.0051         -15000
         8         0.0054         -15000
         8         0.0057         -15000
         8          0.006       -13748.3
         8         0.0063       -12564.9
         8         0.0066       -11574.7
         8         0.0069       -10723.3
         8         0.0072       -9978.11
         8         0.0075       -9317.29
         8         0.0078       -8725.25
         8         0.0081       -8190.43
         8         0.0084       -7704.02
         8         0.0087       -7259.11
         8          0.009       -6850.17
         8         0.0093       -6472.73
         8         0.0096       -6123.07
         8         0.0099       -5798.14
         8         0.0102       -5495.32
         8         0.0105       -5212.41
         8         0.0108       -4947.52
         8         0.0111       -4699.01
         8         0.0114       -4465.48
         8         0.0117       -4245.67
         8          0.012       -4038.52
         8         0.0123       -3843.04
         8         0.0126       -3658.41
         8         0.0129       -3483.86
         8         0.0132       -3318.71
         8         0.0135       -3162.37
         8         0.0138       -3014.29
         8         0.0141       -2873.98
         8         0.0144          -2741
         8         0.0147       -2614.93
         8          0.015       -2495.42
         8         0.0153       -2382.11
         8         0.0156        -2274.7
         8         0.0159        -2172.9
         8         0.0162       -2076.43
         8         0.0165       -1985.04
         8         0.0168       -1898.49
         8         0.0171       -1816.55
         8         0.0174       -1739.02
         8         0.0177       -1665.68
         8          0.018       -1596.34
         8         0.0183       -1530.82
         8         0.0186       -1468.93
         8         0.0189        -1410.5
         8         0.0192       -1355.36
         8         0.0195       -1303.35
         8         0.0198       -1254.31
         8         0.0201        -1208.1
         8         0.0204       -1164.56
         8         0.0207       -1123.57
         8          0.021       -1084.98
         8         0.0213       -1048.68
         8         0.0216       -1014.53
         8         0.0219       -982.427
         8         0.0222       -952.255
         8         0.0225       -923.911
         8         0.0228       -897.296
         8         0.0231       -872.317
         8         0.0234       -848.885
         8         0.0237       -826.919
         8          0.024       -806.339
         8         0.0243       -787.075
         8         0.0246       -769.057
         8         0.0249       -752.223
         8         0.0252       -736.514
         8         0.0255       -721.876
         8         0.0258       -708.257
         8         0.0261       -695.612
         8         0.0264       -683.896
         8         0.0267       -673.071
         8          0.027       -663.101
         8         0.0273       -653.951
         8         0.0276       -645.592
         8         0.0279       -637.997
         8         0.0282       -631.141
         8         0.0285       -625.002
         8         0.0288       -619.559
         8         0.0291       -614.796
         8         0.0294       -610.699
         8         0.0297       -607.252
         8           0.03       -604.447
         8         0.0303       -602.275
         8         0.0306       -600.728
         8         0.0309       -599.801
         8         0.0312       -599.493
         9        -0.0315        -558.26
         9        -0.0312       -558.533
         9        -0.0309       -559.351
         9        -0.0306       -560.718
         9        -0.0303       -562.636
         9          -0.03       -565.113
         9        -0.0297       -568.154
         9        -0.0294       -571.769
         9        -0.0291       -575.969
         9        -0.0288       -580.765
         9        -0.0285       -586.172
         9        -0.0282       -592.206
         9        -0.0279       -598.885
         9        -0.0276        -606.23
         9        -0.0273       -614.263
         9         -0.027       -623.009
         9        -0.0267       -632.496
         9        -0.0264       -642.752
         9        -0.0261       -653.812
         9        -0.0258        -665.71
         9        -0.0255       -678.486
         9        -0.0252        -692.18
         9        -0.0249        -706.84
         9        -0.0246       -722.513
         9        -0.0243       -739.253
         9         -0.024       -757.116
         9        -0.0237       -776.163
         9        -0.0234       -796.461
         9        -0.0231       -818.079
         9        -0.0228       -841.093
         9        -0.0225       -865.581
         9        -0.0222       -891.629
         9        -0.0219       -919.328
         9        -0.0216       -948.773
         9        -0.0213       -980.065
         9         -0.021       -1013.31
         9        -0.0207       -1048.63
         9        -0.0204       -1086.12
         9        -0.0201       -1125.93
         9        -0.0198       -1168.18
         9        -0.0195       -1212.99
         9        -0.0192       -1260.53
         9        -0.0189       -1310.92
         9        -0.0186       -1364.33
         9        -0.0183       -1420.91
         9         -0.018       -1480.82
         9        -0.0177       -1544.24
         9        -0.0174       -1611.35
         9        -0.0171       -1682.31
         9        -0.0168       -1757.33
         9        -0.0165       -1836.61
         9        -0.0162       -1920.35
         9        -0.0159       -2008.76
         9        -0.0156       -2102.09
         9        -0.0153       -2200.57
         9         -0.015       -2304.47
         9        -0.0147       -2414.06
         9        -0.0144       -2529.64
         9        -0.0141       -2651.53
         9        -0.0138       -2780.08
         9        -0.0135       -2915.68
         9        -0.0132       -3058.73
         9        -0.0129       -3209.71
         9        -0.0126       -3369.12
         9        -0.0123       -3537.52
         9         -0.012       -3715.54
         9        -0.0117       -3903.87
         9        -0.0114       -4103.31
         9        -0.0111       -4314.73
         9        -0.0108       -4539.14
         9        -0.0105       -4777.66
         9        -0.0102        -5031.6
         9        -0.0099       -5302.44
         9        -0.0096       -5591.88
         9        -0.0093       -5901.92
         9         -0.009       -6234.89
         9        -0.0087       -6593.52
         9        -0.0084       -6981.09
         9        -0.0081       -7401.51
         9        -0.0078       -7859.59
         9        -0.0075       -8361.25
         9        -0.0072       -8913.92
         9        -0.0069       -9527.18
         9        -0.0066       -10213.6
         9        -0.0063       -10990.5
         9         -0.006       -11882.2
         9        -0.0057       -12926.6
         9        -0.0054         -14191
         9        -0.0051         -15000
         9        -0.0048         -15000
         9        -0.0045         -15000
         9        -0.0042       -14966.9
         9        -0.0039       -14749.1
         9        -0.0036       -14563.4
         9        -0.0033       -14409.8
         9         -0.003       -14286.3
         9        -0.0027       -14189.7
         9        -0.0024       -14116.3
         9        -0.0021       -14062.7
         9        -0.0018       -14025.1
         9        -0.0015       -14000.4
         9        -0.0012       -13985.4
         9        -0.0009       -13977.4
         9        -0.0006       -13973.8
         9        -0.0003       -13972.7
         9              0       -13972.6
         9         0.0003       -13972.7
         9         0.0006       -13972.6
         9         0.0009       -13972.9
         9         0.0012       -13974.6
         9         0.0015       -13979.4
         9         0.0018       -13989.5
         9         0.0021       -14007.3
         9         0.0024         -14036
         9         0.0027       -14078.5
         9          0.003       -14138.3
         9         0.0033       -14218.9
         9         0.0036       -14323.9
         9         0.0039         -14457
         9         0.0042       -14620.9
         9         0.0045       -14817.1
         9         0.0048         -15000
         9         0.0051         -15000
         9         0.0054         -15000
         9         0.0057         -15000
         9          0.006       -13748.3
         9         0.0063       -12564.9
         9         0.0066       -11574.7
         9         0.0069       -10723.3
         9         0.0072       -9978.11
         9         0.0075       -9317.29
         9         0.0078       -8725.25
         9         0.0081       -8190.43
         9         0.0084       -7704.02
         9         0.0087       -7259.11
         9          0.009       -6850.17
         9         0.0093       -6472.73
         9         0.0096       -6123.07
         9         0.0099       -5798.14
         9         0.0102       -5495.32
         9         0.0105       -5212.41
         9         0.0108       -4947.52
         9         0.0111       -4699.01
         9         0.0114       -4465.48
         9         0.0117       -4245.67
         9          0.012       -4038.52
         9         0.0123       -3843.04
         9         0.0126       -3658.41
         9         0.0129       -3483.86
         9         0.0132       -3318.71
         9         0.0135       -3162.37
         9         0.0138       -3014.29
         9         0.0141       -2873.98
         9         0.0144          -2741
         9         0.0147       -2614.93
         9          0.015       -2495.42
         9         0.0153       -2382.11
         9         0.0156        -2274.7
         9         0.0159        -2172.9
         9         0.0162       -2076.43
         9         0.0165       -1985.04
         9         0.0168       -1898.49
         9         0.0171       -1816.55
         9         0.0174       -1739.02
         9         0.0177       -1665.68
         9          0.018       -1596.34
         9         0.0183       -1530.82
         9         0.0186       -1468.93
         9         0.0189        -1410.5
         9         0.0192       -1355.36
         9         0.0195       -1303.35
         9         0.0198       -1254.31
         9         0.0201        -1208.1
         9         0.0204       -1164.56
         9         0.0207       -1123.57
         9          0.021       -1084.98
         9         0.0213       -1048.68
         9         0.0216       -1014.53
         9         0.0219       -982.427
         9         0.0222       -952.255
         9         0.0225       -923.911
         9         0.0228       -897.296
         9         0.0231       -872.317
         9         0.0234       -848.885
         9         0.0237       -826.919
         9          0.024       -806.339
         9         0.0243       -787.075
         9         0.0246       -769.057
         9         0.0249       -752.223
         9         0.0252       -736.514
         9         0.0255       -721.876
         9         0.0258       -708.257
         9         0.0261       -695.612
         9         0.0264       -683.896
         9         0.0267       -673.071
         9          0.027       -663.101
         9         0.0273       -653.951
         9         0.0276       -645.592
         9         0.0279       -637.997
         9         0.0282       -631.141
         9         0.0285       -625.002
         9         0.0288       -619.559
         9         0.0291       -614.796
         9         0.0294       -610.699
         9         0.0297       -607.252
         9           0.03       -604.447
         9         0.0303       -602.275
         9         0.0306       -600.728
         9         0.0309       -599.801
         9         0.0312       -599.493
        10        -0.0315        -558.26
        10        -0.0312       -558.533
        10        -0.0309       -559.351
        10        -0.0306       -560.718
        10        -0.0303       -562.636
        10          -0.03       -565.113
        10        -0.0297       -568.154
        10        -0.0294       -571.769
        10        -0.0291       -575.969
        10        -0.0288       -580.765
        10        -0.0285       -586.172
        10        -0.0282       -592.206
        10        -0.0279       -598.885
        10        -0.0276        -606.23
        10        -0.0273       -614.263
        10         -0.027       -623.009
        10        -0.0267       -632.496
        10        -0.0264       -642.752
        10        -0.0261       -653.812
        10        -0.0258        -665.71
        10        -0.0255       -678.486
        10        -0.0252        -692.18
        10        -0.0249        -706.84
        10        -0.0246       -722.513
        10        -0.0243       -739.253
        10         -0.024       -757.116
        10        -0.0237       -776.163
        10        -0.0234       -796.461
        10        -0.0231       -818.079
        10        -0.0228       -841.093
        10        -0.0225       -865.581
        10        -0.0222       -891.629
        10        -0.0219       -919.328
        10        -0.0216       -948.773
        10        -0.0213       -980.065
        10         -0.021       -1013.31
        10        -0.0207       -1048.63
        10        -0.0204       -1086.12
        10        -0.0201       -1125.93
        10        -0.0198       -1168.18
        10        -0.0195       -1212.99
        10        -0.0192       -1260.53
        10        -0.0189       -1310.92
        10        -0.0186       -1364.33
        10        -0.0183       -1420.91
        10         -0.018       -1480.82
        10        -0.0177       -1544.24
        10        -0.0174       -1611.35
        10        -0.0171       -1682.31
        10        -0.0168       -1757.33
        10        -0.0165       -1836.61
        10        -0.0162       -1920.35
        10        -0.0159       -2008.76
        10        -0.0156       -2102.09
        10        -0.0153       -2200.57
        10         -0.015       -2304.47
        10        -0.0147       -2414.06
        10        -0.0144       -2529.64
        10        -0.0141       -2651.53
        10        -0.0138       -2780.08
        10        -0.0135       -2915.68
        10        -0.0132       -3058.73
        10        -0.0129       -3209.71
        10        -0.0126       -3369.12
        10        -0.0123       -3537.52
        10         -0.012       -3715.54
        10        -0.0117       -3903.87
        10        -0.0114       -4103.31
        10        -0.0111       -4314.73
        10        -0.0108       -4539.14
        10        -0.0105       -4777.66
        10        -0.0102        -5031.6
        10        -0.0099       -5302.44
        10        -0.0096       -5591.88
        10        -0.0093       -5901.92
        10         -0.009       -6234.89
        10        -0.0087       -6593.52
        10        -0.0084       -6981.09
        10        -0.0081       -7401.51
        10        -0.0078       -7859.59
        10        -0.0075       -8361.25
        10        -0.0072       -8913.92
        10        -0.0069       -9527.18
        10        -0.0066       -10213.6
        10        -0.0063       -10990.5
        10         -0.006       -11882.2
        10        -0.0057       -12926.6
        10        -0.0054         -14191
        10        -0.0051         -15000
        10        -0.0048         -15000
        10        -0.0045         -15000
        10        -0.0042       -14966.9
        10        -0.0039       -14749.1
        10        -0.0036       -14563.4
        10        -0.0033       -14409.8
        10         -0.003       -14286.3
        10        -0.0027       -14189.7
        10        -0.0024       -14116.3
        10        -0.0021       -14062.7
        10        -0.0018       -14025.1
        10        -0.0015       -14000.4
        10        -0.0012       -13985.4
        10        -0.0009       -13977.4
        10        -0.0006       -13973.8
        10        -0.0003       -13972.7
        10              0       -13972.6
        10         0.0003       -13972.7
        10         0.0006       -13972.6
        10         0.0009       -13972.9
        10         0.0012       -13974.6
        10         0.0015       -13979.4
        10         0.0018       -13989.5
        10         0.0021       -14007.3
        10         0.0024         -14036
        10         0.0027       -14078.5
        10          0.003       -14138.3
        10         0.0033       -14218.9
        10         0.0036       -14323.9
        10         0.0039         -14457
        10         0.0042       -14620.9
        10         0.0045       -14817.1
        10         0.0048         -15000
        10         0.0051         -15000
        10         0.0054         -15000
        10         0.0057         -15000
        10          0.006       -13748.3
        10         0.0063       -12564.9
        10         0.0066       -11574.7
        10         0.0069       -10723.3
        10         0.0072       -9978.11
        10         0.0075       -9317.29
        10         0.0078       -8725.25
        10         0.0081       -8190.43
        10         0.0084       -7704.02
        10         0.0087       -7259.11
        10          0.009       -6850.17
        10         0.0093       -6472.73
        10         0.0096       -6123.07
        10         0.0099       -5798.14
        10         0.0102       -5495.32
        10         0.0105       -5212.41
        10         0.0108       -4947.52
        10         0.0111       -4699.01
        10         0.0114       -4465.48
        10         0.0117       -4245.67
        10          0.012       -4038.52
        10         0.0123       -3843.04
        10         0.0126       -3658.41
        10         0.0129       -3483.86
        10         0.0132       -3318.71
        10         0.0135       -3162.37
        10         0.0138       -3014.29
        10         0.0141       -2873.98
        10         0.0144          -2741
        10         0.0147       -2614.93
        10          0.015       -2495.42
        10         0.0153       -2382.11
        10         0.0156        -2274.7
        10         0.0159        -2172.9
        10         0.0162       -2076.43
        10         0.0165       -1985.04
        10         0.0168       -1898.49
        10         0.0171       -1816.55
        10         0.0174       -1739.02
        10         0.0177       -1665.68
        10          0.018       -1596.34
        10         0.0183       -1530.82
        10         0.0186       -1468.93
        10         0.0189        -1410.5
        10         0.0192       -1355.36
        10         0.0195       -1303.35
        10         0.0198       -1254.31
        10         0.0201        -1208.1
        10         0.0204       -1164.56
        10         0.0207       -1123.57
        10          0.021       -1084.98
        10         0.0213       -1048.68
        10         0.0216       -1014.53
        10         0.0219       -982.427
        10         0.0222       -952.255
        10         0.0225       -923.911
        10         0.0228       -897.296
        10         0.0231       -872.317
        10         0.0234       -848.885
        10         0.0237       -826.919
        10          0.024       -806.339
        10         0.0243       -787.075
        10         0.0246       -769.057
        10         0.0249       -752.223
        10         0.0252       -736.514
        10         0.0255       -721.876
        10         0.0258       -708.257
        10         0.0261       -695.612
        10         0.0264       -683.896
        10         0.0267       -673.071
        10          0.027       -663.101
        10         0.0273       -653.951
        10         0.0276       -645.592
        10         0.0279       -637.997
        10         0.0282       -631.141
        10         0.0285       -625.002
        10         0.0288       -619.559
        10         0.0291       -614.796
        10         0.0294       -610.699
        10         0.0297       -607.252
        10           0.03       -604.447
        10         0.0303       -602.275
        10         0.0306       -600.728
        10         0.0309       -599.801
        10         0.0312       -599.493
        11        -0.0315        -558.26
        11        -0.0312       -558.533
        11        -0.0309       -559.351
        11        -0.0306       -560.718
        11        -0.0303       -562.636
        11          -0.03       -565.113
        11        -0.0297       -568.154
        11        -0.0294       -571.769
        11        -0.0291       -575.969
        11        -0.0288       -580.765
        11        -0.0285       -586.172
        11        -0.0282       -592.206
        11        -0.0279       -598.885
        11        -0.0276        -606.23
        11        -0.0273       -614.263
        11         -0.027       -623.009
        11        -0.0267       -632.496
        11        -0.0264       -642.752
        11        -0.0261       -653.812
        11        -0.0258        -665.71
        11        -0.0255       -678.486
        11        -0.0252        -692.18
        11        -0.0249        -706.84
        11        -0.0246       -722.513
        11        -0.0243       -739.253
        11         -0.024       -757.116
        11        -0.0237       -776.163
        11        -0.0234       -796.461
        11        -0.0231       -818.079
        11        -0.0228       -841.093
        11        -0.0225       -865.581
        11        -0.0222       -891.629
        11        -0.0219       -919.328
        11        -0.0216       -948.773
        11        -0.0213       -980.065
        11         -0.021       -1013.31
        11        -0.0207       -1048.63
        11        -0.0204       -1086.12
        11        -0.0201       -1125.93
        11        -0.0198       -1168.18
        11        -0.0195       -1212.99
        11        -0.0192       -1260.53
        11        -0.0189       -1310.92
        11        -0.0186       -1364.33
        11        -0.0183       -1420.91
        11         -0.018       -1480.82
        11        -0.0177       -1544.24
        11        -0.0174       -1611.35
        11        -0.0171       -1682.31
        11        -0.0168       -1757.33
        11        -0.0165       -1836.61
        11        -0.0162       -1920.35
        11        -0.0159       -2008.76
        11        -0.0156       -2102.09
        11        -0.0153       -2200.57
        11         -0.015       -2304.47
        11        -0.0147       -2414.06
        11        -0.0144       -2529.64
        11        -0.0141       -2651.53
        11        -0.0138       -2780.08
        11        -0.0135       -2915.68
        11        -0.0132       -3058.73
        11        -0.0129       -3209.71
        11        -0.0126       -3369.12
        11        -0.0123       -3537.52
        11         -0.012       -3715.54
        11        -0.0117       -3903.87
        11        -0.0114       -4103.31
        11        -0.0111       -4314.73
        11        -0.0108       -4539.14
        11        -0.0105       -4777.66
        11        -0.0102        -5031.6
        11        -0.0099       -5302.44
        11        -0.0096       -5591.88
        11        -0.0093       -5901.92
        11         -0.009       -6234.89
        11        -0.0087       -6593.52
        11        -0.0084       -6981.09
        11        -0.0081       -7401.51
        11        -0.0078       -7859.59
        11        -0.0075       -8361.25
        11        -0.0072       -8913.92
        11        -0.0069       -9527.18
        11        -0.0066       -10213.6
        11        -0.0063       -10990.5
        11         -0.006       -11882.2
        11        -0.0057       -12926.6
        11        -0.0054         -14191
        11        -0.0051         -15000
        11        -0.0048         -15000
        11        -0.0045         -15000
        11        -0.0042       -14966.9
        11        -0.0039       -14749.1
        11        -0.0036       -14563.4
        11        -0.0033       -14409.8
        11         -0.003       -14286.3
        11        -0.0027       -14189.7
        11        -0.0024       -14116.3
        11        -0.0021       -14062.7
        11        -0.0018       -14025.1
        11        -0.0015       -14000.4
        11        -0.0012       -13985.4
        11        -0.0009       -13977.4
        11        -0.0006       -13973.8
        11        -0.0003       -13972.7
        11              0       -13972.6
        11         0.0003       -13972.7
        11         0.0006       -13972.6
        11         0.0009       -13972.9
        11         0.0012       -13974.6
        11         0.0015       -13979.4
        11         0.0018       -13989.5
        11         0.0021       -14007.3
        11         0.0024         -14036
        11         0.0027       -14078.5
        11          0.003       -14138.3
        11         0.0033       -14218.9
        11         0.0036       -14323.9
        11         0.0039         -14457
        11         0.0042       -14620.9
        11         0.0045       -14817.1
        11         0.0048         -15000
        11         0.0051         -15000
        11         0.0054         -15000
        11         0.0057         -15000
        11          0.006       -13748.3
        11         0.0063       -12564.9
        11         0.0066       -11574.7
        11         0.0069       -10723.3
        11         0.0072       -9978.11
        11         0.0075       -9317.29
        11         0.0078       -8725.25
        11         0.0081       -8190.43
        11         0.0084       -7704.02
        11         0.0087       -7259.11
        11          0.009       -6850.17
        11         0.0093       -6472.73
        11         0.0096       -6123.07
        11         0.0099       -5798.14
        11         0.0102       -5495.32
        11         0.0105       -5212.41
        11         0.0108       -4947.52
        11         0.0111       -4699.01
        11         0.0114       -4465.48
        11         0.0117       -4245.67
        11          0.012       -4038.52
        11         0.0123       -3843.04
        11         0.0126       -3658.41
        11         0.0129       -3483.86
        11         0.0132       -3318.71
        11         0.0135       -3162.37
        11         0.0138       -3014.29
        11         0.0141       -2873.98
        11         0.0144          -2741
        11         0.0147       -2614.93
        11          0.015       -2495.42
        11         0.0153       -2382.11
        11         0.0156        -2274.7
        11         0.0159        -2172.9
        11         0.0162       -2076.43
        11         0.0165       -1985.04
        11         0.0168       -1898.49
        11         0.0171       -1816.55
        11         0.0174       -1739.02
        11         0.0177       -1665.68
        11          0.018       -1596.34
        11         0.0183       -1530.82
        11         0.0186       -1468.93
        11         0.0189        -1410.5
        11         0.0192       -1355.36
        11         0.0195       -1303.35
        11         0.0198       -1254.31
        11         0.0201        -1208.1
        11         0.0204       -1164.56
        11         0.0207       -1123.57
        11          0.021       -1084.98
        11         0.0213       -1048.68
        11         0.0216       -1014.53
        11         0.0219       -982.427
        11         0.0222       -952.255
        11         0.0225       -923.911
        11         0.0228       -897.296
        11         0.0231       -872.317
        11         0.0234       -848.885
        11         0.0237       -826.919
        11          0.024       -806.339
        11         0.0243       -787.075
        11         0.0246       -769.057
        11         0.0249       -752.223
        11         0.0252       -736.514
        11         0.0255       -721.876
        11         0.0258       -708.257
        11         0.0261       -695.612
        11         0.0264       -683.896
        11         0.0267       -673.071
        11          0.027       -663.101
        11         0.0273       -653.951
        11         0.0276       -645.592
        11         0.0279       -637.997
        11         0.0282       -631.141
        11         0.0285       -625.002
        11         0.0288       -619.559
        11         0.0291       -614.796
        11         0.0294       -610.699
        11         0.0297       -607.252
        11           0.03       -604.447
        11         0.0303       -602.275
        11         0.0306       -600.728
        11         0.0309       -599.801
        11         0.0312       -599.493
        12        -0.0315        -558.26
        12        -0.0312       -558.533
        12        -0.0309       -559.351
        12        -0.0306       -560.718
        12        -0.0303       -562.636
        12          -0.03       -565.113
        12        -0.0297       -568.154
        12        -0.0294       -571.769
        12        -0.0291       -575.969
        12        -0.0288       -580.765
        12        -0.0285       -586.172
        12        -0.0282       -592.206
        12        -0.0279       -598.885
        12        -0.0276        -606.23
        12        -0.0273       -614.263
        12         -0.027       -623.009
        12        -0.0267       -632.496
        12        -0.0264       -642.752
        12        -0.0261       -653.812
        12        -0.0258        -665.71
        12        -0.0255       -678.486
        12        -0.0252        -692.18
        12        -0.0249        -706.84
        12        -0.0246       -722.513
        12        -0.0243       -739.253
        12         -0.024       -757.116
        12        -0.0237       -776.163
        12        -0.0234       -796.461
        12        -0.0231       -818.079
        12        -0.0228       -841.093
        12        -0.0225       -865.581
        12        -0.0222       -891.629
        12        -0.0219       -919.328
        12        -0.0216       -948.773
        12        -0.0213       -980.065
        12         -0.021       -1013.31
        12        -0.0207       -1048.63
        12        -0.0204       -1086.12
        12        -0.0201       -1125.93
        12        -0.0198       -1168.18
        12        -0.0195       -1212.99
        12        -0.0192       -1260.53
        12        -0.0189       -1310.92
        12        -0.0186       -1364.33
        12        -0.0183       -1420.91
        12         -0.018       -1480.82
        12        -0.0177       -1544.24
        12        -0.0174       -1611.35
        12        -0.0171       -1682.31
        12        -0.0168       -1757.33
        12        -0.0165       -1836.61
        12        -0.0162       -1920.35
        12        -0.0159       -2008.76
        12        -0.0156       -2102.09
        12        -0.0153       -2200.57
        12         -0.015       -2304.47
        12        -0.0147       -2414.06
        12        -0.0144       -2529.64
        12        -0.0141       -2651.53
        12        -0.0138       -2780.08
        12        -0.0135       -2915.68
        12        -0.0132       -3058.73
        12        -0.0129       -3209.71
        12        -0.0126       -3369.12
        12        -0.0123       -3537.52
        12         -0.012       -3715.54
        12        -0.0117       -3903.87
        12        -0.0114       -4103.31
        12        -0.0111       -4314.73
        12        -0.0108       -4539.14
        12        -0.0105       -4777.66
        12        -0.0102        -5031.6
        12        -0.0099       -5302.44
        12        -0.0096       -5591.88
        12        -0.0093       -5901.92
        12         -0.009       -6234.89
        12        -0.0087       -6593.52
        12        -0.0084       -6981.09
        12        -0.0081       -7401.51
        12        -0.0078       -7859.59
        12        -0.0075       -8361.25
        12        -0.0072       -8913.92
        12        -0.0069       -9527.18
        12        -0.0066       -10213.6
        12        -0.0063       -10990.5
        12         -0.006       -11882.2
        12        -0.0057       -12926.6
        12        -0.0054         -14191
        12        -0.0051         -15000
        12        -0.0048         -15000
        12        -0.0045         -15000
        12        -0.0042       -14966.9
        12        -0.0039       -14749.1
        12        -0.0036       -14563.4
        12        -0.0033       -14409.8
        12         -0.003       -14286.3
        12        -0.0027       -14189.7
        12        -0.0024       -14116.3
        12        -0.0021       -14062.7
        12        -0.0018       -14025.1
        12        -0.0015       -14000.4
        12        -0.0012       -13985.4
        12        -0.0009       -13977.4
        12        -0.0006       -13973.8
        12        -0.0003       -13972.7
        12              0       -13972.6
        12         0.0003       -13972.7
        12         0.0006       -13972.6
        12         0.0009       -13972.9
        12         0.0012       -13974.6
        12         0.0015       -13979.4
        12         0.0018       -13989.5
        12         0.0021       -14007.3
        12         0.0024         -14036
        12         0.0027       -14078.5
        12          0.003       -14138.3
        12         0.0033       -14218.9
        12         0.0036       -14323.9
        12         0.0039         -14457
        12         0.0042       -14620.9
        12         0.0045       -14817.1
        12         0.0048         -15000
        12         0.0051         -15000
        12         0.0054         -15000
        12         0.0057         -15000
        12          0.006       -13748.3
        12         0.0063       -12564.9
        12         0.0066       -11574.7
        12         0.0069       -10723.3
        12         0.0072       -9978.11
        12         0.0075       -9317.29
        12         0.0078       -8725.25
        12         0.0081       -8190.43
        12         0.0084       -7704.02
        12         0.0087       -7259.11
        12          0.009       -6850.17
        12         0.0093       -6472.73
        12         0.0096       -6123.07
        12         0.0099       -5798.14
        12         0.0102       -5495.32
        12         0.0105       -5212.41
        12         0.0108       -4947.52
        12         0.0111       -4699.01
        12         0.0114       -4465.48
        12         0.0117       -4245.67
        12          0.012       -4038.52
        12         0.0123       -3843.04
        12         0.0126       -3658.41
        12         0.0129       -3483.86
        12         0.0132       -3318.71
        12         0.0135       -3162.37
        12         0.0138       -3014.29
        12         0.0141       -2873.98
        12         0.0144          -2741
        12         0.0147       -2614.93
        12          0.015       -2495.42
        12         0.0153       -2382.11
        12         0.0156        -2274.7
        12         0.0159        -2172.9
        12         0.0162       -2076.43
        12         0.0165       -1985.04
        12         0.0168       -1898.49
        12         0.0171       -1816.55
        12         0.0174       -1739.02
        12         0.0177       -1665.68
        12          0.018       -1596.34
        12         0.0183       -1530.82
        12         0.0186       -1468.93
        12         0.0189        -1410.5
        12         0.0192       -1355.36
        12         0.0195       -1303.35
        12         0.0198       -1254.31
        12         0.0201        -1208.1
        12         0.0204       -1164.56
        12         0.0207       -1123.57
        12          0.021       -1084.98
        12         0.0213       -1048.68
        12         0.0216       -1014.53
        12         0.0219       -982.427
        12         0.0222       -952.255
        12         0.0225       -923.911
        12         0.0228       -897.296
        12         0.0231       -872.317
        12         0.0234       -848.885
        12         0.0237       -826.919
        12          0.024       -806.339
        12         0.0243       -787.075
        12         0.0246       -769.057
        12         0.0249       -752.223
        12         0.0252       -736.514
        12         0.0255       -721.876
        12         0.0258       -708.257
        12         0.0261       -695.612
        12         0.0264       -683.896
        12         0.0267       -673.071
        12          0.027       -663.101
        12         0.0273       -653.951
        12         0.0276       -645.592
        12         0.0279       -637.997
        12         0.0282       -631.141
        12         0.0285       -625.002
        12         0.0288       -619.559
        12         0.0291       -614.796
        12         0.0294       -610.699
        12         0.0297       -607.252
        12           0.03       -604.447
        12         0.0303       -602.275
        12         0.0306       -600.728
        12         0.0309       -599.801
        12         0.0312       -599.493
        13        -0.0315        -558.26
        13        -0.0312       -558.533
        13        -0.0309       -559.351
        13        -0.0306       -560.718
        13        -0.0303       -562.636
        13          -0.03       -565.113
        13        -0.0297       -568.154
        13        -0.0294       -571.769
        13        -0.0291       -575.969
        13        -0.0288       -580.765
        13        -0.0285       -586.172
        13        -0.0282       -592.206
        13        -0.0279       -598.885
        13        -0.0276        -606.23
        13        -0.0273       -614.263
        13         -0.027       -623.009
        13        -0.0267       -632.496
        13        -0.0264       -642.752
        13        -0.0261       -653.812
        13        -0.0258        -665.71
        13        -0.0255       -678.486
        13        -0.0252        -692.18
        13        -0.0249        -706.84
        13        -0.0246       -722.513
        13        -0.0243       -739.253
        13         -0.024       -757.116
        13        -0.0237       -776.163
        13        -0.0234       -796.461
        13        -0.0231       -818.079
        13        -0.0228       -841.093
        13        -0.0225       -865.581
        13        -0.0222       -891.629
        13        -0.0219       -919.328
        13        -0.0216       -948.773
        13        -0.0213       -980.065
        13         -0.021       -1013.31
        13        -0.0207       -1048.63
        13        -0.0204       -1086.12
        13        -0.0201       -1125.93
        13        -0.0198       -1168.18
        13        -0.0195       -1212.99
        13        -0.0192       -1260.53
        13        -0.0189       -1310.92
        13        -0.0186       -1364.33
        13        -0.0183       -1420.91
        13         -0.018       -1480.82
        13        -0.0177       -1544.24
        13        -0.0174       -1611.35
        13        -0.0171       -1682.31
        13        -0.0168       -1757.33
        13        -0.0165       -1836.61
        13        -0.0162       -1920.35
        13        -0.0159       -2008.76
        13        -0.0156       -2102.09
        13        -0.0153       -2200.57
        13         -0.015       -2304.47
        13        -0.0147       -2414.06
        13        -0.0144       -2529.64
        13        -0.0141       -2651.53
        13        -0.0138       -2780.08
        13        -0.0135       -2915.68
        13        -0.0132       -3058.73
        13        -0.0129       -3209.71
        13        -0.0126       -3369.12
        13        -0.0123       -3537.52
        13         -0.012       -3715.54
        13        -0.0117       -3903.87
        13        -0.0114       -4103.31
        13        -0.0111       -4314.73
        13        -0.0108       -4539.14
        13        -0.0105       -4777.66
        13        -0.0102        -5031.6
        13        -0.0099       -5302.44
        13        -0.0096       -5591.88
        13        -0.0093       -5901.92
        13         -0.009       -6234.89
        13        -0.0087       -6593.52
        13        -0.0084       -6981.09
        13        -0.0081       -7401.51
        13        -0.0078       -7859.59
        13        -0.0075       -8361.25
        13        -0.0072       -8913.92
        13        -0.0069       -9527.18
        13        -0.0066       -10213.6
        13        -0.0063       -10990.5
        13         -0.006       -11882.2
        13        -0.0057       -12926.6
        13        -0.0054         -14191
        13        -0.0051         -15000
        13        -0.0048         -15000
        13        -0.0045         -15000
        13        -0.0042       -14966.9
        13        -0.0039       -14749.1
        13        -0.0036       -14563.4
        13        -0.0033       -14409.8
        13         -0.003       -14286.3
        13        -0.0027       -14189.7
        13        -0.0024       -14116.3
        13        -0.0021       -14062.7
        13        -0.0018       -14025.1
        13        -0.0015       -14000.4
        13        -0.0012       -13985.4
        13        -0.0009       -13977.4
        13        -0.0006       -13973.8
        13        -0.0003       -13972.7
        13              0       -13972.6
        13         0.0003       -13972.7
        13         0.0006       -13972.6
        13         0.0009       -13972.9
        13         0.0012       -13974.6
        13         0.0015       -13979.4
        13         0.0018       -13989.5
        13         0.0021       -14007.3
        13         0.0024         -14036
        13         0.0027       -14078.5
        13          0.003       -14138.3
        13         0.0033       -14218.9
        13         0.0036       -14323.9
        13         0.0039         -14457
        13         0.0042       -14620.9
        13         0.0045       -14817.1
        13         0.0048         -15000
        13         0.0051         -15000
        13         0.0054         -15000
        13         0.0057         -15000
        13          0.006       -13748.3
        13         0.0063       -12564.9
        13         0.0066       -11574.7
        13         0.0069       -10723.3
        13         0.0072       -9978.11
        13         0.0075       -9317.29
        13         0.0078       -8725.25
        13         0.0081       -8190.43
        13         0.0084       -7704.02
        13         0.0087       -7259.11
        13          0.009       -6850.17
        13         0.0093       -6472.73
        13         0.0096       -6123.07
        13         0.0099       -5798.14
        13         0.0102       -5495.32
        13         0.0105       -5212.41
        13         0.0108       -4947.52
        13         0.0111       -4699.01
        13         0.0114       -4465.48
        13         0.0117       -4245.67
        13          0.012       -4038.52
        13         0.0123       -3843.04
        13         0.0126       -3658.41
        13         0.0129       -3483.86
        13         0.0132       -3318.71
        13         0.0135       -3162.37
        13         0.0138       -3014.29
        13         0.0141       -2873.98
        13         0.0144          -2741
        13         0.0147       -2614.93
        13          0.015       -2495.42
        13         0.0153       -2382.11
        13         0.0156        -2274.7
        13         0.0159        -2172.9
        13         0.0162       -2076.43
        13         0.0165       -1985.04
        13         0.0168       -1898.49
        13         0.0171       -1816.55
        13         0.0174       -1739.02
        13         0.0177       -1665.68
        13          0.018       -1596.34
        13         0.0183       -1530.82
        13         0.0186       -1468.93
        13         0.0189        -1410.5
        13         0.0192       -1355.36
        13         0.0195       -1303.35
        13         0.0198       -1254.31
        13         0.0201        -1208.1
        13         0.0204       -1164.56
        13         0.0207       -1123.57
        13          0.021       -1084.98
        13         0.0213       -1048.68
        13         0.0216       -1014.53
        13         0.0219       -982.427
        13         0.0222       -952.255
        13         0.0225       -923.911
        13         0.0228       -897.296
        13         0.0231       -872.317
        13         0.0234       -848.885
        13         0.0237       -826.919
        13          0.024       -806.339
        13         0.0243       -787.075
        13         0.0246       -769.057
        13         0.0249       -752.223
        13         0.0252       -736.514
        13         0.0255       -721.876
        13         0.0258       -708.257
        13         0.0261       -695.612
        13         0.0264       -683.896
        13         0.0267       -673.071
        13          0.027       -663.101
        13         0.0273       -653.951
        13         0.0276       -645.592
        13         0.0279       -637.997
        13         0.0282       -631.141
        13         0.0285       -625.002
        13         0.0288       -619.559
        13         0.0291       -614.796
        13         0.0294       -610.699
        13         0.0297       -607.252
        13           0.03       -604.447
        13         0.0303       -602.275
        13         0.0306       -600.728
        13         0.0309       -599.801
        13         0.0312       -599.493
        14        -0.0315        -558.26
        14        -0.0312       -558.533
        14        -0.0309       -559.351
        14        -0.0306       -560.718
        14        -0.0303       -562.636
        14          -0.03       -565.113
        14        -0.0297       -568.154
        14        -0.0294       -571.769
        14        -0.0291       -575.969
        14        -0.0288       -580.765
        14        -0.0285       -586.172
        14        -0.0282       -592.206
        14        -0.0279       -598.885
        14        -0.0276        -606.23
        14        -0.0273       -614.263
        14         -0.027       -623.009
        14        -0.0267       -632.496
        14        -0.0264       -642.752
        14        -0.0261       -653.812
        14        -0.0258        -665.71
        14        -0.0255       -678.486
        14        -0.0252        -692.18
        14        -0.0249        -706.84
        14        -0.0246       -722.513
        14        -0.0243       -739.253
        14         -0.024       -757.116
        14        -0.0237       -776.163
        14        -0.0234       -796.461
        14        -0.0231       -818.079
        14        -0.0228       -841.093
        14        -0.0225       -865.581
        14        -0.0222       -891.629
        14        -0.0219       -919.328
        14        -0.0216       -948.773
        14        -0.0213       -980.065
        14         -0.021       -1013.31
        14        -0.0207       -1048.63
        14        -0.0204       -1086.12
        14        -0.0201       -1125.93
        14        -0.0198       -1168.18
        14        -0.0195       -1212.99
        14        -0.0192       -1260.53
        14        -0.0189       -1310.92
        14        -0.0186       -1364.33
        14        -0.0183       -1420.91
        14         -0.018       -1480.82
        14        -0.0177       -1544.24
        14        -0.0174       -1611.35
        14        -0.0171       -1682.31
        14        -0.0168       -1757.33
        14        -0.0165       -1836.61
        14        -0.0162       -1920.35
        14        -0.0159       -2008.76
        14        -0.0156       -2102.09
        14        -0.0153       -2200.57
        14         -0.015       -2304.47
        14        -0.0147       -2414.06
        14        -0.0144       -2529.64
        14        -0.0141       -2651.53
        14        -0.0138       -2780.08
        14        -0.0135       -2915.68
        14        -0.0132       -3058.73
        14        -0.0129       -3209.71
        14        -0.0126       -3369.12
        14        -0.0123       -3537.52
        14         -0.012       -3715.54
        14        -0.0117       -3903.87
        14        -0.0114       -4103.31
        14        -0.0111       -4314.73
        14        -0.0108       -4539.14
        14        -0.0105       -4777.66
        14        -0.0102        -5031.6
        14        -0.0099       -5302.44
        14        -0.0096       -5591.88
        14        -0.0093       -5901.92
        14         -0.009       -6234.89
        14        -0.0087       -6593.52
        14        -0.0084       -6981.09
        14        -0.0081       -7401.51
        14        -0.0078       -7859.59
        14        -0.0075       -8361.25
        14        -0.0072       -8913.92
        14        -0.0069       -9527.18
        14        -0.0066       -10213.6
        14        -0.0063       -10990.5
        14         -0.006       -11882.2
        14        -0.0057       -12926.6
        14        -0.0054         -14191
        14        -0.0051         -15000
        14        -0.0048         -15000
        14        -0.0045         -15000
        14        -0.0042       -14966.9
        14        -0.0039       -14749.1
        14        -0.0036       -14563.4
        14        -0.0033       -14409.8
        14         -0.003       -14286.3
        14        -0.0027       -14189.7
        14        -0.0024       -14116.3
        14        -0.0021       -14062.7
        14        -0.0018       -14025.1
        14        -0.0015       -14000.4
        14        -0.0012       -13985.4
        14        -0.0009       -13977.4
        14        -0.0006       -13973.8
        14        -0.0003       -13972.7
        14              0       -13972.6
        14         0.0003       -13972.7
        14         0.0006       -13972.6
        14         0.0009       -13972.9
        14         0.0012       -13974.6
        14         0.0015       -13979.4
        14         0.0018       -13989.5
        14         0.0021       -14007.3
        14         0.0024         -14036
        14         0.0027       -14078.5
        14          0.003       -14138.3
        14         0.0033       -14218.9
        14         0.0036       -14323.9
        14         0.0039         -14457
        14         0.0042       -14620.9
        14         0.0045       -14817.1
        14         0.0048         -15000
        14         0.0051         -15000
        14         0.0054         -15000
        14         0.0057         -15000
        14          0.006       -13748.3
        14         0.0063       -12564.9
        14         0.0066       -11574.7
        14         0.0069       -10723.3
        14         0.0072       -9978.11
        14         0.0075       -9317.29
        14         0.0078       -8725.25
        14         0.0081       -8190.43
        14         0.0084       -7704.02
        14         0.0087       -7259.11
        14          0.009       -6850.17
        14         0.0093       -6472.73
        14         0.0096       -6123.07
        14         0.0099       -5798.14
        14         0.0102       -5495.32
        14         0.0105       -5212.41
        14         0.0108       -4947.52
        14         0.0111       -4699.01
        14         0.0114       -4465.48
        14         0.0117       -4245.67
        14          0.012       -4038.52
        14         0.0123       -3843.04
        14         0.0126       -3658.41
        14         0.0129       -3483.86
        14         0.0132       -3318.71
        14         0.0135       -3162.37
        14         0.0138       -3014.29
        14         0.0141       -2873.98
        14         0.0144          -2741
        14         0.0147       -2614.93
        14          0.015       -2495.42
        14         0.0153       -2382.11
        14         0.0156        -2274.7
        14         0.0159        -2172.9
        14         0.0162       -2076.43
        14         0.0165       -1985.04
        14         0.0168       -1898.49
        14         0.0171       -1816.55
        14         0.0174       -1739.02
        14         0.0177       -1665.68
        14          0.018       -1596.34
        14         0.0183       -1530.82
        14         0.0186       -1468.93
        14         0.0189        -1410.5
        14         0.0192       -1355.36
        14         0.0195       -1303.35
        14         0.0198       -1254.31
        14         0.0201        -1208.1
        14         0.0204       -1164.56
        14         0.0207       -1123.57
        14          0.021       -1084.98
        14         0.0213       -1048.68
        14         0.0216       -1014.53
        14         0.0219       -982.427
        14         0.0222       -952.255
        14         0.0225       -923.911
        14         0.0228       -897.296
        14         0.0231       -872.317
        14         0.0234       -848.885
        14         0.0237       -826.919
        14          0.024       -806.339
        14         0.0243       -787.075
        14         0.0246       -769.057
        14         0.0249       -752.223
        14         0.0252       -736.514
        14         0.0255       -721.876
        14         0.0258       -708.257
        14         0.0261       -695.612
        14         0.0264       -683.896
        14         0.0267       -673.071
        14          0.027       -663.101
        14         0.0273       -653.951
        14         0.0276       -645.592
        14         0.0279       -637.997
        14         0.0282       -631.141
        14         0.0285       -625.002
        14         0.0288       -619.559
        14         0.0291       -614.796
        14         0.0294       -610.699
        14         0.0297       -607.252
        14           0.03       -604.447
        14         0.0303       -602.275
        14         0.0306       -600.728
        14         0.0309       -599.801
        14         0.0312       -599.493
        15        -0.0315        -558.26
        15        -0.0312       -558.533
        15        -0.0309       -559.351
        15        -0.0306       -560.718
        15        -0.0303       -562.636
        15          -0.03       -565.113
        15        -0.0297       -568.154
        15        -0.0294       -571.769
        15        -0.0291       -575.969
        15        -0.0288       -580.765
        15        -0.0285       -586.172
        15        -0.0282       -592.206
        15        -0.0279       -598.885
        15        -0.0276        -606.23
        15        -0.0273       -614.263
        15         -0.027       -623.009
        15        -0.0267       -632.496
        15        -0.0264       -642.752
        15        -0.0261       -653.812
        15        -0.0258        -665.71
        15        -0.0255       -678.486
        15        -0.0252        -692.18
        15        -0.0249        -706.84
        15        -0.0246       -722.513
        15        -0.0243       -739.253
        15         -0.024       -757.116
        15        -0.0237       -776.163
        15        -0.0234       -796.461
        15        -0.0231       -818.079
        15        -0.0228       -841.093
        15        -0.0225       -865.581
        15        -0.0222       -891.629
        15        -0.0219       -919.328
        15        -0.0216       -948.773
        15        -0.0213       -980.065
        15         -0.021       -1013.31
        15        -0.0207       -1048.63
        15        -0.0204       -1086.12
        15        -0.0201       -1125.93
        15        -0.0198       -1168.18
        15        -0.0195       -1212.99
        15        -0.0192       -1260.53
        15        -0.0189       -1310.92
        15        -0.0186       -1364.33
        15        -0.0183       -1420.91
        15         -0.018       -1480.82
        15        -0.0177       -1544.24
        15        -0.0174       -1611.35
        15        -0.0171       -1682.31
        15        -0.0168       -1757.33
        15        -0.0165       -1836.61
        15        -0.0162       -1920.35
        15        -0.0159       -2008.76
        15        -0.0156       -2102.09
        15        -0.0153       -2200.57
        15         -0.015       -2304.47
        15        -0.0147       -2414.06
        15        -0.0144       -2529.64
        15        -0.0141       -2651.53
        15        -0.0138       -2780.08
        15        -0.0135       -2915.68
        15        -0.0132       -3058.73
        15        -0.0129       -3209.71
        15        -0.0126       -3369.12
        15        -0.0123       -3537.52
        15         -0.012       -3715.54
        15        -0.0117       -3903.87
        15        -0.0114       -4103.31
        15        -0.0111       -4314.73
        15        -0.0108       -4539.14
        15        -0.0105       -4777.66
        15        -0.0102        -5031.6
        15        -0.0099       -5302.44
        15        -0.0096       -5591.88
        15        -0.0093       -5901.92
        15         -0.009       -6234.89
        15        -0.0087       -6593.52
        15        -0.0084       -6981.09
        15        -0.0081       -7401.51
        15        -0.0078       -7859.59
        15        -0.0075       -8361.25
        15        -0.0072       -8913.92
        15        -0.0069       -9527.18
        15        -0.0066       -10213.6
        15        -0.0063       -10990.5
        15         -0.006       -11882.2
        15        -0.0057       -12926.6
        15        -0.0054         -14191
        15        -0.0051         -15000
        15        -0.0048         -15000
        15        -0.0045         -15000
        15        -0.0042       -14966.9
        15        -0.0039       -14749.1
        15        -0.0036       -14563.4
        15        -0.0033       -14409.8
        15         -0.003       -14286.3
        15        -0.0027       -14189.7
        15        -0.0024       -14116.3
        15        -0.0021       -14062.7
        15        -0.0018       -14025.1
        15        -0.0015       -14000.4
        15        -0.0012       -13985.4
        15        -0.0009       -13977.4
        15        -0.0006       -13973.8
        15        -0.0003       -13972.7
        15              0       -13972.6
        15         0.0003       -13972.7
        15         0.0006       -13972.6
        15         0.0009       -13972.9
        15         0.0012       -13974.6
        15         0.0015       -13979.4
        15         0.0018       -13989.5
        15         0.0021       -14007.3
        15         0.0024         -14036
        15         0.0027       -14078.5
        15          0.003       -14138.3
        15         0.0033       -14218.9
        15         0.0036       -14323.9
        15         0.0039         -14457
        15         0.0042       -14620.9
        15         0.0045       -14817.1
        15         0.0048         -15000
        15         0.0051         -15000
        15         0.0054         -15000
        15         0.0057         -15000
        15          0.006       -13748.3
        15         0.0063       -12564.9
        15         0.0066       -11574.7
        15         0.0069       -10723.3
        15         0.0072       -9978.11
        15         0.0075       -9317.29
        15         0.0078       -8725.25
        15         0.0081       -8190.43
        15         0.0084       -7704.02
        15         0.0087       -7259.11
        15          0.009       -6850.17
        15         0.0093       -6472.73
        15         0.0096       -6123.07
        15         0.0099       -5798.14
        15         0.0102       -5495.32
        15         0.0105       -5212.41
        15         0.0108       -4947.52
        15         0.0111       -4699.01
        15         0.0114       -4465.48
        15         0.0117       -4245.67
        15          0.012       -4038.52
        15         0.0123       -3843.04
        15         0.0126       -3658.41
        15         0.0129       -3483.86
        15         0.0132       -3318.71
        15         0.0135       -3162.37
        15         0.0138       -3014.29
        15         0.0141       -2873.98
        15         0.0144          -2741
        15         0.0147       -2614.93
        15          0.015       -2495.42
        15         0.0153       -2382.11
        15         0.0156        -2274.7
        15         0.0159        -2172.9
        15         0.0162       -2076.43
        15         0.0165       -1985.04
        15         0.0168       -1898.49
        15         0.0171       -1816.55
        15         0.0174       -1739.02
        15         0.0177       -1665.68
        15          0.018       -1596.34
        15         0.0183       -1530.82
        15         0.0186       -1468.93
        15         0.0189        -1410.5
        15         0.0192       -1355.36
        15         0.0195       -1303.35
        15         0.0198       -1254.31
        15         0.0201        -1208.1
        15         0.0204       -1164.56
        15         0.0207       -1123.57
        15          0.021       -1084.98
        15         0.0213       -1048.68
        15         0.0216       -1014.53
        15         0.0219       -982.427
        15         0.0222       -952.255
        15         0.0225       -923.911
        15         0.0228       -897.296
        15         0.0231       -872.317
        15         0.0234       -848.885
        15         0.0237       -826.919
        15          0.024       -806.339
        15         0.0243       -787.075
        15         0.0246       -769.057
        15         0.0249       -752.223
        15         0.0252       -736.514
        15         0.0255       -721.876
        15         0.0258       -708.257
        15         0.0261       -695.612
        15         0.0264       -683.896
        15         0.0267       -673.071
        15          0.027       -663.101
        15         0.0273       -653.951
        15         0.0276       -645.592
        15         0.0279       -637.997
        15         0.0282       -631.141
        15         0.0285       -625.002
        15         0.0288       -619.559
        15         0.0291       -614.796
        15         0.0294       -610.699
        15         0.0297       -607.252
        15           0.03       -604.447
        15         0.0303       -602.275
        15         0.0306       -600.728
        15         0.0309       -599.801
        15         0.0312       -599.493
        16        -0.0315        -558.26
        16        -0.0312       -558.533
        16        -0.0309       -559.351
        16        -0.0306       -560.718
        16        -0.0303       -562.636
        16          -0.03       -565.113
        16        -0.0297       -568.154
        16        -0.0294       -571.769
        16        -0.0291       -575.969
        16        -0.0288       -580.765
        16        -0.0285       -586.172
        16        -0.0282       -592.206
        16        -0.0279       -598.885
        16        -0.0276        -606.23
        16        -0.0273       -614.263
        16         -0.027       -623.009
        16        -0.0267       -632.496
        16        -0.0264       -642.752
        16        -0.0261       -653.812
        16        -0.0258        -665.71
        16        -0.0255       -678.486
        16        -0.0252        -692.18
        16        -0.0249        -706.84
        16        -0.0246       -722.513
        16        -0.0243       -739.253
        16         -0.024       -757.116
        16        -0.0237       -776.163
        16        -0.0234       -796.461
        16        -0.0231       -818.079
        16        -0.0228       -841.093
        16        -0.0225       -865.581
        16        -0.0222       -891.629
        16        -0.0219       -919.328
        16        -0.0216       -948.773
        16        -0.0213       -980.065
        16         -0.021       -1013.31
        16        -0.0207       -1048.63
        16        -0.0204       -1086.12
        16        -0.0201       -1125.93
        16        -0.0198       -1168.18
        16        -0.0195       -1212.99
        16        -0.0192       -1260.53
        16        -0.0189       -1310.92
        16        -0.0186       -1364.33
        16        -0.0183       -1420.91
        16         -0.018       -1480.82
        16        -0.0177       -1544.24
        16        -0.0174       -1611.35
        16        -0.0171       -1682.31
        16        -0.0168       -1757.33
        16        -0.0165       -1836.61
        16        -0.0162       -1920.35
        16        -0.0159       -2008.76
        16        -0.0156       -2102.09
        16        -0.0153       -2200.57
        16         -0.015       -2304.47
        16        -0.0147       -2414.06
        16        -0.0144       -2529.64
        16        -0.0141       -2651.53
        16        -0.0138       -2780.08
        16        -0.0135       -2915.68
        16        -0.0132       -3058.73
        16        -0.0129       -3209.71
        16        -0.0126       -3369.12
        16        -0.0123       -3537.52
        16         -0.012       -3715.54
        16        -0.0117       -3903.87
        16        -0.0114       -4103.31
        16        -0.0111       -4314.73
        16        -0.0108       -4539.14
        16        -0.0105       -4777.66
        16        -0.0102        -5031.6
        16        -0.0099       -5302.44
        16        -0.0096       -5591.88
        16        -0.0093       -5901.92
        16         -0.009       -6234.89
        16        -0.0087       -6593.52
        16        -0.0084       -6981.09
        16        -0.0081       -7401.51
        16        -0.0078       -7859.59
        16        -0.0075       -8361.25
        16        -0.0072       -8913.92
        16        -0.0069       -9527.18
        16        -0.0066       -10213.6
        16        -0.0063       -10990.5
        16         -0.006       -11882.2
        16        -0.0057       -12926.6
        16        -0.0054         -14191
        16        -0.0051         -15000
        16        -0.0048         -15000
        16        -0.0045         -15000
        16        -0.0042       -14966.9
        16        -0.0039       -14749.1
        16        -0.0036       -14563.4
        16        -0.0033       -14409.8
        16         -0.003       -14286.3
        16        -0.0027       -14189.7
        16        -0.0024       -14116.3
        16        -0.0021       -14062.7
        16        -0.0018       -14025.1
        16        -0.0015       -14000.4
        16        -0.0012       -13985.4
        16        -0.0009       -13977.4
        16        -0.0006       -13973.8
        16        -0.0003       -13972.7
        16              0       -13972.6
        16         0.0003       -13972.7
        16         0.0006       -13972.6
        16         0.0009       -13972.9
        16         0.0012       -13974.6
        16         0.0015       -13979.4
        16         0.0018       -13989.5
        16         0.0021       -14007.3
        16         0.0024         -14036
        16         0.0027       -14078.5
        16          0.003       -14138.3
        16         0.0033       -14218.9
        16         0.0036       -14323.9
        16         0.0039         -14457
        16         0.0042       -14620.9
        16         0.0045       -14817.1
        16         0.0048         -15000
        16         0.0051         -15000
        16         0.0054         -15000
        16         0.0057         -15000
        16          0.006       -13748.3
        16         0.0063       -12564.9
        16         0.0066       -11574.7
        16         0.0069       -10723.3
        16         0.0072       -9978.11
        16         0.0075       -9317.29
        16         0.0078       -8725.25
        16         0.0081       -8190.43
        16         0.0084       -7704.02
        16         0.0087       -7259.11
        16          0.009       -6850.17
        16         0.0093       -6472.73
        16         0.0096       -6123.07
        16         0.0099       -5798.14
        16         0.0102       -5495.32
        16         0.0105       -5212.41
        16         0.0108       -4947.52
        16         0.0111       -4699.01
        16         0.0114       -4465.48
        16         0.0117       -4245.67
        16          0.012       -4038.52
        16         0.0123       -3843.04
        16         0.0126       -3658.41
        16         0.0129       -3483.86
        16         0.0132       -3318.71
        16         0.0135       -3162.37
        16         0.0138       -3014.29
        16         0.0141       -2873.98
        16         0.0144          -2741
        16         0.0147       -2614.93
        16          0.015       -2495.42
        16         0.0153       -2382.11
        16         0.0156        -2274.7
        16         0.0159        -2172.9
        16         0.0162       -2076.43
        16         0.0165       -1985.04
        16         0.0168       -1898.49
        16         0.0171       -1816.55
        16         0.0174       -1739.02
        16         0.0177       -1665.68
        16          0.018       -1596.34
        16         0.0183       -1530.82
        16         0.0186       -1468.93
        16         0.0189        -1410.5
        16         0.0192       -1355.36
        16         0.0195       -1303.35
        16         0.0198       -1254.31
        16         0.0201        -1208.1
        16         0.0204       -1164.56
        16         0.0207       -1123.57
        16          0.021       -1084.98
        16         0.0213       -1048.68
        16         0.0216       -1014.53
        16         0.0219       -982.427
        16         0.0222       -952.255
        16         0.0225       -923.911
        16         0.0228       -897.296
        16         0.0231       -872.317
        16         0.0234       -848.885
        16         0.0237       -826.919
        16          0.024       -806.339
        16         0.0243       -787.075
        16         0.0246       -769.057
        16         0.0249       -752.223
        16         0.0252       -736.514
        16         0.0255       -721.876
        16         0.0258       -708.257
        16         0.0261       -695.612
        16         0.0264       -683.896
        16         0.0267       -673.071
        16          0.027       -663.101
        16         0.0273       -653.951
        16         0.0276       -645.592
        16         0.0279       -637.997
        16         0.0282       -631.141
        16         0.0285       -625.002
        16         0.0288       -619.559
        16         0.0291       -614.796
        16         0.0294       -610.699
        16         0.0297       -607.252
        16           0.03       -604.447
        16         0.0303       -602.275
        16         0.0306       -600.728
        16         0.0309       -599.801
        16         0.0312       -599.493
        17        -0.0315        -558.26
        17        -0.0312       -558.533
        17        -0.0309       -559.351
        17        -0.0306       -560.718
        17        -0.0303       -562.636
        17          -0.03       -565.113
        17        -0.0297       -568.154
        17        -0.0294       -571.769
        17        -0.0291       -575.969
        17        -0.0288       -580.765
        17        -0.0285       -586.172
        17        -0.0282       -592.206
        17        -0.0279       -598.885
        17        -0.0276        -606.23
        17        -0.0273       -614.263
        17         -0.027       -623.009
        17        -0.0267       -632.496
        17        -0.0264       -642.752
        17        -0.0261       -653.812
        17        -0.0258        -665.71
        17        -0.0255       -678.486
        17        -0.0252        -692.18
        17        -0.0249        -706.84
        17        -0.0246       -722.513
        17        -0.0243       -739.253
        17         -0.024       -757.116
        17        -0.0237       -776.163
        17        -0.0234       -796.461
        17        -0.0231       -818.079
        17        -0.0228       -841.093
        17        -0.0225       -865.581
        17        -0.0222       -891.629
        17        -0.0219       -919.328
        17        -0.0216       -948.773
        17        -0.0213       -980.065
        17         -0.021       -1013.31
        17        -0.0207       -1048.63
        17        -0.0204       -1086.12
        17        -0.0201       -1125.93
        17        -0.0198       -1168.18
        17        -0.0195       -1212.99
        17        -0.0192       -1260.53
        17        -0.0189       -1310.92
        17        -0.0186       -1364.33
        17        -0.0183       -1420.91
        17         -0.018       -1480.82
        17        -0.0177       -1544.24
        17        -0.0174       -1611.35
        17        -0.0171       -1682.31
        17        -0.0168       -1757.33
        17        -0.0165       -1836.61
        17        -0.0162       -1920.35
        17        -0.0159       -2008.76
        17        -0.0156       -2102.09
        17        -0.0153       -2200.57
        17         -0.015       -2304.47
        17        -0.0147       -2414.06
        17        -0.0144       -2529.64
        17        -0.0141       -2651.53
        17        -0.0138       -2780.08
        17        -0.0135       -2915.68
        17        -0.0132       -3058.73
        17        -0.0129       -3209.71
        17        -0.0126       -3369.12
        17        -0.0123       -3537.52
        17         -0.012       -3715.54
        17        -0.0117       -3903.87
        17        -0.0114       -4103.31
        17        -0.0111       -4314.73
        17        -0.0108       -4539.14
        17        -0.0105       -4777.66
        17        -0.0102        -5031.6
        17        -0.0099       -5302.44
        17        -0.0096       -5591.88
        17        -0.0093       -5901.92
        17         -0.009       -6234.89
        17        -0.0087       -6593.52
        17        -0.0084       -6981.09
        17        -0.0081       -7401.51
        17        -0.0078       -7859.59
        17        -0.0075       -8361.25
        17        -0.0072       -8913.92
        17        -0.0069       -9527.18
        17        -0.0066       -10213.6
        17        -0.0063       -10990.5
        17         -0.006       -11882.2
        17        -0.0057       -12926.6
        17        -0.0054         -14191
        17        -0.0051         -15000
        17        -0.0048         -15000
        17        -0.0045         -15000
        17        -0.0042       -14966.9
        17        -0.0039       -14749.1
        17        -0.0036       -14563.4
        17        -0.0033       -14409.8
        17         -0.003       -14286.3
        17        -0.0027       -14189.7
        17        -0.0024       -14116.3
        17        -0.0021       -14062.7
        17        -0.0018       -14025.1
        17        -0.0015       -14000.4
        17        -0.0012       -13985.4
        17        -0.0009       -13977.4
        17        -0.0006       -13973.8
        17        -0.0003       -13972.7
        17              0       -13972.6
        17         0.0003       -13972.7
        17         0.0006       -13972.6
        17         0.0009       -13972.9
        17         0.0012       -13974.6
        17         0.0015       -13979.4
        17         0.0018       -13989.5
        17         0.0021       -14007.3
        17         0.0024         -14036
        17         0.0027       -14078.5
        17          0.003       -14138.3
        17         0.0033       -14218.9
        17         0.0036       -14323.9
        17         0.0039         -14457
        17         0.0042       -14620.9
        17         0.0045       -14817.1
        17         0.0048         -15000
        17         0.0051         -15000
        17         0.0054         -15000
        17         0.0057         -15000
        17          0.006       -13748.3
        17         0.0063       -12564.9
        17         0.0066       -11574.7
        17         0.0069       -10723.3
        17         0.0072       -9978.11
        17         0.0075       -9317.29
        17         0.0078       -8725.25
        17         0.0081       -8190.43
        17         0.0084       -7704.02
        17         0.0087       -7259.11
        17          0.009       -6850.17
        17         0.0093       -6472.73
        17         0.0096       -6123.07
        17         0.0099       -5798.14
        17         0.0102       -5495.32
        17         0.0105       -5212.41
        17         0.0108       -4947.52
        17         0.0111       -4699.01
        17         0.0114       -4465.48
        17         0.0117       -4245.67
        17          0.012       -4038.52
        17         0.0123       -3843.04
        17         0.0126       -3658.41
        17         0.0129       -3483.86
        17         0.0132       -3318.71
        17         0.0135       -3162.37
        17         0.0138       -3014.29
        17         0.0141       -2873.98
        17         0.0144          -2741
        17         0.0147       -2614.93
        17          0.015       -2495.42
        17         0.0153       -2382.11
        17         0.0156        -2274.7
        17         0.0159        -2172.9
        17         0.0162       -2076.43
        17         0.0165       -1985.04
        17         0.0168       -1898.49
        17         0.0171       -1816.55
        17         0.0174       -1739.02
        17         0.0177       -1665.68
        17          0.018       -1596.34
        17         0.0183       -1530.82
        17         0.0186       -1468.93
        17         0.0189        -1410.5
        17         0.0192       -1355.36
        17         0.0195       -1303.35
        17         0.0198       -1254.31
        17         0.0201        -1208.1
        17         0.0204       -1164.56
        17         0.0207       -1123.57
        17          0.021       -1084.98
        17         0.0213       -1048.68
        17         0.0216       -1014.53
        17         0.0219       -982.427
        17         0.0222       -952.255
        17         0.0225       -923.911
        17         0.0228       -897.296
        17         0.0231       -872.317
        17         0.0234       -848.885
        17         0.0237       -826.919
        17          0.024       -806.339
        17         0.0243       -787.075
        17         0.0246       -769.057
        17         0.0249       -752.223
        17         0.0252       -736.514
        17         0.0255       -721.876
        17         0.0258       -708.257
        17         0.0261       -695.612
        17         0.0264       -683.896
        17         0.0267       -673.071
        17          0.027       -663.101
        17         0.0273       -653.951
        17         0.0276       -645.592
        17         0.0279       -637.997
        17         0.0282       -631.141
        17         0.0285       -625.002
        17         0.0288       -619.559
        17         0.0291       -614.796
        17         0.0294       -610.699
        17         0.0297       -607.252
        17           0.03       -604.447
        17         0.0303       -602.275
        17         0.0306       -600.728
        17         0.0309       -599.801
        17         0.0312       -599.493
        18        -0.0315        -558.26
        18        -0.0312       -558.533
        18        -0.0309       -559.351
        18        -0.0306       -560.718
        18        -0.0303       -562.636
        18          -0.03       -565.113
        18        -0.0297       -568.154
        18        -0.0294       -571.769
        18        -0.0291       -575.969
        18        -0.0288       -580.765
        18        -0.0285       -586.172
        18        -0.0282       -592.206
        18        -0.0279       -598.885
        18        -0.0276        -606.23
        18        -0.0273       -614.263
        18         -0.027       -623.009
        18        -0.0267       -632.496
        18        -0.0264       -642.752
        18        -0.0261       -653.812
        18        -0.0258        -665.71
        18        -0.0255       -678.486
        18        -0.0252        -692.18
        18        -0.0249        -706.84
        18        -0.0246       -722.513
        18        -0.0243       -739.253
        18         -0.024       -757.116
        18        -0.0237       -776.163
        18        -0.0234       -796.461
        18        -0.0231       -818.079
        18        -0.0228       -841.093
        18        -0.0225       -865.581
        18        -0.0222       -891.629
        18        -0.0219       -919.328
        18        -0.0216       -948.773
        18        -0.0213       -980.065
        18         -0.021       -1013.31
        18        -0.0207       -1048.63
        18        -0.0204       -1086.12
        18        -0.0201       -1125.93
        18        -0.0198       -1168.18
        18        -0.0195       -1212.99
        18        -0.0192       -1260.53
        18        -0.0189       -1310.92
        18        -0.0186       -1364.33
        18        -0.0183       -1420.91
        18         -0.018       -1480.82
        18        -0.0177       -1544.24
        18        -0.0174       -1611.35
        18        -0.0171       -1682.31
        18        -0.0168       -1757.33
        18        -0.0165       -1836.61
        18        -0.0162       -1920.35
        18        -0.0159       -2008.76
        18        -0.0156       -2102.09
        18        -0.0153       -2200.57
        18         -0.015       -2304.47
        18        -0.0147       -2414.06
        18        -0.0144       -2529.64
        18        -0.0141       -2651.53
        18        -0.0138       -2780.08
        18        -0.0135       -2915.68
        18        -0.0132       -3058.73
        18        -0.0129       -3209.71
        18        -0.0126       -3369.12
        18        -0.0123       -3537.52
        18         -0.012       -3715.54
        18        -0.0117       -3903.87
        18        -0.0114       -4103.31
        18        -0.0111       -4314.73
        18        -0.0108       -4539.14
        18        -0.0105       -4777.66
        18        -0.0102        -5031.6
        18        -0.0099       -5302.44
        18        -0.0096       -5591.88
        18        -0.0093       -5901.92
        18         -0.009       -6234.89
        18        -0.0087       -6593.52
        18        -0.0084       -6981.09
        18        -0.0081       -7401.51
        18        -0.0078       -7859.59
        18        -0.0075       -8361.25
        18        -0.0072       -8913.92
        18        -0.0069       -9527.18
        18        -0.0066       -10213.6
        18        -0.0063       -10990.5
        18         -0.006       -11882.2
        18        -0.0057       -12926.6
        18        -0.0054         -14191
        18        -0.0051         -15000
        18        -0.0048         -15000
        18        -0.0045         -15000
        18        -0.0042       -14966.9
        18        -0.0039       -14749.1
        18        -0.0036       -14563.4
        18        -0.0033       -14409.8
        18         -0.003       -14286.3
        18        -0.0027       -14189.7
        18        -0.0024       -14116.3
        18        -0.0021       -14062.7
        18        -0.0018       -14025.1
        18        -0.0015       -14000.4
        18        -0.0012       -13985.4
        18        -0.0009       -13977.4
        18        -0.0006       -13973.8
        18        -0.0003       -13972.7
        18              0       -13972.6
        18         0.0003       -13972.7
        18         0.0006       -13972.6
        18         0.0009       -13972.9
        18         0.0012       -13974.6
        18         0.0015       -13979.4
        18         0.0018       -13989.5
        18         0.0021       -14007.3
        18         0.0024         -14036
        18         0.0027       -14078.5
        18          0.003       -14138.3
        18         0.0033       -14218.9
        18         0.0036       -14323.9
        18         0.0039         -14457
        18         0.0042       -14620.9
        18         0.0045       -14817.1
        18         0.0048         -15000
        18         0.0051         -15000
        18         0.0054         -15000
        18         0.0057         -15000
        18          0.006       -13748.3
        18         0.0063       -12564.9
        18         0.0066       -11574.7
        18         0.0069       -10723.3
        18         0.0072       -9978.11
        18         0.0075       -9317.29
        18         0.0078       -8725.25
        18         0.0081       -8190.43
        18         0.0084       -7704.02
        18         0.0087       -7259.11
        18          0.009       -6850.17
        18         0.0093       -6472.73
        18         0.0096       -6123.07
        18         0.0099       -5798.14
        18         0.0102       -5495.32
        18         0.0105       -5212.41
        18         0.0108       -4947.52
        18         0.0111       -4699.01
        18         0.0114       -4465.48
        18         0.0117       -4245.67
        18          0.012       -4038.52
        18         0.0123       -3843.04
        18         0.0126       -3658.41
        18         0.0129       -3483.86
        18         0.0132       -3318.71
        18         0.0135       -3162.37
        18         0.0138       -3014.29
        18         0.0141       -2873.98
        18         0.0144          -2741
        18         0.0147       -2614.93
        18          0.015       -2495.42
        18         0.0153       -2382.11
        18         0.0156        -2274.7
        18         0.0159        -2172.9
        18         0.0162       -2076.43
        18         0.0165       -1985.04
        18         0.0168       -1898.49
        18         0.0171       -1816.55
        18         0.0174       -1739.02
        18         0.0177       -1665.68
        18          0.018       -1596.34
        18         0.0183       -1530.82
        18         0.0186       -1468.93
        18         0.0189        -1410.5
        18         0.0192       -1355.36
        18         0.0195       -1303.35
        18         0.0198       -1254.31
        18         0.0201        -1208.1
        18         0.0204       -1164.56
        18         0.0207       -1123.57
        18          0.021       -1084.98
        18         0.0213       -1048.68
        18         0.0216       -1014.53
        18         0.0219       -982.427
        18         0.0222       -952.255
        18         0.0225       -923.911
        18         0.0228       -897.296
        18         0.0231       -872.317
        18         0.0234       -848.885
        18         0.0237       -826.919
        18          0.024       -806.339
        18         0.0243       -787.075
        18         0.0246       -769.057
        18         0.0249       -752.223
        18         0.0252       -736.514
        18         0.0255       -721.876
        18         0.0258       -708.257
        18         0.0261       -695.612
        18         0.0264       -683.896
        18         0.0267       -673.071
        18          0.027       -663.101
        18         0.0273       -653.951
        18         0.0276       -645.592
        18         0.0279       -637.997
        18         0.0282       -631.141
        18         0.0285       -625.002
        18         0.0288       -619.559
        18         0.0291       -614.796
        18         0.0294       -610.699
        18         0.0297       -607.252
        18           0.03       -604.447
        18         0.0303       -602.275
        18         0.0306       -600.728
        18         0.0309       -599.801
        18         0.0312       -599.493
        19        -0.0315        -558.26
        19        -0.0312       -558.533
        19        -0.0309       -559.351
        19        -0.0306       -560.718
        19        -0.0303       -562.636
        19          -0.03       -565.113
        19        -0.0297       -568.154
        19        -0.0294       -571.769
        19        -0.0291       -575.969
        19        -0.0288       -580.765
        19        -0.0285       -586.172
        19        -0.0282       -592.206
        19        -0.0279       -598.885
        19        -0.0276        -606.23
        19        -0.0273       -614.263
        19         -0.027       -623.009
        19        -0.0267       -632.496
        19        -0.0264       -642.752
        19        -0.0261       -653.812
        19        -0.0258        -665.71
        19        -0.0255       -678.486
        19        -0.0252        -692.18
        19        -0.0249        -706.84
        19        -0.0246       -722.513
        19        -0.0243       -739.253
        19         -0.024       -757.116
        19        -0.0237       -776.163
        19        -0.0234       -796.461
        19        -0.0231       -818.079
        19        -0.0228       -841.093
        19        -0.0225       -865.581
        19        -0.0222       -891.629
        19        -0.0219       -919.328
        19        -0.0216       -948.773
        19        -0.0213       -980.065
        19         -0.021       -1013.31
        19        -0.0207       -1048.63
        19        -0.0204       -1086.12
        19        -0.0201       -1125.93
        19        -0.0198       -1168.18
        19        -0.0195       -1212.99
        19        -0.0192       -1260.53
        19        -0.0189       -1310.92
        19        -0.0186       -1364.33
        19        -0.0183       -1420.91
        19         -0.018       -1480.82
        19        -0.0177       -1544.24
        19        -0.0174       -1611.35
        19        -0.0171       -1682.31
        19        -0.0168       -1757.33
        19        -0.0165       -1836.61
        19        -0.0162       -1920.35
        19        -0.0159       -2008.76
        19        -0.0156       -2102.09
        19        -0.0153       -2200.57
        19         -0.015       -2304.47
        19        -0.0147       -2414.06
        19        -0.0144       -2529.64
        19        -0.0141       -2651.53
        19        -0.0138       -2780.08
        19        -0.0135       -2915.68
        19        -0.0132       -3058.73
        19        -0.0129       -3209.71
        19        -0.0126       -3369.12
        19        -0.0123       -3537.52
        19         -0.012       -3715.54
        19        -0.0117       -3903.87
        19        -0.0114       -4103.31
        19        -0.0111       -4314.73
        19        -0.0108       -4539.14
        19        -0.0105       -4777.66
        19        -0.0102        -5031.6
        19        -0.0099       -5302.44
        19        -0.0096       -5591.88
        19        -0.0093       -5901.92
        19         -0.009       -6234.89
        19        -0.0087       -6593.52
        19        -0.0084       -6981.09
        19        -0.0081       -7401.51
        19        -0.0078       -7859.59
        19        -0.0075       -8361.25
        19        -0.0072       -8913.92
        19        -0.0069       -9527.18
        19        -0.0066       -10213.6
        19        -0.0063       -10990.5
        19         -0.006       -11882.2
        19        -0.0057       -12926.6
        19        -0.0054         -14191
        19        -0.0051         -15000
        19        -0.0048         -15000
        19        -0.0045         -15000
        19        -0.0042       -14966.9
        19        -0.0039       -14749.1
        19        -0.0036       -14563.4
        19        -0.0033       -14409.8
        19         -0.003       -14286.3
        19        -0.0027       -14189.7
        19        -0.0024       -14116.3
        19        -0.0021       -14062.7
        19        -0.0018       -14025.1
        19        -0.0015       -14000.4
        19        -0.0012       -13985.4
        19        -0.0009       -13977.4
        19        -0.0006       -13973.8
        19        -0.0003       -13972.7
        19              0       -13972.6
        19         0.0003       -13972.7
        19         0.0006       -13972.6
        19         0.0009       -13972.9
        19         0.0012       -13974.6
        19         0.0015       -13979.4
        19         0.0018       -13989.5
        19         0.0021       -14007.3
        19         0.0024         -14036
        19         0.0027       -14078.5
        19          0.003       -14138.3
        19         0.0033       -14218.9
        19         0.0036       -14323.9
        19         0.0039         -14457
        19         0.0042       -14620.9
        19         0.0045       -14817.1
        19         0.0048         -15000
        19         0.0051         -15000
        19         0.0054         -15000
        19         0.0057         -15000
        19          0.006       -13748.3
        19         0.0063       -12564.9
        19         0.0066       -11574.7
        19         0.0069       -10723.3
        19         0.0072       -9978.11
        19         0.0075       -9317.29
        19         0.0078       -8725.25
        19         0.0081       -8190.43
        19         0.0084       -7704.02
        19         0.0087       -7259.11
        19          0.009       -6850.17
        19         0.0093       -6472.73
        19         0.0096       -6123.07
        19         0.0099       -5798.14
        19         0.0102       -5495.32
        19         0.0105       -5212.41
        19         0.0108       -4947.52
        19         0.0111       -4699.01
        19         0.0114       -4465.48
        19         0.0117       -4245.67
        19          0.012       -4038.52
        19         0.0123       -3843.04
        19         0.0126       -3658.41
        19         0.0129       -3483.86
        19         0.0132       -3318.71
        19         0.0135       -3162.37
        19         0.0138       -3014.29
        19         0.0141       -2873.98
        19         0.0144          -2741
        19         0.0147       -2614.93
        19          0.015       -2495.42
        19         0.0153       -2382.11
        19         0.0156        -2274.7
        19         0.0159        -2172.9
        19         0.0162       -2076.43
        19         0.0165       -1985.04
        19         0.0168       -1898.49
        19         0.0171       -1816.55
        19         0.0174       -1739.02
        19         0.0177       -1665.68
        19          0.018       -1596.34
        19         0.0183       -1530.82
        19         0.0186       -1468.93
        19         0.0189        -1410.5
        19         0.0192       -1355.36
        19         0.0195       -1303.35
        19         0.0198       -1254.31
        19         0.0201        -1208.1
        19         0.0204       -1164.56
        19         0.0207       -1123.57
        19          0.021       -1084.98
        19         0.0213       -1048.68
        19         0.0216       -1014.53
        19         0.0219       -982.427
        19         0.0222       -952.255
        19         0.0225       -923.911
        19         0.0228       -897.296
        19         0.0231       -872.317
        19         0.0234       -848.885
        19         0.0237       -826.919
        19          0.024       -806.339
        19         0.0243       -787.075
        19         0.0246       -769.057
        19         0.0249       -752.223
        19         0.0252       -736.514
        19         0.0255       -721.876
        19         0.0258       -708.257
        19         0.0261       -695.612
        19         0.0264       -683.896
        19         0.0267       -673.071
        19          0.027       -663.101
        19         0.0273       -653.951
        19         0.0276       -645.592
        19         0.0279       -637.997
        19         0.0282       -631.141
        19         0.0285       -625.002
        19         0.0288       -619.559
        19         0.0291       -614.796
        19         0.0294       -610.699
        19         0.0297       -607.252
        19           0.03       -604.447
        19         0.0303       -602.275
        19         0.0306       -600.728
        19         0.0309       -599.801
        19         0.0312       -599.493
        20        -0.0315        -558.26
        20        -0.0312       -558.533
        20        -0.0309       -559.351
        20        -0.0306       -560.718
        20        -0.0303       -562.636
        20          -0.03       -565.113
        20        -0.0297       -568.154
        20        -0.0294       -571.769
        20        -0.0291       -575.969
        20        -0.0288       -580.765
        20        -0.0285       -586.172
        20        -0.0282       -592.206
        20        -0.0279       -598.885
        20        -0.0276        -606.23
        20        -0.0273       -614.263
        20         -0.027       -623.009
        20        -0.0267       -632.496
        20        -0.0264       -642.752
        20        -0.0261       -653.812
        20        -0.0258        -665.71
        20        -0.0255       -678.486
        20        -0.0252        -692.18
        20        -0.0249        -706.84
        20        -0.0246       -722.513
        20        -0.0243       -739.253
        20         -0.024       -757.116
        20        -0.0237       -776.163
        20        -0.0234       -796.461
        20        -0.0231       -818.079
        20        -0.0228       -841.093
        20        -0.0225       -865.581
        20        -0.0222       -891.629
        20        -0.0219       -919.328
        20        -0.0216       -948.773
        20        -0.0213       -980.065
        20         -0.021       -1013.31
        20        -0.0207       -1048.63
        20        -0.0204       -1086.12
        20        -0.0201       -1125.93
        20        -0.0198       -1168.18
        20        -0.0195       -1212.99
        20        -0.0192       -1260.53
        20        -0.0189       -1310.92
        20        -0.0186       -1364.33
        20        -0.0183       -1420.91
        20         -0.018       -1480.82
        20        -0.0177       -1544.24
        20        -0.0174       -1611.35
        20        -0.0171       -1682.31
        20        -0.0168       -1757.33
        20        -0.0165       -1836.61
        20        -0.0162       -1920.35
        20        -0.0159       -2008.76
        20        -0.0156       -2102.09
        20        -0.0153       -2200.57
        20         -0.015       -2304.47
        20        -0.0147       -2414.06
        20        -0.0144       -2529.64
        20        -0.0141       -2651.53
        20        -0.0138       -2780.08
        20        -0.0135       -2915.68
        20        -0.0132       -3058.73
        20        -0.0129       -3209.71
        20        -0.0126       -3369.12
        20        -0.0123       -3537.52
        20         -0.012       -3715.54
        20        -0.0117       -3903.87
        20        -0.0114       -4103.31
        20        -0.0111       -4314.73
        20        -0.0108       -4539.14
        20        -0.0105       -4777.66
        20        -0.0102        -5031.6
        20        -0.0099       -5302.44
        20        -0.0096       -5591.88
        20        -0.0093       -5901.92
        20         -0.009       -6234.89
        20        -0.0087       -6593.52
        20        -0.0084       -6981.09
        20        -0.0081       -7401.51
        20        -0.0078       -7859.59
        20        -0.0075       -8361.25
        20        -0.0072       -8913.92
        20        -0.0069       -9527.18
        20        -0.0066       -10213.6
        20        -0.0063       -10990.5
        20         -0.006       -11882.2
        20        -0.0057       -12926.6
        20        -0.0054         -14191
        20        -0.0051         -15000
        20        -0.0048         -15000
        20        -0.0045         -15000
        20        -0.0042       -14966.9
        20        -0.0039       -14749.1
        20        -0.0036       -14563.4
        20        -0.0033       -14409.8
        20         -0.003       -14286.3
        20        -0.0027       -14189.7
        20        -0.0024       -14116.3
        20        -0.0021       -14062.7
        20        -0.0018       -14025.1
        20        -0.0015       -14000.4
        20        -0.0012       -13985.4
        20        -0.0009       -13977.4
        20        -0.0006       -13973.8
        20        -0.0003       -13972.7
        20              0       -13972.6
        20         0.0003       -13972.7
        20         0.0006       -13972.6
        20         0.0009       -13972.9
        20         0.0012       -13974.6
        20         0.0015       -13979.4
        20         0.0018       -13989.5
        20         0.0021       -14007.3
        20         0.0024         -14036
        20         0.0027       -14078.5
        20          0.003       -14138.3
        20         0.0033       -14218.9
        20         0.0036       -14323.9
        20         0.0039         -14457
        20         0.0042       -14620.9
        20         0.0045       -14817.1
        20         0.0048         -15000
        20         0.0051         -15000
        20         0.0054         -15000
        20         0.0057         -15000
        20          0.006       -13748.3
        20         0.0063       -12564.9
        20         0.0066       -11574.7
        20         0.0069       -10723.3
        20         0.0072       -9978.11
        20         0.0075       -9317.29
        20         0.0078       -8725.25
        20         0.0081       -8190.43
        20         0.0084       -7704.02
        20         0.0087       -7259.11
        20          0.009       -6850.17
        20         0.0093       -6472.73
        20         0.0096       -6123.07
        20         0.0099       -5798.14
        20         0.0102       -5495.32
        20         0.0105       -5212.41
        20         0.0108       -4947.52
        20         0.0111       -4699.01
        20         0.0114       -4465.48
        20         0.0117       -4245.67
        20          0.012       -4038.52
        20         0.0123       -3843.04
        20         0.0126       -3658.41
        20         0.0129       -3483.86
        20         0.0132       -3318.71
        20         0.0135       -3162.37
        20         0.0138       -3014.29
        20         0.0141       -2873.98
        20         0.0144          -2741
        20         0.0147       -2614.93
        20          0.015       -2495.42
        20         0.0153       -2382.11
        20         0.0156        -2274.7
        20         0.0159        -2172.9
        20         0.0162       -2076.43
        20         0.0165       -1985.04
        20         0.0168       -1898.49
        20         0.0171       -1816.55
        20         0.0174       -1739.02
        20         0.0177       -1665.68
        20          0.018       -1596.34
        20         0.0183       -1530.82
        20         0.0186       -1468.93
        20         0.0189        -1410.5
        20         0.0192       -1355.36
        20         0.0195       -1303.35
        20         0.0198       -1254.31
        20         0.0201        -1208.1
        20         0.0204       -1164.56
        20         0.0207       -1123.57
        20          0.021       -1084.98
        20         0.0213       -1048.68
        20         0.0216       -1014.53
        20         0.0219       -982.427
        20         0.0222       -952.255
        20         0.0225       -923.911
        20         0.0228       -897.296
        20         0.0231       -872.317
        20         0.0234       -848.885
        20         0.0237       -826.919
        20          0.024       -806.339
        20         0.0243       -787.075
        20         0.0246       -769.057
        20         0.0249       -752.223
        20         0.0252       -736.514
        20         0.0255       -721.876
        20         0.0258       -708.257
        20         0.0261       -695.612
        20         0.0264       -683.896
        20         0.0267       -673.071
        20          0.027       -663.101
        20         0.0273       -653.951
        20         0.0276       -645.592
        20         0.0279       -637.997
        20         0.0282       -631.141
        20         0.0285       -625.002
        20         0.0288       -619.559
        20         0.0291       -614.796
        20         0.0294       -610.699
        20         0.0297       -607.252
        20           0.03       -604.447
        20         0.0303       -602.275
        20         0.0306       -600.728
        20         0.0309       -599.801
        20         0.0312       -599.493
        21        -0.0315        -558.26
        21        -0.0312       -558.533
        21        -0.0309       -559.351
        21        -0.0306       -560.718
        21        -0.0303       -562.636
        21          -0.03       -565.113
        21        -0.0297       -568.154
        21        -0.0294       -571.769
        21        -0.0291       -575.969
        21        -0.0288       -580.765
        21        -0.0285       -586.172
        21        -0.0282       -592.206
        21        -0.0279       -598.885
        21        -0.0276        -606.23
        21        -0.0273       -614.263
        21         -0.027       -623.009
        21        -0.0267       -632.496
        21        -0.0264       -642.752
        21        -0.0261       -653.812
        21        -0.0258        -665.71
        21        -0.0255       -678.486
        21        -0.0252        -692.18
        21        -0.0249        -706.84
        21        -0.0246       -722.513
        21        -0.0243       -739.253
        21         -0.024       -757.116
        21        -0.0237       -776.163
        21        -0.0234       -796.461
        21        -0.0231       -818.079
        21        -0.0228       -841.093
        21        -0.0225       -865.581
        21        -0.0222       -891.629
        21        -0.0219       -919.328
        21        -0.0216       -948.773
        21        -0.0213       -980.065
        21         -0.021       -1013.31
        21        -0.0207       -1048.63
        21        -0.0204       -1086.12
        21        -0.0201       -1125.93
        21        -0.0198       -1168.18
        21        -0.0195       -1212.99
        21        -0.0192       -1260.53
        21        -0.0189       -1310.92
        21        -0.0186       -1364.33
        21        -0.0183       -1420.91
        21         -0.018       -1480.82
        21        -0.0177       -1544.24
        21        -0.0174       -1611.35
        21        -0.0171       -1682.31
        21        -0.0168       -1757.33
        21        -0.0165       -1836.61
        21        -0.0162       -1920.35
        21        -0.0159       -2008.76
        21        -0.0156       -2102.09
        21        -0.0153       -2200.57
        21         -0.015       -2304.47
        21        -0.0147       -2414.06
        21        -0.0144       -2529.64
        21        -0.0141       -2651.53
        21        -0.0138       -2780.08
        21        -0.0135       -2915.68
        21        -0.0132       -3058.73
        21        -0.0129       -3209.71
        21        -0.0126       -3369.12
        21        -0.0123       -3537.52
        21         -0.012       -3715.54
        21        -0.0117       -3903.87
        21        -0.0114       -4103.31
        21        -0.0111       -4314.73
        21        -0.0108       -4539.14
        21        -0.0105       -4777.66
        21        -0.0102        -5031.6
        21        -0.0099       -5302.44
        21        -0.0096       -5591.88
        21        -0.0093       -5901.92
        21         -0.009       -6234.89
        21        -0.0087       -6593.52
        21        -0.0084       -6981.09
        21        -0.0081       -7401.51
        21        -0.0078       -7859.59
        21        -0.0075       -8361.25
        21        -0.0072       -8913.92
        21        -0.0069       -9527.18
        21        -0.0066       -10213.6
        21        -0.0063       -10990.5
        21         -0.006       -11882.2
        21        -0.0057       -12926.6
        21        -0.0054         -14191
        21        -0.0051         -15000
        21        -0.0048         -15000
        21        -0.0045         -15000
        21        -0.0042       -14966.9
        21        -0.0039       -14749.1
        21        -0.0036       -14563.4
        21        -0.0033       -14409.8
        21         -0.003       -14286.3
        21        -0.0027       -14189.7
        21        -0.0024       -14116.3
        21        -0.0021       -14062.7
        21        -0.0018       -14025.1
        21        -0.0015       -14000.4
        21        -0.0012       -13985.4
        21        -0.0009       -13977.4
        21        -0.0006       -13973.8
        21        -0.0003       -13972.7
        21              0       -13972.6
        21         0.0003       -13972.7
        21         0.0006       -13972.6
        21         0.0009       -13972.9
        21         0.0012       -13974.6
        21         0.0015       -13979.4
        21         0.0018       -13989.5
        21         0.0021       -14007.3
        21         0.0024         -14036
        21         0.0027       -14078.5
        21          0.003       -14138.3
        21         0.0033       -14218.9
        21         0.0036       -14323.9
        21         0.0039         -14457
        21         0.0042       -14620.9
        21         0.0045       -14817.1
        21         0.0048         -15000
        21         0.0051         -15000
        21         0.0054         -15000
        21         0.0057         -15000
        21          0.006       -13748.3
        21         0.0063       -12564.9
        21         0.0066       -11574.7
        21         0.0069       -10723.3
        21         0.0072       -9978.11
        21         0.0075       -9317.29
        21         0.0078       -8725.25
        21         0.0081       -8190.43
        21         0.0084       -7704.02
        21         0.0087       -7259.11
        21          0.009       -6850.17
        21         0.0093       -6472.73
        21         0.0096       -6123.07
        21         0.0099       -5798.14
        21         0.0102       -5495.32
        21         0.0105       -5212.41
        21         0.0108       -4947.52
        21         0.0111       -4699.01
        21         0.0114       -4465.48
        21         0.0117       -4245.67
        21          0.012       -4038.52
        21         0.0123       -3843.04
        21         0.0126       -3658.41
        21         0.0129       -3483.86
        21         0.0132       -3318.71
        21         0.0135       -3162.37
        21         0.0138       -3014.29
        21         0.0141       -2873.98
        21         0.0144          -2741
        21         0.0147       -2614.93
        21          0.015       -2495.42
        21         0.0153       -2382.11
        21         0.0156        -2274.7
        21         0.0159        -2172.9
        21         0.0162       -2076.43
        21         0.0165       -1985.04
        21         0.0168       -1898.49
        21         0.0171       -1816.55
        21         0.0174       -1739.02
        21         0.0177       -1665.68
        21          0.018       -1596.34
        21         0.0183       -1530.82
        21         0.0186       -1468.93
        21         0.0189        -1410.5
        21         0.0192       -1355.36
        21         0.0195       -1303.35
        21         0.0198       -1254.31
        21         0.0201        -1208.1
        21         0.0204       -1164.56
        21         0.0207       -1123.57
        21          0.021       -1084.98
        21         0.0213       -1048.68
        21         0.0216       -1014.53
        21         0.0219       -982.427
        21         0.0222       -952.255
        21         0.0225       -923.911
        21         0.0228       -897.296
        21         0.0231       -872.317
        21         0.0234       -848.885
        21         0.0237       -826.919
        21          0.024       -806.339
        21         0.0243       -787.075
        21         0.0246       -769.057
        21         0.0249       -752.223
        21         0.0252       -736.514
        21         0.0255       -721.876
        21         0.0258       -708.257
        21         0.0261       -695.612
        21         0.0264       -683.896
        21         0.0267       -673.071
        21          0.027       -663.101
        21         0.0273       -653.951
        21         0.0276       -645.592
        21         0.0279       -637.997