# iteration    r (m)    potential (V)
         1         -0.048              0
         1        -0.0477              0
         1        -0.0474              0
         1        -0.0471              0
         1        -0.0468              0
         1        -0.0465              0
         1        -0.0462              0
         1        -0.0459              0
         1        -0.0456              0
         1        -0.0453              0
         1         -0.045              0
         1        -0.0447              0
         1        -0.0444              0
         1        -0.0441              0
         1        -0.0438              0
         1        -0.0435              0
         1        -0.0432              0
         1        -0.0429              0
         1        -0.0426              0
         1        -0.0423              0
         1         -0.042              0
         1        -0.0417              0
         1        -0.0414              0
         1        -0.0411              0
         1        -0.0408              0
         1        -0.0405              0
         1        -0.0402              0
         1        -0.0399              0
         1        -0.0396              0
         1        -0.0393              0
         1         -0.039              0
         1        -0.0387              0
         1        -0.0384              0
         1        -0.0381              0
         1        -0.0378              0
         1        -0.0375              0
         1        -0.0372              0
         1        -0.0369              0
         1        -0.0366              0
         1        -0.0363              0
         1         -0.036              0
         1        -0.0357              0
         1        -0.0354              0
         1        -0.0351              0
         1        -0.0348              0
         1        -0.0345              0
         1        -0.0342              0
         1        -0.0339              0
         1        -0.0336              0
         1        -0.0333              0
         1         -0.033              0
         1        -0.0327              0
         1        -0.0324              0
         1        -0.0321              0
         1        -0.0318              0
         1        -0.0315              0
         1        -0.0312              0
         1        -0.0309              0
         1        -0.0306              0
         1        -0.0303              0
         1          -0.03       -1.98779
         1        -0.0297       -8.44213
         1        -0.0294       -14.9606
         1        -0.0291       -21.5498
         1        -0.0288       -28.2177
         1        -0.0285       -34.9734
         1        -0.0282        -41.827
         1        -0.0279       -48.7891
         1        -0.0276       -55.8709
         1        -0.0273       -63.0842
         1         -0.027       -70.4415
         1        -0.0267       -77.9559
         1        -0.0264       -85.6412
         1        -0.0261       -93.5119
         1        -0.0258       -101.583
         1        -0.0255       -109.872
         1        -0.0252       -118.395
         1        -0.0249       -127.171
         1        -0.0246       -136.219
         1        -0.0243       -145.561
         1         -0.024       -155.217
         1        -0.0237       -165.211
         1        -0.0234       -175.568
         1        -0.0231       -186.314
         1        -0.0228       -197.477
         1        -0.0225       -209.085
         1        -0.0222        -221.17
         1        -0.0219       -233.763
         1        -0.0216         -246.9
         1        -0.0213       -260.615
         1         -0.021       -274.947
         1        -0.0207       -289.935
         1        -0.0204        -305.62
         1        -0.0201       -322.047
         1        -0.0198       -339.259
         1        -0.0195       -357.304
         1        -0.0192       -376.231
         1        -0.0189       -396.091
         1        -0.0186       -416.936
         1        -0.0183       -438.821
         1         -0.018       -461.803
         1        -0.0177       -485.939
         1        -0.0174       -511.291
         1        -0.0171       -537.922
         1        -0.0168       -565.898
         1        -0.0165       -595.289
         1        -0.0162       -626.168
         1        -0.0159        -658.61
         1        -0.0156       -692.698
         1        -0.0153       -728.518
         1         -0.015       -766.163
         1        -0.0147       -805.732
         1        -0.0144       -847.332
         1        -0.0141       -891.081
         1        -0.0138       -937.104
         1        -0.0135        -985.54
         1        -0.0132       -1036.54
         1        -0.0129       -1090.28
         1        -0.0126       -1146.93
         1        -0.0123       -1206.72
         1         -0.012       -1269.85
         1        -0.0117       -1336.61
         1        -0.0114       -1407.26
         1        -0.0111       -1482.16
         1        -0.0108       -1561.65
         1        -0.0105       -1646.17
         1        -0.0102        -1736.2
         1        -0.0099        -1832.3
         1        -0.0096       -1935.12
         1        -0.0093        -2045.4
         1         -0.009       -2164.04
         1        -0.0087       -2292.08
         1        -0.0084        -2430.8
         1        -0.0081       -2581.73
         1        -0.0078       -2746.75
         1        -0.0075       -2928.23
         1        -0.0072       -3129.18
         1        -0.0069       -3353.53
         1        -0.0066        -3606.5
         1        -0.0063       -3895.17
         1         -0.006       -4228.82
         1        -0.0057       -4616.22
         1        -0.0054          -5000
         1        -0.0051          -5000
         1        -0.0048          -5000
         1        -0.0045       -4991.61
         1        -0.0042       -4923.63
         1        -0.0039       -4861.09
         1        -0.0036       -4808.48
         1        -0.0033       -4765.94
         1         -0.003       -4732.53
         1        -0.0027       -4707.08
         1        -0.0024       -4688.37
         1        -0.0021       -4675.23
         1        -0.0018       -4666.53
         1        -0.0015       -4661.23
         1        -0.0012       -4658.38
         1        -0.0009       -4657.12
         1        -0.0006       -4656.76
         1        -0.0003       -4656.76
         1              0        -4656.8
         1         0.0003       -4656.76
         1         0.0006       -4656.76
         1         0.0009       -4657.12
         1         0.0012       -4658.37
         1         0.0015       -4661.22
         1         0.0018       -4666.52
         1         0.0021       -4675.21
         1         0.0024       -4688.35
         1         0.0027       -4707.05
         1          0.003       -4732.49
         1         0.0033       -4765.89
         1         0.0036       -4808.42
         1         0.0039       -4861.02
         1         0.0042       -4923.57
         1         0.0045       -4991.56
         1         0.0048          -5000
         1         0.0051          -5000
         1         0.0054          -5000
         1         0.0057       -4616.85
         1          0.006       -4229.29
         1         0.0063       -3895.63
         1         0.0066       -3606.98
         1         0.0069       -3354.02
         1         0.0072        -3129.7
         1         0.0075       -2928.77
         1         0.0078       -2747.32
         1         0.0081       -2582.34
         1         0.0084       -2431.45
         1         0.0087       -2292.78
         1          0.009       -2164.78
         1         0.0093       -2046.21
         1         0.0096       -1935.99
         1         0.0099       -1833.24
         1         0.0102       -1737.22
         1         0.0105       -1647.26
         1         0.0108       -1562.83
         1         0.0111       -1483.42
         1         0.0114       -1408.62
         1         0.0117       -1338.06
         1          0.012        -1271.4
         1         0.0123       -1208.36
         1         0.0126       -1148.68
         1         0.0129       -1092.13
         1         0.0132       -1038.49
         1         0.0135        -987.59
         1         0.0138       -939.252
         1         0.0141       -893.325
         1         0.0144       -849.668
         1         0.0147       -808.154
         1          0.015       -768.666
         1         0.0153       -731.095
         1         0.0156       -695.341
         1         0.0159       -661.311
         1         0.0162       -628.918
         1         0.0165       -598.079
         1         0.0168       -568.718
         1         0.0171        -540.76
         1         0.0174       -514.138
         1         0.0177       -488.785
         1          0.018       -464.638
         1         0.0183       -441.635
         1         0.0186        -419.72
         1         0.0189       -398.835
         1         0.0192       -378.927
         1         0.0195       -359.944
         1         0.0198       -341.836
         1         0.0201       -324.555
         1         0.0204       -308.055
         1         0.0207       -292.291
         1          0.021        -277.22
         1         0.0213       -262.803
         1         0.0216           -249
         1         0.0219       -235.774
         1         0.0222       -223.091
         1         0.0225       -210.915
         1         0.0228       -199.216
         1         0.0231       -187.964
         1         0.0234       -177.128
         1         0.0237       -166.683
         1          0.024       -156.602
         1         0.0243        -146.86
         1         0.0246       -137.436
         1         0.0249       -128.306
         1         0.0252        -119.45
         1         0.0255       -110.849
         1         0.0258       -102.485
         1         0.0261       -94.3398
         1         0.0264       -86.3974
         1         0.0267       -78.6425
         1          0.027       -71.0602
         1         0.0273       -63.6367
         1         0.0276       -56.3589
         1         0.0279       -49.2141
         1         0.0282       -42.1905
         1         0.0285       -35.2767
         1         0.0288       -28.4618
         1         0.0291       -21.7359
         1         0.0294       -15.0896
         1         0.0297       -8.51484
         1           0.03        -2.0049
         1         0.0303              0
         1         0.0306              0
         1         0.0309              0
         1         0.0312              0
         1         0.0315              0
         1         0.0318              0
         1         0.0321              0
         1         0.0324              0
         1         0.0327              0
         1          0.033              0
         1         0.0333              0
         1         0.0336              0
         1         0.0339              0
         1         0.0342              0
         1         0.0345              0
         1         0.0348              0
         1         0.0351              0
         1         0.0354              0
         1         0.0357              0
         1          0.036              0
         1         0.0363              0
         1         0.0366              0
         1         0.0369              0
         1         0.0372              0
         1         0.0375              0
         1         0.0378              0
         1         0.0381              0
         1         0.0384              0
         1         0.0387              0
         1          0.039              0
         1         0.0393              0
         1         0.0396              0
         1         0.0399              0
         1         0.0402              0
         1         0.0405              0
         1         0.0408              0
         1         0.0411              0
         1         0.0414              0
         1         0.0417              0
         1          0.042              0
         1         0.0423              0
         1         0.0426              0
         1         0.0429              0
         1         0.0432              0
         1         0.0435              0
         1         0.0438              0
         1         0.0441              0
         1         0.0444              0
         1         0.0447              0
         1          0.045              0
         1         0.0453              0
         1         0.0456              0
         1         0.0459              0
         1         0.0462              0
         1         0.0465              0
         1         0.0468              0
         1         0.0471              0
         1         0.0474              0
         1         0.0477              0
         2         -0.048              0
         2        -0.0477              0
         2        -0.0474              0
         2        -0.0471              0
         2        -0.0468              0
         2        -0.0465              0
         2        -0.0462              0
         2        -0.0459              0
         2        -0.0456              0
         2        -0.0453              0
         2         -0.045              0
         2        -0.0447              0
         2        -0.0444              0
         2        -0.0441              0
         2        -0.0438              0
         2        -0.0435              0
         2        -0.0432              0
         2        -0.0429              0
         2        -0.0426              0
         2        -0.0423              0
         2         -0.042              0
         2        -0.0417              0
         2        -0.0414              0
         2        -0.0411              0
         2        -0.0408              0
         2        -0.0405              0
         2        -0.0402              0
         2        -0.0399              0
         2        -0.0396              0
         2        -0.0393              0
         2         -0.039              0
         2        -0.0387              0
         2        -0.0384              0
         2        -0.0381              0
         2        -0.0378              0
         2        -0.0375              0
         2        -0.0372              0
         2        -0.0369              0
         2        -0.0366              0
         2        -0.0363              0
         2         -0.036              0
         2        -0.0357              0
         2        -0.0354              0
         2        -0.0351              0
         2        -0.0348              0
         2        -0.0345              0
         2        -0.0342              0
         2        -0.0339              0
         2        -0.0336              0
         2        -0.0333              0
         2         -0.033              0
         2        -0.0327              0
         2        -0.0324              0
         2        -0.0321              0
         2        -0.0318              0
         2        -0.0315              0
         2        -0.0312              0
         2        -0.0309              0
         2        -0.0306              0
         2        -0.0303              0
         2          -0.03       -1.98801
         2        -0.0297       -8.44308
         2        -0.0294       -14.9624
         2        -0.0291       -21.5525
         2        -0.0288       -28.2215
         2        -0.0285       -34.9785
         2        -0.0282       -41.8334
         2        -0.0279       -48.7969
         2        -0.0276         -55.88
         2        -0.0273       -63.0945
         2         -0.027       -70.4528
         2        -0.0267       -77.9681
         2        -0.0264        -85.654
         2        -0.0261       -93.5253
         2        -0.0258       -101.597
         2        -0.0255       -109.887
         2        -0.0252        -118.41
         2        -0.0249       -127.187
         2        -0.0246       -136.236
         2        -0.0243       -145.578
         2         -0.024       -155.235
         2        -0.0237       -165.231
         2        -0.0234       -175.589
         2        -0.0231       -186.335
         2        -0.0228       -197.499
         2        -0.0225       -209.107
         2        -0.0222       -221.192
         2        -0.0219       -233.786
         2        -0.0216       -246.922
         2        -0.0213       -260.637
         2         -0.021       -274.969
         2        -0.0207       -289.957
         2        -0.0204       -305.642
         2        -0.0201       -322.069
         2        -0.0198       -339.281
         2        -0.0195       -357.327
         2        -0.0192       -376.254
         2        -0.0189       -396.114
         2        -0.0186       -416.959
         2        -0.0183       -438.843
         2         -0.018       -461.823
         2        -0.0177       -485.959
         2        -0.0174        -511.31
         2        -0.0171       -537.941
         2        -0.0168       -565.917
         2        -0.0165       -595.308
         2        -0.0162       -626.186
         2        -0.0159       -658.629
         2        -0.0156       -692.718
         2        -0.0153       -728.539
         2         -0.015       -766.185
         2        -0.0147       -805.756
         2        -0.0144       -847.358
         2        -0.0141       -891.109
         2        -0.0138       -937.135
         2        -0.0135       -985.576
         2        -0.0132       -1036.58
         2        -0.0129       -1090.33
         2        -0.0126       -1146.99
         2        -0.0123       -1206.79
         2         -0.012       -1269.94
         2        -0.0117       -1336.72
         2        -0.0114        -1407.4
         2        -0.0111       -1482.32
         2        -0.0108       -1561.85
         2        -0.0105        -1646.4
         2        -0.0102       -1736.48
         2        -0.0099       -1832.62
         2        -0.0096       -1935.48
         2        -0.0093       -2045.81
         2         -0.009       -2164.49
         2        -0.0087       -2292.58
         2        -0.0084       -2431.33
         2        -0.0081       -2582.29
         2        -0.0078       -2747.33
         2        -0.0075       -2928.81
         2        -0.0072       -3129.75
         2        -0.0069       -3354.07
         2        -0.0066       -3606.99
         2        -0.0063       -3895.58
         2         -0.006       -4229.12
         2        -0.0057       -4616.38
         2        -0.0054          -5000
         2        -0.0051          -5000
         2        -0.0048          -5000
         2        -0.0045       -4991.63
         2        -0.0042       -4923.79
         2        -0.0039       -4861.38
         2        -0.0036       -4808.92
         2        -0.0033        -4766.5
         2         -0.003       -4733.21
         2        -0.0027       -4707.87
         2        -0.0024       -4689.26
         2        -0.0021       -4676.21
         2        -0.0018        -4667.6
         2        -0.0015       -4662.37
         2        -0.0012       -4659.58
         2        -0.0009       -4658.36
         2        -0.0006       -4658.04
         2        -0.0003       -4658.06
         2              0        -4658.1
         2         0.0003       -4658.05
         2         0.0006       -4658.03
         2         0.0009       -4658.35
         2         0.0012       -4659.55
         2         0.0015       -4662.34
         2         0.0018       -4667.56
         2         0.0021       -4676.17
         2         0.0024       -4689.22
         2         0.0027       -4707.82
         2          0.003       -4733.15
         2         0.0033       -4766.44
         2         0.0036       -4808.85
         2         0.0039       -4861.32
         2         0.0042       -4923.72
         2         0.0045       -4991.57
         2         0.0048          -5000
         2         0.0051          -5000
         2         0.0054          -5000
         2         0.0057          -4617
         2          0.006       -4229.58
         2         0.0063       -3896.04
         2         0.0066       -3607.46
         2         0.0069       -3354.57
         2         0.0072       -3130.27
         2         0.0075       -2929.36
         2         0.0078       -2747.91
         2         0.0081       -2582.91
         2         0.0084       -2431.99
         2         0.0087       -2293.29
         2          0.009       -2165.25
         2         0.0093       -2046.63
         2         0.0096       -1936.37
         2         0.0099       -1833.58
         2         0.0102       -1737.51
         2         0.0105       -1647.52
         2         0.0108       -1563.04
         2         0.0111        -1483.6
         2         0.0114       -1408.78
         2         0.0117       -1338.19
         2          0.012       -1271.51
         2         0.0123       -1208.46
         2         0.0126       -1148.76
         2         0.0129        -1092.2
         2         0.0132       -1038.56
         2         0.0135       -987.652
         2         0.0138        -939.31
         2         0.0141        -893.38
         2         0.0144       -849.721
         2         0.0147       -808.205
         2          0.015       -768.716
         2         0.0153       -731.144
         2         0.0156       -695.389
         2         0.0159       -661.359
         2         0.0162       -628.965
         2         0.0165       -598.126
         2         0.0168       -568.765
         2         0.0171       -540.809
         2         0.0174       -514.187
         2         0.0177       -488.835
         2          0.018       -464.688
         2         0.0183       -441.686
         2         0.0186       -419.771
         2         0.0189       -398.886
         2         0.0192       -378.978
         2         0.0195       -359.995
         2         0.0198       -341.887
         2         0.0201       -324.605
         2         0.0204       -308.104
         2         0.0207       -292.339
         2          0.021       -277.269
         2         0.0213       -262.851
         2         0.0216       -249.048
         2         0.0219       -235.821
         2         0.0222       -223.137
         2         0.0225       -210.961
         2         0.0228       -199.261
         2         0.0231       -188.007
         2         0.0234        -177.17
         2         0.0237       -166.722
         2          0.024       -156.639
         2         0.0243       -146.896
         2         0.0246        -137.47
         2         0.0249       -128.338
         2         0.0252       -119.481
         2         0.0255       -110.879
         2         0.0258       -102.513
         2         0.0261       -94.3662
         2         0.0264       -86.4223
         2         0.0267       -78.6656
         2          0.027       -71.0815
         2         0.0273        -63.656
         2         0.0276        -56.376
         2         0.0279       -49.2289
         2         0.0282       -42.2029
         2         0.0285       -35.2867
         2         0.0288       -28.4697
         2         0.0291       -21.7417
         2         0.0294       -15.0936
         2         0.0297         -8.517
         2           0.03        -2.0054
         2         0.0303              0
         2         0.0306              0
         2         0.0309              0
         2         0.0312              0
         2         0.0315              0
         2         0.0318              0
         2         0.0321              0
         2         0.0324              0
         2         0.0327              0
         2          0.033              0
         2         0.0333              0
         2         0.0336              0
         2         0.0339              0
         2         0.0342              0
         2         0.0345              0
         2         0.0348              0
         2         0.0351              0
         2         0.0354              0
         2         0.0357              0
         2          0.036              0
         2         0.0363              0
         2         0.0366              0
         2         0.0369              0
         2         0.0372              0
         2         0.0375              0
         2         0.0378              0
         2         0.0381              0
         2         0.0384              0
         2         0.0387              0
         2          0.039              0
         2         0.0393              0
         2         0.0396              0
         2         0.0399              0
         2         0.0402              0
         2         0.0405              0
         2         0.0408              0
         2         0.0411              0
         2         0.0414              0
         2         0.0417              0
         2          0.042              0
         2         0.0423              0
         2         0.0426              0
         2         0.0429              0
         2         0.0432              0
         2         0.0435              0
         2         0.0438              0
         2         0.0441              0
         2         0.0444              0
         2         0.0447              0
         2          0.045              0
         2         0.0453              0
         2         0.0456              0
         2         0.0459              0
         2         0.0462              0
         2         0.0465              0
         2         0.0468              0
         2         0.0471              0
         2         0.0474              0
         2         0.0477              0
         3         -0.048              0
         3        -0.0477              0
         3        -0.0474              0
         3        -0.0471              0
         3        -0.0468              0
         3        -0.0465              0
         3        -0.0462              0
         3        -0.0459              0
         3        -0.0456              0
         3        -0.0453              0
         3         -0.045              0
         3        -0.0447              0
         3        -0.0444              0
         3        -0.0441              0
         3        -0.0438              0
         3        -0.0435              0
         3        -0.0432              0
         3        -0.0429              0
         3        -0.0426              0
         3        -0.0423              0
         3         -0.042              0
         3        -0.0417              0
         3        -0.0414              0
         3        -0.0411              0
         3        -0.0408              0
         3        -0.0405              0
         3        -0.0402              0
         3        -0.0399              0
         3        -0.0396              0
         3        -0.0393              0
         3         -0.039              0
         3        -0.0387              0
         3        -0.0384              0
         3        -0.0381              0
         3        -0.0378              0
         3        -0.0375              0
         3        -0.0372              0
         3        -0.0369              0
         3        -0.0366              0
         3        -0.0363              0
         3         -0.036              0
         3        -0.0357              0
         3        -0.0354              0
         3        -0.0351              0
         3        -0.0348              0
         3        -0.0345              0
         3        -0.0342              0
         3        -0.0339              0
         3        -0.0336              0
         3        -0.0333              0
         3         -0.033              0
         3        -0.0327              0
         3        -0.0324              0
         3        -0.0321              0
         3        -0.0318              0
         3        -0.0315              0
         3        -0.0312              0
         3        -0.0309              0
         3        -0.0306              0
         3        -0.0303              0
         3          -0.03       -1.98801
         3        -0.0297       -8.44308
         3        -0.0294       -14.9624
         3        -0.0291       -21.5525
         3        -0.0288       -28.2215
         3        -0.0285       -34.9785
         3        -0.0282       -41.8334
         3        -0.0279       -48.7969
         3        -0.0276         -55.88
         3        -0.0273       -63.0945
         3         -0.027       -70.4528
         3        -0.0267       -77.9681
         3        -0.0264        -85.654
         3        -0.0261       -93.5253
         3        -0.0258       -101.597
         3        -0.0255       -109.887
         3        -0.0252        -118.41
         3        -0.0249       -127.187
         3        -0.0246       -136.236
         3        -0.0243       -145.578
         3         -0.024       -155.235
         3        -0.0237       -165.231
         3        -0.0234       -175.589
         3        -0.0231       -186.335
         3        -0.0228       -197.499
         3        -0.0225       -209.107
         3        -0.0222       -221.192
         3        -0.0219       -233.786
         3        -0.0216       -246.922
         3        -0.0213       -260.637
         3         -0.021       -274.969
         3        -0.0207       -289.957
         3        -0.0204       -305.642
         3        -0.0201       -322.069
         3        -0.0198       -339.281
         3        -0.0195       -357.327
         3        -0.0192       -376.254
         3        -0.0189       -396.114
         3        -0.0186       -416.959
         3        -0.0183       -438.843
         3         -0.018       -461.823
         3        -0.0177       -485.959
         3        -0.0174        -511.31
         3        -0.0171       -537.941
         3        -0.0168       -565.917
         3        -0.0165       -595.308
         3        -0.0162       -626.186
         3        -0.0159       -658.629
         3        -0.0156       -692.718
         3        -0.0153       -728.539
         3         -0.015       -766.185
         3        -0.0147       -805.756
         3        -0.0144       -847.358
         3        -0.0141       -891.109
         3        -0.0138       -937.135
         3        -0.0135       -985.576
         3        -0.0132       -1036.58
         3        -0.0129       -1090.33
         3        -0.0126       -1146.99
         3        -0.0123       -1206.79
         3         -0.012       -1269.94
         3        -0.0117       -1336.72
         3        -0.0114        -1407.4
         3        -0.0111       -1482.32
         3        -0.0108       -1561.85
         3        -0.0105        -1646.4
         3        -0.0102       -1736.48
         3        -0.0099       -1832.62
         3        -0.0096       -1935.48
         3        -0.0093       -2045.81
         3         -0.009       -2164.49
         3        -0.0087       -2292.58
         3        -0.0084       -2431.33
         3        -0.0081       -2582.29
         3        -0.0078       -2747.33
         3        -0.0075       -2928.81
         3        -0.0072       -3129.75
         3        -0.0069       -3354.07
         3        -0.0066       -3606.99
         3        -0.0063       -3895.58
         3         -0.006       -4229.12
         3        -0.0057       -4616.38
         3        -0.0054          -5000
         3        -0.0051          -5000
         3        -0.0048          -5000
         3        -0.0045       -4991.63
         3        -0.0042       -4923.79
         3        -0.0039       -4861.38
         3        -0.0036       -4808.92
         3        -0.0033        -4766.5
         3         -0.003       -4733.21
         3        -0.0027       -4707.87
         3        -0.0024       -4689.26
         3        -0.0021       -4676.21
         3        -0.0018        -4667.6
         3        -0.0015       -4662.37
         3        -0.0012       -4659.58
         3        -0.0009       -4658.36
         3        -0.0006       -4658.04
         3        -0.0003       -4658.06
         3              0        -4658.1
         3         0.0003       -4658.05
         3         0.0006       -4658.03
         3         0.0009       -4658.35
         3         0.0012       -4659.55
         3         0.0015       -4662.34
         3         0.0018       -4667.56
         3         0.0021       -4676.17
         3         0.0024       -4689.22
         3         0.0027       -4707.82
         3          0.003       -4733.15
         3         0.0033       -4766.44
         3         0.0036       -4808.85
         3         0.0039       -4861.32
         3         0.0042       -4923.72
         3         0.0045       -4991.57
         3         0.0048          -5000
         3         0.0051          -5000
         3         0.0054          -5000
         3         0.0057          -4617
         3          0.006       -4229.58
         3         0.0063       -3896.04
         3         0.0066       -3607.46
         3         0.0069       -3354.57
         3         0.0072       -3130.27
         3         0.0075       -2929.36
         3         0.0078       -2747.91
         3         0.0081       -2582.91
         3         0.0084       -2431.99
         3         0.0087       -2293.29
         3          0.009       -2165.25
         3         0.0093       -2046.63
         3         0.0096       -1936.37
         3         0.0099       -1833.58
         3         0.0102       -1737.51
         3         0.0105       -1647.52
         3         0.0108       -1563.04
         3         0.0111        -1483.6
         3         0.0114       -1408.78
         3         0.0117       -1338.19
         3          0.012       -1271.51
         3         0.0123       -1208.46
         3         0.0126       -1148.76
         3         0.0129        -1092.2
         3         0.0132       -1038.56
         3         0.0135       -987.652
         3         0.0138        -939.31
         3         0.0141        -893.38
         3         0.0144       -849.721
         3         0.0147       -808.205
         3          0.015       -768.716
         3         0.0153       -731.144
         3         0.0156       -695.389
         3         0.0159       -661.359
         3         0.0162       -628.965
         3         0.0165       -598.126
         3         0.0168       -568.765
         3         0.0171       -540.809
         3         0.0174       -514.187
         3         0.0177       -488.835
         3          0.018       -464.688
         3         0.0183       -441.686
         3         0.0186       -419.771
         3         0.0189       -398.886
         3         0.0192       -378.978
         3         0.0195       -359.995
         3         0.0198       -341.887
         3         0.0201       -324.605
         3         0.0204       -308.104
         3         0.0207       -292.339
         3          0.021       -277.269
         3         0.0213       -262.851
         3         0.0216       -249.048
         3         0.0219       -235.821
         3         0.0222       -223.137
         3         0.0225       -210.961
         3         0.0228       -199.261
         3         0.0231       -188.007
         3         0.0234        -177.17
         3         0.0237       -166.722
         3          0.024       -156.639
         3         0.0243       -146.896
         3         0.0246        -137.47
         3         0.0249       -128.338
         3         0.0252       -119.481
         3         0.0255       -110.879
         3         0.0258       -102.513
         3         0.0261       -94.3662
         3         0.0264       -86.4223
         3         0.0267       -78.6656
         3          0.027       -71.0815
         3         0.0273        -63.656
         3         0.0276        -56.376
         3         0.0279       -49.2289
         3         0.0282       -42.2029
         3         0.0285       -35.2867
         3         0.0288       -28.4697
         3         0.0291       -21.7417
         3         0.0294       -15.0936
         3         0.0297         -8.517
         3           0.03        -2.0054
         3         0.0303              0
         3         0.0306              0
         3         0.0309              0
         3         0.0312              0
         3         0.0315              0
         3         0.0318              0
         3         0.0321              0
         3         0.0324              0
         3         0.0327              0
         3          0.033              0
         3         0.0333              0
         3         0.0336              0
         3         0.0339              0
         3         0.0342              0
         3         0.0345              0
         3         0.0348              0
         3         0.0351              0
         3         0.0354              0
         3         0.0357              0
         3          0.036              0
         3         0.0363              0
         3         0.0366              0
         3         0.0369              0
         3         0.0372              0
         3         0.0375              0
         3         0.0378              0
         3         0.0381              0
         3         0.0384              0
         3         0.0387              0
         3          0.039              0
         3         0.0393              0
         3         0.0396              0
         3         0.0399              0
         3         0.0402              0
         3         0.0405              0
         3         0.0408              0
         3         0.0411              0
         3         0.0414              0
         3         0.0417              0
         3          0.042              0
         3         0.0423              0
         3         0.0426              0
         3         0.0429              0
         3         0.0432              0
         3         0.0435              0
         3         0.0438              0
         3         0.0441              0
         3         0.0444              0
         3         0.0447              0
         3          0.045              0
         3         0.0453              0
         3         0.0456              0
         3         0.0459              0
         3         0.0462              0
         3         0.0465              0
         3         0.0468              0
         3         0.0471              0
         3         0.0474              0
         3         0.0477              0
         4         -0.048              0
         4        -0.0477              0
         4        -0.0474              0
         4        -0.0471              0
         4        -0.0468              0
         4        -0.0465              0
         4        -0.0462              0
         4        -0.0459              0
         4        -0.0456              0
         4        -0.0453              0
         4         -0.045              0
         4        -0.0447              0
         4        -0.0444              0
         4        -0.0441              0
         4        -0.0438              0
         4        -0.0435              0
         4        -0.0432              0
         4        -0.0429              0
         4        -0.0426              0
         4        -0.0423              0
         4         -0.042              0
         4        -0.0417              0
         4        -0.0414              0
         4        -0.0411              0
         4        -0.0408              0
         4        -0.0405              0
         4        -0.0402              0
         4        -0.0399              0
         4        -0.0396              0
         4        -0.0393              0
         4         -0.039              0
         4        -0.0387              0
         4        -0.0384              0
         4        -0.0381              0
         4        -0.0378              0
         4        -0.0375              0
         4        -0.0372              0
         4        -0.0369              0
         4        -0.0366              0
         4        -0.0363              0
         4         -0.036              0
         4        -0.0357              0
         4        -0.0354              0
         4        -0.0351              0
         4        -0.0348              0
         4        -0.0345              0
         4        -0.0342              0
         4        -0.0339              0
         4        -0.0336              0
         4        -0.0333              0
         4         -0.033              0
         4        -0.0327              0
         4        -0.0324              0
         4        -0.0321              0
         4        -0.0318              0
         4        -0.0315              0
         4        -0.0312              0
         4        -0.0309              0
         4        -0.0306              0
         4        -0.0303              0
         4          -0.03       -1.98801
         4        -0.0297       -8.44308
         4        -0.0294       -14.9624
         4        -0.0291       -21.5525
         4        -0.0288       -28.2215
         4        -0.0285       -34.9785
         4        -0.0282       -41.8334
         4        -0.0279       -48.7969
         4        -0.0276         -55.88
         4        -0.0273       -63.0945
         4         -0.027       -70.4528
         4        -0.0267       -77.9681
         4        -0.0264        -85.654
         4        -0.0261       -93.5253
         4        -0.0258       -101.597
         4        -0.0255       -109.887
         4        -0.0252        -118.41
         4        -0.0249       -127.187
         4        -0.0246       -136.236
         4        -0.0243       -145.578
         4         -0.024       -155.235
         4        -0.0237       -165.231
         4        -0.0234       -175.589
         4        -0.0231       -186.335
         4        -0.0228       -197.499
         4        -0.0225       -209.107
         4        -0.0222       -221.192
         4        -0.0219       -233.786
         4        -0.0216       -246.922
         4        -0.0213       -260.637
         4         -0.021       -274.969
         4        -0.0207       -289.957
         4        -0.0204       -305.642
         4        -0.0201       -322.069
         4        -0.0198       -339.281
         4        -0.0195       -357.327
         4        -0.0192       -376.254
         4        -0.0189       -396.114
         4        -0.0186       -416.959
         4        -0.0183       -438.843
         4         -0.018       -461.823
         4        -0.0177       -485.959
         4        -0.0174        -511.31
         4        -0.0171       -537.941
         4        -0.0168       -565.917
         4        -0.0165       -595.308
         4        -0.0162       -626.186
         4        -0.0159       -658.629
         4        -0.0156       -692.718
         4        -0.0153       -728.539
         4         -0.015       -766.185
         4        -0.0147       -805.756
         4        -0.0144       -847.358
         4        -0.0141       -891.109
         4        -0.0138       -937.135
         4        -0.0135       -985.576
         4        -0.0132       -1036.58
         4        -0.0129       -1090.33
         4        -0.0126       -1146.99
         4        -0.0123       -1206.79
         4         -0.012       -1269.94
         4        -0.0117       -1336.72
         4        -0.0114        -1407.4
         4        -0.0111       -1482.32
         4        -0.0108       -1561.85
         4        -0.0105        -1646.4
         4        -0.0102       -1736.48
         4        -0.0099       -1832.62
         4        -0.0096       -1935.48
         4        -0.0093       -2045.81
         4         -0.009       -2164.49
         4        -0.0087       -2292.58
         4        -0.0084       -2431.33
         4        -0.0081       -2582.29
         4        -0.0078       -2747.33
         4        -0.0075       -2928.81
         4        -0.0072       -3129.75
         4        -0.0069       -3354.07
         4        -0.0066       -3606.99
         4        -0.0063       -3895.58
         4         -0.006       -4229.12
         4        -0.0057       -4616.38
         4        -0.0054          -5000
         4        -0.0051          -5000
         4        -0.0048          -5000
         4        -0.0045       -4991.63
         4        -0.0042       -4923.79
         4        -0.0039       -4861.38
         4        -0.0036       -4808.92
         4        -0.0033        -4766.5
         4         -0.003       -4733.21
         4        -0.0027       -4707.87
         4        -0.0024       -4689.26
         4        -0.0021       -4676.21
         4        -0.0018        -4667.6
         4        -0.0015       -4662.37
         4        -0.0012       -4659.58
         4        -0.0009       -4658.36
         4        -0.0006       -4658.04
         4        -0.0003       -4658.06
         4              0        -4658.1
         4         0.0003       -4658.05
         4         0.0006       -4658.03
         4         0.0009       -4658.35
         4         0.0012       -4659.55
         4         0.0015       -4662.34
         4         0.0018       -4667.56
         4         0.0021       -4676.17
         4         0.0024       -4689.22
         4         0.0027       -4707.82
         4          0.003       -4733.15
         4         0.0033       -4766.44
         4         0.0036       -4808.85
         4         0.0039       -4861.32
         4         0.0042       -4923.72
         4         0.0045       -4991.57
         4         0.0048          -5000
         4         0.0051          -5000
         4         0.0054          -5000
         4         0.0057          -4617
         4          0.006       -4229.58
         4         0.0063       -3896.04
         4         0.0066       -3607.46
         4         0.0069       -3354.57
         4         0.0072       -3130.27
         4         0.0075       -2929.36
         4         0.0078       -2747.91
         4         0.0081       -2582.91
         4         0.0084       -2431.99
         4         0.0087       -2293.29
         4          0.009       -2165.25
         4         0.0093       -2046.63
         4         0.0096       -1936.37
         4         0.0099       -1833.58
         4         0.0102       -1737.51
         4         0.0105       -1647.52
         4         0.0108       -1563.04
         4         0.0111        -1483.6
         4         0.0114       -1408.78
         4         0.0117       -1338.19
         4          0.012       -1271.51
         4         0.0123       -1208.46
         4         0.0126       -1148.76
         4         0.0129        -1092.2
         4         0.0132       -1038.56
         4         0.0135       -987.652
         4         0.0138        -939.31
         4         0.0141        -893.38
         4         0.0144       -849.721
         4         0.0147       -808.205
         4          0.015       -768.716
         4         0.0153       -731.144
         4         0.0156       -695.389
         4         0.0159       -661.359
         4         0.0162       -628.965
         4         0.0165       -598.126
         4         0.0168       -568.765
         4         0.0171       -540.809
         4         0.0174       -514.187
         4         0.0177       -488.835
         4          0.018       -464.688
         4         0.0183       -441.686
         4         0.0186       -419.771
         4         0.0189       -398.886
         4         0.0192       -378.978
         4         0.0195       -359.995
         4         0.0198       -341.887
         4         0.0201       -324.605
         4         0.0204       -308.104
         4         0.0207       -292.339
         4          0.021       -277.269
         4         0.0213       -262.851
         4         0.0216       -249.048
         4         0.0219       -235.821
         4         0.0222       -223.137
         4         0.0225       -210.961
         4         0.0228       -199.261
         4         0.0231       -188.007
         4         0.0234        -177.17
         4         0.0237       -166.722
         4          0.024       -156.639
         4         0.0243       -146.896
         4         0.0246        -137.47
         4         0.0249       -128.338
         4         0.0252       -119.481
         4         0.0255       -110.879
         4         0.0258       -102.513
         4         0.0261       -94.3662
         4         0.0264       -86.4223
         4         0.0267       -78.6656
         4          0.027       -71.0815
         4         0.0273        -63.656
         4         0.0276        -56.376
         4         0.0279       -49.2289
         4         0.0282       -42.2029
         4         0.0285       -35.2867
         4         0.0288       -28.4697
         4         0.0291       -21.7417
         4         0.0294       -15.0936
         4         0.0297         -8.517
         4           0.03        -2.0054
         4         0.0303              0
         4         0.0306              0
         4         0.0309              0
         4         0.0312              0
         4         0.0315              0
         4         0.0318              0
         4         0.0321              0
         4         0.0324              0
         4         0.0327              0
         4          0.033              0
         4         0.0333              0
         4         0.0336              0
         4         0.0339              0
         4         0.0342              0
         4         0.0345              0
         4         0.0348              0
         4         0.0351              0
         4         0.0354              0
         4         0.0357              0
         4          0.036              0
         4         0.0363              0
         4         0.0366              0
         4         0.0369              0
         4         0.0372              0
         4         0.0375              0
         4         0.0378              0
         4         0.0381              0
         4         0.0384              0
         4         0.0387              0
         4          0.039              0
         4         0.0393              0
         4         0.0396              0
         4         0.0399              0
         4         0.0402              0
         4         0.0405              0
         4         0.0408              0
         4         0.0411              0
         4         0.0414              0
         4         0.0417              0
         4          0.042              0
         4         0.0423              0
         4         0.0426              0
         4         0.0429              0
         4         0.0432              0
         4         0.0435              0
         4         0.0438              0
         4         0.0441              0
         4         0.0444              0
         4         0.0447              0
         4          0.045              0
         4         0.0453              0
         4         0.0456              0
         4         0.0459              0
         4         0.0462              0
         4         0.0465              0
         4         0.0468              0
         4         0.0471              0
         4         0.0474              0
         4         0.0477              0
         5         -0.048              0
         5        -0.0477              0
         5        -0.0474              0
         5        -0.0471              0
         5        -0.0468              0
         5        -0.0465              0
         5        -0.0462              0
         5        -0.0459              0
         5        -0.0456              0
         5        -0.0453              0
         5         -0.045              0
         5        -0.0447              0
         5        -0.0444              0
         5        -0.0441              0
         5        -0.0438              0
         5        -0.0435              0
         5        -0.0432              0
         5        -0.0429              0
         5        -0.0426              0
         5        -0.0423              0
         5         -0.042              0
         5        -0.0417              0
         5        -0.0414              0
         5        -0.0411              0
         5        -0.0408              0
         5        -0.0405              0
         5        -0.0402              0
         5        -0.0399              0
         5        -0.0396              0
         5        -0.0393              0
         5         -0.039              0
         5        -0.0387              0
         5        -0.0384              0
         5        -0.0381              0
         5        -0.0378              0
         5        -0.0375              0
         5        -0.0372              0
         5        -0.0369              0
         5        -0.0366              0
         5        -0.0363              0
         5         -0.036              0
         5        -0.0357              0
         5        -0.0354              0
         5        -0.0351              0
         5        -0.0348              0
         5        -0.0345              0
         5        -0.0342              0
         5        -0.0339              0
         5        -0.0336              0
         5        -0.0333              0
         5         -0.033              0
         5        -0.0327              0
         5        -0.0324              0
         5        -0.0321              0
         5        -0.0318              0
         5        -0.0315              0
         5        -0.0312              0
         5        -0.0309              0
         5        -0.0306              0
         5        -0.0303              0
         5          -0.03       -1.98801
         5        -0.0297       -8.44308
         5        -0.0294       -14.9624
         5        -0.0291       -21.5525
         5        -0.0288       -28.2215
         5        -0.0285       -34.9785
         5        -0.0282       -41.8334
         5        -0.0279       -48.7969
         5        -0.0276         -55.88
         5        -0.0273       -63.0945
         5         -0.027       -70.4528
         5        -0.0267       -77.9681
         5        -0.0264        -85.654
         5        -0.0261       -93.5253
         5        -0.0258       -101.597
         5        -0.0255       -109.887
         5        -0.0252        -118.41
         5        -0.0249       -127.187
         5        -0.0246       -136.236
         5        -0.0243       -145.578
         5         -0.024       -155.235
         5        -0.0237       -165.231
         5        -0.0234       -175.589
         5        -0.0231       -186.335
         5        -0.0228       -197.499
         5        -0.0225       -209.107
         5        -0.0222       -221.192
         5        -0.0219       -233.786
         5        -0.0216       -246.922
         5        -0.0213       -260.637
         5         -0.021       -274.969
         5        -0.0207       -289.957
         5        -0.0204       -305.642
         5        -0.0201       -322.069
         5        -0.0198       -339.281
         5        -0.0195       -357.327
         5        -0.0192       -376.254
         5        -0.0189       -396.114
         5        -0.0186       -416.959
         5        -0.0183       -438.843
         5         -0.018       -461.823
         5        -0.0177       -485.959
         5        -0.0174        -511.31
         5        -0.0171       -537.941
         5        -0.0168       -565.917
         5        -0.0165       -595.308
         5        -0.0162       -626.186
         5        -0.0159       -658.629
         5        -0.0156       -692.718
         5        -0.0153       -728.539
         5         -0.015       -766.185
         5        -0.0147       -805.756
         5        -0.0144       -847.358
         5        -0.0141       -891.109
         5        -0.0138       -937.135
         5        -0.0135       -985.576
         5        -0.0132       -1036.58
         5        -0.0129       -1090.33
         5        -0.0126       -1146.99
         5        -0.0123       -1206.79
         5         -0.012       -1269.94
         5        -0.0117       -1336.72
         5        -0.0114        -1407.4
         5        -0.0111       -1482.32
         5        -0.0108       -1561.85
         5        -0.0105        -1646.4
         5        -0.0102       -1736.48
         5        -0.0099       -1832.62
         5        -0.0096       -1935.48
         5        -0.0093       -2045.81
         5         -0.009       -2164.49
         5        -0.0087       -2292.58
         5        -0.0084       -2431.33
         5        -0.0081       -2582.29
         5        -0.0078       -2747.33
         5        -0.0075       -2928.81
         5        -0.0072       -3129.75
         5        -0.0069       -3354.07
         5        -0.0066       -3606.99
         5        -0.0063       -3895.58
         5         -0.006       -4229.12
         5        -0.0057       -4616.38
         5        -0.0054          -5000
         5        -0.0051          -5000
         5        -0.0048          -5000
         5        -0.0045       -4991.63
         5        -0.0042       -4923.79
         5        -0.0039       -4861.38
         5        -0.0036       -4808.92
         5        -0.0033        -4766.5
         5         -0.003       -4733.21
         5        -0.0027       -4707.87
         5        -0.0024       -4689.26
         5        -0.0021       -4676.21
         5        -0.0018        -4667.6
         5        -0.0015       -4662.37
         5        -0.0012       -4659.58
         5        -0.0009       -4658.36
         5        -0.0006       -4658.04
         5        -0.0003       -4658.06
         5              0        -4658.1
         5         0.0003       -4658.05
         5         0.0006       -4658.03
         5         0.0009       -4658.35
         5         0.0012       -4659.55
         5         0.0015       -4662.34
         5         0.0018       -4667.56
         5         0.0021       -4676.17
         5         0.0024       -4689.22
         5         0.0027       -4707.82
         5          0.003       -4733.15
         5         0.0033       -4766.44
         5         0.0036       -4808.85
         5         0.0039       -4861.32
         5         0.0042       -4923.72
         5         0.0045       -4991.57
         5         0.0048          -5000
         5         0.0051          -5000
         5         0.0054          -5000
         5         0.0057          -4617
         5          0.006       -4229.58
         5         0.0063       -3896.04
         5         0.0066       -3607.46
         5         0.0069       -3354.57
         5         0.0072       -3130.27
         5         0.0075       -2929.36
         5         0.0078       -2747.91
         5         0.0081       -2582.91
         5         0.0084       -2431.99
         5         0.0087       -2293.29
         5          0.009       -2165.25
         5         0.0093       -2046.63
         5         0.0096       -1936.37
         5         0.0099       -1833.58
         5         0.0102       -1737.51
         5         0.0105       -1647.52
         5         0.0108       -1563.04
         5         0.0111        -1483.6
         5         0.0114       -1408.78
         5         0.0117       -1338.19
         5          0.012       -1271.51
         5         0.0123       -1208.46
         5         0.0126       -1148.76
         5         0.0129        -1092.2
         5         0.0132       -1038.56
         5         0.0135       -987.652
         5         0.0138        -939.31
         5         0.0141        -893.38
         5         0.0144       -849.721
         5         0.0147       -808.205
         5          0.015       -768.716
         5         0.0153       -731.144
         5         0.0156       -695.389
         5         0.0159       -661.359
         5         0.0162       -628.965
         5         0.0165       -598.126
         5         0.0168       -568.765
         5         0.0171       -540.809
         5         0.0174       -514.187
         5         0.0177       -488.835
         5          0.018       -464.688
         5         0.0183       -441.686
         5         0.0186       -419.771
         5         0.0189       -398.886
         5         0.0192       -378.978
         5         0.0195       -359.995
         5         0.0198       -341.887
         5         0.0201       -324.605
         5         0.0204       -308.104
         5         0.0207       -292.339
         5          0.021       -277.269
         5         0.0213       -262.851
         5         0.0216       -249.048
         5         0.0219       -235.821
         5         0.0222       -223.137
         5         0.0225       -210.961
         5         0.0228       -199.261
         5         0.0231       -188.007
         5         0.0234        -177.17
         5         0.0237       -166.722
         5          0.024       -156.639
         5         0.0243       -146.896
         5         0.0246        -137.47
         5         0.0249       -128.338
         5         0.0252       -119.481
         5         0.0255       -110.879
         5         0.0258       -102.513
         5         0.0261       -94.3662
         5         0.0264       -86.4223
         5         0.0267       -78.6656
         5          0.027       -71.0815
         5         0.0273        -63.656
         5         0.0276        -56.376
         5         0.0279       -49.2289
         5         0.0282       -42.2029
         5         0.0285       -35.2867
         5         0.0288       -28.4697
         5         0.0291       -21.7417
         5         0.0294       -15.0936
         5         0.0297         -8.517
         5           0.03        -2.0054
         5         0.0303              0
         5         0.0306              0
         5         0.0309              0
         5         0.0312              0
         5         0.0315              0
         5         0.0318              0
         5         0.0321              0
         5         0.0324              0
         5         0.0327              0
         5          0.033              0
         5         0.0333              0
         5         0.0336              0
         5         0.0339              0
         5         0.0342              0
         5         0.0345              0
         5         0.0348              0
         5         0.0351              0
         5         0.0354              0
         5         0.0357              0
         5          0.036              0
         5         0.0363              0
         5         0.0366              0
         5         0.0369              0
         5         0.0372              0
         5         0.0375              0
         5         0.0378              0
         5         0.0381              0
         5         0.0384              0
         5         0.0387              0
         5          0.039              0
         5         0.0393              0
         5         0.0396              0
         5         0.0399              0
         5         0.0402              0
         5         0.0405              0
         5         0.0408              0
         5         0.0411              0
         5         0.0414              0
         5         0.0417              0
         5          0.042              0
         5         0.0423              0
         5         0.0426              0
         5         0.0429              0
         5         0.0432              0
         5         0.0435              0
         5         0.0438              0
         5         0.0441              0
         5         0.0444              0
         5         0.0447              0
         5          0.045              0
         5         0.0453              0
         5         0.0456              0
         5         0.0459              0
         5         0.0462              0
         5         0.0465              0
         5         0.0468              0
         5         0.0471              0
         5         0.0474              0
         5         0.0477              0
         6         -0.048              0
         6        -0.0477              0
         6        -0.0474              0
         6        -0.0471              0
         6        -0.0468              0
         6        -0.0465              0
         6        -0.0462              0
         6        -0.0459              0
         6        -0.0456              0
         6        -0.0453              0
         6         -0.045              0
         6        -0.0447              0
         6        -0.0444              0
         6        -0.0441              0
         6        -0.0438              0
         6        -0.0435              0
         6        -0.0432              0
         6        -0.0429              0
         6        -0.0426              0
         6        -0.0423              0
         6         -0.042              0
         6        -0.0417              0
         6        -0.0414              0
         6        -0.0411              0
         6        -0.0408              0
         6        -0.0405              0
         6        -0.0402              0
         6        -0.0399              0
         6        -0.0396              0
         6        -0.0393              0
         6         -0.039              0
         6        -0.0387              0
         6        -0.0384              0
         6        -0.0381              0
         6        -0.0378              0
         6        -0.0375              0
         6        -0.0372              0
         6        -0.0369              0
         6        -0.0366              0
         6        -0.0363              0
         6         -0.036              0
         6        -0.0357              0
         6        -0.0354              0
         6        -0.0351              0
         6        -0.0348              0
         6        -0.0345              0
         6        -0.0342              0
         6        -0.0339              0
         6        -0.0336              0
         6        -0.0333              0
         6         -0.033              0
         6        -0.0327              0
         6        -0.0324              0
         6        -0.0321              0
         6        -0.0318              0
         6        -0.0315              0
         6        -0.0312              0
         6        -0.0309              0
         6        -0.0306              0
         6        -0.0303              0
         6          -0.03       -1.98801
         6        -0.0297       -8.44308
         6        -0.0294       -14.9624
         6        -0.0291       -21.5525
         6        -0.0288       -28.2215
         6        -0.0285       -34.9785
         6        -0.0282       -41.8334
         6        -0.0279       -48.7969
         6        -0.0276         -55.88
         6        -0.0273       -63.0945
         6         -0.027       -70.4528
         6        -0.0267       -77.9681
         6        -0.0264        -85.654
         6        -0.0261       -93.5253
         6        -0.0258       -101.597
         6        -0.0255       -109.887
         6        -0.0252        -118.41
         6        -0.0249       -127.187
         6        -0.0246       -136.236
         6        -0.0243       -145.578
         6         -0.024       -155.235
         6        -0.0237       -165.231
         6        -0.0234       -175.589
         6        -0.0231       -186.335
         6        -0.0228       -197.499
         6        -0.0225       -209.107
         6        -0.0222       -221.192
         6        -0.0219       -233.786
         6        -0.0216       -246.922
         6        -0.0213       -260.637
         6         -0.021       -274.969
         6        -0.0207       -289.957
         6        -0.0204       -305.642
         6        -0.0201       -322.069
         6        -0.0198       -339.281
         6        -0.0195       -357.327
         6        -0.0192       -376.254
         6        -0.0189       -396.114
         6        -0.0186       -416.959
         6        -0.0183       -438.843
         6         -0.018       -461.823
         6        -0.0177       -485.959
         6        -0.0174        -511.31
         6        -0.0171       -537.941
         6        -0.0168       -565.917
         6        -0.0165       -595.308
         6        -0.0162       -626.186
         6        -0.0159       -658.629
         6        -0.0156       -692.718
         6        -0.0153       -728.539
         6         -0.015       -766.185
         6        -0.0147       -805.756
         6        -0.0144       -847.358
         6        -0.0141       -891.109
         6        -0.0138       -937.135
         6        -0.0135       -985.576
         6        -0.0132       -1036.58
         6        -0.0129       -1090.33
         6        -0.0126       -1146.99
         6        -0.0123       -1206.79
         6         -0.012       -1269.94
         6        -0.0117       -1336.72
         6        -0.0114        -1407.4
         6        -0.0111       -1482.32
         6        -0.0108       -1561.85
         6        -0.0105        -1646.4
         6        -0.0102       -1736.48
         6        -0.0099       -1832.62
         6        -0.0096       -1935.48
         6        -0.0093       -2045.81
         6         -0.009       -2164.49
         6        -0.0087       -2292.58
         6        -0.0084       -2431.33
         6        -0.0081       -2582.29
         6        -0.0078       -2747.33
         6        -0.0075       -2928.81
         6        -0.0072       -3129.75
         6        -0.0069       -3354.07
         6        -0.0066       -3606.99
         6        -0.0063       -3895.58
         6         -0.006       -4229.12
         6        -0.0057       -4616.38
         6        -0.0054          -5000
         6        -0.0051          -5000
         6        -0.0048          -5000
         6        -0.0045       -4991.63
         6        -0.0042       -4923.79
         6        -0.0039       -4861.38
         6        -0.0036       -4808.92
         6        -0.0033        -4766.5
         6         -0.003       -4733.21
         6        -0.0027       -4707.87
         6        -0.0024       -4689.26
         6        -0.0021       -4676.21
         6        -0.0018        -4667.6
         6        -0.0015       -4662.37
         6        -0.0012       -4659.58
         6        -0.0009       -4658.36
         6        -0.0006       -4658.04
         6        -0.0003       -4658.06
         6              0        -4658.1
         6         0.0003       -4658.05
         6         0.0006       -4658.03
         6         0.0009       -4658.35
         6         0.0012       -4659.55
         6         0.0015       -4662.34
         6         0.0018       -4667.56
         6         0.0021       -4676.17
         6         0.0024       -4689.22
         6         0.0027       -4707.82
         6          0.003       -4733.15
         6         0.0033       -4766.44
         6         0.0036       -4808.85
         6         0.0039       -4861.32
         6         0.0042       -4923.72
         6         0.0045       -4991.57
         6         0.0048          -5000
         6         0.0051          -5000
         6         0.0054          -5000
         6         0.0057          -4617
         6          0.006       -4229.58
         6         0.0063       -3896.04
         6         0.0066       -3607.46
         6         0.0069       -3354.57
         6         0.0072       -3130.27
         6         0.0075       -2929.36
         6         0.0078       -2747.91
         6         0.0081       -2582.91
         6         0.0084       -2431.99
         6         0.0087       -2293.29
         6          0.009       -2165.25
         6         0.0093       -2046.63
         6         0.0096       -1936.37
         6         0.0099       -1833.58
         6         0.0102       -1737.51
         6         0.0105       -1647.52
         6         0.0108       -1563.04
         6         0.0111        -1483.6
         6         0.0114       -1408.78
         6         0.0117       -1338.19
         6          0.012       -1271.51
         6         0.0123       -1208.46
         6         0.0126       -1148.76
         6         0.0129        -1092.2
         6         0.0132       -1038.56
         6         0.0135       -987.652
         6         0.0138        -939.31
         6         0.0141        -893.38
         6         0.0144       -849.721
         6         0.0147       -808.205
         6          0.015       -768.716
         6         0.0153       -731.144
         6         0.0156       -695.389
         6         0.0159       -661.359
         6         0.0162       -628.965
         6         0.0165       -598.126
         6         0.0168       -568.765
         6         0.0171       -540.809
         6         0.0174       -514.187
         6         0.0177       -488.835
         6          0.018       -464.688
         6         0.0183       -441.686
         6         0.0186       -419.771
         6         0.0189       -398.886
         6         0.0192       -378.978
         6         0.0195       -359.995
         6         0.0198       -341.887
         6         0.0201       -324.605
         6         0.0204       -308.104
         6         0.0207       -292.339
         6          0.021       -277.269
         6         0.0213       -262.851
         6         0.0216       -249.048
         6         0.0219       -235.821
         6         0.0222       -223.137
         6         0.0225       -210.961
         6         0.0228       -199.261
         6         0.0231       -188.007
         6         0.0234        -177.17
         6         0.0237       -166.722
         6          0.024       -156.639
         6         0.0243       -146.896
         6         0.0246        -137.47
         6         0.0249       -128.338
         6         0.0252       -119.481
         6         0.0255       -110.879
         6         0.0258       -102.513
         6         0.0261       -94.3662
         6         0.0264       -86.4223
         6         0.0267       -78.6656
         6          0.027       -71.0815
         6         0.0273        -63.656
         6         0.0276        -56.376
         6         0.0279       -49.2289
         6         0.0282       -42.2029
         6         0.0285       -35.2867
         6         0.0288       -28.4697
         6         0.0291       -21.7417
         6         0.0294       -15.0936
         6         0.0297         -8.517
         6           0.03        -2.0054
         6         0.0303              0
         6         0.0306              0
         6         0.0309              0
         6         0.0312              0
         6         0.0315              0
         6         0.0318              0
         6         0.0321              0
         6         0.0324              0
         6         0.0327              0
         6          0.033              0
         6         0.0333              0
         6         0.0336              0
         6         0.0339              0
         6         0.0342              0
         6         0.0345              0
         6         0.0348              0
         6         0.0351              0
         6         0.0354              0
         6         0.0357              0
         6          0.036              0
         6         0.0363              0
         6         0.0366              0
         6         0.0369              0
         6         0.0372              0
         6         0.0375              0
         6         0.0378              0
         6         0.0381              0
         6         0.0384              0
         6         0.0387              0
         6          0.039              0
         6         0.0393              0
         6         0.0396              0
         6         0.0399              0
         6         0.0402              0
         6         0.0405              0
         6         0.0408              0
         6         0.0411              0
         6         0.0414              0
         6         0.0417              0
         6          0.042              0
         6         0.0423              0
         6         0.0426              0
         6         0.0429              0
         6         0.0432              0
         6         0.0435              0
         6         0.0438              0
         6         0.0441              0
         6         0.0444              0
         6         0.0447              0
         6          0.045              0
         6         0.0453              0
         6         0.0456              0
         6         0.0459              0
         6         0.0462              0
         6         0.0465              0
         6         0.0468              0
         6         0.0471              0
         6         0.0474              0
         6         0.0477              0
         7         -0.048              0
         7        -0.0477              0
         7        -0.0474              0
         7        -0.0471              0
         7        -0.0468              0
         7        -0.0465              0
         7        -0.0462              0
         7        -0.0459              0
         7        -0.0456              0
         7        -0.0453              0
         7         -0.045              0
         7        -0.0447              0
         7        -0.0444              0
         7        -0.0441              0
         7        -0.0438              0
         7        -0.0435              0
         7        -0.0432              0
         7        -0.0429              0
         7        -0.0426              0
         7        -0.0423              0
         7         -0.042              0
         7        -0.0417              0
         7        -0.0414              0
         7        -0.0411              0
         7        -0.0408              0
         7        -0.0405              0
         7        -0.0402              0
         7        -0.0399              0
         7        -0.0396              0
         7        -0.0393              0
         7         -0.039              0
         7        -0.0387              0
         7        -0.0384              0
         7        -0.0381              0
         7        -0.0378              0
         7        -0.0375              0
         7        -0.0372              0
         7        -0.0369              0
         7        -0.0366              0
         7        -0.0363              0
         7         -0.036              0
         7        -0.0357              0
         7        -0.0354              0
         7        -0.0351              0
         7        -0.0348              0
         7        -0.0345              0
         7        -0.0342              0
         7        -0.0339              0
         7        -0.0336              0
         7        -0.0333              0
         7         -0.033              0
         7        -0.0327              0
         7        -0.0324              0
         7        -0.0321              0
         7        -0.0318              0
         7        -0.0315              0
         7        -0.0312              0
         7        -0.0309              0
         7        -0.0306              0
         7        -0.0303              0
         7          -0.03       -1.98801
         7        -0.0297       -8.44308
         7        -0.0294       -14.9624
         7        -0.0291       -21.5525
         7        -0.0288       -28.2215
         7        -0.0285       -34.9785
         7        -0.0282       -41.8334
         7        -0.0279       -48.7969
         7        -0.0276         -55.88
         7        -0.0273       -63.0945
         7         -0.027       -70.4528
         7        -0.0267       -77.9681
         7        -0.0264        -85.654
         7        -0.0261       -93.5253
         7        -0.0258       -101.597
         7        -0.0255       -109.887
         7        -0.0252        -118.41
         7        -0.0249       -127.187
         7        -0.0246       -136.236
         7        -0.0243       -145.578
         7         -0.024       -155.235
         7        -0.0237       -165.231
         7        -0.0234       -175.589
         7        -0.0231       -186.335
         7        -0.0228       -197.499
         7        -0.0225       -209.107
         7        -0.0222       -221.192
         7        -0.0219       -233.786
         7        -0.0216       -246.922
         7        -0.0213       -260.637
         7         -0.021       -274.969
         7        -0.0207       -289.957
         7        -0.0204       -305.642
         7        -0.0201       -322.069
         7        -0.0198       -339.281
         7        -0.0195       -357.327
         7        -0.0192       -376.254
         7        -0.0189       -396.114
         7        -0.0186       -416.959
         7        -0.0183       -438.843
         7         -0.018       -461.823
         7        -0.0177       -485.959
         7        -0.0174        -511.31
         7        -0.0171       -537.941
         7        -0.0168       -565.917
         7        -0.0165       -595.308
         7        -0.0162       -626.186
         7        -0.0159       -658.629
         7        -0.0156       -692.718
         7        -0.0153       -728.539
         7         -0.015       -766.185
         7        -0.0147       -805.756
         7        -0.0144       -847.358
         7        -0.0141       -891.109
         7        -0.0138       -937.135
         7        -0.0135       -985.576
         7        -0.0132       -1036.58
         7        -0.0129       -1090.33
         7        -0.0126       -1146.99
         7        -0.0123       -1206.79
         7         -0.012       -1269.94
         7        -0.0117       -1336.72
         7        -0.0114        -1407.4
         7        -0.0111       -1482.32
         7        -0.0108       -1561.85
         7        -0.0105        -1646.4
         7        -0.0102       -1736.48
         7        -0.0099       -1832.62
         7        -0.0096       -1935.48
         7        -0.0093       -2045.81
         7         -0.009       -2164.49
         7        -0.0087       -2292.58
         7        -0.0084       -2431.33
         7        -0.0081       -2582.29
         7        -0.0078       -2747.33
         7        -0.0075       -2928.81
         7        -0.0072       -3129.75
         7        -0.0069       -3354.07
         7        -0.0066       -3606.99
         7        -0.0063       -3895.58
         7         -0.006       -4229.12
         7        -0.0057       -4616.38
         7        -0.0054          -5000
         7        -0.0051          -5000
         7        -0.0048          -5000
         7        -0.0045       -4991.63
         7        -0.0042       -4923.79
         7        -0.0039       -4861.38
         7        -0.0036       -4808.92
         7        -0.0033        -4766.5
         7         -0.003       -4733.21
         7        -0.0027       -4707.87
         7        -0.0024       -4689.26
         7        -0.0021       -4676.21
         7        -0.0018        -4667.6
         7        -0.0015       -4662.37
         7        -0.0012       -4659.58
         7        -0.0009       -4658.36
         7        -0.0006       -4658.04
         7        -0.0003       -4658.06
         7              0        -4658.1
         7         0.0003       -4658.05
         7         0.0006       -4658.03
         7         0.0009       -4658.35
         7         0.0012       -4659.55
         7         0.0015       -4662.34
         7         0.0018       -4667.56
         7         0.0021       -4676.17
         7         0.0024       -4689.22
         7         0.0027       -4707.82
         7          0.003       -4733.15
         7         0.0033       -4766.44
         7         0.0036       -4808.85
         7         0.0039       -4861.32
         7         0.0042       -4923.72
         7         0.0045       -4991.57
         7         0.0048          -5000
         7         0.0051          -5000
         7         0.0054          -5000
         7         0.0057          -4617
         7          0.006       -4229.58
         7         0.0063       -3896.04
         7         0.0066       -3607.46
         7         0.0069       -3354.57
         7         0.0072       -3130.27
         7         0.0075       -2929.36
         7         0.0078       -2747.91
         7         0.0081       -2582.91
         7         0.0084       -2431.99
         7         0.0087       -2293.29
         7          0.009       -2165.25
         7         0.0093       -2046.63
         7         0.0096       -1936.37
         7         0.0099       -1833.58
         7         0.0102       -1737.51
         7         0.0105       -1647.52
         7         0.0108       -1563.04
         7         0.0111        -1483.6
         7         0.0114       -1408.78
         7         0.0117       -1338.19
         7          0.012       -1271.51
         7         0.0123       -1208.46
         7         0.0126       -1148.76
         7         0.0129        -1092.2
         7         0.0132       -1038.56
         7         0.0135       -987.652
         7         0.0138        -939.31
         7         0.0141        -893.38
         7         0.0144       -849.721
         7         0.0147       -808.205
         7          0.015       -768.716
         7         0.0153       -731.144
         7         0.0156       -695.389
         7         0.0159       -661.359
         7         0.0162       -628.965
         7         0.0165       -598.126
         7         0.0168       -568.765
         7         0.0171       -540.809
         7         0.0174       -514.187
         7         0.0177       -488.835
         7          0.018       -464.688
         7         0.0183       -441.686
         7         0.0186       -419.771
         7         0.0189       -398.886
         7         0.0192       -378.978
         7         0.0195       -359.995
         7         0.0198       -341.887
         7         0.0201       -324.605
         7         0.0204       -308.104
         7         0.0207       -292.339
         7          0.021       -277.269
         7         0.0213       -262.851
         7         0.0216       -249.048
         7         0.0219       -235.821
         7         0.0222       -223.137
         7         0.0225       -210.961
         7         0.0228       -199.261
         7         0.0231       -188.007
         7         0.0234        -177.17
         7         0.0237       -166.722
         7          0.024       -156.639
         7         0.0243       -146.896
         7         0.0246        -137.47
         7         0.0249       -128.338
         7         0.0252       -119.481
         7         0.0255       -110.879
         7         0.0258       -102.513
         7         0.0261       -94.3662
         7         0.0264       -86.4223
         7         0.0267       -78.6656
         7          0.027       -71.0815
         7         0.0273        -63.656
         7         0.0276        -56.376
         7         0.0279       -49.2289
         7         0.0282       -42.2029
         7         0.0285       -35.2867
         7         0.0288       -28.4697
         7         0.0291       -21.7417
         7         0.0294       -15.0936
         7         0.0297         -8.517
         7           0.03        -2.0054
         7         0.0303              0
         7         0.0306              0
         7         0.0309              0
         7         0.0312              0
         7         0.0315              0
         7         0.0318              0
         7         0.0321              0
         7         0.0324              0
         7         0.0327              0
         7          0.033              0
         7         0.0333              0
         7         0.0336              0
         7         0.0339              0
         7         0.0342              0
         7         0.0345              0
         7         0.0348              0
         7         0.0351              0
         7         0.0354              0
         7         0.0357              0
         7          0.036              0
         7         0.0363              0
         7         0.0366              0
         7         0.0369              0
         7         0.0372              0
         7         0.0375              0
         7         0.0378              0
         7         0.0381              0
         7         0.0384              0
         7         0.0387              0
         7          0.039              0
         7         0.0393              0
         7         0.0396              0
         7         0.0399              0
         7         0.0402              0
         7         0.0405              0
         7         0.0408              0
         7         0.0411              0
         7         0.0414              0
         7         0.0417              0
         7          0.042              0
         7         0.0423              0
         7         0.0426              0
         7         0.0429              0
         7         0.0432              0
         7         0.0435              0
         7         0.0438              0
         7         0.0441              0
         7         0.0444              0
         7         0.0447              0
         7          0.045              0
         7         0.0453              0
         7         0.0456              0
         7         0.0459              0
         7         0.0462              0
         7         0.0465              0
         7         0.0468              0
         7         0.0471              0
         7         0.0474              0
         7         0.0477              0
         8         -0.048              0
         8        -0.0477              0
         8        -0.0474              0
         8        -0.0471              0
         8        -0.0468              0
         8        -0.0465              0
         8        -0.0462              0
         8        -0.0459              0
         8        -0.0456              0
         8        -0.0453              0
         8         -0.045              0
         8        -0.0447              0
         8        -0.0444              0
         8        -0.0441              0
         8        -0.0438              0
         8        -0.0435              0
         8        -0.0432              0
         8        -0.0429              0
         8        -0.0426              0
         8        -0.0423              0
         8         -0.042              0
         8        -0.0417              0
         8        -0.0414              0
         8        -0.0411              0
         8        -0.0408              0
         8        -0.0405              0
         8        -0.0402              0
         8        -0.0399              0
         8        -0.0396              0
         8        -0.0393              0
         8         -0.039              0
         8        -0.0387              0
         8        -0.0384              0
         8        -0.0381              0
         8        -0.0378              0
         8        -0.0375              0
         8        -0.0372              0
         8        -0.0369              0
         8        -0.0366              0
         8        -0.0363              0
         8         -0.036              0
         8        -0.0357              0
         8        -0.0354              0
         8        -0.0351              0
         8        -0.0348              0
         8        -0.0345              0
         8        -0.0342              0
         8        -0.0339              0
         8        -0.0336              0
         8        -0.0333              0
         8         -0.033              0
         8        -0.0327              0
         8        -0.0324              0
         8        -0.0321              0
         8        -0.0318              0
         8        -0.0315              0
         8        -0.0312              0
         8        -0.0309              0
         8        -0.0306              0
         8        -0.0303              0
         8          -0.03       -1.98801
         8        -0.0297       -8.44308
         8        -0.0294       -14.9624
         8        -0.0291       -21.5525
         8        -0.0288       -28.2215
         8        -0.0285       -34.9785
         8        -0.0282       -41.8334
         8        -0.0279       -48.7969
         8        -0.0276         -55.88
         8        -0.0273       -63.0945
         8         -0.027       -70.4528
         8        -0.0267       -77.9681
         8        -0.0264        -85.654
         8        -0.0261       -93.5253
         8        -0.0258       -101.597
         8        -0.0255       -109.887
         8        -0.0252        -118.41
         8        -0.0249       -127.187
         8        -0.0246       -136.236
         8        -0.0243       -145.578
         8         -0.024       -155.235
         8        -0.0237       -165.231
         8        -0.0234       -175.589
         8        -0.0231       -186.335
         8        -0.0228       -197.499
         8        -0.0225       -209.107
         8        -0.0222       -221.192
         8        -0.0219       -233.786
         8        -0.0216       -246.922
         8        -0.0213       -260.637
         8         -0.021       -274.969
         8        -0.0207       -289.957
         8        -0.0204       -305.642
         8        -0.0201       -322.069
         8        -0.0198       -339.281
         8        -0.0195       -357.327
         8        -0.0192       -376.254
         8        -0.0189       -396.114
         8        -0.0186       -416.959
         8        -0.0183       -438.843
         8         -0.018       -461.823
         8        -0.0177       -485.959
         8        -0.0174        -511.31
         8        -0.0171       -537.941
         8        -0.0168       -565.917
         8        -0.0165       -595.308
         8        -0.0162       -626.186
         8        -0.0159       -658.629
         8        -0.0156       -692.718
         8        -0.0153       -728.539
         8         -0.015       -766.185
         8        -0.0147       -805.756
         8        -0.0144       -847.358
         8        -0.0141       -891.109
         8        -0.0138       -937.135
         8        -0.0135       -985.576
         8        -0.0132       -1036.58
         8        -0.0129       -1090.33
         8        -0.0126       -1146.99
         8        -0.0123       -1206.79
         8         -0.012       -1269.94
         8        -0.0117       -1336.72
         8        -0.0114        -1407.4
         8        -0.0111       -1482.32
         8        -0.0108       -1561.85
         8        -0.0105        -1646.4
         8        -0.0102       -1736.48
         8        -0.0099       -1832.62
         8        -0.0096       -1935.48
         8        -0.0093       -2045.81
         8         -0.009       -2164.49
         8        -0.0087       -2292.58
         8        -0.0084       -2431.33
         8        -0.0081       -2582.29
         8        -0.0078       -2747.33
         8        -0.0075       -2928.81
         8        -0.0072       -3129.75
         8        -0.0069       -3354.07
         8        -0.0066       -3606.99
         8        -0.0063       -3895.58
         8         -0.006       -4229.12
         8        -0.0057       -4616.38
         8        -0.0054          -5000
         8        -0.0051          -5000
         8        -0.0048          -5000
         8        -0.0045       -4991.63
         8        -0.0042       -4923.79
         8        -0.0039       -4861.38
         8        -0.0036       -4808.92
         8        -0.0033        -4766.5
         8         -0.003       -4733.21
         8        -0.0027       -4707.87
         8        -0.0024       -4689.26
         8        -0.0021       -4676.21
         8        -0.0018        -4667.6
         8        -0.0015       -4662.37
         8        -0.0012       -4659.58
         8        -0.0009       -4658.36
         8        -0.0006       -4658.04
         8        -0.0003       -4658.06
         8              0        -4658.1
         8         0.0003       -4658.05
         8         0.0006       -4658.03
         8         0.0009       -4658.35
         8         0.0012       -4659.55
         8         0.0015       -4662.34
         8         0.0018       -4667.56
         8         0.0021       -4676.17
         8         0.0024       -4689.22
         8         0.0027       -4707.82
         8          0.003       -4733.15
         8         0.0033       -4766.44
         8         0.0036       -4808.85
         8         0.0039       -4861.32
         8         0.0042       -4923.72
         8         0.0045       -4991.57
         8         0.0048          -5000
         8         0.0051          -5000
         8         0.0054          -5000
         8         0.0057          -4617
         8          0.006       -4229.58
         8         0.0063       -3896.04
         8         0.0066       -3607.46
         8         0.0069       -3354.57
         8         0.0072       -3130.27
         8         0.0075       -2929.36
         8         0.0078       -2747.91
         8         0.0081       -2582.91
         8         0.0084       -2431.99
         8         0.0087       -2293.29
         8          0.009       -2165.25
         8         0.0093       -2046.63
         8         0.0096       -1936.37
         8         0.0099       -1833.58
         8         0.0102       -1737.51
         8         0.0105       -1647.52
         8         0.0108       -1563.04
         8         0.0111        -1483.6
         8         0.0114       -1408.78
         8         0.0117       -1338.19
         8          0.012       -1271.51
         8         0.0123       -1208.46
         8         0.0126       -1148.76
         8         0.0129        -1092.2
         8         0.0132       -1038.56
         8         0.0135       -987.652
         8         0.0138        -939.31
         8         0.0141        -893.38
         8         0.0144       -849.721
         8         0.0147       -808.205
         8          0.015       -768.716
         8         0.0153       -731.144
         8         0.0156       -695.389
         8         0.0159       -661.359
         8         0.0162       -628.965
         8         0.0165       -598.126
         8         0.0168       -568.765
         8         0.0171       -540.809
         8         0.0174       -514.187
         8         0.0177       -488.835
         8          0.018       -464.688
         8         0.0183       -441.686
         8         0.0186       -419.771
         8         0.0189       -398.886
         8         0.0192       -378.978
         8         0.0195       -359.995
         8         0.0198       -341.887
         8         0.0201       -324.605
         8         0.0204       -308.104
         8         0.0207       -292.339
         8          0.021       -277.269
         8         0.0213       -262.851
         8         0.0216       -249.048
         8         0.0219       -235.821
         8         0.0222       -223.137
         8         0.0225       -210.961
         8         0.0228       -199.261
         8         0.0231       -188.007
         8         0.0234        -177.17
         8         0.0237       -166.722
         8          0.024       -156.639
         8         0.0243       -146.896
         8         0.0246        -137.47
         8         0.0249       -128.338
         8         0.0252       -119.481
         8         0.0255       -110.879
         8         0.0258       -102.513
         8         0.0261       -94.3662
         8         0.0264       -86.4223
         8         0.0267       -78.6656
         8          0.027       -71.0815
         8         0.0273        -63.656
         8         0.0276        -56.376
         8         0.0279       -49.2289
         8         0.0282       -42.2029
         8         0.0285       -35.2867
         8         0.0288       -28.4697
         8         0.0291       -21.7417
         8         0.0294       -15.0936
         8         0.0297         -8.517
         8           0.03        -2.0054
         8         0.0303              0
         8         0.0306              0
         8         0.0309              0
         8         0.0312              0
         8         0.0315              0
         8         0.0318              0
         8         0.0321              0
         8         0.0324              0
         8         0.0327              0
         8          0.033              0
         8         0.0333              0
         8         0.0336              0
         8         0.0339              0
         8         0.0342              0
         8         0.0345              0
         8         0.0348              0
         8         0.0351              0
         8         0.0354              0
         8         0.0357              0
         8          0.036              0
         8         0.0363              0
         8         0.0366              0
         8         0.0369              0
         8         0.0372              0
         8         0.0375              0
         8         0.0378              0
         8         0.0381              0
         8         0.0384              0
         8         0.0387              0
         8          0.039              0
         8         0.0393              0
         8         0.0396              0
         8         0.0399              0
         8         0.0402              0
         8         0.0405              0
         8         0.0408              0
         8         0.0411              0
         8         0.0414              0
         8         0.0417              0
         8          0.042              0
         8         0.0423              0
         8         0.0426              0
         8         0.0429              0
         8         0.0432              0
         8         0.0435              0
         8         0.0438              0
         8         0.0441              0
         8         0.0444              0
         8         0.0447              0
         8          0.045              0
         8         0.0453              0
         8         0.0456              0
         8         0.0459              0
         8         0.0462              0
         8         0.0465              0
         8         0.0468              0
         8         0.0471              0
         8         0.0474              0
         8         0.0477              0
         9         -0.048              0
         9        -0.0477              0
         9        -0.0474              0
         9        -0.0471              0
         9        -0.0468              0
         9        -0.0465              0
         9        -0.0462              0
         9        -0.0459              0
         9        -0.0456              0
         9        -0.0453              0
         9         -0.045              0
         9        -0.0447              0
         9        -0.0444              0
         9        -0.0441              0
         9        -0.0438              0
         9        -0.0435              0
         9        -0.0432              0
         9        -0.0429              0
         9        -0.0426              0
         9        -0.0423              0
         9         -0.042              0
         9        -0.0417              0
         9        -0.0414              0
         9        -0.0411              0
         9        -0.0408              0
         9        -0.0405              0
         9        -0.0402              0
         9        -0.0399              0
         9        -0.0396              0
         9        -0.0393              0
         9         -0.039              0
         9        -0.0387              0
         9        -0.0384              0
         9        -0.0381              0
         9        -0.0378              0
         9        -0.0375              0
         9        -0.0372              0
         9        -0.0369              0
         9        -0.0366              0
         9        -0.0363              0
         9         -0.036              0
         9        -0.0357              0
         9        -0.0354              0
         9        -0.0351              0
         9        -0.0348              0
         9        -0.0345              0
         9        -0.0342              0
         9        -0.0339              0
         9        -0.0336              0
         9        -0.0333              0
         9         -0.033              0
         9        -0.0327              0
         9        -0.0324              0
         9        -0.0321              0
         9        -0.0318              0
         9        -0.0315              0
         9        -0.0312              0
         9        -0.0309              0
         9        -0.0306              0
         9        -0.0303              0
         9          -0.03       -1.98801
         9        -0.0297       -8.44308
         9        -0.0294       -14.9624
         9        -0.0291       -21.5525
         9        -0.0288       -28.2215
         9        -0.0285       -34.9785
         9        -0.0282       -41.8334
         9        -0.0279       -48.7969
         9        -0.0276         -55.88
         9        -0.0273       -63.0945
         9         -0.027       -70.4528
         9        -0.0267       -77.9681
         9        -0.0264        -85.654
         9        -0.0261       -93.5253
         9        -0.0258       -101.597
         9        -0.0255       -109.887
         9        -0.0252        -118.41
         9        -0.0249       -127.187
         9        -0.0246       -136.236
         9        -0.0243       -145.578
         9         -0.024       -155.235
         9        -0.0237       -165.231
         9        -0.0234       -175.589
         9        -0.0231       -186.335
         9        -0.0228       -197.499
         9        -0.0225       -209.107
         9        -0.0222       -221.192
         9        -0.0219       -233.786
         9        -0.0216       -246.922
         9        -0.0213       -260.637
         9         -0.021       -274.969
         9        -0.0207       -289.957
         9        -0.0204       -305.642
         9        -0.0201       -322.069
         9        -0.0198       -339.281
         9        -0.0195       -357.327
         9        -0.0192       -376.254
         9        -0.0189       -396.114
         9        -0.0186       -416.959
         9        -0.0183       -438.843
         9         -0.018       -461.823
         9        -0.0177       -485.959
         9        -0.0174        -511.31
         9        -0.0171       -537.941
         9        -0.0168       -565.917
         9        -0.0165       -595.308
         9        -0.0162       -626.186
         9        -0.0159       -658.629
         9        -0.0156       -692.718
         9        -0.0153       -728.539
         9         -0.015       -766.185
         9        -0.0147       -805.756
         9        -0.0144       -847.358
         9        -0.0141       -891.109
         9        -0.0138       -937.135
         9        -0.0135       -985.576
         9        -0.0132       -1036.58
         9        -0.0129       -1090.33
         9        -0.0126       -1146.99
         9        -0.0123       -1206.79
         9         -0.012       -1269.94
         9        -0.0117       -1336.72
         9        -0.0114        -1407.4
         9        -0.0111       -1482.32
         9        -0.0108       -1561.85
         9        -0.0105        -1646.4
         9        -0.0102       -1736.48
         9        -0.0099       -1832.62
         9        -0.0096       -1935.48
         9        -0.0093       -2045.81
         9         -0.009       -2164.49
         9        -0.0087       -2292.58
         9        -0.0084       -2431.33
         9        -0.0081       -2582.29
         9        -0.0078       -2747.33
         9        -0.0075       -2928.81
         9        -0.0072       -3129.75
         9        -0.0069       -3354.07
         9        -0.0066       -3606.99
         9        -0.0063       -3895.58
         9         -0.006       -4229.12
         9        -0.0057       -4616.38
         9        -0.0054          -5000
         9        -0.0051          -5000
         9        -0.0048          -5000
         9        -0.0045       -4991.63
         9        -0.0042       -4923.79
         9        -0.0039       -4861.38
         9        -0.0036       -4808.92
         9        -0.0033        -4766.5
         9         -0.003       -4733.21
         9        -0.0027       -4707.87
         9        -0.0024       -4689.26
         9        -0.0021       -4676.21
         9        -0.0018        -4667.6
         9        -0.0015       -4662.37
         9        -0.0012       -4659.58
         9        -0.0009       -4658.36
         9        -0.0006       -4658.04
         9        -0.0003       -4658.06
         9              0        -4658.1
         9         0.0003       -4658.05
         9         0.0006       -4658.03
         9         0.0009       -4658.35
         9         0.0012       -4659.55
         9         0.0015       -4662.34
         9         0.0018       -4667.56
         9         0.0021       -4676.17
         9         0.0024       -4689.22
         9         0.0027       -4707.82
         9          0.003       -4733.15
         9         0.0033       -4766.44
         9         0.0036       -4808.85
         9         0.0039       -4861.32
         9         0.0042       -4923.72
         9         0.0045       -4991.57
         9         0.0048          -5000
         9         0.0051          -5000
         9         0.0054          -5000
         9         0.0057          -4617
         9          0.006       -4229.58
         9         0.0063       -3896.04
         9         0.0066       -3607.46
         9         0.0069       -3354.57
         9         0.0072       -3130.27
         9         0.0075       -2929.36
         9         0.0078       -2747.91
         9         0.0081       -2582.91
         9         0.0084       -2431.99
         9         0.0087       -2293.29
         9          0.009       -2165.25
         9         0.0093       -2046.63
         9         0.0096       -1936.37
         9         0.0099       -1833.58
         9         0.0102       -1737.51
         9         0.0105       -1647.52
         9         0.0108       -1563.04
         9         0.0111        -1483.6
         9         0.0114       -1408.78
         9         0.0117       -1338.19
         9          0.012       -1271.51
         9         0.0123       -1208.46
         9         0.0126       -1148.76
         9         0.0129        -1092.2
         9         0.0132       -1038.56
         9         0.0135       -987.652
         9         0.0138        -939.31
         9         0.0141        -893.38
         9         0.0144       -849.721
         9         0.0147       -808.205
         9          0.015       -768.716
         9         0.0153       -731.144
         9         0.0156       -695.389
         9         0.0159       -661.359
         9         0.0162       -628.965
         9         0.0165       -598.126
         9         0.0168       -568.765
         9         0.0171       -540.809
         9         0.0174       -514.187
         9         0.0177       -488.835
         9          0.018       -464.688
         9         0.0183       -441.686
         9         0.0186       -419.771
         9         0.0189       -398.886
         9         0.0192       -378.978
         9         0.0195       -359.995
         9         0.0198       -341.887
         9         0.0201       -324.605
         9         0.0204       -308.104
         9         0.0207       -292.339
         9          0.021       -277.269
         9         0.0213       -262.851
         9         0.0216       -249.048
         9         0.0219       -235.821
         9         0.0222       -223.137
         9         0.0225       -210.961
         9         0.0228       -199.261
         9         0.0231       -188.007
         9         0.0234        -177.17
         9         0.0237       -166.722
         9          0.024       -156.639
         9         0.0243       -146.896
         9         0.0246        -137.47
         9         0.0249       -128.338
         9         0.0252       -119.481
         9         0.0255       -110.879
         9         0.0258       -102.513
         9         0.0261       -94.3662
         9         0.0264       -86.4223
         9         0.0267       -78.6656
         9          0.027       -71.0815
         9         0.0273        -63.656
         9         0.0276        -56.376
         9         0.0279       -49.2289
         9         0.0282       -42.2029
         9         0.0285       -35.2867
         9         0.0288       -28.4697
         9         0.0291       -21.7417
         9         0.0294       -15.0936
         9         0.0297         -8.517
         9           0.03        -2.0054
         9         0.0303              0
         9         0.0306              0
         9         0.0309              0
         9         0.0312              0
         9         0.0315              0
         9         0.0318              0
         9         0.0321              0
         9         0.0324              0
         9         0.0327              0
         9          0.033              0
         9         0.0333              0
         9         0.0336              0
         9         0.0339              0
         9         0.0342              0
         9         0.0345              0
         9         0.0348              0
         9         0.0351              0
         9         0.0354              0
         9         0.0357              0
         9          0.036              0
         9         0.0363              0
         9         0.0366              0
         9         0.0369              0
         9         0.0372              0
         9         0.0375              0
         9         0.0378              0
         9         0.0381              0
         9         0.0384              0
         9         0.0387              0
         9          0.039              0
         9         0.0393              0
         9         0.0396              0
         9         0.0399              0
         9         0.0402              0
         9         0.0405              0
         9         0.0408              0
         9         0.0411              0
         9         0.0414              0
         9         0.0417              0
         9          0.042              0
         9         0.0423              0
         9         0.0426              0
         9         0.0429              0
         9         0.0432              0
         9         0.0435              0
         9         0.0438              0
         9         0.0441              0
         9         0.0444              0
         9         0.0447              0
         9          0.045              0
         9         0.0453              0
         9         0.0456              0
         9         0.0459              0
         9         0.0462              0
         9         0.0465              0
         9         0.0468              0
         9         0.0471              0
         9         0.0474              0
         9         0.0477              0
        10         -0.048              0
        10        -0.0477              0
        10        -0.0474              0
        10        -0.0471              0
        10        -0.0468              0
        10        -0.0465              0
        10        -0.0462              0
        10        -0.0459              0
        10        -0.0456              0
        10        -0.0453              0
        10         -0.045              0
        10        -0.0447              0
        10        -0.0444              0
        10        -0.0441              0
        10        -0.0438              0
        10        -0.0435              0
        10        -0.0432              0
        10        -0.0429              0
        10        -0.0426              0
        10        -0.0423              0
        10         -0.042              0
        10        -0.0417              0
        10        -0.0414              0
        10        -0.0411              0
        10        -0.0408              0
        10        -0.0405              0
        10        -0.0402              0
        10        -0.0399              0
        10        -0.0396              0
        10        -0.0393              0
        10         -0.039              0
        10        -0.0387              0
        10        -0.0384              0
        10        -0.0381              0
        10        -0.0378              0
        10        -0.0375              0
        10        -0.0372              0
        10        -0.0369              0
        10        -0.0366              0
        10        -0.0363              0
        10         -0.036              0
        10        -0.0357              0
        10        -0.0354              0
        10        -0.0351              0
        10        -0.0348              0
        10        -0.0345              0
        10        -0.0342              0
        10        -0.0339              0
        10        -0.0336              0
        10        -0.0333              0
        10         -0.033              0
        10        -0.0327              0
        10        -0.0324              0
        10        -0.0321              0
        10        -0.0318              0
        10        -0.0315              0
        10        -0.0312              0
        10        -0.0309              0
        10        -0.0306              0
        10        -0.0303              0
        10          -0.03       -1.98801
        10        -0.0297       -8.44308
        10        -0.0294       -14.9624
        10        -0.0291       -21.5525
        10        -0.0288       -28.2215
        10        -0.0285       -34.9785
        10        -0.0282       -41.8334
        10        -0.0279       -48.7969
        10        -0.0276         -55.88
        10        -0.0273       -63.0945
        10         -0.027       -70.4528
        10        -0.0267       -77.9681
        10        -0.0264        -85.654
        10        -0.0261       -93.5253
        10        -0.0258       -101.597
        10        -0.0255       -109.887
        10        -0.0252        -118.41
        10        -0.0249       -127.187
        10        -0.0246       -136.236
        10        -0.0243       -145.578
        10         -0.024       -155.235
        10        -0.0237       -165.231
        10        -0.0234       -175.589
        10        -0.0231       -186.335
        10        -0.0228       -197.499
        10        -0.0225       -209.107
        10        -0.0222       -221.192
        10        -0.0219       -233.786
        10        -0.0216       -246.922
        10        -0.0213       -260.637
        10         -0.021       -274.969
        10        -0.0207       -289.957
        10        -0.0204       -305.642
        10        -0.0201       -322.069
        10        -0.0198       -339.281
        10        -0.0195       -357.327
        10        -0.0192       -376.254
        10        -0.0189       -396.114
        10        -0.0186       -416.959
        10        -0.0183       -438.843
        10         -0.018       -461.823
        10        -0.0177       -485.959
        10        -0.0174        -511.31
        10        -0.0171       -537.941
        10        -0.0168       -565.917
        10        -0.0165       -595.308
        10        -0.0162       -626.186
        10        -0.0159       -658.629
        10        -0.0156       -692.718
        10        -0.0153       -728.539
        10         -0.015       -766.185
        10        -0.0147       -805.756
        10        -0.0144       -847.358
        10        -0.0141       -891.109
        10        -0.0138       -937.135
        10        -0.0135       -985.576
        10        -0.0132       -1036.58
        10        -0.0129       -1090.33
        10        -0.0126       -1146.99
        10        -0.0123       -1206.79
        10         -0.012       -1269.94
        10        -0.0117       -1336.72
        10        -0.0114        -1407.4
        10        -0.0111       -1482.32
        10        -0.0108       -1561.85
        10        -0.0105        -1646.4
        10        -0.0102       -1736.48
        10        -0.0099       -1832.62
        10        -0.0096       -1935.48
        10        -0.0093       -2045.81
        10         -0.009       -2164.49
        10        -0.0087       -2292.58
        10        -0.0084       -2431.33
        10        -0.0081       -2582.29
        10        -0.0078       -2747.33
        10        -0.0075       -2928.81
        10        -0.0072       -3129.75
        10        -0.0069       -3354.07
        10        -0.0066       -3606.99
        10        -0.0063       -3895.58
        10         -0.006       -4229.12
        10        -0.0057       -4616.38
        10        -0.0054          -5000
        10        -0.0051          -5000
        10        -0.0048          -5000
        10        -0.0045       -4991.63
        10        -0.0042       -4923.79
        10        -0.0039       -4861.38
        10        -0.0036       -4808.92
        10        -0.0033        -4766.5
        10         -0.003       -4733.21
        10        -0.0027       -4707.87
        10        -0.0024       -4689.26
        10        -0.0021       -4676.21
        10        -0.0018        -4667.6
        10        -0.0015       -4662.37
        10        -0.0012       -4659.58
        10        -0.0009       -4658.36
        10        -0.0006       -4658.04
        10        -0.0003       -4658.06
        10              0        -4658.1
        10         0.0003       -4658.05
        10         0.0006       -4658.03
        10         0.0009       -4658.35
        10         0.0012       -4659.55
        10         0.0015       -4662.34
        10         0.0018       -4667.56
        10         0.0021       -4676.17
        10         0.0024       -4689.22
        10         0.0027       -4707.82
        10          0.003       -4733.15
        10         0.0033       -4766.44
        10         0.0036       -4808.85
        10         0.0039       -4861.32
        10         0.0042       -4923.72
        10         0.0045       -4991.57
        10         0.0048          -5000
        10         0.0051          -5000
        10         0.0054          -5000
        10         0.0057          -4617
        10          0.006       -4229.58
        10         0.0063       -3896.04
        10         0.0066       -3607.46
        10         0.0069       -3354.57
        10         0.0072       -3130.27
        10         0.0075       -2929.36
        10         0.0078       -2747.91
        10         0.0081       -2582.91
        10         0.0084       -2431.99
        10         0.0087       -2293.29
        10          0.009       -2165.25
        10         0.0093       -2046.63
        10         0.0096       -1936.37
        10         0.0099       -1833.58
        10         0.0102       -1737.51
        10         0.0105       -1647.52
        10         0.0108       -1563.04
        10         0.0111        -1483.6
        10         0.0114       -1408.78
        10         0.0117       -1338.19
        10          0.012       -1271.51
        10         0.0123       -1208.46
        10         0.0126       -1148.76
        10         0.0129        -1092.2
        10         0.0132       -1038.56
        10         0.0135       -987.652
        10         0.0138        -939.31
        10         0.0141        -893.38
        10         0.0144       -849.721
        10         0.0147       -808.205
        10          0.015       -768.716
        10         0.0153       -731.144
        10         0.0156       -695.389
        10         0.0159       -661.359
        10         0.0162       -628.965
        10         0.0165       -598.126
        10         0.0168       -568.765
        10         0.0171       -540.809
        10         0.0174       -514.187
        10         0.0177       -488.835
        10          0.018       -464.688
        10         0.0183       -441.686
        10         0.0186       -419.771
        10         0.0189       -398.886
        10         0.0192       -378.978
        10         0.0195       -359.995
        10         0.0198       -341.887
        10         0.0201       -324.605
        10         0.0204       -308.104
        10         0.0207       -292.339
        10          0.021       -277.269
        10         0.0213       -262.851
        10         0.0216       -249.048
        10         0.0219       -235.821
        10         0.0222       -223.137
        10         0.0225       -210.961
        10         0.0228       -199.261
        10         0.0231       -188.007
        10         0.0234        -177.17
        10         0.0237       -166.722
        10          0.024       -156.639
        10         0.0243       -146.896
        10         0.0246        -137.47
        10         0.0249       -128.338
        10         0.0252       -119.481
        10         0.0255       -110.879
        10         0.0258       -102.513
        10         0.0261       -94.3662
        10         0.0264       -86.4223
        10         0.0267       -78.6656
        10          0.027       -71.0815
        10         0.0273        -63.656
        10         0.0276        -56.376
        10         0.0279       -49.2289
        10         0.0282       -42.2029
        10         0.0285       -35.2867
        10         0.0288       -28.4697
        10         0.0291       -21.7417
        10         0.0294       -15.0936
        10         0.0297         -8.517
        10           0.03        -2.0054
        10         0.0303              0
        10         0.0306              0
        10         0.0309              0
        10         0.0312              0
        10         0.0315              0
        10         0.0318              0
        10         0.0321              0
        10         0.0324              0
        10         0.0327              0
        10          0.033              0
        10         0.0333              0
        10         0.0336              0
        10         0.0339              0
        10         0.0342              0
        10         0.0345              0
        10         0.0348              0
        10         0.0351              0
        10         0.0354              0
        10         0.0357              0
        10          0.036              0
        10         0.0363              0
        10         0.0366              0
        10         0.0369              0
        10         0.0372              0
        10         0.0375              0
        10         0.0378              0
        10         0.0381              0
        10         0.0384              0
        10         0.0387              0
        10          0.039              0
        10         0.0393              0
        10         0.0396              0
        10         0.0399              0
        10         0.0402              0
        10         0.0405              0
        10         0.0408              0
        10         0.0411              0
        10         0.0414              0
        10         0.0417              0
        10          0.042              0
        10         0.0423              0
        10         0.0426              0
        10         0.0429              0
        10         0.0432              0
        10         0.0435              0
        10         0.0438              0
        10         0.0441              0
        10         0.0444              0
        10         0.0447              0
        10          0.045              0
        10         0.0453              0
        10         0.0456              0
        10         0.0459              0
        10         0.0462              0
        10         0.0465              0
        10         0.0468              0
        10         0.0471              0
        10         0.0474              0
        10         0.0477              0
