# iteration    r (m)    potential (V)
         1        -0.0315              0
         1        -0.0312              0
         1        -0.0309              0
         1        -0.0306              0
         1        -0.0303              0
         1          -0.03              0
         1        -0.0297       -1.97535
         1        -0.0294        -6.0429
         1        -0.0291       -10.1609
         1        -0.0288       -14.3152
         1        -0.0285        -18.499
         1        -0.0282       -22.7068
         1        -0.0279       -26.9335
         1        -0.0276        -31.173
         1        -0.0273       -35.4188
         1         -0.027       -39.6629
         1        -0.0267        -43.896
         1        -0.0264       -48.1071
         1        -0.0261        -52.283
         1        -0.0258       -56.4081
         1        -0.0255       -60.4635
         1        -0.0252       -64.4265
         1        -0.0249       -68.2695
         1        -0.0246       -71.9589
         1        -0.0243       -75.4535
         1         -0.024       -78.7026
         1        -0.0237       -81.6424
         1        -0.0234       -84.1931
         1        -0.0231       -86.2525
         1        -0.0228       -87.6884
         1        -0.0225       -88.3269
         1        -0.0222        -87.934
         1        -0.0219       -86.1873
         1        -0.0216       -82.6278
         1        -0.0213       -76.5765
         1         -0.021       -66.9774
         1        -0.0207       -52.0807
         1        -0.0204       -28.7442
         1        -0.0201              0
         1        -0.0198              0
         1        -0.0195              0
         1        -0.0192       -9.14486
         1        -0.0189       -91.2245
         1        -0.0186       -154.527
         1        -0.0183       -208.059
         1         -0.018       -255.994
         1        -0.0177       -300.542
         1        -0.0174       -343.009
         1        -0.0171       -384.234
         1        -0.0168         -424.8
         1        -0.0165       -465.133
         1        -0.0162       -505.566
         1        -0.0159       -546.367
         1        -0.0156       -587.767
         1        -0.0153       -629.968
         1         -0.015       -673.156
         1        -0.0147       -717.506
         1        -0.0144       -763.187
         1        -0.0141       -810.366
         1        -0.0138       -859.214
         1        -0.0135       -909.905
         1        -0.0132       -962.621
         1        -0.0129       -1017.55
         1        -0.0126       -1074.91
         1        -0.0123        -1134.9
         1         -0.012       -1197.78
         1        -0.0117       -1263.79
         1        -0.0114       -1333.24
         1        -0.0111       -1406.44
         1        -0.0108       -1483.74
         1        -0.0105       -1565.54
         1        -0.0102        -1652.3
         1        -0.0099       -1744.53
         1        -0.0096       -1842.82
         1        -0.0093       -1947.84
         1         -0.009        -2060.4
         1        -0.0087       -2181.41
         1        -0.0084          -2312
         1        -0.0081       -2453.47
         1        -0.0078       -2607.44
         1        -0.0075        -2775.9
         1        -0.0072       -2961.36
         1        -0.0069       -3167.02
         1        -0.0066       -3397.11
         1        -0.0063       -3657.39
         1         -0.006       -3956.08
         1        -0.0057       -4305.79
         1        -0.0054       -4729.15
         1        -0.0051          -5000
         1        -0.0048          -5000
         1        -0.0045          -5000
         1        -0.0042       -4988.93
         1        -0.0039       -4916.08
         1        -0.0036          -4854
         1        -0.0033       -4802.65
         1         -0.003       -4761.38
         1        -0.0027        -4729.1
         1        -0.0024       -4704.61
         1        -0.0021       -4686.69
         1        -0.0018       -4674.17
         1        -0.0015       -4665.94
         1        -0.0012       -4660.96
         1        -0.0009        -4658.3
         1        -0.0006       -4657.14
         1        -0.0003        -4656.8
         1              0        -4656.8
         1         0.0003       -4656.84
         1         0.0006       -4656.84
         1         0.0009       -4656.95
         1         0.0012       -4657.54
         1         0.0015       -4659.16
         1         0.0018       -4662.52
         1         0.0021        -4668.5
         1         0.0024       -4678.06
         1         0.0027       -4692.26
         1          0.003       -4712.22
         1         0.0033       -4739.14
         1         0.0036       -4774.23
         1         0.0039       -4818.66
         1         0.0042        -4873.4
         1         0.0045       -4938.91
         1         0.0048          -5000
         1         0.0051          -5000
         1         0.0054          -5000
         1         0.0057          -5000
         1          0.006       -4581.91
         1         0.0063       -4186.62
         1         0.0066        -3855.8
         1         0.0069       -3571.31
         1         0.0072       -3322.25
         1         0.0075        -3101.3
         1         0.0078       -2903.26
         1         0.0081       -2724.27
         1         0.0084       -2561.36
         1         0.0087       -2412.22
         1          0.009       -2275.01
         1         0.0093        -2148.2
         1         0.0096       -2030.56
         1         0.0099       -1921.05
         1         0.0102       -1818.78
         1         0.0105       -1723.01
         1         0.0108       -1633.08
         1         0.0111       -1548.43
         1         0.0114       -1468.57
         1         0.0117       -1393.08
         1          0.012       -1321.55
         1         0.0123       -1253.66
         1         0.0126       -1189.08
         1         0.0129       -1127.55
         1         0.0132        -1068.8
         1         0.0135        -1012.6
         1         0.0138        -958.74
         1         0.0141       -907.011
         1         0.0144       -857.222
         1         0.0147       -809.193
         1          0.015       -762.745
         1         0.0153       -717.707
         1         0.0156       -673.903
         1         0.0159       -631.157
         1         0.0162       -589.282
         1         0.0165       -548.077
         1         0.0168       -507.318
         1         0.0171       -466.749
         1         0.0174        -426.06
         1         0.0177       -384.864
         1          0.018       -342.651
         1         0.0183       -298.714
         1         0.0186       -252.011
         1         0.0189       -200.883
         1         0.0192       -142.445
         1         0.0195       -71.0703
         1         0.0198              0
         1         0.0201              0
         1         0.0204              0
         1         0.0207       -6.84423
         1          0.021       -47.8896
         1         0.0213       -74.5054
         1         0.0216       -92.6448
         1         0.0219       -105.373
         1         0.0222       -114.424
         1         0.0225        -120.86
         1         0.0228       -125.372
         1         0.0231       -128.432
         1         0.0234       -130.374
         1         0.0237       -131.445
         1          0.024       -131.826
         1         0.0243       -131.661
         1         0.0246       -131.057
         1         0.0249         -130.1
         1         0.0252       -128.861
         1         0.0255       -127.395
         1         0.0258       -125.746
         1         0.0261       -123.953
         1         0.0264       -122.045
         1         0.0267       -120.048
         1          0.027       -117.984
         1         0.0273       -115.869
         1         0.0276       -113.719
         1         0.0279       -111.546
         1         0.0282        -109.36
         1         0.0285       -107.171
         1         0.0288       -104.987
         1         0.0291       -102.812
         1         0.0294       -100.653
         1         0.0297       -98.5147
         1           0.03       -96.4002
         1         0.0303       -94.3131
         1         0.0306       -92.2559
         1         0.0309       -90.2311
         1         0.0312       -88.2404
         1         0.0315       -86.2853
         1         0.0318       -84.3672
         1         0.0321        -82.487
         1         0.0324       -80.6454
         1         0.0327        -78.843
         1          0.033       -77.0804
         1         0.0333       -75.3577
         1         0.0336       -73.6752
         1         0.0339       -72.0331
         1         0.0342       -70.4315
         1         0.0345       -68.8703
         1         0.0348       -67.3497
         1         0.0351       -65.8694
         1         0.0354       -64.4295
         1         0.0357       -63.0296
         1          0.036       -61.6695
         1         0.0363        -60.349
         1         0.0366       -59.0678
         1         0.0369       -57.8254
         1         0.0372       -56.6216
         1         0.0375        -55.456
         1         0.0378       -54.3283
         1         0.0381       -53.2381
         1         0.0384       -52.1852
         1         0.0387       -51.1692
         1          0.039         -50.19
         1         0.0393       -49.2472
         1         0.0396       -48.3406
         1         0.0399       -47.4699
         1         0.0402       -46.6348
         1         0.0405        -45.835
         1         0.0408       -45.0701
         1         0.0411         -44.34
         1         0.0414       -43.6442
         1         0.0417       -42.9824
         1          0.042       -42.3545
         1         0.0423       -41.7601
         1         0.0426        -41.199
         1         0.0429        -40.671
         1         0.0432        -40.176
         1         0.0435       -39.7138
         1         0.0438       -39.2842
         1         0.0441        -38.887
         1         0.0444       -38.5222
         1         0.0447       -38.1896
         1          0.045        -37.889
         1         0.0453       -37.6204
         1         0.0456       -37.3836
         1         0.0459       -37.1785
         1         0.0462       -37.0051
         1         0.0465       -36.8633
         1         0.0468       -36.7531
         1         0.0471       -36.6743
         1         0.0474       -36.6271
         1         0.0477       -36.6113
         2        -0.0315              0
         2        -0.0312              0
         2        -0.0309              0
         2        -0.0306              0
         2        -0.0303              0
         2          -0.03              0
         2        -0.0297       -1.97374
         2        -0.0294       -6.03801
         2        -0.0291       -10.1528
         2        -0.0288        -14.304
         2        -0.0285       -18.4847
         2        -0.0282       -22.6897
         2        -0.0279       -26.9137
         2        -0.0276       -31.1507
         2        -0.0273       -35.3939
         2         -0.027       -39.6355
         2        -0.0267       -43.8661
         2        -0.0264       -48.0747
         2        -0.0261       -52.2481
         2        -0.0258       -56.3708
         2        -0.0255        -60.424
         2        -0.0252       -64.3849
         2        -0.0249       -68.2262
         2        -0.0246       -71.9142
         2        -0.0243       -75.4079
         2         -0.024       -78.6563
         2        -0.0237       -81.5959
         2        -0.0234       -84.1468
         2        -0.0231       -86.2066
         2        -0.0228       -87.6434
         2        -0.0225        -88.283
         2        -0.0222       -87.8917
         2        -0.0219       -86.1471
         2        -0.0216       -82.5904
         2        -0.0213        -76.543
         2         -0.021        -66.949
         2        -0.0207       -52.0594
         2        -0.0204        -28.733
         2        -0.0201              0
         2        -0.0198              0
         2        -0.0195              0
         2        -0.0192       -9.14306
         2        -0.0189       -91.2063
         2        -0.0186       -154.497
         2        -0.0183       -208.019
         2         -0.018       -255.945
         2        -0.0177       -300.486
         2        -0.0174       -342.947
         2        -0.0171       -384.167
         2        -0.0168       -424.728
         2        -0.0165       -465.057
         2        -0.0162       -505.486
         2        -0.0159       -546.284
         2        -0.0156       -587.682
         2        -0.0153       -629.882
         2         -0.015       -673.069
         2        -0.0147       -717.419
         2        -0.0144       -763.099
         2        -0.0141        -810.28
         2        -0.0138       -859.129
         2        -0.0135       -909.823
         2        -0.0132       -962.543
         2        -0.0129       -1017.48
         2        -0.0126       -1074.84
         2        -0.0123       -1134.85
         2         -0.012       -1197.74
         2        -0.0117       -1263.77
         2        -0.0114       -1333.24
         2        -0.0111       -1406.46
         2        -0.0108        -1483.8
         2        -0.0105       -1565.63
         2        -0.0102       -1652.43
         2        -0.0099       -1744.71
         2        -0.0096       -1843.04
         2        -0.0093       -1948.11
         2         -0.009       -2060.72
         2        -0.0087       -2181.78
         2        -0.0084       -2312.41
         2        -0.0081       -2453.92
         2        -0.0078       -2607.92
         2        -0.0075       -2776.41
         2        -0.0072       -2961.88
         2        -0.0069       -3167.53
         2        -0.0066       -3397.59
         2        -0.0063       -3657.82
         2         -0.006       -3956.43
         2        -0.0057       -4306.03
         2        -0.0054       -4729.25
         2        -0.0051          -5000
         2        -0.0048          -5000
         2        -0.0045          -5000
         2        -0.0042       -4988.95
         2        -0.0039       -4916.26
         2        -0.0036       -4854.32
         2        -0.0033        -4803.1
         2         -0.003       -4761.95
         2        -0.0027       -4729.79
         2        -0.0024       -4705.41
         2        -0.0021       -4687.59
         2        -0.0018       -4675.16
         2        -0.0015       -4667.01
         2        -0.0012        -4662.1
         2        -0.0009        -4659.5
         2        -0.0006       -4658.39
         2        -0.0003       -4658.09
         2              0        -4658.1
         2         0.0003       -4658.15
         2         0.0006       -4658.14
         2         0.0009       -4658.22
         2         0.0012       -4658.77
         2         0.0015       -4660.34
         2         0.0018       -4663.64
         2         0.0021       -4669.54
         2         0.0024       -4679.02
         2         0.0027       -4693.12
         2          0.003       -4712.98
         2         0.0033       -4739.79
         2         0.0036       -4774.76
         2         0.0039       -4819.06
         2         0.0042       -4873.67
         2         0.0045       -4939.04
         2         0.0048          -5000
         2         0.0051          -5000
         2         0.0054          -5000
         2         0.0057          -5000
         2          0.006       -4582.12
         2         0.0063       -4187.04
         2         0.0066       -3856.36
         2         0.0069       -3571.99
         2         0.0072       -3323.02
         2         0.0075       -3102.14
         2         0.0078       -2904.14
         2         0.0081       -2725.17
         2         0.0084       -2562.28
         2         0.0087       -2413.15
         2          0.009       -2275.93
         2         0.0093       -2149.11
         2         0.0096       -2031.46
         2         0.0099       -1921.94
         2         0.0102       -1819.65
         2         0.0105       -1723.87
         2         0.0108       -1633.93
         2         0.0111       -1549.28
         2         0.0114       -1469.42
         2         0.0117       -1393.93
         2          0.012       -1322.41
         2         0.0123       -1254.53
         2         0.0126       -1189.97
         2         0.0129       -1128.45
         2         0.0132       -1069.73
         2         0.0135       -1013.55
         2         0.0138       -959.714
         2         0.0141       -908.009
         2         0.0144       -858.245
         2         0.0147        -810.24
         2          0.015       -763.815
         2         0.0153       -718.797
         2         0.0156       -675.011
         2         0.0159        -632.28
         2         0.0162       -590.415
         2         0.0165       -549.216
         2         0.0168       -508.458
         2         0.0171       -467.882
         2         0.0174       -427.176
         2         0.0177       -385.952
         2          0.018       -343.695
         2         0.0183       -299.695
         2         0.0186       -252.902
         2         0.0189       -201.647
         2         0.0192       -143.025
         2         0.0195       -71.3788
         2         0.0198              0
         2         0.0201              0
         2         0.0204              0
         2         0.0207       -6.96317
         2          0.021        -48.767
         2         0.0213       -75.9476
         2         0.0216       -94.5437
         2         0.0219       -107.661
         2         0.0222       -117.057
         2         0.0225       -123.806
         2         0.0228       -128.606
         2         0.0231       -131.935
         2         0.0234       -134.133
         2         0.0237       -135.446
         2          0.024       -136.061
         2         0.0243        -136.12
         2         0.0246       -135.733
         2         0.0249       -134.989
         2         0.0252       -133.957
         2         0.0255       -132.692
         2         0.0258       -131.242
         2         0.0261       -129.643
         2         0.0264       -127.927
         2         0.0267       -126.119
         2          0.027        -124.24
         2         0.0273       -122.308
         2         0.0276       -120.339
         2         0.0279       -118.345
         2         0.0282       -116.337
         2         0.0285       -114.323
         2         0.0288       -112.311
         2         0.0291       -110.308
         2         0.0294       -108.319
         2         0.0297       -106.349
         2           0.03       -104.401
         2         0.0303       -102.479
         2         0.0306       -100.585
         2         0.0309        -98.722
         2         0.0312       -96.8911
         2         0.0315       -95.0941
         2         0.0318       -93.3322
         2         0.0321       -91.6063
         2         0.0324       -89.9172
         2         0.0327       -88.2656
         2          0.033       -86.6518
         2         0.0333       -85.0762
         2         0.0336        -83.539
         2         0.0339       -82.0403
         2         0.0342       -80.5801
         2         0.0345       -79.1584
         2         0.0348       -77.7749
         2         0.0351       -76.4297
         2         0.0354       -75.1224
         2         0.0357       -73.8527
         2          0.036       -72.6205
         2         0.0363       -71.4254
         2         0.0366        -70.267
         2         0.0369        -69.145
         2         0.0372       -68.0591
         2         0.0375       -67.0088
         2         0.0378       -65.9939
         2         0.0381       -65.0139
         2         0.0384       -64.0685
         2         0.0387       -63.1572
         2          0.039       -62.2799
         2         0.0393        -61.436
         2         0.0396       -60.6252
         2         0.0399       -59.8472
         2         0.0402       -59.1016
         2         0.0405       -58.3882
         2         0.0408       -57.7065
         2         0.0411       -57.0563
         2         0.0414       -56.4372
         2         0.0417        -55.849
         2          0.042       -55.2912
         2         0.0423       -54.7637
         2         0.0426       -54.2661
         2         0.0429       -53.7982
         2         0.0432       -53.3597
         2         0.0435       -52.9505
         2         0.0438       -52.5702
         2         0.0441       -52.2189
         2         0.0444       -51.8962
         2         0.0447       -51.6021
         2          0.045       -51.3364
         2         0.0453       -51.0991
         2         0.0456       -50.8899
         2         0.0459       -50.7089
         2         0.0462       -50.5559
         2         0.0465       -50.4309
         2         0.0468       -50.3337
         2         0.0471       -50.2644
         2         0.0474       -50.2228
         2         0.0477       -50.2089
         3        -0.0315              0
         3        -0.0312              0
         3        -0.0309              0
         3        -0.0306              0
         3        -0.0303              0
         3          -0.03              0
         3        -0.0297       -1.97374
         3        -0.0294       -6.03801
         3        -0.0291       -10.1528
         3        -0.0288        -14.304
         3        -0.0285       -18.4847
         3        -0.0282       -22.6897
         3        -0.0279       -26.9137
         3        -0.0276       -31.1507
         3        -0.0273       -35.3939
         3         -0.027       -39.6355
         3        -0.0267       -43.8661
         3        -0.0264       -48.0747
         3        -0.0261       -52.2481
         3        -0.0258       -56.3708
         3        -0.0255        -60.424
         3        -0.0252       -64.3849
         3        -0.0249       -68.2262
         3        -0.0246       -71.9142
         3        -0.0243       -75.4079
         3         -0.024       -78.6563
         3        -0.0237       -81.5959
         3        -0.0234       -84.1468
         3        -0.0231       -86.2066
         3        -0.0228       -87.6434
         3        -0.0225        -88.283
         3        -0.0222       -87.8917
         3        -0.0219       -86.1471
         3        -0.0216       -82.5904
         3        -0.0213        -76.543
         3         -0.021        -66.949
         3        -0.0207       -52.0594
         3        -0.0204        -28.733
         3        -0.0201              0
         3        -0.0198              0
         3        -0.0195              0
         3        -0.0192       -9.14306
         3        -0.0189       -91.2063
         3        -0.0186       -154.497
         3        -0.0183       -208.019
         3         -0.018       -255.945
         3        -0.0177       -300.486
         3        -0.0174       -342.947
         3        -0.0171       -384.167
         3        -0.0168       -424.728
         3        -0.0165       -465.057
         3        -0.0162       -505.486
         3        -0.0159       -546.284
         3        -0.0156       -587.682
         3        -0.0153       -629.882
         3         -0.015       -673.069
         3        -0.0147       -717.419
         3        -0.0144       -763.099
         3        -0.0141        -810.28
         3        -0.0138       -859.129
         3        -0.0135       -909.823
         3        -0.0132       -962.543
         3        -0.0129       -1017.48
         3        -0.0126       -1074.84
         3        -0.0123       -1134.85
         3         -0.012       -1197.74
         3        -0.0117       -1263.77
         3        -0.0114       -1333.24
         3        -0.0111       -1406.46
         3        -0.0108        -1483.8
         3        -0.0105       -1565.63
         3        -0.0102       -1652.43
         3        -0.0099       -1744.71
         3        -0.0096       -1843.04
         3        -0.0093       -1948.11
         3         -0.009       -2060.72
         3        -0.0087       -2181.78
         3        -0.0084       -2312.41
         3        -0.0081       -2453.92
         3        -0.0078       -2607.92
         3        -0.0075       -2776.41
         3        -0.0072       -2961.88
         3        -0.0069       -3167.53
         3        -0.0066       -3397.59
         3        -0.0063       -3657.82
         3         -0.006       -3956.43
         3        -0.0057       -4306.03
         3        -0.0054       -4729.25
         3        -0.0051          -5000
         3        -0.0048          -5000
         3        -0.0045          -5000
         3        -0.0042       -4988.95
         3        -0.0039       -4916.26
         3        -0.0036       -4854.32
         3        -0.0033        -4803.1
         3         -0.003       -4761.95
         3        -0.0027       -4729.79
         3        -0.0024       -4705.41
         3        -0.0021       -4687.59
         3        -0.0018       -4675.16
         3        -0.0015       -4667.01
         3        -0.0012        -4662.1
         3        -0.0009        -4659.5
         3        -0.0006       -4658.39
         3        -0.0003       -4658.09
         3              0        -4658.1
         3         0.0003       -4658.15
         3         0.0006       -4658.14
         3         0.0009       -4658.22
         3         0.0012       -4658.77
         3         0.0015       -4660.34
         3         0.0018       -4663.64
         3         0.0021       -4669.54
         3         0.0024       -4679.02
         3         0.0027       -4693.12
         3          0.003       -4712.98
         3         0.0033       -4739.79
         3         0.0036       -4774.76
         3         0.0039       -4819.06
         3         0.0042       -4873.67
         3         0.0045       -4939.04
         3         0.0048          -5000
         3         0.0051          -5000
         3         0.0054          -5000
         3         0.0057          -5000
         3          0.006       -4582.12
         3         0.0063       -4187.04
         3         0.0066       -3856.36
         3         0.0069       -3571.99
         3         0.0072       -3323.02
         3         0.0075       -3102.14
         3         0.0078       -2904.14
         3         0.0081       -2725.17
         3         0.0084       -2562.28
         3         0.0087       -2413.15
         3          0.009       -2275.93
         3         0.0093       -2149.11
         3         0.0096       -2031.46
         3         0.0099       -1921.94
         3         0.0102       -1819.65
         3         0.0105       -1723.87
         3         0.0108       -1633.93
         3         0.0111       -1549.28
         3         0.0114       -1469.42
         3         0.0117       -1393.93
         3          0.012       -1322.41
         3         0.0123       -1254.53
         3         0.0126       -1189.97
         3         0.0129       -1128.45
         3         0.0132       -1069.73
         3         0.0135       -1013.55
         3         0.0138       -959.714
         3         0.0141       -908.009
         3         0.0144       -858.245
         3         0.0147        -810.24
         3          0.015       -763.815
         3         0.0153       -718.797
         3         0.0156       -675.011
         3         0.0159        -632.28
         3         0.0162       -590.415
         3         0.0165       -549.216
         3         0.0168       -508.458
         3         0.0171       -467.882
         3         0.0174       -427.176
         3         0.0177       -385.952
         3          0.018       -343.695
         3         0.0183       -299.695
         3         0.0186       -252.902
         3         0.0189       -201.647
         3         0.0192       -143.025
         3         0.0195       -71.3788
         3         0.0198              0
         3         0.0201              0
         3         0.0204              0
         3         0.0207       -6.96317
         3          0.021        -48.767
         3         0.0213       -75.9476
         3         0.0216       -94.5437
         3         0.0219       -107.661
         3         0.0222       -117.057
         3         0.0225       -123.806
         3         0.0228       -128.606
         3         0.0231       -131.935
         3         0.0234       -134.133
         3         0.0237       -135.446
         3          0.024       -136.061
         3         0.0243        -136.12
         3         0.0246       -135.733
         3         0.0249       -134.989
         3         0.0252       -133.957
         3         0.0255       -132.692
         3         0.0258       -131.242
         3         0.0261       -129.643
         3         0.0264       -127.927
         3         0.0267       -126.119
         3          0.027        -124.24
         3         0.0273       -122.308
         3         0.0276       -120.339
         3         0.0279       -118.345
         3         0.0282       -116.337
         3         0.0285       -114.323
         3         0.0288       -112.311
         3         0.0291       -110.308
         3         0.0294       -108.319
         3         0.0297       -106.349
         3           0.03       -104.401
         3         0.0303       -102.479
         3         0.0306       -100.585
         3         0.0309        -98.722
         3         0.0312       -96.8911
         3         0.0315       -95.0941
         3         0.0318       -93.3322
         3         0.0321       -91.6063
         3         0.0324       -89.9172
         3         0.0327       -88.2656
         3          0.033       -86.6518
         3         0.0333       -85.0762
         3         0.0336        -83.539
         3         0.0339       -82.0403
         3         0.0342       -80.5801
         3         0.0345       -79.1584
         3         0.0348       -77.7749
         3         0.0351       -76.4297
         3         0.0354       -75.1224
         3         0.0357       -73.8527
         3          0.036       -72.6205
         3         0.0363       -71.4254
         3         0.0366        -70.267
         3         0.0369        -69.145
         3         0.0372       -68.0591
         3         0.0375       -67.0088
         3         0.0378       -65.9939
         3         0.0381       -65.0139
         3         0.0384       -64.0685
         3         0.0387       -63.1572
         3          0.039       -62.2799
         3         0.0393        -61.436
         3         0.0396       -60.6252
         3         0.0399       -59.8472
         3         0.0402       -59.1016
         3         0.0405       -58.3882
         3         0.0408       -57.7065
         3         0.0411       -57.0563
         3         0.0414       -56.4372
         3         0.0417        -55.849
         3          0.042       -55.2912
         3         0.0423       -54.7637
         3         0.0426       -54.2661
         3         0.0429       -53.7982
         3         0.0432       -53.3597
         3         0.0435       -52.9505
         3         0.0438       -52.5702
         3         0.0441       -52.2189
         3         0.0444       -51.8962
         3         0.0447       -51.6021
         3          0.045       -51.3364
         3         0.0453       -51.0991
         3         0.0456       -50.8899
         3         0.0459       -50.7089
         3         0.0462       -50.5559
         3         0.0465       -50.4309
         3         0.0468       -50.3337
         3         0.0471       -50.2644
         3         0.0474       -50.2228
         3         0.0477       -50.2089
         4        -0.0315              0
         4        -0.0312              0
         4        -0.0309              0
         4        -0.0306              0
         4        -0.0303              0
         4          -0.03              0
         4        -0.0297       -1.97374
         4        -0.0294       -6.03801
         4        -0.0291       -10.1528
         4        -0.0288        -14.304
         4        -0.0285       -18.4847
         4        -0.0282       -22.6897
         4        -0.0279       -26.9137
         4        -0.0276       -31.1507
         4        -0.0273       -35.3939
         4         -0.027       -39.6355
         4        -0.0267       -43.8661
         4        -0.0264       -48.0747
         4        -0.0261       -52.2481
         4        -0.0258       -56.3708
         4        -0.0255        -60.424
         4        -0.0252       -64.3849
         4        -0.0249       -68.2262
         4        -0.0246       -71.9142
         4        -0.0243       -75.4079
         4         -0.024       -78.6563
         4        -0.0237       -81.5959
         4        -0.0234       -84.1468
         4        -0.0231       -86.2066
         4        -0.0228       -87.6434
         4        -0.0225        -88.283
         4        -0.0222       -87.8917
         4        -0.0219       -86.1471
         4        -0.0216       -82.5904
         4        -0.0213        -76.543
         4         -0.021        -66.949
         4        -0.0207       -52.0594
         4        -0.0204        -28.733
         4        -0.0201              0
         4        -0.0198              0
         4        -0.0195              0
         4        -0.0192       -9.14306
         4        -0.0189       -91.2063
         4        -0.0186       -154.497
         4        -0.0183       -208.019
         4         -0.018       -255.945
         4        -0.0177       -300.486
         4        -0.0174       -342.947
         4        -0.0171       -384.167
         4        -0.0168       -424.728
         4        -0.0165       -465.057
         4        -0.0162       -505.486
         4        -0.0159       -546.284
         4        -0.0156       -587.682
         4        -0.0153       -629.882
         4         -0.015       -673.069
         4        -0.0147       -717.419
         4        -0.0144       -763.099
         4        -0.0141        -810.28
         4        -0.0138       -859.129
         4        -0.0135       -909.823
         4        -0.0132       -962.543
         4        -0.0129       -1017.48
         4        -0.0126       -1074.84
         4        -0.0123       -1134.85
         4         -0.012       -1197.74
         4        -0.0117       -1263.77
         4        -0.0114       -1333.24
         4        -0.0111       -1406.46
         4        -0.0108        -1483.8
         4        -0.0105       -1565.63
         4        -0.0102       -1652.43
         4        -0.0099       -1744.71
         4        -0.0096       -1843.04
         4        -0.0093       -1948.11
         4         -0.009       -2060.72
         4        -0.0087       -2181.78
         4        -0.0084       -2312.41
         4        -0.0081       -2453.92
         4        -0.0078       -2607.92
         4        -0.0075       -2776.41
         4        -0.0072       -2961.88
         4        -0.0069       -3167.53
         4        -0.0066       -3397.59
         4        -0.0063       -3657.82
         4         -0.006       -3956.43
         4        -0.0057       -4306.03
         4        -0.0054       -4729.25
         4        -0.0051          -5000
         4        -0.0048          -5000
         4        -0.0045          -5000
         4        -0.0042       -4988.95
         4        -0.0039       -4916.26
         4        -0.0036       -4854.32
         4        -0.0033        -4803.1
         4         -0.003       -4761.95
         4        -0.0027       -4729.79
         4        -0.0024       -4705.41
         4        -0.0021       -4687.59
         4        -0.0018       -4675.16
         4        -0.0015       -4667.01
         4        -0.0012        -4662.1
         4        -0.0009        -4659.5
         4        -0.0006       -4658.39
         4        -0.0003       -4658.09
         4              0        -4658.1
         4         0.0003       -4658.15
         4         0.0006       -4658.14
         4         0.0009       -4658.22
         4         0.0012       -4658.77
         4         0.0015       -4660.34
         4         0.0018       -4663.64
         4         0.0021       -4669.54
         4         0.0024       -4679.02
         4         0.0027       -4693.12
         4          0.003       -4712.98
         4         0.0033       -4739.79
         4         0.0036       -4774.76
         4         0.0039       -4819.06
         4         0.0042       -4873.67
         4         0.0045       -4939.04
         4         0.0048          -5000
         4         0.0051          -5000
         4         0.0054          -5000
         4         0.0057          -5000
         4          0.006       -4582.12
         4         0.0063       -4187.04
         4         0.0066       -3856.36
         4         0.0069       -3571.99
         4         0.0072       -3323.02
         4         0.0075       -3102.14
         4         0.0078       -2904.14
         4         0.0081       -2725.17
         4         0.0084       -2562.28
         4         0.0087       -2413.15
         4          0.009       -2275.93
         4         0.0093       -2149.11
         4         0.0096       -2031.46
         4         0.0099       -1921.94
         4         0.0102       -1819.65
         4         0.0105       -1723.87
         4         0.0108       -1633.93
         4         0.0111       -1549.28
         4         0.0114       -1469.42
         4         0.0117       -1393.93
         4          0.012       -1322.41
         4         0.0123       -1254.53
         4         0.0126       -1189.97
         4         0.0129       -1128.45
         4         0.0132       -1069.73
         4         0.0135       -1013.55
         4         0.0138       -959.714
         4         0.0141       -908.009
         4         0.0144       -858.245
         4         0.0147        -810.24
         4          0.015       -763.815
         4         0.0153       -718.797
         4         0.0156       -675.011
         4         0.0159        -632.28
         4         0.0162       -590.415
         4         0.0165       -549.216
         4         0.0168       -508.458
         4         0.0171       -467.882
         4         0.0174       -427.176
         4         0.0177       -385.952
         4          0.018       -343.695
         4         0.0183       -299.695
         4         0.0186       -252.902
         4         0.0189       -201.647
         4         0.0192       -143.025
         4         0.0195       -71.3788
         4         0.0198              0
         4         0.0201              0
         4         0.0204              0
         4         0.0207       -6.96317
         4          0.021        -48.767
         4         0.0213       -75.9476
         4         0.0216       -94.5437
         4         0.0219       -107.661
         4         0.0222       -117.057
         4         0.0225       -123.806
         4         0.0228       -128.606
         4         0.0231       -131.935
         4         0.0234       -134.133
         4         0.0237       -135.446
         4          0.024       -136.061
         4         0.0243        -136.12
         4         0.0246       -135.733
         4         0.0249       -134.989
         4         0.0252       -133.957
         4         0.0255       -132.692
         4         0.0258       -131.242
         4         0.0261       -129.643
         4         0.0264       -127.927
         4         0.0267       -126.119
         4          0.027        -124.24
         4         0.0273       -122.308
         4         0.0276       -120.339
         4         0.0279       -118.345
         4         0.0282       -116.337
         4         0.0285       -114.323
         4         0.0288       -112.311
         4         0.0291       -110.308
         4         0.0294       -108.319
         4         0.0297       -106.349
         4           0.03       -104.401
         4         0.0303       -102.479
         4         0.0306       -100.585
         4         0.0309        -98.722
         4         0.0312       -96.8911
         4         0.0315       -95.0941
         4         0.0318       -93.3322
         4         0.0321       -91.6063
         4         0.0324       -89.9172
         4         0.0327       -88.2656
         4          0.033       -86.6518
         4         0.0333       -85.0762
         4         0.0336        -83.539
         4         0.0339       -82.0403
         4         0.0342       -80.5801
         4         0.0345       -79.1584
         4         0.0348       -77.7749
         4         0.0351       -76.4297
         4         0.0354       -75.1224
         4         0.0357       -73.8527
         4          0.036       -72.6205
         4         0.0363       -71.4254
         4         0.0366        -70.267
         4         0.0369        -69.145
         4         0.0372       -68.0591
         4         0.0375       -67.0088
         4         0.0378       -65.9939
         4         0.0381       -65.0139
         4         0.0384       -64.0685
         4         0.0387       -63.1572
         4          0.039       -62.2799
         4         0.0393        -61.436
         4         0.0396       -60.6252
         4         0.0399       -59.8472
         4         0.0402       -59.1016
         4         0.0405       -58.3882
         4         0.0408       -57.7065
         4         0.0411       -57.0563
         4         0.0414       -56.4372
         4         0.0417        -55.849
         4          0.042       -55.2912
         4         0.0423       -54.7637
         4         0.0426       -54.2661
         4         0.0429       -53.7982
         4         0.0432       -53.3597
         4         0.0435       -52.9505
         4         0.0438       -52.5702
         4         0.0441       -52.2189
         4         0.0444       -51.8962
         4         0.0447       -51.6021
         4          0.045       -51.3364
         4         0.0453       -51.0991
         4         0.0456       -50.8899
         4         0.0459       -50.7089
         4         0.0462       -50.5559
         4         0.0465       -50.4309
         4         0.0468       -50.3337
         4         0.0471       -50.2644
         4         0.0474       -50.2228
         4         0.0477       -50.2089
         5        -0.0315              0
         5        -0.0312              0
         5        -0.0309              0
         5        -0.0306              0
         5        -0.0303              0
         5          -0.03              0
         5        -0.0297       -1.97374
         5        -0.0294       -6.03801
         5        -0.0291       -10.1528
         5        -0.0288        -14.304
         5        -0.0285       -18.4847
         5        -0.0282       -22.6897
         5        -0.0279       -26.9137
         5        -0.0276       -31.1507
         5        -0.0273       -35.3939
         5         -0.027       -39.6355
         5        -0.0267       -43.8661
         5        -0.0264       -48.0747
         5        -0.0261       -52.2481
         5        -0.0258       -56.3708
         5        -0.0255        -60.424
         5        -0.0252       -64.3849
         5        -0.0249       -68.2262
         5        -0.0246       -71.9142
         5        -0.0243       -75.4079
         5         -0.024       -78.6563
         5        -0.0237       -81.5959
         5        -0.0234       -84.1468
         5        -0.0231       -86.2066
         5        -0.0228       -87.6434
         5        -0.0225        -88.283
         5        -0.0222       -87.8917
         5        -0.0219       -86.1471
         5        -0.0216       -82.5904
         5        -0.0213        -76.543
         5         -0.021        -66.949
         5        -0.0207       -52.0594
         5        -0.0204        -28.733
         5        -0.0201              0
         5        -0.0198              0
         5        -0.0195              0
         5        -0.0192       -9.14306
         5        -0.0189       -91.2063
         5        -0.0186       -154.497
         5        -0.0183       -208.019
         5         -0.018       -255.945
         5        -0.0177       -300.486
         5        -0.0174       -342.947
         5        -0.0171       -384.167
         5        -0.0168       -424.728
         5        -0.0165       -465.057
         5        -0.0162       -505.486
         5        -0.0159       -546.284
         5        -0.0156       -587.682
         5        -0.0153       -629.882
         5         -0.015       -673.069
         5        -0.0147       -717.419
         5        -0.0144       -763.099
         5        -0.0141        -810.28
         5        -0.0138       -859.129
         5        -0.0135       -909.823
         5        -0.0132       -962.543
         5        -0.0129       -1017.48
         5        -0.0126       -1074.84
         5        -0.0123       -1134.85
         5         -0.012       -1197.74
         5        -0.0117       -1263.77
         5        -0.0114       -1333.24
         5        -0.0111       -1406.46
         5        -0.0108        -1483.8
         5        -0.0105       -1565.63
         5        -0.0102       -1652.43
         5        -0.0099       -1744.71
         5        -0.0096       -1843.04
         5        -0.0093       -1948.11
         5         -0.009       -2060.72
         5        -0.0087       -2181.78
         5        -0.0084       -2312.41
         5        -0.0081       -2453.92
         5        -0.0078       -2607.92
         5        -0.0075       -2776.41
         5        -0.0072       -2961.88
         5        -0.0069       -3167.53
         5        -0.0066       -3397.59
         5        -0.0063       -3657.82
         5         -0.006       -3956.43
         5        -0.0057       -4306.03
         5        -0.0054       -4729.25
         5        -0.0051          -5000
         5        -0.0048          -5000
         5        -0.0045          -5000
         5        -0.0042       -4988.95
         5        -0.0039       -4916.26
         5        -0.0036       -4854.32
         5        -0.0033        -4803.1
         5         -0.003       -4761.95
         5        -0.0027       -4729.79
         5        -0.0024       -4705.41
         5        -0.0021       -4687.59
         5        -0.0018       -4675.16
         5        -0.0015       -4667.01
         5        -0.0012        -4662.1
         5        -0.0009        -4659.5
         5        -0.0006       -4658.39
         5        -0.0003       -4658.09
         5              0        -4658.1
         5         0.0003       -4658.15
         5         0.0006       -4658.14
         5         0.0009       -4658.22
         5         0.0012       -4658.77
         5         0.0015       -4660.34
         5         0.0018       -4663.64
         5         0.0021       -4669.54
         5         0.0024       -4679.02
         5         0.0027       -4693.12
         5          0.003       -4712.98
         5         0.0033       -4739.79
         5         0.0036       -4774.76
         5         0.0039       -4819.06
         5         0.0042       -4873.67
         5         0.0045       -4939.04
         5         0.0048          -5000
         5         0.0051          -5000
         5         0.0054          -5000
         5         0.0057          -5000
         5          0.006       -4582.12
         5         0.0063       -4187.04
         5         0.0066       -3856.36
         5         0.0069       -3571.99
         5         0.0072       -3323.02
         5         0.0075       -3102.14
         5         0.0078       -2904.14
         5         0.0081       -2725.17
         5         0.0084       -2562.28
         5         0.0087       -2413.15
         5          0.009       -2275.93
         5         0.0093       -2149.11
         5         0.0096       -2031.46
         5         0.0099       -1921.94
         5         0.0102       -1819.65
         5         0.0105       -1723.87
         5         0.0108       -1633.93
         5         0.0111       -1549.28
         5         0.0114       -1469.42
         5         0.0117       -1393.93
         5          0.012       -1322.41
         5         0.0123       -1254.53
         5         0.0126       -1189.97
         5         0.0129       -1128.45
         5         0.0132       -1069.73
         5         0.0135       -1013.55
         5         0.0138       -959.714
         5         0.0141       -908.009
         5         0.0144       -858.245
         5         0.0147        -810.24
         5          0.015       -763.815
         5         0.0153       -718.797
         5         0.0156       -675.011
         5         0.0159        -632.28
         5         0.0162       -590.415
         5         0.0165       -549.216
         5         0.0168       -508.458
         5         0.0171       -467.882
         5         0.0174       -427.176
         5         0.0177       -385.952
         5          0.018       -343.695
         5         0.0183       -299.695
         5         0.0186       -252.902
         5         0.0189       -201.647
         5         0.0192       -143.025
         5         0.0195       -71.3788
         5         0.0198              0
         5         0.0201              0
         5         0.0204              0
         5         0.0207       -6.96317
         5          0.021        -48.767
         5         0.0213       -75.9476
         5         0.0216       -94.5437
         5         0.0219       -107.661
         5         0.0222       -117.057
         5         0.0225       -123.806
         5         0.0228       -128.606
         5         0.0231       -131.935
         5         0.0234       -134.133
         5         0.0237       -135.446
         5          0.024       -136.061
         5         0.0243        -136.12
         5         0.0246       -135.733
         5         0.0249       -134.989
         5         0.0252       -133.957
         5         0.0255       -132.692
         5         0.0258       -131.242
         5         0.0261       -129.643
         5         0.0264       -127.927
         5         0.0267       -126.119
         5          0.027        -124.24
         5         0.0273       -122.308
         5         0.0276       -120.339
         5         0.0279       -118.345
         5         0.0282       -116.337
         5         0.0285       -114.323
         5         0.0288       -112.311
         5         0.0291       -110.308
         5         0.0294       -108.319
         5         0.0297       -106.349
         5           0.03       -104.401
         5         0.0303       -102.479
         5         0.0306       -100.585
         5         0.0309        -98.722
         5         0.0312       -96.8911
         5         0.0315       -95.0941
         5         0.0318       -93.3322
         5         0.0321       -91.6063
         5         0.0324       -89.9172
         5         0.0327       -88.2656
         5          0.033       -86.6518
         5         0.0333       -85.0762
         5         0.0336        -83.539
         5         0.0339       -82.0403
         5         0.0342       -80.5801
         5         0.0345       -79.1584
         5         0.0348       -77.7749
         5         0.0351       -76.4297
         5         0.0354       -75.1224
         5         0.0357       -73.8527
         5          0.036       -72.6205
         5         0.0363       -71.4254
         5         0.0366        -70.267
         5         0.0369        -69.145
         5         0.0372       -68.0591
         5         0.0375       -67.0088
         5         0.0378       -65.9939
         5         0.0381       -65.0139
         5         0.0384       -64.0685
         5         0.0387       -63.1572
         5          0.039       -62.2799
         5         0.0393        -61.436
         5         0.0396       -60.6252
         5         0.0399       -59.8472
         5         0.0402       -59.1016
         5         0.0405       -58.3882
         5         0.0408       -57.7065
         5         0.0411       -57.0563
         5         0.0414       -56.4372
         5         0.0417        -55.849
         5          0.042       -55.2912
         5         0.0423       -54.7637
         5         0.0426       -54.2661
         5         0.0429       -53.7982
         5         0.0432       -53.3597
         5         0.0435       -52.9505
         5         0.0438       -52.5702
         5         0.0441       -52.2189
         5         0.0444       -51.8962
         5         0.0447       -51.6021
         5          0.045       -51.3364
         5         0.0453       -51.0991
         5         0.0456       -50.8899
         5         0.0459       -50.7089
         5         0.0462       -50.5559
         5         0.0465       -50.4309
         5         0.0468       -50.3337
         5         0.0471       -50.2644
         5         0.0474       -50.2228
         5         0.0477       -50.2089
         6        -0.0315              0
         6        -0.0312              0
         6        -0.0309              0
         6        -0.0306              0
         6        -0.0303              0
         6          -0.03              0
         6        -0.0297       -1.97374
         6        -0.0294       -6.03801
         6        -0.0291       -10.1528
         6        -0.0288        -14.304
         6        -0.0285       -18.4847
         6        -0.0282       -22.6897
         6        -0.0279       -26.9137
         6        -0.0276       -31.1507
         6        -0.0273       -35.3939
         6         -0.027       -39.6355
         6        -0.0267       -43.8661
         6        -0.0264       -48.0747
         6        -0.0261       -52.2481
         6        -0.0258       -56.3708
         6        -0.0255        -60.424
         6        -0.0252       -64.3849
         6        -0.0249       -68.2262
         6        -0.0246       -71.9142
         6        -0.0243       -75.4079
         6         -0.024       -78.6563
         6        -0.0237       -81.5959
         6        -0.0234       -84.1468
         6        -0.0231       -86.2066
         6        -0.0228       -87.6434
         6        -0.0225        -88.283
         6        -0.0222       -87.8917
         6        -0.0219       -86.1471
         6        -0.0216       -82.5904
         6        -0.0213        -76.543
         6         -0.021        -66.949
         6        -0.0207       -52.0594
         6        -0.0204        -28.733
         6        -0.0201              0
         6        -0.0198              0
         6        -0.0195              0
         6        -0.0192       -9.14306
         6        -0.0189       -91.2063
         6        -0.0186       -154.497
         6        -0.0183       -208.019
         6         -0.018       -255.945
         6        -0.0177       -300.486
         6        -0.0174       -342.947
         6        -0.0171       -384.167
         6        -0.0168       -424.728
         6        -0.0165       -465.057
         6        -0.0162       -505.486
         6        -0.0159       -546.284
         6        -0.0156       -587.682
         6        -0.0153       -629.882
         6         -0.015       -673.069
         6        -0.0147       -717.419
         6        -0.0144       -763.099
         6        -0.0141        -810.28
         6        -0.0138       -859.129
         6        -0.0135       -909.823
         6        -0.0132       -962.543
         6        -0.0129       -1017.48
         6        -0.0126       -1074.84
         6        -0.0123       -1134.85
         6         -0.012       -1197.74
         6        -0.0117       -1263.77
         6        -0.0114       -1333.24
         6        -0.0111       -1406.46
         6        -0.0108        -1483.8
         6        -0.0105       -1565.63
         6        -0.0102       -1652.43
         6        -0.0099       -1744.71
         6        -0.0096       -1843.04
         6        -0.0093       -1948.11
         6         -0.009       -2060.72
         6        -0.0087       -2181.78
         6        -0.0084       -2312.41
         6        -0.0081       -2453.92
         6        -0.0078       -2607.92
         6        -0.0075       -2776.41
         6        -0.0072       -2961.88
         6        -0.0069       -3167.53
         6        -0.0066       -3397.59
         6        -0.0063       -3657.82
         6         -0.006       -3956.43
         6        -0.0057       -4306.03
         6        -0.0054       -4729.25
         6        -0.0051          -5000
         6        -0.0048          -5000
         6        -0.0045          -5000
         6        -0.0042       -4988.95
         6        -0.0039       -4916.26
         6        -0.0036       -4854.32
         6        -0.0033        -4803.1
         6         -0.003       -4761.95
         6        -0.0027       -4729.79
         6        -0.0024       -4705.41
         6        -0.0021       -4687.59
         6        -0.0018       -4675.16
         6        -0.0015       -4667.01
         6        -0.0012        -4662.1
         6        -0.0009        -4659.5
         6        -0.0006       -4658.39
         6        -0.0003       -4658.09
         6              0        -4658.1
         6         0.0003       -4658.15
         6         0.0006       -4658.14
         6         0.0009       -4658.22
         6         0.0012       -4658.77
         6         0.0015       -4660.34
         6         0.0018       -4663.64
         6         0.0021       -4669.54
         6         0.0024       -4679.02
         6         0.0027       -4693.12
         6          0.003       -4712.98
         6         0.0033       -4739.79
         6         0.0036       -4774.76
         6         0.0039       -4819.06
         6         0.0042       -4873.67
         6         0.0045       -4939.04
         6         0.0048          -5000
         6         0.0051          -5000
         6         0.0054          -5000
         6         0.0057          -5000
         6          0.006       -4582.12
         6         0.0063       -4187.04
         6         0.0066       -3856.36
         6         0.0069       -3571.99
         6         0.0072       -3323.02
         6         0.0075       -3102.14
         6         0.0078       -2904.14
         6         0.0081       -2725.17
         6         0.0084       -2562.28
         6         0.0087       -2413.15
         6          0.009       -2275.93
         6         0.0093       -2149.11
         6         0.0096       -2031.46
         6         0.0099       -1921.94
         6         0.0102       -1819.65
         6         0.0105       -1723.87
         6         0.0108       -1633.93
         6         0.0111       -1549.28
         6         0.0114       -1469.42
         6         0.0117       -1393.93
         6          0.012       -1322.41
         6         0.0123       -1254.53
         6         0.0126       -1189.97
         6         0.0129       -1128.45
         6         0.0132       -1069.73
         6         0.0135       -1013.55
         6         0.0138       -959.714
         6         0.0141       -908.009
         6         0.0144       -858.245
         6         0.0147        -810.24
         6          0.015       -763.815
         6         0.0153       -718.797
         6         0.0156       -675.011
         6         0.0159        -632.28
         6         0.0162       -590.415
         6         0.0165       -549.216
         6         0.0168       -508.458
         6         0.0171       -467.882
         6         0.0174       -427.176
         6         0.0177       -385.952
         6          0.018       -343.695
         6         0.0183       -299.695
         6         0.0186       -252.902
         6         0.0189       -201.647
         6         0.0192       -143.025
         6         0.0195       -71.3788
         6         0.0198              0
         6         0.0201              0
         6         0.0204              0
         6         0.0207       -6.96317
         6          0.021        -48.767
         6         0.0213       -75.9476
         6         0.0216       -94.5437
         6         0.0219       -107.661
         6         0.0222       -117.057
         6         0.0225       -123.806
         6         0.0228       -128.606
         6         0.0231       -131.935
         6         0.0234       -134.133
         6         0.0237       -135.446
         6          0.024       -136.061
         6         0.0243        -136.12
         6         0.0246       -135.733
         6         0.0249       -134.989
         6         0.0252       -133.957
         6         0.0255       -132.692
         6         0.0258       -131.242
         6         0.0261       -129.643
         6         0.0264       -127.927
         6         0.0267       -126.119
         6          0.027        -124.24
         6         0.0273       -122.308
         6         0.0276       -120.339
         6         0.0279       -118.345
         6         0.0282       -116.337
         6         0.0285       -114.323
         6         0.0288       -112.311
         6         0.0291       -110.308
         6         0.0294       -108.319
         6         0.0297       -106.349
         6           0.03       -104.401
         6         0.0303       -102.479
         6         0.0306       -100.585
         6         0.0309        -98.722
         6         0.0312       -96.8911
         6         0.0315       -95.0941
         6         0.0318       -93.3322
         6         0.0321       -91.6063
         6         0.0324       -89.9172
         6         0.0327       -88.2656
         6          0.033       -86.6518
         6         0.0333       -85.0762
         6         0.0336        -83.539
         6         0.0339       -82.0403
         6         0.0342       -80.5801
         6         0.0345       -79.1584
         6         0.0348       -77.7749
         6         0.0351       -76.4297
         6         0.0354       -75.1224
         6         0.0357       -73.8527
         6          0.036       -72.6205
         6         0.0363       -71.4254
         6         0.0366        -70.267
         6         0.0369        -69.145
         6         0.0372       -68.0591
         6         0.0375       -67.0088
         6         0.0378       -65.9939
         6         0.0381       -65.0139
         6         0.0384       -64.0685
         6         0.0387       -63.1572
         6          0.039       -62.2799
         6         0.0393        -61.436
         6         0.0396       -60.6252
         6         0.0399       -59.8472
         6         0.0402       -59.1016
         6         0.0405       -58.3882
         6         0.0408       -57.7065
         6         0.0411       -57.0563
         6         0.0414       -56.4372
         6         0.0417        -55.849
         6          0.042       -55.2912
         6         0.0423       -54.7637
         6         0.0426       -54.2661
         6         0.0429       -53.7982
         6         0.0432       -53.3597
         6         0.0435       -52.9505
         6         0.0438       -52.5702
         6         0.0441       -52.2189
         6         0.0444       -51.8962
         6         0.0447       -51.6021
         6          0.045       -51.3364
         6         0.0453       -51.0991
         6         0.0456       -50.8899
         6         0.0459       -50.7089
         6         0.0462       -50.5559
         6         0.0465       -50.4309
         6         0.0468       -50.3337
         6         0.0471       -50.2644
         6         0.0474       -50.2228
         6         0.0477       -50.2089
         7        -0.0315              0
         7        -0.0312              0
         7        -0.0309              0
         7        -0.0306              0
         7        -0.0303              0
         7          -0.03              0
         7        -0.0297       -1.97374
         7        -0.0294       -6.03801
         7        -0.0291       -10.1528
         7        -0.0288        -14.304
         7        -0.0285       -18.4847
         7        -0.0282       -22.6897
         7        -0.0279       -26.9137
         7        -0.0276       -31.1507
         7        -0.0273       -35.3939
         7         -0.027       -39.6355
         7        -0.0267       -43.8661
         7        -0.0264       -48.0747
         7        -0.0261       -52.2481
         7        -0.0258       -56.3708
         7        -0.0255        -60.424
         7        -0.0252       -64.3849
         7        -0.0249       -68.2262
         7        -0.0246       -71.9142
         7        -0.0243       -75.4079
         7         -0.024       -78.6563
         7        -0.0237       -81.5959
         7        -0.0234       -84.1468
         7        -0.0231       -86.2066
         7        -0.0228       -87.6434
         7        -0.0225        -88.283
         7        -0.0222       -87.8917
         7        -0.0219       -86.1471
         7        -0.0216       -82.5904
         7        -0.0213        -76.543
         7         -0.021        -66.949
         7        -0.0207       -52.0594
         7        -0.0204        -28.733
         7        -0.0201              0
         7        -0.0198              0
         7        -0.0195              0
         7        -0.0192       -9.14306
         7        -0.0189       -91.2063
         7        -0.0186       -154.497
         7        -0.0183       -208.019
         7         -0.018       -255.945
         7        -0.0177       -300.486
         7        -0.0174       -342.947
         7        -0.0171       -384.167
         7        -0.0168       -424.728
         7        -0.0165       -465.057
         7        -0.0162       -505.486
         7        -0.0159       -546.284
         7        -0.0156       -587.682
         7        -0.0153       -629.882
         7         -0.015       -673.069
         7        -0.0147       -717.419
         7        -0.0144       -763.099
         7        -0.0141        -810.28
         7        -0.0138       -859.129
         7        -0.0135       -909.823
         7        -0.0132       -962.543
         7        -0.0129       -1017.48
         7        -0.0126       -1074.84
         7        -0.0123       -1134.85
         7         -0.012       -1197.74
         7        -0.0117       -1263.77
         7        -0.0114       -1333.24
         7        -0.0111       -1406.46
         7        -0.0108        -1483.8
         7        -0.0105       -1565.63
         7        -0.0102       -1652.43
         7        -0.0099       -1744.71
         7        -0.0096       -1843.04
         7        -0.0093       -1948.11
         7         -0.009       -2060.72
         7        -0.0087       -2181.78
         7        -0.0084       -2312.41
         7        -0.0081       -2453.92
         7        -0.0078       -2607.92
         7        -0.0075       -2776.41
         7        -0.0072       -2961.88
         7        -0.0069       -3167.53
         7        -0.0066       -3397.59
         7        -0.0063       -3657.82
         7         -0.006       -3956.43
         7        -0.0057       -4306.03
         7        -0.0054       -4729.25
         7        -0.0051          -5000
         7        -0.0048          -5000
         7        -0.0045          -5000
         7        -0.0042       -4988.95
         7        -0.0039       -4916.26
         7        -0.0036       -4854.32
         7        -0.0033        -4803.1
         7         -0.003       -4761.95
         7        -0.0027       -4729.79
         7        -0.0024       -4705.41
         7        -0.0021       -4687.59
         7        -0.0018       -4675.16
         7        -0.0015       -4667.01
         7        -0.0012        -4662.1
         7        -0.0009        -4659.5
         7        -0.0006       -4658.39
         7        -0.0003       -4658.09
         7              0        -4658.1
         7         0.0003       -4658.15
         7         0.0006       -4658.14
         7         0.0009       -4658.22
         7         0.0012       -4658.77
         7         0.0015       -4660.34
         7         0.0018       -4663.64
         7         0.0021       -4669.54
         7         0.0024       -4679.02
         7         0.0027       -4693.12
         7          0.003       -4712.98
         7         0.0033       -4739.79
         7         0.0036       -4774.76
         7         0.0039       -4819.06
         7         0.0042       -4873.67
         7         0.0045       -4939.04
         7         0.0048          -5000
         7         0.0051          -5000
         7         0.0054          -5000
         7         0.0057          -5000
         7          0.006       -4582.12
         7         0.0063       -4187.04
         7         0.0066       -3856.36
         7         0.0069       -3571.99
         7         0.0072       -3323.02
         7         0.0075       -3102.14
         7         0.0078       -2904.14
         7         0.0081       -2725.17
         7         0.0084       -2562.28
         7         0.0087       -2413.15
         7          0.009       -2275.93
         7         0.0093       -2149.11
         7         0.0096       -2031.46
         7         0.0099       -1921.94
         7         0.0102       -1819.65
         7         0.0105       -1723.87
         7         0.0108       -1633.93
         7         0.0111       -1549.28
         7         0.0114       -1469.42
         7         0.0117       -1393.93
         7          0.012       -1322.41
         7         0.0123       -1254.53
         7         0.0126       -1189.97
         7         0.0129       -1128.45
         7         0.0132       -1069.73
         7         0.0135       -1013.55
         7         0.0138       -959.714
         7         0.0141       -908.009
         7         0.0144       -858.245
         7         0.0147        -810.24
         7          0.015       -763.815
         7         0.0153       -718.797
         7         0.0156       -675.011
         7         0.0159        -632.28
         7         0.0162       -590.415
         7         0.0165       -549.216
         7         0.0168       -508.458
         7         0.0171       -467.882
         7         0.0174       -427.176
         7         0.0177       -385.952
         7          0.018       -343.695
         7         0.0183       -299.695
         7         0.0186       -252.902
         7         0.0189       -201.647
         7         0.0192       -143.025
         7         0.0195       -71.3788
         7         0.0198              0
         7         0.0201              0
         7         0.0204              0
         7         0.0207       -6.96317
         7          0.021        -48.767
         7         0.0213       -75.9476
         7         0.0216       -94.5437
         7         0.0219       -107.661
         7         0.0222       -117.057
         7         0.0225       -123.806
         7         0.0228       -128.606
         7         0.0231       -131.935
         7         0.0234       -134.133
         7         0.0237       -135.446
         7          0.024       -136.061
         7         0.0243        -136.12
         7         0.0246       -135.733
         7         0.0249       -134.989
         7         0.0252       -133.957
         7         0.0255       -132.692
         7         0.0258       -131.242
         7         0.0261       -129.643
         7         0.0264       -127.927
         7         0.0267       -126.119
         7          0.027        -124.24
         7         0.0273       -122.308
         7         0.0276       -120.339
         7         0.0279       -118.345
         7         0.0282       -116.337
         7         0.0285       -114.323
         7         0.0288       -112.311
         7         0.0291       -110.308
         7         0.0294       -108.319
         7         0.0297       -106.349
         7           0.03       -104.401
         7         0.0303       -102.479
         7         0.0306       -100.585
         7         0.0309        -98.722
         7         0.0312       -96.8911
         7         0.0315       -95.0941
         7         0.0318       -93.3322
         7         0.0321       -91.6063
         7         0.0324       -89.9172
         7         0.0327       -88.2656
         7          0.033       -86.6518
         7         0.0333       -85.0762
         7         0.0336        -83.539
         7         0.0339       -82.0403
         7         0.0342       -80.5801
         7         0.0345       -79.1584
         7         0.0348       -77.7749
         7         0.0351       -76.4297
         7         0.0354       -75.1224
         7         0.0357       -73.8527
         7          0.036       -72.6205
         7         0.0363       -71.4254
         7         0.0366        -70.267
         7         0.0369        -69.145
         7         0.0372       -68.0591
         7         0.0375       -67.0088
         7         0.0378       -65.9939
         7         0.0381       -65.0139
         7         0.0384       -64.0685
         7         0.0387       -63.1572
         7          0.039       -62.2799
         7         0.0393        -61.436
         7         0.0396       -60.6252
         7         0.0399       -59.8472
         7         0.0402       -59.1016
         7         0.0405       -58.3882
         7         0.0408       -57.7065
         7         0.0411       -57.0563
         7         0.0414       -56.4372
         7         0.0417        -55.849
         7          0.042       -55.2912
         7         0.0423       -54.7637
         7         0.0426       -54.2661
         7         0.0429       -53.7982
         7         0.0432       -53.3597
         7         0.0435       -52.9505
         7         0.0438       -52.5702
         7         0.0441       -52.2189
         7         0.0444       -51.8962
         7         0.0447       -51.6021
         7          0.045       -51.3364
         7         0.0453       -51.0991
         7         0.0456       -50.8899
         7         0.0459       -50.7089
         7         0.0462       -50.5559
         7         0.0465       -50.4309
         7         0.0468       -50.3337
         7         0.0471       -50.2644
         7         0.0474       -50.2228
         7         0.0477       -50.2089
         8        -0.0315              0
         8        -0.0312              0
         8        -0.0309              0
         8        -0.0306              0
         8        -0.0303              0
         8          -0.03              0
         8        -0.0297       -1.97374
         8        -0.0294       -6.03801
         8        -0.0291       -10.1528
         8        -0.0288        -14.304
         8        -0.0285       -18.4847
         8        -0.0282       -22.6897
         8        -0.0279       -26.9137
         8        -0.0276       -31.1507
         8        -0.0273       -35.3939
         8         -0.027       -39.6355
         8        -0.0267       -43.8661
         8        -0.0264       -48.0747
         8        -0.0261       -52.2481
         8        -0.0258       -56.3708
         8        -0.0255        -60.424
         8        -0.0252       -64.3849
         8        -0.0249       -68.2262
         8        -0.0246       -71.9142
         8        -0.0243       -75.4079
         8         -0.024       -78.6563
         8        -0.0237       -81.5959
         8        -0.0234       -84.1468
         8        -0.0231       -86.2066
         8        -0.0228       -87.6434
         8        -0.0225        -88.283
         8        -0.0222       -87.8917
         8        -0.0219       -86.1471
         8        -0.0216       -82.5904
         8        -0.0213        -76.543
         8         -0.021        -66.949
         8        -0.0207       -52.0594
         8        -0.0204        -28.733
         8        -0.0201              0
         8        -0.0198              0
         8        -0.0195              0
         8        -0.0192       -9.14306
         8        -0.0189       -91.2063
         8        -0.0186       -154.497
         8        -0.0183       -208.019
         8         -0.018       -255.945
         8        -0.0177       -300.486
         8        -0.0174       -342.947
         8        -0.0171       -384.167
         8        -0.0168       -424.728
         8        -0.0165       -465.057
         8        -0.0162       -505.486
         8        -0.0159       -546.284
         8        -0.0156       -587.682
         8        -0.0153       -629.882
         8         -0.015       -673.069
         8        -0.0147       -717.419
         8        -0.0144       -763.099
         8        -0.0141        -810.28
         8        -0.0138       -859.129
         8        -0.0135       -909.823
         8        -0.0132       -962.543
         8        -0.0129       -1017.48
         8        -0.0126       -1074.84
         8        -0.0123       -1134.85
         8         -0.012       -1197.74
         8        -0.0117       -1263.77
         8        -0.0114       -1333.24
         8        -0.0111       -1406.46
         8        -0.0108        -1483.8
         8        -0.0105       -1565.63
         8        -0.0102       -1652.43
         8        -0.0099       -1744.71
         8        -0.0096       -1843.04
         8        -0.0093       -1948.11
         8         -0.009       -2060.72
         8        -0.0087       -2181.78
         8        -0.0084       -2312.41
         8        -0.0081       -2453.92
         8        -0.0078       -2607.92
         8        -0.0075       -2776.41
         8        -0.0072       -2961.88
         8        -0.0069       -3167.53
         8        -0.0066       -3397.59
         8        -0.0063       -3657.82
         8         -0.006       -3956.43
         8        -0.0057       -4306.03
         8        -0.0054       -4729.25
         8        -0.0051          -5000
         8        -0.0048          -5000
         8        -0.0045          -5000
         8        -0.0042       -4988.95
         8        -0.0039       -4916.26
         8        -0.0036       -4854.32
         8        -0.0033        -4803.1
         8         -0.003       -4761.95
         8        -0.0027       -4729.79
         8        -0.0024       -4705.41
         8        -0.0021       -4687.59
         8        -0.0018       -4675.16
         8        -0.0015       -4667.01
         8        -0.0012        -4662.1
         8        -0.0009        -4659.5
         8        -0.0006       -4658.39
         8        -0.0003       -4658.09
         8              0        -4658.1
         8         0.0003       -4658.15
         8         0.0006       -4658.14
         8         0.0009       -4658.22
         8         0.0012       -4658.77
         8         0.0015       -4660.34
         8         0.0018       -4663.64
         8         0.0021       -4669.54
         8         0.0024       -4679.02
         8         0.0027       -4693.12
         8          0.003       -4712.98
         8         0.0033       -4739.79
         8         0.0036       -4774.76
         8         0.0039       -4819.06
         8         0.0042       -4873.67
         8         0.0045       -4939.04
         8         0.0048          -5000
         8         0.0051          -5000
         8         0.0054          -5000
         8         0.0057          -5000
         8          0.006       -4582.12
         8         0.0063       -4187.04
         8         0.0066       -3856.36
         8         0.0069       -3571.99
         8         0.0072       -3323.02
         8         0.0075       -3102.14
         8         0.0078       -2904.14
         8         0.0081       -2725.17
         8         0.0084       -2562.28
         8         0.0087       -2413.15
         8          0.009       -2275.93
         8         0.0093       -2149.11
         8         0.0096       -2031.46
         8         0.0099       -1921.94
         8         0.0102       -1819.65
         8         0.0105       -1723.87
         8         0.0108       -1633.93
         8         0.0111       -1549.28
         8         0.0114       -1469.42
         8         0.0117       -1393.93
         8          0.012       -1322.41
         8         0.0123       -1254.53
         8         0.0126       -1189.97
         8         0.0129       -1128.45
         8         0.0132       -1069.73
         8         0.0135       -1013.55
         8         0.0138       -959.714
         8         0.0141       -908.009
         8         0.0144       -858.245
         8         0.0147        -810.24
         8          0.015       -763.815
         8         0.0153       -718.797
         8         0.0156       -675.011
         8         0.0159        -632.28
         8         0.0162       -590.415
         8         0.0165       -549.216
         8         0.0168       -508.458
         8         0.0171       -467.882
         8         0.0174       -427.176
         8         0.0177       -385.952
         8          0.018       -343.695
         8         0.0183       -299.695
         8         0.0186       -252.902
         8         0.0189       -201.647
         8         0.0192       -143.025
         8         0.0195       -71.3788
         8         0.0198              0
         8         0.0201              0
         8         0.0204              0
         8         0.0207       -6.96317
         8          0.021        -48.767
         8         0.0213       -75.9476
         8         0.0216       -94.5437
         8         0.0219       -107.661
         8         0.0222       -117.057
         8         0.0225       -123.806
         8         0.0228       -128.606
         8         0.0231       -131.935
         8         0.0234       -134.133
         8         0.0237       -135.446
         8          0.024       -136.061
         8         0.0243        -136.12
         8         0.0246       -135.733
         8         0.0249       -134.989
         8         0.0252       -133.957
         8         0.0255       -132.692
         8         0.0258       -131.242
         8         0.0261       -129.643
         8         0.0264       -127.927
         8         0.0267       -126.119
         8          0.027        -124.24
         8         0.0273       -122.308
         8         0.0276       -120.339
         8         0.0279       -118.345
         8         0.0282       -116.337
         8         0.0285       -114.323
         8         0.0288       -112.311
         8         0.0291       -110.308
         8         0.0294       -108.319
         8         0.0297       -106.349
         8           0.03       -104.401
         8         0.0303       -102.479
         8         0.0306       -100.585
         8         0.0309        -98.722
         8         0.0312       -96.8911
         8         0.0315       -95.0941
         8         0.0318       -93.3322
         8         0.0321       -91.6063
         8         0.0324       -89.9172
         8         0.0327       -88.2656
         8          0.033       -86.6518
         8         0.0333       -85.0762
         8         0.0336        -83.539
         8         0.0339       -82.0403
         8         0.0342       -80.5801
         8         0.0345       -79.1584
         8         0.0348       -77.7749
         8         0.0351       -76.4297
         8         0.0354       -75.1224
         8         0.0357       -73.8527
         8          0.036       -72.6205
         8         0.0363       -71.4254
         8         0.0366        -70.267
         8         0.0369        -69.145
         8         0.0372       -68.0591
         8         0.0375       -67.0088
         8         0.0378       -65.9939
         8         0.0381       -65.0139
         8         0.0384       -64.0685
         8         0.0387       -63.1572
         8          0.039       -62.2799
         8         0.0393        -61.436
         8         0.0396       -60.6252
         8         0.0399       -59.8472
         8         0.0402       -59.1016
         8         0.0405       -58.3882
         8         0.0408       -57.7065
         8         0.0411       -57.0563
         8         0.0414       -56.4372
         8         0.0417        -55.849
         8          0.042       -55.2912
         8         0.0423       -54.7637
         8         0.0426       -54.2661
         8         0.0429       -53.7982
         8         0.0432       -53.3597
         8         0.0435       -52.9505
         8         0.0438       -52.5702
         8         0.0441       -52.2189
         8         0.0444       -51.8962
         8         0.0447       -51.6021
         8          0.045       -51.3364
         8         0.0453       -51.0991
         8         0.0456       -50.8899
         8         0.0459       -50.7089
         8         0.0462       -50.5559
         8         0.0465       -50.4309
         8         0.0468       -50.3337
         8         0.0471       -50.2644
         8         0.0474       -50.2228
         8         0.0477       -50.2089
         9        -0.0315              0
         9        -0.0312              0
         9        -0.0309              0
         9        -0.0306              0
         9        -0.0303              0
         9          -0.03              0
         9        -0.0297       -1.97374
         9        -0.0294       -6.03801
         9        -0.0291       -10.1528
         9        -0.0288        -14.304
         9        -0.0285       -18.4847
         9        -0.0282       -22.6897
         9        -0.0279       -26.9137
         9        -0.0276       -31.1507
         9        -0.0273       -35.3939
         9         -0.027       -39.6355
         9        -0.0267       -43.8661
         9        -0.0264       -48.0747
         9        -0.0261       -52.2481
         9        -0.0258       -56.3708
         9        -0.0255        -60.424
         9        -0.0252       -64.3849
         9        -0.0249       -68.2262
         9        -0.0246       -71.9142
         9        -0.0243       -75.4079
         9         -0.024       -78.6563
         9        -0.0237       -81.5959
         9        -0.0234       -84.1468
         9        -0.0231       -86.2066
         9        -0.0228       -87.6434
         9        -0.0225        -88.283
         9        -0.0222       -87.8917
         9        -0.0219       -86.1471
         9        -0.0216       -82.5904
         9        -0.0213        -76.543
         9         -0.021        -66.949
         9        -0.0207       -52.0594
         9        -0.0204        -28.733
         9        -0.0201              0
         9        -0.0198              0
         9        -0.0195              0
         9        -0.0192       -9.14306
         9        -0.0189       -91.2063
         9        -0.0186       -154.497
         9        -0.0183       -208.019
         9         -0.018       -255.945
         9        -0.0177       -300.486
         9        -0.0174       -342.947
         9        -0.0171       -384.167
         9        -0.0168       -424.728
         9        -0.0165       -465.057
         9        -0.0162       -505.486
         9        -0.0159       -546.284
         9        -0.0156       -587.682
         9        -0.0153       -629.882
         9         -0.015       -673.069
         9        -0.0147       -717.419
         9        -0.0144       -763.099
         9        -0.0141        -810.28
         9        -0.0138       -859.129
         9        -0.0135       -909.823
         9        -0.0132       -962.543
         9        -0.0129       -1017.48
         9        -0.0126       -1074.84
         9        -0.0123       -1134.85
         9         -0.012       -1197.74
         9        -0.0117       -1263.77
         9        -0.0114       -1333.24
         9        -0.0111       -1406.46
         9        -0.0108        -1483.8
         9        -0.0105       -1565.63
         9        -0.0102       -1652.43
         9        -0.0099       -1744.71
         9        -0.0096       -1843.04
         9        -0.0093       -1948.11
         9         -0.009       -2060.72
         9        -0.0087       -2181.78
         9        -0.0084       -2312.41
         9        -0.0081       -2453.92
         9        -0.0078       -2607.92
         9        -0.0075       -2776.41
         9        -0.0072       -2961.88
         9        -0.0069       -3167.53
         9        -0.0066       -3397.59
         9        -0.0063       -3657.82
         9         -0.006       -3956.43
         9        -0.0057       -4306.03
         9        -0.0054       -4729.25
         9        -0.0051          -5000
         9        -0.0048          -5000
         9        -0.0045          -5000
         9        -0.0042       -4988.95
         9        -0.0039       -4916.26
         9        -0.0036       -4854.32
         9        -0.0033        -4803.1
         9         -0.003       -4761.95
         9        -0.0027       -4729.79
         9        -0.0024       -4705.41
         9        -0.0021       -4687.59
         9        -0.0018       -4675.16
         9        -0.0015       -4667.01
         9        -0.0012        -4662.1
         9        -0.0009        -4659.5
         9        -0.0006       -4658.39
         9        -0.0003       -4658.09
         9              0        -4658.1
         9         0.0003       -4658.15
         9         0.0006       -4658.14
         9         0.0009       -4658.22
         9         0.0012       -4658.77
         9         0.0015       -4660.34
         9         0.0018       -4663.64
         9         0.0021       -4669.54
         9         0.0024       -4679.02
         9         0.0027       -4693.12
         9          0.003       -4712.98
         9         0.0033       -4739.79
         9         0.0036       -4774.76
         9         0.0039       -4819.06
         9         0.0042       -4873.67
         9         0.0045       -4939.04
         9         0.0048          -5000
         9         0.0051          -5000
         9         0.0054          -5000
         9         0.0057          -5000
         9          0.006       -4582.12
         9         0.0063       -4187.04
         9         0.0066       -3856.36
         9         0.0069       -3571.99
         9         0.0072       -3323.02
         9         0.0075       -3102.14
         9         0.0078       -2904.14
         9         0.0081       -2725.17
         9         0.0084       -2562.28
         9         0.0087       -2413.15
         9          0.009       -2275.93
         9         0.0093       -2149.11
         9         0.0096       -2031.46
         9         0.0099       -1921.94
         9         0.0102       -1819.65
         9         0.0105       -1723.87
         9         0.0108       -1633.93
         9         0.0111       -1549.28
         9         0.0114       -1469.42
         9         0.0117       -1393.93
         9          0.012       -1322.41
         9         0.0123       -1254.53
         9         0.0126       -1189.97
         9         0.0129       -1128.45
         9         0.0132       -1069.73
         9         0.0135       -1013.55
         9         0.0138       -959.714
         9         0.0141       -908.009
         9         0.0144       -858.245
         9         0.0147        -810.24
         9          0.015       -763.815
         9         0.0153       -718.797
         9         0.0156       -675.011
         9         0.0159        -632.28
         9         0.0162       -590.415
         9         0.0165       -549.216
         9         0.0168       -508.458
         9         0.0171       -467.882
         9         0.0174       -427.176
         9         0.0177       -385.952
         9          0.018       -343.695
         9         0.0183       -299.695
         9         0.0186       -252.902
         9         0.0189       -201.647
         9         0.0192       -143.025
         9         0.0195       -71.3788
         9         0.0198              0
         9         0.0201              0
         9         0.0204              0
         9         0.0207       -6.96317
         9          0.021        -48.767
         9         0.0213       -75.9476
         9         0.0216       -94.5437
         9         0.0219       -107.661
         9         0.0222       -117.057
         9         0.0225       -123.806
         9         0.0228       -128.606
         9         0.0231       -131.935
         9         0.0234       -134.133
         9         0.0237       -135.446
         9          0.024       -136.061
         9         0.0243        -136.12
         9         0.0246       -135.733
         9         0.0249       -134.989
         9         0.0252       -133.957
         9         0.0255       -132.692
         9         0.0258       -131.242
         9         0.0261       -129.643
         9         0.0264       -127.927
         9         0.0267       -126.119
         9          0.027        -124.24
         9         0.0273       -122.308
         9         0.0276       -120.339
         9         0.0279       -118.345
         9         0.0282       -116.337
         9         0.0285       -114.323
         9         0.0288       -112.311
         9         0.0291       -110.308
         9         0.0294       -108.319
         9         0.0297       -106.349
         9           0.03       -104.401
         9         0.0303       -102.479
         9         0.0306       -100.585
         9         0.0309        -98.722
         9         0.0312       -96.8911
         9         0.0315       -95.0941
         9         0.0318       -93.3322
         9         0.0321       -91.6063
         9         0.0324       -89.9172
         9         0.0327       -88.2656
         9          0.033       -86.6518
         9         0.0333       -85.0762
         9         0.0336        -83.539
         9         0.0339       -82.0403
         9         0.0342       -80.5801
         9         0.0345       -79.1584
         9         0.0348       -77.7749
         9         0.0351       -76.4297
         9         0.0354       -75.1224
         9         0.0357       -73.8527
         9          0.036       -72.6205
         9         0.0363       -71.4254
         9         0.0366        -70.267
         9         0.0369        -69.145
         9         0.0372       -68.0591
         9         0.0375       -67.0088
         9         0.0378       -65.9939
         9         0.0381       -65.0139
         9         0.0384       -64.0685
         9         0.0387       -63.1572
         9          0.039       -62.2799
         9         0.0393        -61.436
         9         0.0396       -60.6252
         9         0.0399       -59.8472
         9         0.0402       -59.1016
         9         0.0405       -58.3882
         9         0.0408       -57.7065
         9         0.0411       -57.0563
         9         0.0414       -56.4372
         9         0.0417        -55.849
         9          0.042       -55.2912
         9         0.0423       -54.7637
         9         0.0426       -54.2661
         9         0.0429       -53.7982
         9         0.0432       -53.3597
         9         0.0435       -52.9505
         9         0.0438       -52.5702
         9         0.0441       -52.2189
         9         0.0444       -51.8962
         9         0.0447       -51.6021
         9          0.045       -51.3364
         9         0.0453       -51.0991
         9         0.0456       -50.8899
         9         0.0459       -50.7089
         9         0.0462       -50.5559
         9         0.0465       -50.4309
         9         0.0468       -50.3337
         9         0.0471       -50.2644
         9         0.0474       -50.2228
         9         0.0477       -50.2089
        10        -0.0315              0
        10        -0.0312              0
        10        -0.0309              0
        10        -0.0306              0
        10        -0.0303              0
        10          -0.03              0
        10        -0.0297       -1.97374
        10        -0.0294       -6.03801
        10        -0.0291       -10.1528
        10        -0.0288        -14.304
        10        -0.0285       -18.4847
        10        -0.0282       -22.6897
        10        -0.0279       -26.9137
        10        -0.0276       -31.1507
        10        -0.0273       -35.3939
        10         -0.027       -39.6355
        10        -0.0267       -43.8661
        10        -0.0264       -48.0747
        10        -0.0261       -52.2481
        10        -0.0258       -56.3708
        10        -0.0255        -60.424
        10        -0.0252       -64.3849
        10        -0.0249       -68.2262
        10        -0.0246       -71.9142
        10        -0.0243       -75.4079
        10         -0.024       -78.6563
        10        -0.0237       -81.5959
        10        -0.0234       -84.1468
        10        -0.0231       -86.2066
        10        -0.0228       -87.6434
        10        -0.0225        -88.283
        10        -0.0222       -87.8917
        10        -0.0219       -86.1471
        10        -0.0216       -82.5904
        10        -0.0213        -76.543
        10         -0.021        -66.949
        10        -0.0207       -52.0594
        10        -0.0204        -28.733
        10        -0.0201              0
        10        -0.0198              0
        10        -0.0195              0
        10        -0.0192       -9.14306
        10        -0.0189       -91.2063
        10        -0.0186       -154.497
        10        -0.0183       -208.019
        10         -0.018       -255.945
        10        -0.0177       -300.486
        10        -0.0174       -342.947
        10        -0.0171       -384.167
        10        -0.0168       -424.728
        10        -0.0165       -465.057
        10        -0.0162       -505.486
        10        -0.0159       -546.284
        10        -0.0156       -587.682
        10        -0.0153       -629.882
        10         -0.015       -673.069
        10        -0.0147       -717.419
        10        -0.0144       -763.099
        10        -0.0141        -810.28
        10        -0.0138       -859.129
        10        -0.0135       -909.823
        10        -0.0132       -962.543
        10        -0.0129       -1017.48
        10        -0.0126       -1074.84
        10        -0.0123       -1134.85
        10         -0.012       -1197.74
        10        -0.0117       -1263.77
        10        -0.0114       -1333.24
        10        -0.0111       -1406.46
        10        -0.0108        -1483.8
        10        -0.0105       -1565.63
        10        -0.0102       -1652.43
        10        -0.0099       -1744.71
        10        -0.0096       -1843.04
        10        -0.0093       -1948.11
        10         -0.009       -2060.72
        10        -0.0087       -2181.78
        10        -0.0084       -2312.41
        10        -0.0081       -2453.92
        10        -0.0078       -2607.92
        10        -0.0075       -2776.41
        10        -0.0072       -2961.88
        10        -0.0069       -3167.53
        10        -0.0066       -3397.59
        10        -0.0063       -3657.82
        10         -0.006       -3956.43
        10        -0.0057       -4306.03
        10        -0.0054       -4729.25
        10        -0.0051          -5000
        10        -0.0048          -5000
        10        -0.0045          -5000
        10        -0.0042       -4988.95
        10        -0.0039       -4916.26
        10        -0.0036       -4854.32
        10        -0.0033        -4803.1
        10         -0.003       -4761.95
        10        -0.0027       -4729.79
        10        -0.0024       -4705.41
        10        -0.0021       -4687.59
        10        -0.0018       -4675.16
        10        -0.0015       -4667.01
        10        -0.0012        -4662.1
        10        -0.0009        -4659.5
        10        -0.0006       -4658.39
        10        -0.0003       -4658.09
        10              0        -4658.1
        10         0.0003       -4658.15
        10         0.0006       -4658.14
        10         0.0009       -4658.22
        10         0.0012       -4658.77
        10         0.0015       -4660.34
        10         0.0018       -4663.64
        10         0.0021       -4669.54
        10         0.0024       -4679.02
        10         0.0027       -4693.12
        10          0.003       -4712.98
        10         0.0033       -4739.79
        10         0.0036       -4774.76
        10         0.0039       -4819.06
        10         0.0042       -4873.67
        10         0.0045       -4939.04
        10         0.0048          -5000
        10         0.0051          -5000
        10         0.0054          -5000
        10         0.0057          -5000
        10          0.006       -4582.12
        10         0.0063       -4187.04
        10         0.0066       -3856.36
        10         0.0069       -3571.99
        10         0.0072       -3323.02
        10         0.0075       -3102.14
        10         0.0078       -2904.14
        10         0.0081       -2725.17
        10         0.0084       -2562.28
        10         0.0087       -2413.15
        10          0.009       -2275.93
        10         0.0093       -2149.11
        10         0.0096       -2031.46
        10         0.0099       -1921.94
        10         0.0102       -1819.65
        10         0.0105       -1723.87
        10         0.0108       -1633.93
        10         0.0111       -1549.28
        10         0.0114       -1469.42
        10         0.0117       -1393.93
        10          0.012       -1322.41
        10         0.0123       -1254.53
        10         0.0126       -1189.97
        10         0.0129       -1128.45
        10         0.0132       -1069.73
        10         0.0135       -1013.55
        10         0.0138       -959.714
        10         0.0141       -908.009
        10         0.0144       -858.245
        10         0.0147        -810.24
        10          0.015       -763.815
        10         0.0153       -718.797
        10         0.0156       -675.011
        10         0.0159        -632.28
        10         0.0162       -590.415
        10         0.0165       -549.216
        10         0.0168       -508.458
        10         0.0171       -467.882
        10         0.0174       -427.176
        10         0.0177       -385.952
        10          0.018       -343.695
        10         0.0183       -299.695
        10         0.0186       -252.902
        10         0.0189       -201.647
        10         0.0192       -143.025
        10         0.0195       -71.3788
        10         0.0198              0
        10         0.0201              0
        10         0.0204              0
        10         0.0207       -6.96317
        10          0.021        -48.767
        10         0.0213       -75.9476
        10         0.0216       -94.5437
        10         0.0219       -107.661
        10         0.0222       -117.057
        10         0.0225       -123.806
        10         0.0228       -128.606
        10         0.0231       -131.935
        10         0.0234       -134.133
        10         0.0237       -135.446
        10          0.024       -136.061
        10         0.0243        -136.12
        10         0.0246       -135.733
        10         0.0249       -134.989
        10         0.0252       -133.957
        10         0.0255       -132.692
        10         0.0258       -131.242
        10         0.0261       -129.643
        10         0.0264       -127.927
        10         0.0267       -126.119
        10          0.027        -124.24
        10         0.0273       -122.308
        10         0.0276       -120.339
        10         0.0279       -118.345
        10         0.0282       -116.337
        10         0.0285       -114.323
        10         0.0288       -112.311
        10         0.0291       -110.308
        10         0.0294       -108.319
        10         0.0297       -106.349
        10           0.03       -104.401
        10         0.0303       -102.479
        10         0.0306       -100.585
        10         0.0309        -98.722
        10         0.0312       -96.8911
        10         0.0315       -95.0941
        10         0.0318       -93.3322
        10         0.0321       -91.6063
        10         0.0324       -89.9172
        10         0.0327       -88.2656
        10          0.033       -86.6518
        10         0.0333       -85.0762
        10         0.0336        -83.539
        10         0.0339       -82.0403
        10         0.0342       -80.5801
        10         0.0345       -79.1584
        10         0.0348       -77.7749
        10         0.0351       -76.4297
        10         0.0354       -75.1224
        10         0.0357       -73.8527
        10          0.036       -72.6205
        10         0.0363       -71.4254
        10         0.0366        -70.267
        10         0.0369        -69.145
        10         0.0372       -68.0591
        10         0.0375       -67.0088
        10         0.0378       -65.9939
        10         0.0381       -65.0139
        10         0.0384       -64.0685
        10         0.0387       -63.1572
        10          0.039       -62.2799
        10         0.0393        -61.436
        10         0.0396       -60.6252
        10         0.0399       -59.8472
        10         0.0402       -59.1016
        10         0.0405       -58.3882
        10         0.0408       -57.7065
        10         0.0411       -57.0563
        10         0.0414       -56.4372
        10         0.0417        -55.849
        10          0.042       -55.2912
        10         0.0423       -54.7637
        10         0.0426       -54.2661
        10         0.0429       -53.7982
        10         0.0432       -53.3597
        10         0.0435       -52.9505
        10         0.0438       -52.5702
        10         0.0441       -52.2189
        10         0.0444       -51.8962
        10         0.0447       -51.6021
        10          0.045       -51.3364
        10         0.0453       -51.0991
        10         0.0456       -50.8899
        10         0.0459       -50.7089
        10         0.0462       -50.5559
        10         0.0465       -50.4309
        10         0.0468       -50.3337
        10         0.0471       -50.2644
        10         0.0474       -50.2228
        10         0.0477       -50.2089
