# iteration    r (m)    potential (V)
         1         -0.048              0
         1        -0.0477              0
         1        -0.0474              0
         1        -0.0471              0
         1        -0.0468              0
         1        -0.0465              0
         1        -0.0462              0
         1        -0.0459              0
         1        -0.0456              0
         1        -0.0453              0
         1         -0.045              0
         1        -0.0447              0
         1        -0.0444              0
         1        -0.0441              0
         1        -0.0438              0
         1        -0.0435              0
         1        -0.0432              0
         1        -0.0429              0
         1        -0.0426              0
         1        -0.0423              0
         1         -0.042              0
         1        -0.0417              0
         1        -0.0414              0
         1        -0.0411              0
         1        -0.0408              0
         1        -0.0405              0
         1        -0.0402              0
         1        -0.0399              0
         1        -0.0396              0
         1        -0.0393              0
         1         -0.039              0
         1        -0.0387              0
         1        -0.0384              0
         1        -0.0381              0
         1        -0.0378              0
         1        -0.0375              0
         1        -0.0372              0
         1        -0.0369              0
         1        -0.0366              0
         1        -0.0363              0
         1         -0.036              0
         1        -0.0357              0
         1        -0.0354              0
         1        -0.0351              0
         1        -0.0348              0
         1        -0.0345              0
         1        -0.0342              0
         1        -0.0339              0
         1        -0.0336              0
         1        -0.0333              0
         1         -0.033              0
         1        -0.0327              0
         1        -0.0324              0
         1        -0.0321              0
         1        -0.0318              0
         1        -0.0315              0
         1        -0.0312              0
         1        -0.0309              0
         1        -0.0306              0
         1        -0.0303              0
         1          -0.03       -3.97557
         1        -0.0297       -16.8843
         1        -0.0294       -29.9213
         1        -0.0291       -43.0996
         1        -0.0288       -56.4353
         1        -0.0285       -69.9469
         1        -0.0282       -83.6541
         1        -0.0279       -97.5782
         1        -0.0276       -111.742
         1        -0.0273       -126.168
         1         -0.027       -140.883
         1        -0.0267       -155.912
         1        -0.0264       -171.282
         1        -0.0261       -187.024
         1        -0.0258       -203.167
         1        -0.0255       -219.744
         1        -0.0252       -236.791
         1        -0.0249       -254.343
         1        -0.0246       -272.439
         1        -0.0243       -291.121
         1         -0.024       -310.433
         1        -0.0237       -330.422
         1        -0.0234       -351.136
         1        -0.0231       -372.628
         1        -0.0228       -394.953
         1        -0.0225        -418.17
         1        -0.0222       -442.339
         1        -0.0219       -467.526
         1        -0.0216       -493.799
         1        -0.0213        -521.23
         1         -0.021       -549.894
         1        -0.0207        -579.87
         1        -0.0204       -611.241
         1        -0.0201       -644.093
         1        -0.0198       -678.518
         1        -0.0195       -714.609
         1        -0.0192       -752.463
         1        -0.0189       -792.183
         1        -0.0186       -833.873
         1        -0.0183       -877.643
         1         -0.018       -923.605
         1        -0.0177       -971.877
         1        -0.0174       -1022.58
         1        -0.0171       -1075.84
         1        -0.0168        -1131.8
         1        -0.0165       -1190.58
         1        -0.0162       -1252.34
         1        -0.0159       -1317.22
         1        -0.0156        -1385.4
         1        -0.0153       -1457.04
         1         -0.015       -1532.33
         1        -0.0147       -1611.46
         1        -0.0144       -1694.66
         1        -0.0141       -1782.16
         1        -0.0138       -1874.21
         1        -0.0135       -1971.08
         1        -0.0132       -2073.09
         1        -0.0129       -2180.56
         1        -0.0126       -2293.87
         1        -0.0123       -2413.43
         1         -0.012       -2539.71
         1        -0.0117       -2673.21
         1        -0.0114       -2814.53
         1        -0.0111       -2964.31
         1        -0.0108        -3123.3
         1        -0.0105       -3292.34
         1        -0.0102       -3472.41
         1        -0.0099       -3664.61
         1        -0.0096       -3870.23
         1        -0.0093        -4090.8
         1         -0.009       -4328.07
         1        -0.0087       -4584.17
         1        -0.0084       -4861.61
         1        -0.0081       -5163.46
         1        -0.0078        -5493.5
         1        -0.0075       -5856.46
         1        -0.0072       -6258.36
         1        -0.0069       -6707.05
         1        -0.0066       -7212.99
         1        -0.0063       -7790.34
         1         -0.006       -8457.64
         1        -0.0057       -9232.45
         1        -0.0054         -10000
         1        -0.0051         -10000
         1        -0.0048         -10000
         1        -0.0045       -9983.22
         1        -0.0042       -9847.25
         1        -0.0039       -9722.17
         1        -0.0036       -9616.96
         1        -0.0033       -9531.88
         1         -0.003       -9465.06
         1        -0.0027       -9414.16
         1        -0.0024       -9376.74
         1        -0.0021       -9350.46
         1        -0.0018       -9333.07
         1        -0.0015       -9322.47
         1        -0.0012       -9316.76
         1        -0.0009       -9314.24
         1        -0.0006       -9313.52
         1        -0.0003       -9313.53
         1              0        -9313.6
         1         0.0003       -9313.52
         1         0.0006       -9313.52
         1         0.0009       -9314.24
         1         0.0012       -9316.75
         1         0.0015       -9322.45
         1         0.0018       -9333.04
         1         0.0021       -9350.42
         1         0.0024       -9376.69
         1         0.0027        -9414.1
         1          0.003       -9464.98
         1         0.0033       -9531.78
         1         0.0036       -9616.85
         1         0.0039       -9722.05
         1         0.0042       -9847.14
         1         0.0045       -9983.11
         1         0.0048         -10000
         1         0.0051         -10000
         1         0.0054         -10000
         1         0.0057        -9233.7
         1          0.006       -8458.58
         1         0.0063       -7791.26
         1         0.0066       -7213.95
         1         0.0069       -6708.05
         1         0.0072       -6259.39
         1         0.0075       -5857.54
         1         0.0078       -5494.64
         1         0.0081       -5164.67
         1         0.0084        -4862.9
         1         0.0087       -4585.56
         1          0.009       -4329.57
         1         0.0093       -4092.41
         1         0.0096       -3871.97
         1         0.0099       -3666.48
         1         0.0102       -3474.43
         1         0.0105       -3294.53
         1         0.0108       -3125.65
         1         0.0111       -2966.84
         1         0.0114       -2817.24
         1         0.0117       -2676.11
         1          0.012        -2542.8
         1         0.0123       -2416.72
         1         0.0126       -2297.36
         1         0.0129       -2184.25
         1         0.0132       -2076.98
         1         0.0135       -1975.18
         1         0.0138        -1878.5
         1         0.0141       -1786.65
         1         0.0144       -1699.34
         1         0.0147       -1616.31
         1          0.015       -1537.33
         1         0.0153       -1462.19
         1         0.0156       -1390.68
         1         0.0159       -1322.62
         1         0.0162       -1257.84
         1         0.0165       -1196.16
         1         0.0168       -1137.44
         1         0.0171       -1081.52
         1         0.0174       -1028.28
         1         0.0177        -977.57
         1          0.018       -929.275
         1         0.0183        -883.27
         1         0.0186       -839.439
         1         0.0189        -797.67
         1         0.0192       -757.854
         1         0.0195       -719.888
         1         0.0198       -683.672
         1         0.0201        -649.11
         1         0.0204       -616.109
         1         0.0207       -584.581
         1          0.021       -554.441
         1         0.0213       -525.606
         1         0.0216           -498
         1         0.0219       -471.549
         1         0.0222       -446.181
         1         0.0225        -421.83
         1         0.0228       -398.433
         1         0.0231       -375.927
         1         0.0234       -354.256
         1         0.0237       -333.366
         1          0.024       -313.203
         1         0.0243       -293.721
         1         0.0246       -274.871
         1         0.0249       -256.612
         1         0.0252         -238.9
         1         0.0255       -221.699
         1         0.0258        -204.97
         1         0.0261        -188.68
         1         0.0264       -172.795
         1         0.0267       -157.285
         1          0.027        -142.12
         1         0.0273       -127.273
         1         0.0276       -112.718
         1         0.0279       -98.4283
         1         0.0282        -84.381
         1         0.0285       -70.5533
         1         0.0288       -56.9236
         1         0.0291       -43.4718
         1         0.0294       -30.1793
         1         0.0297       -17.0297
         1           0.03        -4.0098
         1         0.0303              0
         1         0.0306              0
         1         0.0309              0
         1         0.0312              0
         1         0.0315              0
         1         0.0318              0
         1         0.0321              0
         1         0.0324              0
         1         0.0327              0
         1          0.033              0
         1         0.0333              0
         1         0.0336              0
         1         0.0339              0
         1         0.0342              0
         1         0.0345              0
         1         0.0348              0
         1         0.0351              0
         1         0.0354              0
         1         0.0357              0
         1          0.036              0
         1         0.0363              0
         1         0.0366              0
         1         0.0369              0
         1         0.0372              0
         1         0.0375              0
         1         0.0378              0
         1         0.0381              0
         1         0.0384              0
         1         0.0387              0
         1          0.039              0
         1         0.0393              0
         1         0.0396              0
         1         0.0399              0
         1         0.0402              0
         1         0.0405              0
         1         0.0408              0
         1         0.0411              0
         1         0.0414              0
         1         0.0417              0
         1          0.042              0
         1         0.0423              0
         1         0.0426              0
         1         0.0429              0
         1         0.0432              0
         1         0.0435              0
         1         0.0438              0
         1         0.0441              0
         1         0.0444              0
         1         0.0447              0
         1          0.045              0
         1         0.0453              0
         1         0.0456              0
         1         0.0459              0
         1         0.0462              0
         1         0.0465              0
         1         0.0468              0
         1         0.0471              0
         1         0.0474              0
         1         0.0477              0
         2         -0.048              0
         2        -0.0477              0
         2        -0.0474              0
         2        -0.0471              0
         2        -0.0468              0
         2        -0.0465              0
         2        -0.0462              0
         2        -0.0459              0
         2        -0.0456              0
         2        -0.0453              0
         2         -0.045              0
         2        -0.0447              0
         2        -0.0444              0
         2        -0.0441              0
         2        -0.0438              0
         2        -0.0435              0
         2        -0.0432              0
         2        -0.0429              0
         2        -0.0426              0
         2        -0.0423              0
         2         -0.042              0
         2        -0.0417              0
         2        -0.0414              0
         2        -0.0411              0
         2        -0.0408              0
         2        -0.0405              0
         2        -0.0402              0
         2        -0.0399              0
         2        -0.0396              0
         2        -0.0393              0
         2         -0.039              0
         2        -0.0387              0
         2        -0.0384              0
         2        -0.0381              0
         2        -0.0378              0
         2        -0.0375              0
         2        -0.0372              0
         2        -0.0369              0
         2        -0.0366              0
         2        -0.0363              0
         2         -0.036              0
         2        -0.0357              0
         2        -0.0354              0
         2        -0.0351              0
         2        -0.0348              0
         2        -0.0345              0
         2        -0.0342              0
         2        -0.0339              0
         2        -0.0336              0
         2        -0.0333              0
         2         -0.033              0
         2        -0.0327              0
         2        -0.0324              0
         2        -0.0321              0
         2        -0.0318              0
         2        -0.0315              0
         2        -0.0312              0
         2        -0.0309              0
         2        -0.0306              0
         2        -0.0303              0
         2          -0.03       -5.36273
         2        -0.0297       -22.7747
         2        -0.0294       -40.3543
         2        -0.0291       -58.1148
         2        -0.0288       -76.0735
         2        -0.0285       -94.2505
         2        -0.0282       -112.668
         2        -0.0279       -131.349
         2        -0.0276        -150.32
         2        -0.0273       -169.607
         2         -0.027       -189.238
         2        -0.0267       -209.242
         2        -0.0264       -229.652
         2        -0.0261       -250.501
         2        -0.0258       -271.823
         2        -0.0255       -293.658
         2        -0.0252       -316.044
         2        -0.0249       -339.023
         2        -0.0246       -362.642
         2        -0.0243       -386.947
         2         -0.024       -411.989
         2        -0.0237       -437.824
         2        -0.0234       -464.507
         2        -0.0231       -492.099
         2        -0.0228       -520.664
         2        -0.0225       -550.272
         2        -0.0222       -580.992
         2        -0.0219       -612.901
         2        -0.0216       -646.077
         2        -0.0213       -680.604
         2         -0.021       -716.568
         2        -0.0207        -754.06
         2        -0.0204       -793.175
         2        -0.0201       -834.009
         2        -0.0198       -876.664
         2        -0.0195       -921.245
         2        -0.0192       -967.857
         2        -0.0189       -1016.61
         2        -0.0186       -1067.62
         2        -0.0183          -1121
         2         -0.018       -1176.87
         2        -0.0177       -1235.34
         2        -0.0174       -1296.55
         2        -0.0171       -1360.61
         2        -0.0168       -1427.65
         2        -0.0165       -1497.81
         2        -0.0162       -1571.23
         2        -0.0159       -1648.03
         2        -0.0156       -1728.38
         2        -0.0153       -1812.41
         2         -0.015        -1900.3
         2        -0.0147       -1992.21
         2        -0.0144       -2088.33
         2        -0.0141       -2188.85
         2        -0.0138       -2293.98
         2        -0.0135       -2403.96
         2        -0.0132       -2519.02
         2        -0.0129       -2639.45
         2        -0.0126       -2765.55
         2        -0.0123       -2897.64
         2         -0.012        -3036.1
         2        -0.0117       -3181.35
         2        -0.0114       -3333.83
         2        -0.0111       -3494.07
         2        -0.0108       -3662.67
         2        -0.0105       -3840.26
         2        -0.0102       -4027.62
         2        -0.0099       -4225.61
         2        -0.0096       -4435.22
         2        -0.0093       -4657.61
         2         -0.009       -4894.16
         2        -0.0087       -5146.46
         2        -0.0084       -5416.43
         2        -0.0081        -5706.4
         2        -0.0078       -6019.27
         2        -0.0075        -6358.6
         2        -0.0072       -6729.02
         2        -0.0069       -7136.56
         2        -0.0066       -7589.39
         2        -0.0063       -8098.66
         2         -0.006       -8679.29
         2        -0.0057        -9345.5
         2        -0.0054         -10000
         2        -0.0051         -10000
         2        -0.0048         -10000
         2        -0.0045       -9990.77
         2        -0.0042        -9915.9
         2        -0.0039        -9847.3
         2        -0.0036       -9789.95
         2        -0.0033       -9743.84
         2         -0.003       -9707.79
         2        -0.0027       -9680.39
         2        -0.0024       -9660.22
         2        -0.0021       -9645.95
         2        -0.0018       -9636.35
         2        -0.0015       -9630.29
         2        -0.0012       -9626.76
         2        -0.0009       -9624.86
         2        -0.0006       -9623.87
         2        -0.0003       -9623.25
         2              0       -9622.65
         2         0.0003       -9621.99
         2         0.0006       -9621.42
         2         0.0009        -9621.3
         2         0.0012       -9622.21
         2         0.0015       -9624.94
         2         0.0018        -9630.4
         2         0.0021       -9639.62
         2         0.0024       -9653.75
         2         0.0027       -9674.05
         2          0.003       -9701.84
         2         0.0033       -9738.54
         2         0.0036       -9785.57
         2         0.0039        -9844.1
         2         0.0042       -9914.11
         2         0.0045       -9990.52
         2         0.0048         -10000
         2         0.0051         -10000
         2         0.0054         -10000
         2         0.0057       -9341.98
         2          0.006       -8671.04
         2         0.0063       -8086.74
         2         0.0066       -7574.49
         2         0.0069       -7119.25
         2         0.0072       -6709.72
         2         0.0075       -6337.71
         2         0.0078        -5997.1
         2         0.0081       -5683.26
         2         0.0084       -5392.53
         2         0.0087       -5122.02
         2          0.009       -4869.38
         2         0.0093       -4632.66
         2         0.0096       -4410.22
         2         0.0099       -4200.71
         2         0.0102       -4002.95
         2         0.0105       -3815.91
         2         0.0108       -3638.73
         2         0.0111       -3470.65
         2         0.0114       -3310.98
         2         0.0117       -3159.13
         2          0.012       -3014.58
         2         0.0123       -2876.86
         2         0.0126       -2745.54
         2         0.0129       -2620.26
         2         0.0132       -2500.67
         2         0.0135       -2386.46
         2         0.0138       -2277.35
         2         0.0141       -2173.09
         2         0.0144       -2073.44
         2         0.0147       -1978.18
         2          0.015       -1887.11
         2         0.0153       -1800.05
         2         0.0156       -1716.82
         2         0.0159       -1637.25
         2         0.0162       -1561.18
         2         0.0165       -1488.48
         2         0.0168       -1418.98
         2         0.0171       -1352.57
         2         0.0174       -1289.09
         2         0.0177       -1228.43
         2          0.018       -1170.46
         2         0.0183       -1115.05
         2         0.0186       -1062.09
         2         0.0189       -1011.46
         2         0.0192       -963.048
         2         0.0195       -916.742
         2         0.0198       -872.436
         2         0.0201       -830.025
         2         0.0204       -789.408
         2         0.0207       -750.486
         2          0.021       -713.165
         2         0.0213       -677.354
         2         0.0216       -642.965
         2         0.0219       -609.913
         2         0.0222       -578.117
         2         0.0225       -547.502
         2         0.0228       -517.993
         2         0.0231       -489.522
         2         0.0234        -462.02
         2         0.0237       -435.426
         2          0.024       -409.681
         2         0.0243       -384.728
         2         0.0246       -360.513
         2         0.0249       -336.987
         2         0.0252       -314.103
         2         0.0255       -291.816
         2         0.0258       -270.083
         2         0.0261       -248.865
         2         0.0264       -228.125
         2         0.0267       -207.827
         2          0.027       -187.937
         2         0.0273       -168.424
         2         0.0276       -149.258
         2         0.0279        -130.41
         2         0.0282       -111.853
         2         0.0285        -93.563
         2         0.0288       -75.5143
         2         0.0291       -57.6849
         2         0.0294       -40.0543
         2         0.0297       -22.6049
         2           0.03        -5.3227
         2         0.0303              0
         2         0.0306              0
         2         0.0309              0
         2         0.0312              0
         2         0.0315              0
         2         0.0318              0
         2         0.0321              0
         2         0.0324              0
         2         0.0327              0
         2          0.033              0
         2         0.0333              0
         2         0.0336              0
         2         0.0339              0
         2         0.0342              0
         2         0.0345              0
         2         0.0348              0
         2         0.0351              0
         2         0.0354              0
         2         0.0357              0
         2          0.036              0
         2         0.0363              0
         2         0.0366              0
         2         0.0369              0
         2         0.0372              0
         2         0.0375              0
         2         0.0378              0
         2         0.0381              0
         2         0.0384              0
         2         0.0387              0
         2          0.039              0
         2         0.0393              0
         2         0.0396              0
         2         0.0399              0
         2         0.0402              0
         2         0.0405              0
         2         0.0408              0
         2         0.0411              0
         2         0.0414              0
         2         0.0417              0
         2          0.042              0
         2         0.0423              0
         2         0.0426              0
         2         0.0429              0
         2         0.0432              0
         2         0.0435              0
         2         0.0438              0
         2         0.0441              0
         2         0.0444              0
         2         0.0447              0
         2          0.045              0
         2         0.0453              0
         2         0.0456              0
         2         0.0459              0
         2         0.0462              0
         2         0.0465              0
         2         0.0468              0
         2         0.0471              0
         2         0.0474              0
         2         0.0477              0
         3         -0.048              0
         3        -0.0477              0
         3        -0.0474              0
         3        -0.0471              0
         3        -0.0468              0
         3        -0.0465              0
         3        -0.0462              0
         3        -0.0459              0
         3        -0.0456              0
         3        -0.0453              0
         3         -0.045              0
         3        -0.0447              0
         3        -0.0444              0
         3        -0.0441              0
         3        -0.0438              0
         3        -0.0435              0
         3        -0.0432              0
         3        -0.0429              0
         3        -0.0426              0
         3        -0.0423              0
         3         -0.042              0
         3        -0.0417              0
         3        -0.0414              0
         3        -0.0411              0
         3        -0.0408              0
         3        -0.0405              0
         3        -0.0402              0
         3        -0.0399              0
         3        -0.0396              0
         3        -0.0393              0
         3         -0.039              0
         3        -0.0387              0
         3        -0.0384              0
         3        -0.0381              0
         3        -0.0378              0
         3        -0.0375              0
         3        -0.0372              0
         3        -0.0369              0
         3        -0.0366              0
         3        -0.0363              0
         3         -0.036              0
         3        -0.0357              0
         3        -0.0354              0
         3        -0.0351              0
         3        -0.0348              0
         3        -0.0345              0
         3        -0.0342              0
         3        -0.0339              0
         3        -0.0336              0
         3        -0.0333              0
         3         -0.033              0
         3        -0.0327              0
         3        -0.0324              0
         3        -0.0321              0
         3        -0.0318              0
         3        -0.0315              0
         3        -0.0312              0
         3        -0.0309              0
         3        -0.0306              0
         3        -0.0303              0
         3          -0.03       -5.60083
         3        -0.0297       -23.7856
         3        -0.0294       -42.1437
         3        -0.0291       -60.6874
         3        -0.0288       -79.4334
         3        -0.0285       -98.4011
         3        -0.0282       -117.612
         3        -0.0279       -137.089
         3        -0.0276       -156.856
         3        -0.0273        -176.94
         3         -0.027       -197.367
         3        -0.0267       -218.168
         3        -0.0264       -239.372
         3        -0.0261       -261.012
         3        -0.0258       -283.123
         3        -0.0255       -305.742
         3        -0.0252       -328.909
         3        -0.0249       -352.665
         3        -0.0246       -377.056
         3        -0.0243       -402.128
         3         -0.024       -427.933
         3        -0.0237       -454.525
         3        -0.0234       -481.961
         3        -0.0231       -510.302
         3        -0.0228       -539.613
         3        -0.0225       -569.962
         3        -0.0222       -601.421
         3        -0.0219       -634.066
         3        -0.0216       -667.977
         3        -0.0213       -703.237
         3         -0.021       -739.934
         3        -0.0207       -778.159
         3        -0.0204       -818.006
         3        -0.0201       -859.574
         3        -0.0198       -902.965
         3        -0.0195       -948.283
         3        -0.0192       -995.636
         3        -0.0189       -1045.14
         3        -0.0186       -1096.89
         3        -0.0183       -1151.03
         3         -0.018       -1207.66
         3        -0.0177        -1266.9
         3        -0.0174       -1328.88
         3        -0.0171       -1393.72
         3        -0.0168       -1461.55
         3        -0.0165       -1532.51
         3        -0.0162       -1606.73
         3        -0.0159       -1684.34
         3        -0.0156       -1765.51
         3        -0.0153       -1850.37
         3         -0.015       -1939.09
         3        -0.0147       -2031.84
         3        -0.0144        -2128.8
         3        -0.0141       -2230.17
         3        -0.0138       -2336.15
         3        -0.0135       -2446.97
         3        -0.0132       -2562.88
         3        -0.0129       -2684.15
         3        -0.0126       -2811.07
         3        -0.0123       -2943.99
         3         -0.012       -3083.25
         3        -0.0117       -3229.28
         3        -0.0114       -3382.52
         3        -0.0111       -3543.48
         3        -0.0108       -3712.75
         3        -0.0105       -3890.96
         3        -0.0102       -4078.86
         3        -0.0099        -4277.3
         3        -0.0096       -4487.25
         3        -0.0093       -4709.85
         3         -0.009       -4946.41
         3        -0.0087       -5198.51
         3        -0.0084          -5468
         3        -0.0081       -5757.14
         3        -0.0078       -6068.72
         3        -0.0075        -6406.2
         3        -0.0072       -6774.04
         3        -0.0069       -7178.07
         3        -0.0066       -7626.18
         3        -0.0063       -8129.17
         3         -0.006        -8701.5
         3        -0.0057       -9356.96
         3        -0.0054         -10000
         3        -0.0051         -10000
         3        -0.0048         -10000
         3        -0.0045       -9991.41
         3        -0.0042       -9921.67
         3        -0.0039       -9857.68
         3        -0.0036       -9804.12
         3        -0.0033       -9761.02
         3         -0.003       -9727.31
         3        -0.0027       -9701.67
         3        -0.0024        -9682.8
         3        -0.0021       -9669.45
         3        -0.0018       -9660.47
         3        -0.0015       -9654.81
         3        -0.0012        -9651.5
         3        -0.0009       -9649.72
         3        -0.0006       -9648.78
         3        -0.0003       -9648.18
         3              0       -9647.61
         3         0.0003       -9646.97
         3         0.0006       -9646.42
         3         0.0009       -9646.31
         3         0.0012       -9647.17
         3         0.0015       -9649.74
         3         0.0018       -9654.87
         3         0.0021       -9663.55
         3         0.0024       -9676.83
         3         0.0027       -9695.88
         3          0.003       -9721.94
         3         0.0033        -9756.3
         3         0.0036       -9800.28
         3         0.0039       -9854.91
         3         0.0042       -9920.14
         3         0.0045       -9991.19
         3         0.0048         -10000
         3         0.0051         -10000
         3         0.0054         -10000
         3         0.0057       -9354.83
         3          0.006       -8695.99
         3         0.0063        -8121.1
         3         0.0066       -7616.06
         3         0.0069       -7166.32
         3         0.0072       -6760.98
         3         0.0075       -6392.12
         3         0.0078       -6053.88
         3         0.0081       -5741.75
         3         0.0084       -5452.25
         3         0.0087       -5182.57
         3          0.009       -4930.43
         3         0.0093       -4693.96
         3         0.0096       -4471.56
         3         0.0099       -4261.91
         3         0.0102       -4063.87
         3         0.0105       -3876.44
         3         0.0108       -3698.77
         3         0.0111       -3530.12
         3         0.0114       -3369.81
         3         0.0117       -3217.28
         3          0.012       -3071.99
         3         0.0123        -2933.5
         3         0.0126       -2801.39
         3         0.0129       -2675.28
         3         0.0132       -2554.84
         3         0.0135       -2439.77
         3         0.0138       -2329.79
         3         0.0141       -2224.64
         3         0.0144       -2124.09
         3         0.0147       -2027.93
         3          0.015       -1935.96
         3         0.0153       -1847.98
         3         0.0156       -1763.84
         3         0.0159       -1683.36
         3         0.0162       -1606.38
         3         0.0165       -1532.77
         3         0.0168       -1462.36
         3         0.0171       -1395.04
         3         0.0174       -1330.65
         3         0.0177       -1269.09
         3          0.018       -1210.21
         3         0.0183       -1153.89
         3         0.0186       -1100.03
         3         0.0189       -1048.49
         3         0.0192       -999.172
         3         0.0195       -951.958
         3         0.0198       -906.741
         3         0.0201       -863.416
         3         0.0204       -821.881
         3         0.0207       -782.038
         3          0.021       -743.792
         3         0.0213        -707.05
         3         0.0216       -671.724
         3         0.0219        -637.73
         3         0.0222       -604.986
         3         0.0225       -573.416
         3         0.0228       -542.945
         3         0.0231       -513.504
         3         0.0234       -485.025
         3         0.0237       -457.447
         3          0.024       -430.709
         3         0.0243       -404.756
         3         0.0246       -379.534
         3         0.0249       -354.993
         3         0.0252       -331.087
         3         0.0255       -307.771
         3         0.0258       -285.004
         3         0.0261       -262.747
         3         0.0264       -240.963
         3         0.0267       -219.617
         3          0.027       -198.677
         3         0.0273       -178.113
         3         0.0276       -157.895
         3         0.0279       -137.995
         3         0.0282       -118.388
         3         0.0285       -99.0495
         3         0.0288        -79.956
         3         0.0291       -61.0861
         3         0.0294       -42.4201
         3         0.0297       -23.9415
         3           0.03        -5.6375
         3         0.0303              0
         3         0.0306              0
         3         0.0309              0
         3         0.0312              0
         3         0.0315              0
         3         0.0318              0
         3         0.0321              0
         3         0.0324              0
         3         0.0327              0
         3          0.033              0
         3         0.0333              0
         3         0.0336              0
         3         0.0339              0
         3         0.0342              0
         3         0.0345              0
         3         0.0348              0
         3         0.0351              0
         3         0.0354              0
         3         0.0357              0
         3          0.036              0
         3         0.0363              0
         3         0.0366              0
         3         0.0369              0
         3         0.0372              0
         3         0.0375              0
         3         0.0378              0
         3         0.0381              0
         3         0.0384              0
         3         0.0387              0
         3          0.039              0
         3         0.0393              0
         3         0.0396              0
         3         0.0399              0
         3         0.0402              0
         3         0.0405              0
         3         0.0408              0
         3         0.0411              0
         3         0.0414              0
         3         0.0417              0
         3          0.042              0
         3         0.0423              0
         3         0.0426              0
         3         0.0429              0
         3         0.0432              0
         3         0.0435              0
         3         0.0438              0
         3         0.0441              0
         3         0.0444              0
         3         0.0447              0
         3          0.045              0
         3         0.0453              0
         3         0.0456              0
         3         0.0459              0
         3         0.0462              0
         3         0.0465              0
         3         0.0468              0
         3         0.0471              0
         3         0.0474              0
         3         0.0477              0
         4         -0.048              0
         4        -0.0477              0
         4        -0.0474              0
         4        -0.0471              0
         4        -0.0468              0
         4        -0.0465              0
         4        -0.0462              0
         4        -0.0459              0
         4        -0.0456              0
         4        -0.0453              0
         4         -0.045              0
         4        -0.0447              0
         4        -0.0444              0
         4        -0.0441              0
         4        -0.0438              0
         4        -0.0435              0
         4        -0.0432              0
         4        -0.0429              0
         4        -0.0426              0
         4        -0.0423              0
         4         -0.042              0
         4        -0.0417              0
         4        -0.0414              0
         4        -0.0411              0
         4        -0.0408              0
         4        -0.0405              0
         4        -0.0402              0
         4        -0.0399              0
         4        -0.0396              0
         4        -0.0393              0
         4         -0.039              0
         4        -0.0387              0
         4        -0.0384              0
         4        -0.0381              0
         4        -0.0378              0
         4        -0.0375              0
         4        -0.0372              0
         4        -0.0369              0
         4        -0.0366              0
         4        -0.0363              0
         4         -0.036              0
         4        -0.0357              0
         4        -0.0354              0
         4        -0.0351              0
         4        -0.0348              0
         4        -0.0345              0
         4        -0.0342              0
         4        -0.0339              0
         4        -0.0336              0
         4        -0.0333              0
         4         -0.033              0
         4        -0.0327              0
         4        -0.0324              0
         4        -0.0321              0
         4        -0.0318              0
         4        -0.0315              0
         4        -0.0312              0
         4        -0.0309              0
         4        -0.0306              0
         4        -0.0303              0
         4          -0.03       -5.56104
         4        -0.0297       -23.6167
         4        -0.0294       -41.8448
         4        -0.0291       -60.2581
         4        -0.0288       -78.8733
         4        -0.0285       -97.7102
         4        -0.0282        -116.79
         4        -0.0279       -136.137
         4        -0.0276       -155.776
         4        -0.0273       -175.733
         4         -0.027       -196.035
         4        -0.0267       -216.713
         4        -0.0264       -237.797
         4        -0.0261       -259.322
         4        -0.0258       -281.321
         4        -0.0255       -303.833
         4        -0.0252       -326.897
         4        -0.0249       -350.556
         4        -0.0246       -374.855
         4        -0.0243       -399.841
         4         -0.024       -425.565
         4        -0.0237       -452.081
         4        -0.0234       -479.447
         4        -0.0231       -507.723
         4        -0.0228       -536.974
         4        -0.0225       -567.268
         4        -0.0222       -598.676
         4        -0.0219       -631.275
         4        -0.0216       -665.143
         4        -0.0213       -700.365
         4         -0.021       -737.027
         4        -0.0207       -775.221
         4        -0.0204       -815.041
         4        -0.0201       -856.585
         4        -0.0198       -899.956
         4        -0.0195       -945.257
         4        -0.0192       -992.597
         4        -0.0189       -1042.09
         4        -0.0186       -1093.84
         4        -0.0183       -1147.97
         4         -0.018       -1204.59
         4        -0.0177       -1263.84
         4        -0.0174       -1325.82
         4        -0.0171       -1390.67
         4        -0.0168       -1458.51
         4        -0.0165       -1529.48
         4        -0.0162       -1603.71
         4        -0.0159       -1681.35
         4        -0.0156       -1762.53
         4        -0.0153       -1847.42
         4         -0.015       -1936.17
         4        -0.0147       -2028.95
         4        -0.0144       -2125.94
         4        -0.0141       -2227.35
         4        -0.0138       -2333.37
         4        -0.0135       -2444.24
         4        -0.0132        -2560.2
         4        -0.0129       -2681.52
         4        -0.0126       -2808.51
         4        -0.0123        -2941.5
         4         -0.012       -3080.84
         4        -0.0117       -3226.95
         4        -0.0114       -3380.28
         4        -0.0111       -3541.34
         4        -0.0108       -3710.71
         4        -0.0105       -3889.03
         4        -0.0102       -4077.06
         4        -0.0099       -4275.63
         4        -0.0096       -4485.73
         4        -0.0093       -4708.48
         4         -0.009        -4945.2
         4        -0.0087       -5197.47
         4        -0.0084       -5467.15
         4        -0.0081       -5756.49
         4        -0.0078       -6068.26
         4        -0.0075       -6405.95
         4        -0.0072       -6773.99
         4        -0.0069       -7178.21
         4        -0.0066       -7626.46
         4        -0.0063       -8129.56
         4         -0.006       -8701.89
         4        -0.0057       -9357.23
         4        -0.0054         -10000
         4        -0.0051         -10000
         4        -0.0048         -10000
         4        -0.0045       -9991.42
         4        -0.0042       -9921.77
         4        -0.0039       -9857.76
         4        -0.0036        -9804.1
         4        -0.0033       -9760.86
         4         -0.003       -9726.99
         4        -0.0027        -9701.2
         4        -0.0024       -9682.19
         4        -0.0021       -9668.72
         4        -0.0018       -9659.65
         4        -0.0015       -9653.91
         4        -0.0012       -9650.55
         4        -0.0009       -9648.74
         4        -0.0006       -9647.78
         4        -0.0003       -9647.17
         4              0       -9646.59
         4         0.0003       -9645.96
         4         0.0006       -9645.41
         4         0.0009        -9645.3
         4         0.0012       -9646.18
         4         0.0015       -9648.78
         4         0.0018       -9653.94
         4         0.0021       -9662.66
         4         0.0024       -9676.01
         4         0.0027       -9695.14
         4          0.003        -9721.3
         4         0.0033       -9755.78
         4         0.0036       -9799.89
         4         0.0039       -9854.66
         4         0.0042       -9920.02
         4         0.0045       -9991.18
         4         0.0048         -10000
         4         0.0051         -10000
         4         0.0054         -10000
         4         0.0057       -9354.22
         4          0.006       -8694.73
         4         0.0063       -8119.24
         4         0.0066       -7613.66
         4         0.0069       -7163.43
         4         0.0072       -6757.66
         4         0.0075       -6388.41
         4         0.0078       -6049.81
         4         0.0081       -5737.37
         4         0.0084       -5447.58
         4         0.0087       -5177.65
         4          0.009       -4925.29
         4         0.0093       -4688.61
         4         0.0096       -4466.04
         4         0.0099       -4256.23
         4         0.0102       -4058.05
         4         0.0105        -3870.5
         4         0.0108       -3692.73
         4         0.0111       -3523.98
         4         0.0114        -3363.6
         4         0.0117       -3210.99
         4          0.012       -3065.66
         4         0.0123       -2927.12
         4         0.0126       -2794.97
         4         0.0129       -2668.84
         4         0.0132       -2548.38
         4         0.0135        -2433.3
         4         0.0138       -2323.31
         4         0.0141       -2218.16
         4         0.0144       -2117.62
         4         0.0147       -2021.47
         4          0.015       -1929.52
         4         0.0153       -1841.57
         4         0.0156       -1757.45
         4         0.0159          -1677
         4         0.0162       -1600.05
         4         0.0165       -1526.47
         4         0.0168       -1456.11
         4         0.0171       -1388.83
         4         0.0174       -1324.49
         4         0.0177       -1262.98
         4          0.018       -1204.15
         4         0.0183        -1147.9
         4         0.0186       -1094.09
         4         0.0189       -1042.62
         4         0.0192       -993.372
         4         0.0195       -946.232
         4         0.0198       -901.094
         4         0.0201       -857.853
         4         0.0204       -816.407
         4         0.0207       -776.658
         4          0.021        -738.51
         4         0.0213       -701.872
         4         0.0216       -666.655
         4         0.0219       -632.775
         4         0.0222        -600.15
         4         0.0225       -568.705
         4         0.0228       -538.365
         4         0.0231        -509.06
         4         0.0234       -480.724
         4         0.0237       -453.294
         4          0.024       -426.711
         4         0.0243       -400.918
         4         0.0246       -375.862
         4         0.0249       -351.494
         4         0.0252       -327.766
         4         0.0255       -304.633
         4         0.0258       -282.055
         4         0.0261       -259.991
         4         0.0264       -238.404
         4         0.0267       -217.259
         4          0.027       -196.523
         4         0.0273       -176.165
         4         0.0276       -156.154
         4         0.0279       -136.464
         4         0.0282       -117.068
         4         0.0285       -97.9397
         4         0.0288       -79.0569
         4         0.0291       -60.3972
         4         0.0294       -41.9408
         4         0.0297       -23.6706
         4           0.03       -5.57369
         4         0.0303              0
         4         0.0306              0
         4         0.0309              0
         4         0.0312              0
         4         0.0315              0
         4         0.0318              0
         4         0.0321              0
         4         0.0324              0
         4         0.0327              0
         4          0.033              0
         4         0.0333              0
         4         0.0336              0
         4         0.0339              0
         4         0.0342              0
         4         0.0345              0
         4         0.0348              0
         4         0.0351              0
         4         0.0354              0
         4         0.0357              0
         4          0.036              0
         4         0.0363              0
         4         0.0366              0
         4         0.0369              0
         4         0.0372              0
         4         0.0375              0
         4         0.0378              0
         4         0.0381              0
         4         0.0384              0
         4         0.0387              0
         4          0.039              0
         4         0.0393              0
         4         0.0396              0
         4         0.0399              0
         4         0.0402              0
         4         0.0405              0
         4         0.0408              0
         4         0.0411              0
         4         0.0414              0
         4         0.0417              0
         4          0.042              0
         4         0.0423              0
         4         0.0426              0
         4         0.0429              0
         4         0.0432              0
         4         0.0435              0
         4         0.0438              0
         4         0.0441              0
         4         0.0444              0
         4         0.0447              0
         4          0.045              0
         4         0.0453              0
         4         0.0456              0
         4         0.0459              0
         4         0.0462              0
         4         0.0465              0
         4         0.0468              0
         4         0.0471              0
         4         0.0474              0
         4         0.0477              0
         5         -0.048              0
         5        -0.0477              0
         5        -0.0474              0
         5        -0.0471              0
         5        -0.0468              0
         5        -0.0465              0
         5        -0.0462              0
         5        -0.0459              0
         5        -0.0456              0
         5        -0.0453              0
         5         -0.045              0
         5        -0.0447              0
         5        -0.0444              0
         5        -0.0441              0
         5        -0.0438              0
         5        -0.0435              0
         5        -0.0432              0
         5        -0.0429              0
         5        -0.0426              0
         5        -0.0423              0
         5         -0.042              0
         5        -0.0417              0
         5        -0.0414              0
         5        -0.0411              0
         5        -0.0408              0
         5        -0.0405              0
         5        -0.0402              0
         5        -0.0399              0
         5        -0.0396              0
         5        -0.0393              0
         5         -0.039              0
         5        -0.0387              0
         5        -0.0384              0
         5        -0.0381              0
         5        -0.0378              0
         5        -0.0375              0
         5        -0.0372              0
         5        -0.0369              0
         5        -0.0366              0
         5        -0.0363              0
         5         -0.036              0
         5        -0.0357              0
         5        -0.0354              0
         5        -0.0351              0
         5        -0.0348              0
         5        -0.0345              0
         5        -0.0342              0
         5        -0.0339              0
         5        -0.0336              0
         5        -0.0333              0
         5         -0.033              0
         5        -0.0327              0
         5        -0.0324              0
         5        -0.0321              0
         5        -0.0318              0
         5        -0.0315              0
         5        -0.0312              0
         5        -0.0309              0
         5        -0.0306              0
         5        -0.0303              0
         5          -0.03        -5.5727
         5        -0.0297       -23.6662
         5        -0.0294       -41.9322
         5        -0.0291       -60.3832
         5        -0.0288       -79.0358
         5        -0.0285       -97.9095
         5        -0.0282       -117.026
         5        -0.0279       -136.408
         5        -0.0276       -156.081
         5        -0.0273        -176.07
         5         -0.027       -196.403
         5        -0.0267        -217.11
         5        -0.0264       -238.222
         5        -0.0261       -259.771
         5        -0.0258       -281.793
         5        -0.0255       -304.325
         5        -0.0252       -327.406
         5        -0.0249       -351.079
         5        -0.0246       -375.389
         5        -0.0243       -400.383
         5         -0.024       -426.113
         5        -0.0237       -452.632
         5        -0.0234       -479.997
         5        -0.0231        -508.27
         5        -0.0228       -537.514
         5        -0.0225       -567.799
         5        -0.0222       -599.196
         5        -0.0219        -631.78
         5        -0.0216       -665.633
         5        -0.0213       -700.836
         5         -0.021       -737.479
         5        -0.0207       -775.651
         5        -0.0204       -815.449
         5        -0.0201        -856.97
         5        -0.0198       -900.316
         5        -0.0195       -945.592
         5        -0.0192       -992.906
         5        -0.0189       -1042.37
         5        -0.0186       -1094.09
         5        -0.0183        -1148.2
         5         -0.018        -1204.8
         5        -0.0177       -1264.01
         5        -0.0174       -1325.97
         5        -0.0171       -1390.79
         5        -0.0168        -1458.6
         5        -0.0165       -1529.54
         5        -0.0162       -1603.74
         5        -0.0159       -1681.35
         5        -0.0156       -1762.49
         5        -0.0153       -1847.34
         5         -0.015       -1936.05
         5        -0.0147       -2028.79
         5        -0.0144       -2125.75
         5        -0.0141        -2227.1
         5        -0.0138       -2333.08
         5        -0.0135       -2443.89
         5        -0.0132        -2559.8
         5        -0.0129       -2681.07
         5        -0.0126          -2808
         5        -0.0123       -2940.92
         5         -0.012        -3080.2
         5        -0.0117       -3226.24
         5        -0.0114       -3379.51
         5        -0.0111       -3540.51
         5        -0.0108       -3709.81
         5        -0.0105       -3888.08
         5        -0.0102       -4076.04
         5        -0.0099       -4274.56
         5        -0.0096        -4484.6
         5        -0.0093       -4707.31
         5         -0.009          -4944
         5        -0.0087       -5196.23
         5        -0.0084       -5465.88
         5        -0.0081        -5755.2
         5        -0.0078       -6066.98
         5        -0.0075       -6404.68
         5        -0.0072       -6772.75
         5        -0.0069       -7177.03
         5        -0.0066       -7625.39
         5        -0.0063       -8128.64
         5         -0.006        -8701.2
         5        -0.0057       -9356.86
         5        -0.0054         -10000
         5        -0.0051         -10000
         5        -0.0048         -10000
         5        -0.0045       -9991.41
         5        -0.0042       -9921.62
         5        -0.0039       -9857.53
         5        -0.0036       -9803.85
         5        -0.0033       -9760.61
         5         -0.003       -9726.76
         5        -0.0027          -9701
         5        -0.0024       -9682.02
         5        -0.0021       -9668.58
         5        -0.0018       -9659.53
         5        -0.0015       -9653.82
         5        -0.0012       -9650.47
         5        -0.0009       -9648.65
         5        -0.0006       -9647.69
         5        -0.0003       -9647.07
         5              0       -9646.48
         5         0.0003       -9645.83
         5         0.0006       -9645.27
         5         0.0009       -9645.14
         5         0.0012       -9646.01
         5         0.0015       -9648.59
         5         0.0018       -9653.76
         5         0.0021       -9662.48
         5         0.0024       -9675.84
         5         0.0027          -9695
         5          0.003       -9721.19
         5         0.0033       -9755.71
         5         0.0036       -9799.85
         5         0.0039       -9854.64
         5         0.0042       -9920.02
         5         0.0045       -9991.18
         5         0.0048         -10000
         5         0.0051         -10000
         5         0.0054         -10000
         5         0.0057       -9354.28
         5          0.006       -8694.84
         5         0.0063       -8119.39
         5         0.0066       -7613.82
         5         0.0069        -7163.6
         5         0.0072       -6757.81
         5         0.0075       -6388.55
         5         0.0078       -6049.94
         5         0.0081       -5737.48
         5         0.0084       -5447.68
         5         0.0087       -5177.72
         5          0.009       -4925.34
         5         0.0093       -4688.64
         5         0.0096       -4466.04
         5         0.0099       -4256.22
         5         0.0102       -4058.01
         5         0.0105       -3870.44
         5         0.0108       -3692.65
         5         0.0111       -3523.88
         5         0.0114       -3363.48
         5         0.0117       -3210.86
         5          0.012        -3065.5
         5         0.0123       -2926.95
         5         0.0126       -2794.79
         5         0.0129       -2668.64
         5         0.0132       -2548.17
         5         0.0135       -2433.08
         5         0.0138       -2323.08
         5         0.0141       -2217.93
         5         0.0144       -2117.39
         5         0.0147       -2021.24
         5          0.015       -1929.28
         5         0.0153       -1841.34
         5         0.0156       -1757.22
         5         0.0159       -1676.78
         5         0.0162       -1599.85
         5         0.0165       -1526.28
         5         0.0168       -1455.93
         5         0.0171       -1388.66
         5         0.0174       -1324.34
         5         0.0177       -1262.84
         5          0.018       -1204.04
         5         0.0183        -1147.8
         5         0.0186       -1094.02
         5         0.0189       -1042.57
         5         0.0192       -993.342
         5         0.0195       -946.224
         5         0.0198       -901.108
         5         0.0201       -857.889
         5         0.0204       -816.465
         5         0.0207       -776.737
         5          0.021       -738.609
         5         0.0213        -701.99
         5         0.0216       -666.791
         5         0.0219       -632.928
         5         0.0222        -600.32
         5         0.0225       -568.888
         5         0.0228       -538.561
         5         0.0231       -509.266
         5         0.0234       -480.939
         5         0.0237       -453.516
         5          0.024       -426.937
         5         0.0243       -401.147
         5         0.0246       -376.092
         5         0.0249       -351.722
         5         0.0252       -327.991
         5         0.0255       -304.854
         5         0.0258       -282.268
         5         0.0261       -260.196
         5         0.0264       -238.599
         5         0.0267       -217.443
         5          0.027       -196.694
         5         0.0273       -176.322
         5         0.0276       -156.297
         5         0.0279       -136.592
         5         0.0282       -117.179
         5         0.0285       -98.0341
         5         0.0288        -79.134
         5         0.0291       -60.4566
         5         0.0294       -41.9823
         5         0.0297       -23.6941
         5           0.03       -5.57925
         5         0.0303              0
         5         0.0306              0
         5         0.0309              0
         5         0.0312              0
         5         0.0315              0
         5         0.0318              0
         5         0.0321              0
         5         0.0324              0
         5         0.0327              0
         5          0.033              0
         5         0.0333              0
         5         0.0336              0
         5         0.0339              0
         5         0.0342              0
         5         0.0345              0
         5         0.0348              0
         5         0.0351              0
         5         0.0354              0
         5         0.0357              0
         5          0.036              0
         5         0.0363              0
         5         0.0366              0
         5         0.0369              0
         5         0.0372              0
         5         0.0375              0
         5         0.0378              0
         5         0.0381              0
         5         0.0384              0
         5         0.0387              0
         5          0.039              0
         5         0.0393              0
         5         0.0396              0
         5         0.0399              0
         5         0.0402              0
         5         0.0405              0
         5         0.0408              0
         5         0.0411              0
         5         0.0414              0
         5         0.0417              0
         5          0.042              0
         5         0.0423              0
         5         0.0426              0
         5         0.0429              0
         5         0.0432              0
         5         0.0435              0
         5         0.0438              0
         5         0.0441              0
         5         0.0444              0
         5         0.0447              0
         5          0.045              0
         5         0.0453              0
         5         0.0456              0
         5         0.0459              0
         5         0.0462              0
         5         0.0465              0
         5         0.0468              0
         5         0.0471              0
         5         0.0474              0
         5         0.0477              0
         6         -0.048              0
         6        -0.0477              0
         6        -0.0474              0
         6        -0.0471              0
         6        -0.0468              0
         6        -0.0465              0
         6        -0.0462              0
         6        -0.0459              0
         6        -0.0456              0
         6        -0.0453              0
         6         -0.045              0
         6        -0.0447              0
         6        -0.0444              0
         6        -0.0441              0
         6        -0.0438              0
         6        -0.0435              0
         6        -0.0432              0
         6        -0.0429              0
         6        -0.0426              0
         6        -0.0423              0
         6         -0.042              0
         6        -0.0417              0
         6        -0.0414              0
         6        -0.0411              0
         6        -0.0408              0
         6        -0.0405              0
         6        -0.0402              0
         6        -0.0399              0
         6        -0.0396              0
         6        -0.0393              0
         6         -0.039              0
         6        -0.0387              0
         6        -0.0384              0
         6        -0.0381              0
         6        -0.0378              0
         6        -0.0375              0
         6        -0.0372              0
         6        -0.0369              0
         6        -0.0366              0
         6        -0.0363              0
         6         -0.036              0
         6        -0.0357              0
         6        -0.0354              0
         6        -0.0351              0
         6        -0.0348              0
         6        -0.0345              0
         6        -0.0342              0
         6        -0.0339              0
         6        -0.0336              0
         6        -0.0333              0
         6         -0.033              0
         6        -0.0327              0
         6        -0.0324              0
         6        -0.0321              0
         6        -0.0318              0
         6        -0.0315              0
         6        -0.0312              0
         6        -0.0309              0
         6        -0.0306              0
         6        -0.0303              0
         6          -0.03       -5.57492
         6        -0.0297       -23.6756
         6        -0.0294       -41.9488
         6        -0.0291        -60.407
         6        -0.0288       -79.0668
         6        -0.0285       -97.9476
         6        -0.0282       -117.071
         6        -0.0279        -136.46
         6        -0.0276       -156.139
         6        -0.0273       -176.135
         6         -0.027       -196.475
         6        -0.0267       -217.188
         6        -0.0264       -238.305
         6        -0.0261        -259.86
         6        -0.0258       -281.887
         6        -0.0255       -304.423
         6        -0.0252       -327.509
         6        -0.0249       -351.186
         6        -0.0246       -375.499
         6        -0.0243       -400.496
         6         -0.024       -426.228
         6        -0.0237       -452.748
         6        -0.0234       -480.114
         6        -0.0231       -508.387
         6        -0.0228       -537.631
         6        -0.0225       -567.914
         6        -0.0222       -599.309
         6        -0.0219       -631.891
         6        -0.0216       -665.739
         6        -0.0213       -700.938
         6         -0.021       -737.575
         6        -0.0207       -775.741
         6        -0.0204        -815.53
         6        -0.0201       -857.042
         6        -0.0198       -900.378
         6        -0.0195       -945.644
         6        -0.0192       -992.946
         6        -0.0189        -1042.4
         6        -0.0186       -1094.11
         6        -0.0183        -1148.2
         6         -0.018       -1204.78
         6        -0.0177       -1263.98
         6        -0.0174       -1325.92
         6        -0.0171       -1390.72
         6        -0.0168       -1458.52
         6        -0.0165       -1529.44
         6        -0.0162       -1603.63
         6        -0.0159       -1681.21
         6        -0.0156       -1762.35
         6        -0.0153       -1847.19
         6         -0.015       -1935.89
         6        -0.0147       -2028.62
         6        -0.0144       -2125.57
         6        -0.0141       -2226.92
         6        -0.0138       -2332.89
         6        -0.0135       -2443.71
         6        -0.0132       -2559.63
         6        -0.0129       -2680.91
         6        -0.0126       -2807.85
         6        -0.0123       -2940.79
         6         -0.012       -3080.09
         6        -0.0117       -3226.16
         6        -0.0114       -3379.46
         6        -0.0111       -3540.49
         6        -0.0108       -3709.83
         6        -0.0105       -3888.13
         6        -0.0102       -4076.14
         6        -0.0099        -4274.7
         6        -0.0096       -4484.79
         6        -0.0093       -4707.54
         6         -0.009       -4944.27
         6        -0.0087       -5196.55
         6        -0.0084       -5466.24
         6        -0.0081       -5755.59
         6        -0.0078       -6067.39
         6        -0.0075        -6405.1
         6        -0.0072       -6773.17
         6        -0.0069       -7177.44
         6        -0.0066       -7625.76
         6        -0.0063       -8128.95
         6         -0.006       -8701.43
         6        -0.0057       -9356.97
         6        -0.0054         -10000
         6        -0.0051         -10000
         6        -0.0048         -10000
         6        -0.0045       -9991.41
         6        -0.0042       -9921.69
         6        -0.0039       -9857.67
         6        -0.0036       -9804.03
         6        -0.0033       -9760.82
         6         -0.003       -9726.98
         6        -0.0027       -9701.21
         6        -0.0024       -9682.22
         6        -0.0021       -9668.76
         6        -0.0018       -9659.69
         6        -0.0015       -9653.95
         6        -0.0012       -9650.58
         6        -0.0009       -9648.75
         6        -0.0006       -9647.77
         6        -0.0003       -9647.14
         6              0       -9646.54
         6         0.0003        -9645.9
         6         0.0006       -9645.33
         6         0.0009       -9645.21
         6         0.0012       -9646.08
         6         0.0015       -9648.67
         6         0.0018       -9653.84
         6         0.0021       -9662.57
         6         0.0024       -9675.93
         6         0.0027       -9695.08
         6          0.003       -9721.26
         6         0.0033       -9755.76
         6         0.0036       -9799.88
         6         0.0039       -9854.66
         6         0.0042       -9920.03
         6         0.0045       -9991.18
         6         0.0048         -10000
         6         0.0051         -10000
         6         0.0054         -10000
         6         0.0057       -9354.23
         6          0.006       -8694.73
         6         0.0063       -8119.24
         6         0.0066       -7613.64
         6         0.0069       -7163.39
         6         0.0072       -6757.59
         6         0.0075       -6388.33
         6         0.0078       -6049.71
         6         0.0081       -5737.26
         6         0.0084       -5447.47
         6         0.0087       -5177.53
         6          0.009       -4925.17
         6         0.0093        -4688.5
         6         0.0096       -4465.93
         6         0.0099       -4256.13
         6         0.0102       -4057.95
         6         0.0105       -3870.41
         6         0.0108       -3692.64
         6         0.0111        -3523.9
         6         0.0114       -3363.52
         6         0.0117       -3210.92
         6          0.012       -3065.58
         6         0.0123       -2927.05
         6         0.0126       -2794.89
         6         0.0129       -2668.76
         6         0.0132        -2548.3
         6         0.0135       -2433.21
         6         0.0138       -2323.22
         6         0.0141       -2218.07
         6         0.0144       -2117.53
         6         0.0147       -2021.38
         6          0.015       -1929.42
         6         0.0153       -1841.48
         6         0.0156       -1757.36
         6         0.0159       -1676.91
         6         0.0162       -1599.98
         6         0.0165        -1526.4
         6         0.0168       -1456.05
         6         0.0171       -1388.78
         6         0.0174       -1324.45
         6         0.0177       -1262.95
         6          0.018       -1204.14
         6         0.0183        -1147.9
         6         0.0186       -1094.11
         6         0.0189       -1042.66
         6         0.0192       -993.426
         6         0.0195       -946.305
         6         0.0198       -901.185
         6         0.0201       -857.963
         6         0.0204       -816.535
         6         0.0207       -776.804
         6          0.021       -738.673
         6         0.0213       -702.051
         6         0.0216        -666.85
         6         0.0219       -632.984
         6         0.0222       -600.373
         6         0.0225        -568.94
         6         0.0228       -538.609
         6         0.0231       -509.313
         6         0.0234       -480.983
         6         0.0237       -453.558
         6          0.024       -426.977
         6         0.0243       -401.185
         6         0.0246       -376.128
         6         0.0249       -351.757
         6         0.0252       -328.023
         6         0.0255       -304.884
         6         0.0258       -282.297
         6         0.0261       -260.222
         6         0.0264       -238.623
         6         0.0267       -217.465
         6          0.027       -196.715
         6         0.0273       -176.341
         6         0.0276       -156.314
         6         0.0279       -136.606
         6         0.0282       -117.191
         6         0.0285       -98.0446
         6         0.0288       -79.1425
         6         0.0291       -60.4632
         6         0.0294       -41.9869
         6         0.0297       -23.6967
         6           0.03       -5.57985
         6         0.0303              0
         6         0.0306              0
         6         0.0309              0
         6         0.0312              0
         6         0.0315              0
         6         0.0318              0
         6         0.0321              0
         6         0.0324              0
         6         0.0327              0
         6          0.033              0
         6         0.0333              0
         6         0.0336              0
         6         0.0339              0
         6         0.0342              0
         6         0.0345              0
         6         0.0348              0
         6         0.0351              0
         6         0.0354              0
         6         0.0357              0
         6          0.036              0
         6         0.0363              0
         6         0.0366              0
         6         0.0369              0
         6         0.0372              0
         6         0.0375              0
         6         0.0378              0
         6         0.0381              0
         6         0.0384              0
         6         0.0387              0
         6          0.039              0
         6         0.0393              0
         6         0.0396              0
         6         0.0399              0
         6         0.0402              0
         6         0.0405              0
         6         0.0408              0
         6         0.0411              0
         6         0.0414              0
         6         0.0417              0
         6          0.042              0
         6         0.0423              0
         6         0.0426              0
         6         0.0429              0
         6         0.0432              0
         6         0.0435              0
         6         0.0438              0
         6         0.0441              0
         6         0.0444              0
         6         0.0447              0
         6          0.045              0
         6         0.0453              0
         6         0.0456              0
         6         0.0459              0
         6         0.0462              0
         6         0.0465              0
         6         0.0468              0
         6         0.0471              0
         6         0.0474              0
         6         0.0477              0
         7         -0.048              0
         7        -0.0477              0
         7        -0.0474              0
         7        -0.0471              0
         7        -0.0468              0
         7        -0.0465              0
         7        -0.0462              0
         7        -0.0459              0
         7        -0.0456              0
         7        -0.0453              0
         7         -0.045              0
         7        -0.0447              0
         7        -0.0444              0
         7        -0.0441              0
         7        -0.0438              0
         7        -0.0435              0
         7        -0.0432              0
         7        -0.0429              0
         7        -0.0426              0
         7        -0.0423              0
         7         -0.042              0
         7        -0.0417              0
         7        -0.0414              0
         7        -0.0411              0
         7        -0.0408              0
         7        -0.0405              0
         7        -0.0402              0
         7        -0.0399              0
         7        -0.0396              0
         7        -0.0393              0
         7         -0.039              0
         7        -0.0387              0
         7        -0.0384              0
         7        -0.0381              0
         7        -0.0378              0
         7        -0.0375              0
         7        -0.0372              0
         7        -0.0369              0
         7        -0.0366              0
         7        -0.0363              0
         7         -0.036              0
         7        -0.0357              0
         7        -0.0354              0
         7        -0.0351              0
         7        -0.0348              0
         7        -0.0345              0
         7        -0.0342              0
         7        -0.0339              0
         7        -0.0336              0
         7        -0.0333              0
         7         -0.033              0
         7        -0.0327              0
         7        -0.0324              0
         7        -0.0321              0
         7        -0.0318              0
         7        -0.0315              0
         7        -0.0312              0
         7        -0.0309              0
         7        -0.0306              0
         7        -0.0303              0
         7          -0.03       -5.57617
         7        -0.0297       -23.6809
         7        -0.0294       -41.9582
         7        -0.0291       -60.4204
         7        -0.0288       -79.0842
         7        -0.0285       -97.9689
         7        -0.0282       -117.096
         7        -0.0279       -136.489
         7        -0.0276       -156.171
         7        -0.0273        -176.17
         7         -0.027       -196.513
         7        -0.0267       -217.229
         7        -0.0264       -238.349
         7        -0.0261       -259.906
         7        -0.0258       -281.935
         7        -0.0255       -304.474
         7        -0.0252       -327.561
         7        -0.0249       -351.239
         7        -0.0246       -375.553
         7        -0.0243       -400.551
         7         -0.024       -426.283
         7        -0.0237       -452.803
         7        -0.0234       -480.168
         7        -0.0231        -508.44
         7        -0.0228       -537.683
         7        -0.0225       -567.965
         7        -0.0222       -599.358
         7        -0.0219       -631.937
         7        -0.0216       -665.784
         7        -0.0213        -700.98
         7         -0.021       -737.614
         7        -0.0207       -775.777
         7        -0.0204       -815.565
         7        -0.0201       -857.074
         7        -0.0198       -900.408
         7        -0.0195       -945.671
         7        -0.0192       -992.972
         7        -0.0189       -1042.42
         7        -0.0186       -1094.13
         7        -0.0183       -1148.22
         7         -0.018       -1204.81
         7        -0.0177       -1264.01
         7        -0.0174       -1325.95
         7        -0.0171       -1390.76
         7        -0.0168       -1458.56
         7        -0.0165       -1529.49
         7        -0.0162       -1603.69
         7        -0.0159       -1681.28
         7        -0.0156       -1762.43
         7        -0.0153       -1847.28
         7         -0.015          -1936
         7        -0.0147       -2028.75
         7        -0.0144       -2125.72
         7        -0.0141       -2227.09
         7        -0.0138       -2333.09
         7        -0.0135       -2443.94
         7        -0.0132       -2559.88
         7        -0.0129       -2681.18
         7        -0.0126       -2808.16
         7        -0.0123       -2941.12
         7         -0.012       -3080.45
         7        -0.0117       -3226.55
         7        -0.0114       -3379.87
         7        -0.0111       -3540.92
         7        -0.0108       -3710.28
         7        -0.0105       -3888.59
         7        -0.0102        -4076.6
         7        -0.0099       -4275.16
         7        -0.0096       -4485.24
         7        -0.0093       -4707.97
         7         -0.009       -4944.67
         7        -0.0087       -5196.92
         7        -0.0084       -5466.56
         7        -0.0081       -5755.88
         7        -0.0078       -6067.63
         7        -0.0075        -6405.3
         7        -0.0072       -6773.33
         7        -0.0069       -7177.57
         7        -0.0066       -7625.87
         7        -0.0063       -8129.04
         7         -0.006        -8701.5
         7        -0.0057       -9357.02
         7        -0.0054         -10000
         7        -0.0051         -10000
         7        -0.0048         -10000
         7        -0.0045       -9991.42
         7        -0.0042       -9921.68
         7        -0.0039       -9857.62
         7        -0.0036       -9803.94
         7        -0.0033        -9760.7
         7         -0.003       -9726.85
         7        -0.0027       -9701.08
         7        -0.0024        -9682.1
         7        -0.0021       -9668.66
         7        -0.0018       -9659.62
         7        -0.0015       -9653.92
         7        -0.0012       -9650.58
         7        -0.0009       -9648.79
         7        -0.0006       -9647.85
         7        -0.0003       -9647.25
         7              0       -9646.69
         7         0.0003       -9646.08
         7         0.0006       -9645.55
         7         0.0009       -9645.45
         7         0.0012       -9646.35
         7         0.0015       -9648.95
         7         0.0018       -9654.13
         7         0.0021       -9662.86
         7         0.0024       -9676.21
         7         0.0027       -9695.34
         7          0.003       -9721.49
         7         0.0033       -9755.96
         7         0.0036       -9800.03
         7         0.0039       -9854.76
         7         0.0042       -9920.07
         7         0.0045       -9991.19
         7         0.0048         -10000
         7         0.0051         -10000
         7         0.0054         -10000
         7         0.0057        -9354.2
         7          0.006       -8694.71
         7         0.0063       -8119.23
         7         0.0066       -7613.66
         7         0.0069       -7163.43
         7         0.0072       -6757.65
         7         0.0075       -6388.39
         7         0.0078       -6049.78
         7         0.0081       -5737.32
         7         0.0084       -5447.52
         7         0.0087       -5177.57
         7          0.009       -4925.19
         7         0.0093        -4688.5
         7         0.0096       -4465.91
         7         0.0099       -4256.09
         7         0.0102        -4057.9
         7         0.0105       -3870.34
         7         0.0108       -3692.56
         7         0.0111       -3523.81
         7         0.0114       -3363.42
         7         0.0117       -3210.82
         7          0.012       -3065.49
         7         0.0123       -2926.95
         7         0.0126       -2794.81
         7         0.0129       -2668.68
         7         0.0132       -2548.23
         7         0.0135       -2433.15
         7         0.0138       -2323.17
         7         0.0141       -2218.03
         7         0.0144        -2117.5
         7         0.0147       -2021.37
         7          0.015       -1929.42
         7         0.0153       -1841.49
         7         0.0156       -1757.38
         7         0.0159       -1676.94
         7         0.0162       -1600.02
         7         0.0165       -1526.45
         7         0.0168       -1456.11
         7         0.0171       -1388.84
         7         0.0174       -1324.52
         7         0.0177       -1263.02
         7          0.018       -1204.22
         7         0.0183       -1147.98
         7         0.0186        -1094.2
         7         0.0189       -1042.75
         7         0.0192       -993.518
         7         0.0195       -946.398
         7         0.0198        -901.28
         7         0.0201       -858.058
         7         0.0204        -816.63
         7         0.0207       -776.898
         7          0.021       -738.767
         7         0.0213       -702.144
         7         0.0216       -666.942
         7         0.0219       -633.074
         7         0.0222       -600.462
         7         0.0225       -569.026
         7         0.0228       -538.693
         7         0.0231       -509.394
         7         0.0234       -481.062
         7         0.0237       -453.634
         7          0.024        -427.05
         7         0.0243       -401.255
         7         0.0246       -376.195
         7         0.0249        -351.82
         7         0.0252       -328.084
         7         0.0255       -304.941
         7         0.0258        -282.35
         7         0.0261       -260.272
         7         0.0264        -238.67
         7         0.0267       -217.508
         7          0.027       -196.754
         7         0.0273       -176.376
         7         0.0276       -156.345
         7         0.0279       -136.634
         7         0.0282       -117.215
         7         0.0285       -98.0646
         7         0.0288       -79.1587
         7         0.0291       -60.4755
         7         0.0294       -41.9955
         7         0.0297       -23.7015
         7           0.03         -5.581
         7         0.0303              0
         7         0.0306              0
         7         0.0309              0
         7         0.0312              0
         7         0.0315              0
         7         0.0318              0
         7         0.0321              0
         7         0.0324              0
         7         0.0327              0
         7          0.033              0
         7         0.0333              0
         7         0.0336              0
         7         0.0339              0
         7         0.0342              0
         7         0.0345              0
         7         0.0348              0
         7         0.0351              0
         7         0.0354              0
         7         0.0357              0
         7          0.036              0
         7         0.0363              0
         7         0.0366              0
         7         0.0369              0
         7         0.0372              0
         7         0.0375              0
         7         0.0378              0
         7         0.0381              0
         7         0.0384              0
         7         0.0387              0
         7          0.039              0
         7         0.0393              0
         7         0.0396              0
         7         0.0399              0
         7         0.0402              0
         7         0.0405              0
         7         0.0408              0
         7         0.0411              0
         7         0.0414              0
         7         0.0417              0
         7          0.042              0
         7         0.0423              0
         7         0.0426              0
         7         0.0429              0
         7         0.0432              0
         7         0.0435              0
         7         0.0438              0
         7         0.0441              0
         7         0.0444              0
         7         0.0447              0
         7          0.045              0
         7         0.0453              0
         7         0.0456              0
         7         0.0459              0
         7         0.0462              0
         7         0.0465              0
         7         0.0468              0
         7         0.0471              0
         7         0.0474              0
         7         0.0477              0
         8         -0.048              0
         8        -0.0477              0
         8        -0.0474              0
         8        -0.0471              0
         8        -0.0468              0
         8        -0.0465              0
         8        -0.0462              0
         8        -0.0459              0
         8        -0.0456              0
         8        -0.0453              0
         8         -0.045              0
         8        -0.0447              0
         8        -0.0444              0
         8        -0.0441              0
         8        -0.0438              0
         8        -0.0435              0
         8        -0.0432              0
         8        -0.0429              0
         8        -0.0426              0
         8        -0.0423              0
         8         -0.042              0
         8        -0.0417              0
         8        -0.0414              0
         8        -0.0411              0
         8        -0.0408              0
         8        -0.0405              0
         8        -0.0402              0
         8        -0.0399              0
         8        -0.0396              0
         8        -0.0393              0
         8         -0.039              0
         8        -0.0387              0
         8        -0.0384              0
         8        -0.0381              0
         8        -0.0378              0
         8        -0.0375              0
         8        -0.0372              0
         8        -0.0369              0
         8        -0.0366              0
         8        -0.0363              0
         8         -0.036              0
         8        -0.0357              0
         8        -0.0354              0
         8        -0.0351              0
         8        -0.0348              0
         8        -0.0345              0
         8        -0.0342              0
         8        -0.0339              0
         8        -0.0336              0
         8        -0.0333              0
         8         -0.033              0
         8        -0.0327              0
         8        -0.0324              0
         8        -0.0321              0
         8        -0.0318              0
         8        -0.0315              0
         8        -0.0312              0
         8        -0.0309              0
         8        -0.0306              0
         8        -0.0303              0
         8          -0.03       -5.57703
         8        -0.0297       -23.6845
         8        -0.0294       -41.9646
         8        -0.0291       -60.4296
         8        -0.0288       -79.0961
         8        -0.0285       -97.9836
         8        -0.0282       -117.113
         8        -0.0279       -136.509
         8        -0.0276       -156.194
         8        -0.0273       -176.196
         8         -0.027       -196.541
         8        -0.0267       -217.259
         8        -0.0264       -238.382
         8        -0.0261       -259.941
         8        -0.0258       -281.973
         8        -0.0255       -304.513
         8        -0.0252       -327.603
         8        -0.0249       -351.283
         8        -0.0246         -375.6
         8        -0.0243       -400.599
         8         -0.024       -426.333
         8        -0.0237       -452.856
         8        -0.0234       -480.224
         8        -0.0231       -508.498
         8        -0.0228       -537.743
         8        -0.0225       -568.028
         8        -0.0222       -599.424
         8        -0.0219       -632.006
         8        -0.0216       -665.856
         8        -0.0213       -701.056
         8         -0.021       -737.695
         8        -0.0207       -775.862
         8        -0.0204       -815.654
         8        -0.0201       -857.169
         8        -0.0198       -900.508
         8        -0.0195       -945.777
         8        -0.0192       -993.085
         8        -0.0189       -1042.54
         8        -0.0186       -1094.26
         8        -0.0183       -1148.35
         8         -0.018       -1204.95
         8        -0.0177       -1264.16
         8        -0.0174       -1326.11
         8        -0.0171       -1390.92
         8        -0.0168       -1458.73
         8        -0.0165       -1529.67
         8        -0.0162       -1603.87
         8        -0.0159       -1681.48
         8        -0.0156       -1762.63
         8        -0.0153       -1847.48
         8         -0.015        -1936.2
         8        -0.0147       -2028.95
         8        -0.0144       -2125.91
         8        -0.0141       -2227.28
         8        -0.0138       -2333.27
         8        -0.0135        -2444.1
         8        -0.0132       -2560.03
         8        -0.0129       -2681.32
         8        -0.0126       -2808.27
         8        -0.0123       -2941.21
         8         -0.012        -3080.5
         8        -0.0117       -3226.56
         8        -0.0114       -3379.84
         8        -0.0111       -3540.84
         8        -0.0108       -3710.15
         8        -0.0105       -3888.41
         8        -0.0102       -4076.37
         8        -0.0099       -4274.87
         8        -0.0096       -4484.89
         8        -0.0093       -4707.57
         8         -0.009       -4944.23
         8        -0.0087       -5196.42
         8        -0.0084       -5466.03
         8        -0.0081       -5755.32
         8        -0.0078       -6067.05
         8        -0.0075       -6404.71
         8        -0.0072       -6772.74
         8        -0.0069       -7176.99
         8        -0.0066       -7625.33
         8        -0.0063       -8128.57
         8         -0.006       -8701.14
         8        -0.0057       -9356.83
         8        -0.0054         -10000
         8        -0.0051         -10000
         8        -0.0048         -10000
         8        -0.0045        -9991.4
         8        -0.0042       -9921.56
         8        -0.0039       -9857.43
         8        -0.0036       -9803.71
         8        -0.0033       -9760.46
         8         -0.003       -9726.61
         8        -0.0027       -9700.86
         8        -0.0024        -9681.9
         8        -0.0021       -9668.48
         8        -0.0018       -9659.47
         8        -0.0015       -9653.78
         8        -0.0012       -9650.47
         8        -0.0009       -9648.69
         8        -0.0006       -9647.76
         8        -0.0003       -9647.18
         8              0       -9646.62
         8         0.0003          -9646
         8         0.0006       -9645.46
         8         0.0009       -9645.35
         8         0.0012       -9646.22
         8         0.0015       -9648.81
         8         0.0018       -9653.97
         8         0.0021       -9662.68
         8         0.0024       -9676.01
         8         0.0027       -9695.14
         8          0.003       -9721.29
         8         0.0033       -9755.77
         8         0.0036       -9799.88
         8         0.0039       -9854.66
         8         0.0042       -9920.02
         8         0.0045       -9991.18
         8         0.0048         -10000
         8         0.0051         -10000
         8         0.0054         -10000
         8         0.0057       -9354.32
         8          0.006       -8694.91
         8         0.0063       -8119.49
         8         0.0066       -7613.95
         8         0.0069       -7163.74
         8         0.0072       -6757.98
         8         0.0075       -6388.73
         8         0.0078       -6050.13
         8         0.0081       -5737.68
         8         0.0084       -5447.88
         8         0.0087       -5177.92
         8          0.009       -4925.54
         8         0.0093       -4688.84
         8         0.0096       -4466.24
         8         0.0099        -4256.4
         8         0.0102       -4058.19
         8         0.0105       -3870.61
         8         0.0108       -3692.81
         8         0.0111       -3524.04
         8         0.0114       -3363.63
         8         0.0117       -3211.01
         8          0.012       -3065.65
         8         0.0123        -2927.1
         8         0.0126       -2794.94
         8         0.0129       -2668.79
         8         0.0132       -2548.33
         8         0.0135       -2433.24
         8         0.0138       -2323.25
         8         0.0141        -2218.1
         8         0.0144       -2117.56
         8         0.0147       -2021.41
         8          0.015       -1929.46
         8         0.0153       -1841.52
         8         0.0156       -1757.41
         8         0.0159       -1676.97
         8         0.0162       -1600.04
         8         0.0165       -1526.48
         8         0.0168       -1456.13
         8         0.0171       -1388.86
         8         0.0174       -1324.55
         8         0.0177       -1263.05
         8          0.018       -1204.24
         8         0.0183       -1148.01
         8         0.0186       -1094.23
         8         0.0189       -1042.78
         8         0.0192       -993.553
         8         0.0195       -946.436
         8         0.0198        -901.32
         8         0.0201       -858.101
         8         0.0204       -816.676
         8         0.0207       -776.947
         8          0.021       -738.818
         8         0.0213       -702.197
         8         0.0216       -666.996
         8         0.0219       -633.131
         8         0.0222       -600.519
         8         0.0225       -569.084
         8         0.0228       -538.752
         8         0.0231       -509.453
         8         0.0234       -481.121
         8         0.0237       -453.692
         8          0.024       -427.108
         8         0.0243       -401.312
         8         0.0246        -376.25
         8         0.0249       -351.874
         8         0.0252       -328.136
         8         0.0255       -304.991
         8         0.0258       -282.398
         8         0.0261       -260.317
         8         0.0264       -238.712
         8         0.0267       -217.547
         8          0.027        -196.79
         8         0.0273       -176.409
         8         0.0276       -156.375
         8         0.0279        -136.66
         8         0.0282       -117.238
         8         0.0285        -98.084
         8         0.0288       -79.1744
         8         0.0291       -60.4877
         8         0.0294       -42.0039
         8         0.0297       -23.7063
         8           0.03       -5.58213
         8         0.0303              0
         8         0.0306              0
         8         0.0309              0
         8         0.0312              0
         8         0.0315              0
         8         0.0318              0
         8         0.0321              0
         8         0.0324              0
         8         0.0327              0
         8          0.033              0
         8         0.0333              0
         8         0.0336              0
         8         0.0339              0
         8         0.0342              0
         8         0.0345              0
         8         0.0348              0
         8         0.0351              0
         8         0.0354              0
         8         0.0357              0
         8          0.036              0
         8         0.0363              0
         8         0.0366              0
         8         0.0369              0
         8         0.0372              0
         8         0.0375              0
         8         0.0378              0
         8         0.0381              0
         8         0.0384              0
         8         0.0387              0
         8          0.039              0
         8         0.0393              0
         8         0.0396              0
         8         0.0399              0
         8         0.0402              0
         8         0.0405              0
         8         0.0408              0
         8         0.0411              0
         8         0.0414              0
         8         0.0417              0
         8          0.042              0
         8         0.0423              0
         8         0.0426              0
         8         0.0429              0
         8         0.0432              0
         8         0.0435              0
         8         0.0438              0
         8         0.0441              0
         8         0.0444              0
         8         0.0447              0
         8          0.045              0
         8         0.0453              0
         8         0.0456              0
         8         0.0459              0
         8         0.0462              0
         8         0.0465              0
         8         0.0468              0
         8         0.0471              0
         8         0.0474              0
         8         0.0477              0
         9         -0.048              0
         9        -0.0477              0
         9        -0.0474              0
         9        -0.0471              0
         9        -0.0468              0
         9        -0.0465              0
         9        -0.0462              0
         9        -0.0459              0
         9        -0.0456              0
         9        -0.0453              0
         9         -0.045              0
         9        -0.0447              0
         9        -0.0444              0
         9        -0.0441              0
         9        -0.0438              0
         9        -0.0435              0
         9        -0.0432              0
         9        -0.0429              0
         9        -0.0426              0
         9        -0.0423              0
         9         -0.042              0
         9        -0.0417              0
         9        -0.0414              0
         9        -0.0411              0
         9        -0.0408              0
         9        -0.0405              0
         9        -0.0402              0
         9        -0.0399              0
         9        -0.0396              0
         9        -0.0393              0
         9         -0.039              0
         9        -0.0387              0
         9        -0.0384              0
         9        -0.0381              0
         9        -0.0378              0
         9        -0.0375              0
         9        -0.0372              0
         9        -0.0369              0
         9        -0.0366              0
         9        -0.0363              0
         9         -0.036              0
         9        -0.0357              0
         9        -0.0354              0
         9        -0.0351              0
         9        -0.0348              0
         9        -0.0345              0
         9        -0.0342              0
         9        -0.0339              0
         9        -0.0336              0
         9        -0.0333              0
         9         -0.033              0
         9        -0.0327              0
         9        -0.0324              0
         9        -0.0321              0
         9        -0.0318              0
         9        -0.0315              0
         9        -0.0312              0
         9        -0.0309              0
         9        -0.0306              0
         9        -0.0303              0
         9          -0.03        -5.5778
         9        -0.0297       -23.6878
         9        -0.0294       -41.9703
         9        -0.0291       -60.4379
         9        -0.0288       -79.1069
         9        -0.0285       -97.9969
         9        -0.0282       -117.129
         9        -0.0279       -136.527
         9        -0.0276       -156.215
         9        -0.0273       -176.219
         9         -0.027       -196.567
         9        -0.0267       -217.288
         9        -0.0264       -238.413
         9        -0.0261       -259.975
         9        -0.0258       -282.009
         9        -0.0255       -304.552
         9        -0.0252       -327.644
         9        -0.0249       -351.327
         9        -0.0246       -375.645
         9        -0.0243       -400.647
         9         -0.024       -426.384
         9        -0.0237       -452.908
         9        -0.0234       -480.278
         9        -0.0231       -508.555
         9        -0.0228       -537.802
         9        -0.0225       -568.089
         9        -0.0222       -599.486
         9        -0.0219       -632.071
         9        -0.0216       -665.922
         9        -0.0213       -701.123
         9         -0.021       -737.762
         9        -0.0207        -775.93
         9        -0.0204       -815.722
         9        -0.0201       -857.237
         9        -0.0198       -900.575
         9        -0.0195       -945.843
         9        -0.0192       -993.148
         9        -0.0189        -1042.6
         9        -0.0186       -1094.31
         9        -0.0183       -1148.41
         9         -0.018       -1204.99
         9        -0.0177        -1264.2
         9        -0.0174       -1326.14
         9        -0.0171       -1390.95
         9        -0.0168       -1458.75
         9        -0.0165       -1529.67
         9        -0.0162       -1603.86
         9        -0.0159       -1681.45
         9        -0.0156       -1762.59
         9        -0.0153       -1847.43
         9         -0.015       -1936.13
         9        -0.0147       -2028.87
         9        -0.0144       -2125.81
         9        -0.0141       -2227.17
         9        -0.0138       -2333.14
         9        -0.0135       -2443.96
         9        -0.0132       -2559.87
         9        -0.0129       -2681.14
         9        -0.0126       -2808.08
         9        -0.0123       -2941.01
         9         -0.012       -3080.29
         9        -0.0117       -3226.35
         9        -0.0114       -3379.63
         9        -0.0111       -3540.64
         9        -0.0108       -3709.97
         9        -0.0105       -3888.26
         9        -0.0102       -4076.25
         9        -0.0099       -4274.79
         9        -0.0096       -4484.87
         9        -0.0093       -4707.61
         9         -0.009       -4944.34
         9        -0.0087       -5196.61
         9        -0.0084        -5466.3
         9        -0.0081       -5755.67
         9        -0.0078       -6067.48
         9        -0.0075       -6405.21
         9        -0.0072        -6773.3
         9        -0.0069       -7177.59
         9        -0.0066       -7625.92
         9        -0.0063       -8129.11
         9         -0.006       -8701.57
         9        -0.0057       -9357.06
         9        -0.0054         -10000
         9        -0.0051         -10000
         9        -0.0048         -10000
         9        -0.0045       -9991.42
         9        -0.0042       -9921.77
         9        -0.0039       -9857.77
         9        -0.0036       -9804.14
         9        -0.0033       -9760.92
         9         -0.003       -9727.07
         9        -0.0027       -9701.29
         9        -0.0024       -9682.29
         9        -0.0021       -9668.82
         9        -0.0018       -9659.75
         9        -0.0015          -9654
         9        -0.0012       -9650.62
         9        -0.0009       -9648.78
         9        -0.0006        -9647.8
         9        -0.0003       -9647.15
         9              0       -9646.54
         9         0.0003       -9645.88
         9         0.0006        -9645.3
         9         0.0009       -9645.16
         9         0.0012       -9646.01
         9         0.0015       -9648.58
         9         0.0018       -9653.72
         9         0.0021       -9662.43
         9         0.0024       -9675.78
         9         0.0027       -9694.92
         9          0.003       -9721.09
         9         0.0033        -9755.6
         9         0.0036       -9799.74
         9         0.0039       -9854.56
         9         0.0042       -9919.97
         9         0.0045       -9991.18
         9         0.0048         -10000
         9         0.0051         -10000
         9         0.0054         -10000
         9         0.0057       -9354.28
         9          0.006       -8694.84
         9         0.0063        -8119.4
         9         0.0066       -7613.84
         9         0.0069       -7163.63
         9         0.0072       -6757.86
         9         0.0075       -6388.61
         9         0.0078       -6050.01
         9         0.0081       -5737.56
         9         0.0084       -5447.77
         9         0.0087       -5177.83
         9          0.009       -4925.46
         9         0.0093       -4688.78
         9         0.0096        -4466.2
         9         0.0099       -4256.39
         9         0.0102        -4058.2
         9         0.0105       -3870.64
         9         0.0108       -3692.86
         9         0.0111        -3524.1
         9         0.0114       -3363.71
         9         0.0117       -3211.11
         9          0.012       -3065.76
         9         0.0123       -2927.22
         9         0.0126       -2795.06
         9         0.0129       -2668.92
         9         0.0132       -2548.46
         9         0.0135       -2433.37
         9         0.0138       -2323.37
         9         0.0141       -2218.22
         9         0.0144       -2117.68
         9         0.0147       -2021.53
         9          0.015       -1929.57
         9         0.0153       -1841.63
         9         0.0156       -1757.51
         9         0.0159       -1677.07
         9         0.0162       -1600.13
         9         0.0165       -1526.56
         9         0.0168       -1456.21
         9         0.0171       -1388.94
         9         0.0174       -1324.62
         9         0.0177       -1263.12
         9          0.018       -1204.31
         9         0.0183       -1148.07
         9         0.0186       -1094.28
         9         0.0189       -1042.83
         9         0.0192       -993.602
         9         0.0195       -946.482
         9         0.0198       -901.364
         9         0.0201       -858.142
         9         0.0204       -816.715
         9         0.0207       -776.984
         9          0.021       -738.853
         9         0.0213       -702.231
         9         0.0216       -667.029
         9         0.0219       -633.162
         9         0.0222       -600.549
         9         0.0225       -569.113
         9         0.0228        -538.78
         9         0.0231       -509.481
         9         0.0234       -481.147
         9         0.0237       -453.718
         9          0.024       -427.133
         9         0.0243       -401.336
         9         0.0246       -376.274
         9         0.0249       -351.897
         9         0.0252       -328.157
         9         0.0255       -305.012
         9         0.0258       -282.418
         9         0.0261       -260.336
         9         0.0264        -238.73
         9         0.0267       -217.564
         9          0.027       -196.805
         9         0.0273       -176.423
         9         0.0276       -156.388
         9         0.0279       -136.672
         9         0.0282       -117.248
         9         0.0285       -98.0925
         9         0.0288       -79.1814
         9         0.0291       -60.4931
         9         0.0294       -42.0077
         9         0.0297       -23.7085
         9           0.03       -5.58263
         9         0.0303              0
         9         0.0306              0
         9         0.0309              0
         9         0.0312              0
         9         0.0315              0
         9         0.0318              0
         9         0.0321              0
         9         0.0324              0
         9         0.0327              0
         9          0.033              0
         9         0.0333              0
         9         0.0336              0
         9         0.0339              0
         9         0.0342              0
         9         0.0345              0
         9         0.0348              0
         9         0.0351              0
         9         0.0354              0
         9         0.0357              0
         9          0.036              0
         9         0.0363              0
         9         0.0366              0
         9         0.0369              0
         9         0.0372              0
         9         0.0375              0
         9         0.0378              0
         9         0.0381              0
         9         0.0384              0
         9         0.0387              0
         9          0.039              0
         9         0.0393              0
         9         0.0396              0
         9         0.0399              0
         9         0.0402              0
         9         0.0405              0
         9         0.0408              0
         9         0.0411              0
         9         0.0414              0
         9         0.0417              0
         9          0.042              0
         9         0.0423              0
         9         0.0426              0
         9         0.0429              0
         9         0.0432              0
         9         0.0435              0
         9         0.0438              0
         9         0.0441              0
         9         0.0444              0
         9         0.0447              0
         9          0.045              0
         9         0.0453              0
         9         0.0456              0
         9         0.0459              0
         9         0.0462              0
         9         0.0465              0
         9         0.0468              0
         9         0.0471              0
         9         0.0474              0
         9         0.0477              0
        10         -0.048              0
        10        -0.0477              0
        10        -0.0474              0
        10        -0.0471              0
        10        -0.0468              0
        10        -0.0465              0
        10        -0.0462              0
        10        -0.0459              0
        10        -0.0456              0
        10        -0.0453              0
        10         -0.045              0
        10        -0.0447              0
        10        -0.0444              0
        10        -0.0441              0
        10        -0.0438              0
        10        -0.0435              0
        10        -0.0432              0
        10        -0.0429              0
        10        -0.0426              0
        10        -0.0423              0
        10         -0.042              0
        10        -0.0417              0
        10        -0.0414              0
        10        -0.0411              0
        10        -0.0408              0
        10        -0.0405              0
        10        -0.0402              0
        10        -0.0399              0
        10        -0.0396              0
        10        -0.0393              0
        10         -0.039              0
        10        -0.0387              0
        10        -0.0384              0
        10        -0.0381              0
        10        -0.0378              0
        10        -0.0375              0
        10        -0.0372              0
        10        -0.0369              0
        10        -0.0366              0
        10        -0.0363              0
        10         -0.036              0
        10        -0.0357              0
        10        -0.0354              0
        10        -0.0351              0
        10        -0.0348              0
        10        -0.0345              0
        10        -0.0342              0
        10        -0.0339              0
        10        -0.0336              0
        10        -0.0333              0
        10         -0.033              0
        10        -0.0327              0
        10        -0.0324              0
        10        -0.0321              0
        10        -0.0318              0
        10        -0.0315              0
        10        -0.0312              0
        10        -0.0309              0
        10        -0.0306              0
        10        -0.0303              0
        10          -0.03        -5.5785
        10        -0.0297       -23.6907
        10        -0.0294       -41.9756
        10        -0.0291       -60.4454
        10        -0.0288       -79.1167
        10        -0.0285       -98.0089
        10        -0.0282       -117.144
        10        -0.0279       -136.544
        10        -0.0276       -156.234
        10        -0.0273        -176.24
        10         -0.027       -196.589
        10        -0.0267       -217.312
        10        -0.0264       -238.439
        10        -0.0261       -260.002
        10        -0.0258       -282.038
        10        -0.0255       -304.582
        10        -0.0252       -327.675
        10        -0.0249       -351.359
        10        -0.0246       -375.678
        10        -0.0243       -400.681
        10         -0.024       -426.417
        10        -0.0237       -452.942
        10        -0.0234       -480.312
        10        -0.0231       -508.588
        10        -0.0228       -537.834
        10        -0.0225        -568.12
        10        -0.0222       -599.516
        10        -0.0219       -632.098
        10        -0.0216       -665.947
        10        -0.0213       -701.146
        10         -0.021       -737.783
        10        -0.0207       -775.948
        10        -0.0204       -815.737
        10        -0.0201       -857.248
        10        -0.0198       -900.584
        10        -0.0195       -945.848
        10        -0.0192       -993.149
        10        -0.0189        -1042.6
        10        -0.0186       -1094.31
        10        -0.0183        -1148.4
        10         -0.018       -1204.98
        10        -0.0177       -1264.18
        10        -0.0174       -1326.12
        10        -0.0171       -1390.93
        10        -0.0168       -1458.73
        10        -0.0165       -1529.66
        10        -0.0162       -1603.85
        10        -0.0159       -1681.45
        10        -0.0156       -1762.59
        10        -0.0153       -1847.44
        10         -0.015       -1936.15
        10        -0.0147       -2028.89
        10        -0.0144       -2125.85
        10        -0.0141       -2227.22
        10        -0.0138       -2333.21
        10        -0.0135       -2444.05
        10        -0.0132       -2559.98
        10        -0.0129       -2681.28
        10        -0.0126       -2808.24
        10        -0.0123        -2941.2
        10         -0.012       -3080.51
        10        -0.0117        -3226.6
        10        -0.0114        -3379.9
        10        -0.0111       -3540.94
        10        -0.0108       -3710.28
        10        -0.0105       -3888.59
        10        -0.0102       -4076.59
        10        -0.0099       -4275.14
        10        -0.0096       -4485.21
        10        -0.0093       -4707.93
        10         -0.009       -4944.64
        10        -0.0087       -5196.88
        10        -0.0084       -5466.53
        10        -0.0081       -5755.85
        10        -0.0078       -6067.62
        10        -0.0075        -6405.3
        10        -0.0072       -6773.34
        10        -0.0069       -7177.58
        10        -0.0066       -7625.88
        10        -0.0063       -8129.04
        10         -0.006        -8701.5
        10        -0.0057       -9357.01
        10        -0.0054         -10000
        10        -0.0051         -10000
        10        -0.0048         -10000
        10        -0.0045       -9991.42
        10        -0.0042        -9921.7
        10        -0.0039       -9857.67
        10        -0.0036       -9804.02
        10        -0.0033        -9760.8
        10         -0.003       -9726.95
        10        -0.0027       -9701.18
        10        -0.0024       -9682.19
        10        -0.0021       -9668.74
        10        -0.0018       -9659.67
        10        -0.0015       -9653.93
        10        -0.0012       -9650.57
        10        -0.0009       -9648.74
        10        -0.0006       -9647.76
        10        -0.0003       -9647.11
        10              0        -9646.5
        10         0.0003       -9645.83
        10         0.0006       -9645.24
        10         0.0009       -9645.09
        10         0.0012       -9645.92
        10         0.0015       -9648.47
        10         0.0018       -9653.59
        10         0.0021       -9662.28
        10         0.0024       -9675.61
        10         0.0027       -9694.73
        10          0.003       -9720.91
        10         0.0033       -9755.43
        10         0.0036        -9799.6
        10         0.0039       -9854.45
        10         0.0042       -9919.91
        10         0.0045       -9991.17
        10         0.0048         -10000
        10         0.0051         -10000
        10         0.0054         -10000
        10         0.0057       -9354.22
        10          0.006       -8694.72
        10         0.0063       -8119.24
        10         0.0066       -7613.66
        10         0.0069       -7163.44
        10         0.0072       -6757.67
        10         0.0075       -6388.43
        10         0.0078       -6049.85
        10         0.0081       -5737.42
        10         0.0084       -5447.65
        10         0.0087       -5177.73
        10          0.009       -4925.38
        10         0.0093       -4688.71
        10         0.0096       -4466.14
        10         0.0099       -4256.33
        10         0.0102       -4058.15
        10         0.0105        -3870.6
        10         0.0108       -3692.82
        10         0.0111       -3524.06
        10         0.0114       -3363.68
        10         0.0117       -3211.07
        10          0.012       -3065.73
        10         0.0123       -2927.19
        10         0.0126       -2795.03
        10         0.0129        -2668.9
        10         0.0132       -2548.44
        10         0.0135       -2433.35
        10         0.0138       -2323.36
        10         0.0141       -2218.22
        10         0.0144       -2117.68
        10         0.0147       -2021.54
        10          0.015       -1929.59
        10         0.0153       -1841.64
        10         0.0156       -1757.54
        10         0.0159       -1677.09
        10         0.0162       -1600.16
        10         0.0165       -1526.59
        10         0.0168       -1456.25
        10         0.0171       -1388.98
        10         0.0174       -1324.66
        10         0.0177       -1263.16
        10          0.018       -1204.35
        10         0.0183       -1148.11
        10         0.0186       -1094.33
        10         0.0189       -1042.88
        10         0.0192       -993.647
        10         0.0195       -946.527
        10         0.0198       -901.408
        10         0.0201       -858.186
        10         0.0204       -816.758
        10         0.0207       -777.026
        10          0.021       -738.895
        10         0.0213       -702.271
        10         0.0216       -667.068
        10         0.0219         -633.2
        10         0.0222       -600.586
        10         0.0225       -569.149
        10         0.0228       -538.814
        10         0.0231       -509.513
        10         0.0234       -481.179
        10         0.0237       -453.748
        10          0.024       -427.162
        10         0.0243       -401.363
        10         0.0246         -376.3
        10         0.0249       -351.921
        10         0.0252        -328.18
        10         0.0255       -305.033
        10         0.0258       -282.438
        10         0.0261       -260.355
        10         0.0264       -238.747
        10         0.0267        -217.58
        10          0.027        -196.82
        10         0.0273       -176.436
        10         0.0276       -156.399
        10         0.0279       -136.682
        10         0.0282       -117.257
        10         0.0285       -98.0998
        10         0.0288       -79.1873
        10         0.0291       -60.4976
        10         0.0294       -42.0109
        10         0.0297       -23.7103
        10           0.03       -5.58305
        10         0.0303              0
        10         0.0306              0
        10         0.0309              0
        10         0.0312              0
        10         0.0315              0
        10         0.0318              0
        10         0.0321              0
        10         0.0324              0
        10         0.0327              0
        10          0.033              0
        10         0.0333              0
        10         0.0336              0
        10         0.0339              0
        10         0.0342              0
        10         0.0345              0
        10         0.0348              0
        10         0.0351              0
        10         0.0354              0
        10         0.0357              0
        10          0.036              0
        10         0.0363              0
        10         0.0366              0
        10         0.0369              0
        10         0.0372              0
        10         0.0375              0
        10         0.0378              0
        10         0.0381              0
        10         0.0384              0
        10         0.0387              0
        10          0.039              0
        10         0.0393              0
        10         0.0396              0
        10         0.0399              0
        10         0.0402              0
        10         0.0405              0
        10         0.0408              0
        10         0.0411              0
        10         0.0414              0
        10         0.0417              0
        10          0.042              0
        10         0.0423              0
        10         0.0426              0
        10         0.0429              0
        10         0.0432              0
        10         0.0435              0
        10         0.0438              0
        10         0.0441              0
        10         0.0444              0
        10         0.0447              0
        10          0.045              0
        10         0.0453              0
        10         0.0456              0
        10         0.0459              0
        10         0.0462              0
        10         0.0465              0
        10         0.0468              0
        10         0.0471              0
        10         0.0474              0
        10         0.0477              0
        11         -0.048              0
        11        -0.0477              0
        11        -0.0474              0
        11        -0.0471              0
        11        -0.0468              0
        11        -0.0465              0
        11        -0.0462              0
        11        -0.0459              0
        11        -0.0456              0
        11        -0.0453              0
        11         -0.045              0
        11        -0.0447              0
        11        -0.0444              0
        11        -0.0441              0
        11        -0.0438              0
        11        -0.0435              0
        11        -0.0432              0
        11        -0.0429              0
        11        -0.0426              0
        11        -0.0423              0
        11         -0.042              0
        11        -0.0417              0
        11        -0.0414              0
        11        -0.0411              0
        11        -0.0408              0
        11        -0.0405              0
        11        -0.0402              0
        11        -0.0399              0
        11        -0.0396              0
        11        -0.0393              0
        11         -0.039              0
        11        -0.0387              0
        11        -0.0384              0
        11        -0.0381              0
        11        -0.0378              0
        11        -0.0375              0
        11        -0.0372              0
        11        -0.0369              0
        11        -0.0366              0
        11        -0.0363              0
        11         -0.036              0
        11        -0.0357              0
        11        -0.0354              0
        11        -0.0351              0
        11        -0.0348              0
        11        -0.0345              0
        11        -0.0342              0
        11        -0.0339              0
        11        -0.0336              0
        11        -0.0333              0
        11         -0.033              0
        11        -0.0327              0
        11        -0.0324              0
        11        -0.0321              0
        11        -0.0318              0
        11        -0.0315              0
        11        -0.0312              0
        11        -0.0309              0
        11        -0.0306              0
        11        -0.0303              0
        11          -0.03       -5.57881
        11        -0.0297       -23.6921
        11        -0.0294       -41.9779
        11        -0.0291       -60.4487
        11        -0.0288        -79.121
        11        -0.0285       -98.0142
        11        -0.0282        -117.15
        11        -0.0279       -136.551
        11        -0.0276       -156.241
        11        -0.0273       -176.248
        11         -0.027       -196.599
        11        -0.0267       -217.322
        11        -0.0264       -238.449
        11        -0.0261       -260.014
        11        -0.0258       -282.049
        11        -0.0255       -304.594
        11        -0.0252       -327.688
        11        -0.0249       -351.372
        11        -0.0246       -375.692
        11        -0.0243       -400.694
        11         -0.024       -426.431
        11        -0.0237       -452.956
        11        -0.0234       -480.327
        11        -0.0231       -508.603
        11        -0.0228        -537.85
        11        -0.0225       -568.136
        11        -0.0222       -599.533
        11        -0.0219       -632.117
        11        -0.0216       -665.967
        11        -0.0213       -701.167
        11         -0.021       -737.805
        11        -0.0207       -775.972
        11        -0.0204       -815.763
        11        -0.0201       -857.276
        11        -0.0198       -900.614
        11        -0.0195       -945.881
        11        -0.0192       -993.185
        11        -0.0189       -1042.64
        11        -0.0186       -1094.35
        11        -0.0183       -1148.44
        11         -0.018       -1205.03
        11        -0.0177       -1264.24
        11        -0.0174       -1326.18
        11        -0.0171       -1390.99
        11        -0.0168        -1458.8
        11        -0.0165       -1529.73
        11        -0.0162       -1603.92
        11        -0.0159       -1681.52
        11        -0.0156       -1762.67
        11        -0.0153       -1847.52
        11         -0.015       -1936.23
        11        -0.0147       -2028.98
        11        -0.0144       -2125.94
        11        -0.0141       -2227.31
        11        -0.0138       -2333.29
        11        -0.0135       -2444.13
        11        -0.0132       -2560.05
        11        -0.0129       -2681.35
        11        -0.0126        -2808.3
        11        -0.0123       -2941.25
        11         -0.012       -3080.56
        11        -0.0117       -3226.64
        11        -0.0114       -3379.93
        11        -0.0111       -3540.96
        11        -0.0108        -3710.3
        11        -0.0105       -3888.59
        11        -0.0102       -4076.58
        11        -0.0099       -4275.12
        11        -0.0096       -4485.19
        11        -0.0093        -4707.9
        11         -0.009        -4944.6
        11        -0.0087       -5196.83
        11        -0.0084       -5466.48
        11        -0.0081       -5755.79
        11        -0.0078       -6067.54
        11        -0.0075       -6405.21
        11        -0.0072       -6773.23
        11        -0.0069       -7177.46
        11        -0.0066       -7625.74
        11        -0.0063       -8128.89
        11         -0.006       -8701.35
        11        -0.0057       -9356.92
        11        -0.0054         -10000
        11        -0.0051         -10000
        11        -0.0048         -10000
        11        -0.0045       -9991.41
        11        -0.0042       -9921.66
        11        -0.0039       -9857.64
        11        -0.0036       -9804.02
        11        -0.0033       -9760.83
        11         -0.003       -9727.01
        11        -0.0027       -9701.27
        11        -0.0024       -9682.29
        11        -0.0021       -9668.84
        11        -0.0018       -9659.77
        11        -0.0015       -9654.03
        11        -0.0012       -9650.65
        11        -0.0009        -9648.8
        11        -0.0006        -9647.8
        11        -0.0003       -9647.15
        11              0       -9646.52
        11         0.0003       -9645.84
        11         0.0006       -9645.24
        11         0.0009       -9645.08
        11         0.0012       -9645.92
        11         0.0015       -9648.47
        11         0.0018       -9653.61
        11         0.0021        -9662.3
        11         0.0024       -9675.64
        11         0.0027       -9694.78
        11          0.003       -9720.96
        11         0.0033       -9755.48
        11         0.0036       -9799.64
        11         0.0039       -9854.48
        11         0.0042       -9919.92
        11         0.0045       -9991.17
        11         0.0048         -10000
        11         0.0051         -10000
        11         0.0054         -10000
        11         0.0057       -9354.16
        11          0.006       -8694.62
        11         0.0063       -8119.11
        11         0.0066       -7613.51
        11         0.0069       -7163.25
        11         0.0072       -6757.46
        11         0.0075        -6388.2
        11         0.0078       -6049.59
        11         0.0081       -5737.15
        11         0.0084       -5447.37
        11         0.0087       -5177.44
        11          0.009       -4925.08
        11         0.0093       -4688.42
        11         0.0096       -4465.86
        11         0.0099       -4256.07
        11         0.0102       -4057.91
        11         0.0105       -3870.38
        11         0.0108       -3692.62
        11         0.0111       -3523.89
        11         0.0114       -3363.52
        11         0.0117       -3210.94
        11          0.012       -3065.62
        11         0.0123        -2927.1
        11         0.0126       -2794.96
        11         0.0129       -2668.84
        11         0.0132       -2548.39
        11         0.0135       -2433.32
        11         0.0138       -2323.34
        11         0.0141        -2218.2
        11         0.0144       -2117.67
        11         0.0147       -2021.53
        11          0.015       -1929.58
        11         0.0153       -1841.64
        11         0.0156       -1757.54
        11         0.0159        -1677.1
        11         0.0162       -1600.17
        11         0.0165        -1526.6
        11         0.0168       -1456.25
        11         0.0171       -1388.99
        11         0.0174       -1324.67
        11         0.0177       -1263.17
        11          0.018       -1204.36
        11         0.0183       -1148.13
        11         0.0186       -1094.34
        11         0.0189       -1042.89
        11         0.0192       -993.661
        11         0.0195       -946.541
        11         0.0198       -901.423
        11         0.0201       -858.201
        11         0.0204       -816.774
        11         0.0207       -777.043
        11          0.021       -738.912
        11         0.0213       -702.289
        11         0.0216       -667.086
        11         0.0219       -633.218
        11         0.0222       -600.604
        11         0.0225       -569.167
        11         0.0228       -538.833
        11         0.0231       -509.532
        11         0.0234       -481.197
        11         0.0237       -453.767
        11          0.024        -427.18
        11         0.0243       -401.381
        11         0.0246       -376.317
        11         0.0249       -351.938
        11         0.0252       -328.197
        11         0.0255       -305.049
        11         0.0258       -282.453
        11         0.0261       -260.369
        11         0.0264        -238.76
        11         0.0267       -217.592
        11          0.027       -196.831
        11         0.0273       -176.447
        11         0.0276       -156.409
        11         0.0279        -136.69
        11         0.0282       -117.264
        11         0.0285       -98.1059
        11         0.0288       -79.1923
        11         0.0291       -60.5014
        11         0.0294       -42.0135
        11         0.0297       -23.7118
        11           0.03       -5.58341
        11         0.0303              0
        11         0.0306              0
        11         0.0309              0
        11         0.0312              0
        11         0.0315              0
        11         0.0318              0
        11         0.0321              0
        11         0.0324              0
        11         0.0327              0
        11          0.033              0
        11         0.0333              0
        11         0.0336              0
        11         0.0339              0
        11         0.0342              0
        11         0.0345              0
        11         0.0348              0
        11         0.0351              0
        11         0.0354              0
        11         0.0357              0
        11          0.036              0
        11         0.0363              0
        11         0.0366              0
        11         0.0369              0
        11         0.0372              0
        11         0.0375              0
        11         0.0378              0
        11         0.0381              0
        11         0.0384              0
        11         0.0387              0
        11          0.039              0
        11         0.0393              0
        11         0.0396              0
        11         0.0399              0
        11         0.0402              0
        11         0.0405              0
        11         0.0408              0
        11         0.0411              0
        11         0.0414              0
        11         0.0417              0
        11          0.042              0
        11         0.0423              0
        11         0.0426              0
        11         0.0429              0
        11         0.0432              0
        11         0.0435              0
        11         0.0438              0
        11         0.0441              0
        11         0.0444              0
        11         0.0447              0
        11          0.045              0
        11         0.0453              0
        11         0.0456              0
        11         0.0459              0
        11         0.0462              0
        11         0.0465              0
        11         0.0468              0
        11         0.0471              0
        11         0.0474              0
        11         0.0477              0
        12         -0.048              0
        12        -0.0477              0
        12        -0.0474              0
        12        -0.0471              0
        12        -0.0468              0
        12        -0.0465              0
        12        -0.0462              0
        12        -0.0459              0
        12        -0.0456              0
        12        -0.0453              0
        12         -0.045              0
        12        -0.0447              0
        12        -0.0444              0
        12        -0.0441              0
        12        -0.0438              0
        12        -0.0435              0
        12        -0.0432              0
        12        -0.0429              0
        12        -0.0426              0
        12        -0.0423              0
        12         -0.042              0
        12        -0.0417              0
        12        -0.0414              0
        12        -0.0411              0
        12        -0.0408              0
        12        -0.0405              0
        12        -0.0402              0
        12        -0.0399              0
        12        -0.0396              0
        12        -0.0393              0
        12         -0.039              0
        12        -0.0387              0
        12        -0.0384              0
        12        -0.0381              0
        12        -0.0378              0
        12        -0.0375              0
        12        -0.0372              0
        12        -0.0369              0
        12        -0.0366              0
        12        -0.0363              0
        12         -0.036              0
        12        -0.0357              0
        12        -0.0354              0
        12        -0.0351              0
        12        -0.0348              0
        12        -0.0345              0
        12        -0.0342              0
        12        -0.0339              0
        12        -0.0336              0
        12        -0.0333              0
        12         -0.033              0
        12        -0.0327              0
        12        -0.0324              0
        12        -0.0321              0
        12        -0.0318              0
        12        -0.0315              0
        12        -0.0312              0
        12        -0.0309              0
        12        -0.0306              0
        12        -0.0303              0
        12          -0.03       -5.57909
        12        -0.0297       -23.6932
        12        -0.0294         -41.98
        12        -0.0291       -60.4517
        12        -0.0288       -79.1249
        12        -0.0285        -98.019
        12        -0.0282       -117.155
        12        -0.0279       -136.557
        12        -0.0276       -156.249
        12        -0.0273       -176.257
        12         -0.027       -196.608
        12        -0.0267       -217.333
        12        -0.0264       -238.461
        12        -0.0261       -260.026
        12        -0.0258       -282.063
        12        -0.0255       -304.609
        12        -0.0252       -327.703
        12        -0.0249       -351.388
        12        -0.0246       -375.709
        12        -0.0243       -400.713
        12         -0.024        -426.45
        12        -0.0237       -452.976
        12        -0.0234       -480.347
        12        -0.0231       -508.625
        12        -0.0228       -537.873
        12        -0.0225       -568.159
        12        -0.0222       -599.557
        12        -0.0219       -632.141
        12        -0.0216       -665.991
        12        -0.0213       -701.192
        12         -0.021        -737.83
        12        -0.0207       -775.998
        12        -0.0204       -815.789
        12        -0.0201       -857.302
        12        -0.0198        -900.64
        12        -0.0195       -945.906
        12        -0.0192       -993.211
        12        -0.0189       -1042.66
        12        -0.0186       -1094.38
        12        -0.0183       -1148.47
        12         -0.018       -1205.06
        12        -0.0177       -1264.26
        12        -0.0174       -1326.21
        12        -0.0171       -1391.02
        12        -0.0168       -1458.82
        12        -0.0165       -1529.75
        12        -0.0162       -1603.95
        12        -0.0159       -1681.55
        12        -0.0156       -1762.69
        12        -0.0153       -1847.54
        12         -0.015       -1936.26
        12        -0.0147          -2029
        12        -0.0144       -2125.96
        12        -0.0141       -2227.34
        12        -0.0138       -2333.32
        12        -0.0135       -2444.16
        12        -0.0132       -2560.09
        12        -0.0129       -2681.39
        12        -0.0126       -2808.35
        12        -0.0123        -2941.3
        12         -0.012       -3080.62
        12        -0.0117        -3226.7
        12        -0.0114          -3380
        12        -0.0111       -3541.03
        12        -0.0108       -3710.37
        12        -0.0105       -3888.66
        12        -0.0102       -4076.66
        12        -0.0099        -4275.2
        12        -0.0096       -4485.26
        12        -0.0093       -4707.97
        12         -0.009       -4944.65
        12        -0.0087       -5196.87
        12        -0.0084        -5466.5
        12        -0.0081       -5755.79
        12        -0.0078       -6067.52
        12        -0.0075       -6405.17
        12        -0.0072       -6773.18
        12        -0.0069        -7177.4
        12        -0.0066       -7625.69
        12        -0.0063       -8128.86
        12         -0.006       -8701.34
        12        -0.0057       -9356.93
        12        -0.0054         -10000
        12        -0.0051         -10000
        12        -0.0048         -10000
        12        -0.0045       -9991.41
        12        -0.0042       -9921.62
        12        -0.0039       -9857.53
        12        -0.0036       -9803.85
        12        -0.0033       -9760.62
        12         -0.003       -9726.79
        12        -0.0027       -9701.05
        12        -0.0024       -9682.09
        12        -0.0021       -9668.67
        12        -0.0018       -9659.64
        12        -0.0015       -9653.93
        12        -0.0012        -9650.6
        12        -0.0009       -9648.79
        12        -0.0006       -9647.83
        12        -0.0003       -9647.21
        12              0       -9646.61
        12         0.0003       -9645.96
        12         0.0006       -9645.39
        12         0.0009       -9645.26
        12         0.0012       -9646.12
        12         0.0015        -9648.7
        12         0.0018       -9653.86
        12         0.0021       -9662.58
        12         0.0024       -9675.94
        12         0.0027       -9695.09
        12          0.003       -9721.28
        12         0.0033        -9755.8
        12         0.0036       -9799.93
        12         0.0039       -9854.73
        12         0.0042       -9920.08
        12         0.0045       -9991.19
        12         0.0048         -10000
        12         0.0051         -10000
        12         0.0054         -10000
        12         0.0057       -9354.37
        12          0.006       -8694.97
        12         0.0063       -8119.52
        12         0.0066       -7613.94
        12         0.0069       -7163.68
        12         0.0072       -6757.87
        12         0.0075       -6388.58
        12         0.0078       -6049.94
        12         0.0081       -5737.46
        12         0.0084       -5447.64
        12         0.0087       -5177.68
        12          0.009       -4925.28
        12         0.0093       -4688.58
        12         0.0096       -4465.99
        12         0.0099       -4256.16
        12         0.0102       -4057.96
        12         0.0105        -3870.4
        12         0.0108       -3692.62
        12         0.0111       -3523.87
        12         0.0114       -3363.48
        12         0.0117       -3210.88
        12          0.012       -3065.54
        12         0.0123       -2927.01
        12         0.0126       -2794.86
        12         0.0129       -2668.74
        12         0.0132       -2548.29
        12         0.0135       -2433.21
        12         0.0138       -2323.24
        12         0.0141        -2218.1
        12         0.0144       -2117.57
        12         0.0147       -2021.44
        12          0.015        -1929.5
        12         0.0153       -1841.57
        12         0.0156       -1757.47
        12         0.0159       -1677.04
        12         0.0162       -1600.12
        12         0.0165       -1526.56
        12         0.0168       -1456.21
        12         0.0171       -1388.95
        12         0.0174       -1324.64
        12         0.0177       -1263.15
        12          0.018       -1204.34
        12         0.0183       -1148.11
        12         0.0186       -1094.33
        12         0.0189       -1042.89
        12         0.0192       -993.659
        12         0.0195       -946.542
        12         0.0198       -901.426
        12         0.0201       -858.207
        12         0.0204       -816.781
        12         0.0207       -777.051
        12          0.021       -738.921
        12         0.0213       -702.299
        12         0.0216       -667.096
        12         0.0219       -633.229
        12         0.0222       -600.616
        12         0.0225       -569.179
        12         0.0228       -538.845
        12         0.0231       -509.544
        12         0.0234       -481.209
        12         0.0237       -453.778
        12          0.024       -427.191
        12         0.0243       -401.392
        12         0.0246       -376.327
        12         0.0249       -351.948
        12         0.0252       -328.206
        12         0.0255       -305.058
        12         0.0258       -282.461
        12         0.0261       -260.377
        12         0.0264       -238.768
        12         0.0267       -217.599
        12          0.027       -196.838
        12         0.0273       -176.453
        12         0.0276       -156.414
        12         0.0279       -136.695
        12         0.0282       -117.268
        12         0.0285       -98.1094
        12         0.0288       -79.1951
        12         0.0291       -60.5036
        12         0.0294        -42.015
        12         0.0297       -23.7126
        12           0.03       -5.58361
        12         0.0303              0
        12         0.0306              0
        12         0.0309              0
        12         0.0312              0
        12         0.0315              0
        12         0.0318              0
        12         0.0321              0
        12         0.0324              0
        12         0.0327              0
        12          0.033              0
        12         0.0333              0
        12         0.0336              0
        12         0.0339              0
        12         0.0342              0
        12         0.0345              0
        12         0.0348              0
        12         0.0351              0
        12         0.0354              0
        12         0.0357              0
        12          0.036              0
        12         0.0363              0
        12         0.0366              0
        12         0.0369              0
        12         0.0372              0
        12         0.0375              0
        12         0.0378              0
        12         0.0381              0
        12         0.0384              0
        12         0.0387              0
        12          0.039              0
        12         0.0393              0
        12         0.0396              0
        12         0.0399              0
        12         0.0402              0
        12         0.0405              0
        12         0.0408              0
        12         0.0411              0
        12         0.0414              0
        12         0.0417              0
        12          0.042              0
        12         0.0423              0
        12         0.0426              0
        12         0.0429              0
        12         0.0432              0
        12         0.0435              0
        12         0.0438              0
        12         0.0441              0
        12         0.0444              0
        12         0.0447              0
        12          0.045              0
        12         0.0453              0
        12         0.0456              0
        12         0.0459              0
        12         0.0462              0
        12         0.0465              0
        12         0.0468              0
        12         0.0471              0
        12         0.0474              0
        12         0.0477              0
        13         -0.048              0
        13        -0.0477              0
        13        -0.0474              0
        13        -0.0471              0
        13        -0.0468              0
        13        -0.0465              0
        13        -0.0462              0
        13        -0.0459              0
        13        -0.0456              0
        13        -0.0453              0
        13         -0.045              0
        13        -0.0447              0
        13        -0.0444              0
        13        -0.0441              0
        13        -0.0438              0
        13        -0.0435              0
        13        -0.0432              0
        13        -0.0429              0
        13        -0.0426              0
        13        -0.0423              0
        13         -0.042              0
        13        -0.0417              0
        13        -0.0414              0
        13        -0.0411              0
        13        -0.0408              0
        13        -0.0405              0
        13        -0.0402              0
        13        -0.0399              0
        13        -0.0396              0
        13        -0.0393              0
        13         -0.039              0
        13        -0.0387              0
        13        -0.0384              0
        13        -0.0381              0
        13        -0.0378              0
        13        -0.0375              0
        13        -0.0372              0
        13        -0.0369              0
        13        -0.0366              0
        13        -0.0363              0
        13         -0.036              0
        13        -0.0357              0
        13        -0.0354              0
        13        -0.0351              0
        13        -0.0348              0
        13        -0.0345              0
        13        -0.0342              0
        13        -0.0339              0
        13        -0.0336              0
        13        -0.0333              0
        13         -0.033              0
        13        -0.0327              0
        13        -0.0324              0
        13        -0.0321              0
        13        -0.0318              0
        13        -0.0315              0
        13        -0.0312              0
        13        -0.0309              0
        13        -0.0306              0
        13        -0.0303              0
        13          -0.03       -5.57928
        13        -0.0297        -23.694
        13        -0.0294       -41.9814
        13        -0.0291       -60.4538
        13        -0.0288       -79.1276
        13        -0.0285       -98.0223
        13        -0.0282       -117.159
        13        -0.0279       -136.562
        13        -0.0276       -156.254
        13        -0.0273       -176.262
        13         -0.027       -196.614
        13        -0.0267       -217.339
        13        -0.0264       -238.468
        13        -0.0261       -260.033
        13        -0.0258       -282.071
        13        -0.0255       -304.617
        13        -0.0252       -327.712
        13        -0.0249       -351.397
        13        -0.0246       -375.718
        13        -0.0243       -400.722
        13         -0.024        -426.46
        13        -0.0237       -452.987
        13        -0.0234       -480.358
        13        -0.0231       -508.636
        13        -0.0228       -537.884
        13        -0.0225       -568.171
        13        -0.0222       -599.569
        13        -0.0219       -632.154
        13        -0.0216       -666.005
        13        -0.0213       -701.206
        13         -0.021       -737.845
        13        -0.0207       -776.013
        13        -0.0204       -815.805
        13        -0.0201        -857.32
        13        -0.0198       -900.658
        13        -0.0195       -945.927
        13        -0.0192       -993.232
        13        -0.0189       -1042.69
        13        -0.0186        -1094.4
        13        -0.0183       -1148.49
        13         -0.018       -1205.08
        13        -0.0177       -1264.29
        13        -0.0174       -1326.24
        13        -0.0171       -1391.05
        13        -0.0168       -1458.86
        13        -0.0165       -1529.79
        13        -0.0162       -1603.98
        13        -0.0159       -1681.58
        13        -0.0156       -1762.73
        13        -0.0153       -1847.58
        13         -0.015        -1936.3
        13        -0.0147       -2029.04
        13        -0.0144          -2126
        13        -0.0141       -2227.37
        13        -0.0138       -2333.36
        13        -0.0135       -2444.19
        13        -0.0132       -2560.12
        13        -0.0129       -2681.41
        13        -0.0126       -2808.36
        13        -0.0123        -2941.3
        13         -0.012       -3080.61
        13        -0.0117       -3226.68
        13        -0.0114       -3379.97
        13        -0.0111          -3541
        13        -0.0108       -3710.33
        13        -0.0105       -3888.62
        13        -0.0102       -4076.62
        13        -0.0099       -4275.16
        13        -0.0096       -4485.24
        13        -0.0093       -4707.97
        13         -0.009       -4944.68
        13        -0.0087       -5196.94
        13        -0.0084       -5466.61
        13        -0.0081       -5755.96
        13        -0.0078       -6067.74
        13        -0.0075       -6405.44
        13        -0.0072       -6773.51
        13        -0.0069       -7177.76
        13        -0.0066       -7626.06
        13        -0.0063       -8129.22
        13         -0.006       -8701.64
        13        -0.0057        -9357.1
        13        -0.0054         -10000
        13        -0.0051         -10000
        13        -0.0048         -10000
        13        -0.0045       -9991.42
        13        -0.0042       -9921.74
        13        -0.0039       -9857.73
        13        -0.0036       -9804.08
        13        -0.0033       -9760.86
        13         -0.003       -9727.01
        13        -0.0027       -9701.24
        13        -0.0024       -9682.25
        13        -0.0021       -9668.79
        13        -0.0018       -9659.72
        13        -0.0015       -9653.98
        13        -0.0012       -9650.62
        13        -0.0009       -9648.79
        13        -0.0006       -9647.82
        13        -0.0003       -9647.18
        13              0       -9646.58
        13         0.0003       -9645.93
        13         0.0006       -9645.36
        13         0.0009       -9645.23
        13         0.0012       -9646.09
        13         0.0015       -9648.66
        13         0.0018       -9653.82
        13         0.0021       -9662.52
        13         0.0024       -9675.86
        13         0.0027       -9694.99
        13          0.003       -9721.16
        13         0.0033       -9755.66
        13         0.0036       -9799.79
        13         0.0039       -9854.59
        13         0.0042       -9919.99
        13         0.0045       -9991.18
        13         0.0048         -10000
        13         0.0051         -10000
        13         0.0054         -10000
        13         0.0057       -9354.25
        13          0.006       -8694.75
        13         0.0063       -8119.26
        13         0.0066       -7613.66
        13         0.0069       -7163.42
        13         0.0072       -6757.63
        13         0.0075       -6388.38
        13         0.0078       -6049.78
        13         0.0081       -5737.34
        13         0.0084       -5447.56
        13         0.0087       -5177.63
        13          0.009       -4925.28
        13         0.0093        -4688.6
        13         0.0096       -4466.03
        13         0.0099       -4256.22
        13         0.0102       -4058.04
        13         0.0105       -3870.49
        13         0.0108       -3692.71
        13         0.0111       -3523.96
        13         0.0114       -3363.57
        13         0.0117       -3210.97
        13          0.012       -3065.63
        13         0.0123       -2927.09
        13         0.0126       -2794.94
        13         0.0129        -2668.8
        13         0.0132       -2548.35
        13         0.0135       -2433.26
        13         0.0138       -2323.28
        13         0.0141       -2218.14
        13         0.0144        -2117.6
        13         0.0147       -2021.46
        13          0.015       -1929.52
        13         0.0153       -1841.58
        13         0.0156       -1757.47
        13         0.0159       -1677.04
        13         0.0162       -1600.11
        13         0.0165       -1526.55
        13         0.0168        -1456.2
        13         0.0171       -1388.94
        13         0.0174       -1324.63
        13         0.0177       -1263.13
        13          0.018       -1204.33
        13         0.0183       -1148.09
        13         0.0186       -1094.31
        13         0.0189       -1042.87
        13         0.0192       -993.641
        13         0.0195       -946.524
        13         0.0198       -901.409
        13         0.0201       -858.191
        13         0.0204       -816.766
        13         0.0207       -777.037
        13          0.021       -738.908
        13         0.0213       -702.288
        13         0.0216       -667.086
        13         0.0219        -633.22
        13         0.0222       -600.608
        13         0.0225       -569.172
        13         0.0228       -538.839
        13         0.0231       -509.539
        13         0.0234       -481.206
        13         0.0237       -453.776
        13          0.024       -427.189
        13         0.0243       -401.391
        13         0.0246       -376.327
        13         0.0249       -351.948
        13         0.0252       -328.207
        13         0.0255       -305.059
        13         0.0258       -282.463
        13         0.0261       -260.379
        13         0.0264        -238.77
        13         0.0267       -217.601
        13          0.027        -196.84
        13         0.0273       -176.454
        13         0.0276       -156.416
        13         0.0279       -136.697
        13         0.0282        -117.27
        13         0.0285       -98.1108
        13         0.0288       -79.1963
        13         0.0291       -60.5045
        13         0.0294       -42.0157
        13         0.0297        -23.713
        13           0.03        -5.5837
        13         0.0303              0
        13         0.0306              0
        13         0.0309              0
        13         0.0312              0
        13         0.0315              0
        13         0.0318              0
        13         0.0321              0
        13         0.0324              0
        13         0.0327              0
        13          0.033              0
        13         0.0333              0
        13         0.0336              0
        13         0.0339              0
        13         0.0342              0
        13         0.0345              0
        13         0.0348              0
        13         0.0351              0
        13         0.0354              0
        13         0.0357              0
        13          0.036              0
        13         0.0363              0
        13         0.0366              0
        13         0.0369              0
        13         0.0372              0
        13         0.0375              0
        13         0.0378              0
        13         0.0381              0
        13         0.0384              0
        13         0.0387              0
        13          0.039              0
        13         0.0393              0
        13         0.0396              0
        13         0.0399              0
        13         0.0402              0
        13         0.0405              0
        13         0.0408              0
        13         0.0411              0
        13         0.0414              0
        13         0.0417              0
        13          0.042              0
        13         0.0423              0
        13         0.0426              0
        13         0.0429              0
        13         0.0432              0
        13         0.0435              0
        13         0.0438              0
        13         0.0441              0
        13         0.0444              0
        13         0.0447              0
        13          0.045              0
        13         0.0453              0
        13         0.0456              0
        13         0.0459              0
        13         0.0462              0
        13         0.0465              0
        13         0.0468              0
        13         0.0471              0
        13         0.0474              0
        13         0.0477              0
        14         -0.048              0
        14        -0.0477              0
        14        -0.0474              0
        14        -0.0471              0
        14        -0.0468              0
        14        -0.0465              0
        14        -0.0462              0
        14        -0.0459              0
        14        -0.0456              0
        14        -0.0453              0
        14         -0.045              0
        14        -0.0447              0
        14        -0.0444              0
        14        -0.0441              0
        14        -0.0438              0
        14        -0.0435              0
        14        -0.0432              0
        14        -0.0429              0
        14        -0.0426              0
        14        -0.0423              0
        14         -0.042              0
        14        -0.0417              0
        14        -0.0414              0
        14        -0.0411              0
        14        -0.0408              0
        14        -0.0405              0
        14        -0.0402              0
        14        -0.0399              0
        14        -0.0396              0
        14        -0.0393              0
        14         -0.039              0
        14        -0.0387              0
        14        -0.0384              0
        14        -0.0381              0
        14        -0.0378              0
        14        -0.0375              0
        14        -0.0372              0
        14        -0.0369              0
        14        -0.0366              0
        14        -0.0363              0
        14         -0.036              0
        14        -0.0357              0
        14        -0.0354              0
        14        -0.0351              0
        14        -0.0348              0
        14        -0.0345              0
        14        -0.0342              0
        14        -0.0339              0
        14        -0.0336              0
        14        -0.0333              0
        14         -0.033              0
        14        -0.0327              0
        14        -0.0324              0
        14        -0.0321              0
        14        -0.0318              0
        14        -0.0315              0
        14        -0.0312              0
        14        -0.0309              0
        14        -0.0306              0
        14        -0.0303              0
        14          -0.03       -5.57939
        14        -0.0297       -23.6945
        14        -0.0294       -41.9823
        14        -0.0291        -60.455
        14        -0.0288       -79.1292
        14        -0.0285       -98.0242
        14        -0.0282       -117.162
        14        -0.0279       -136.564
        14        -0.0276       -156.257
        14        -0.0273       -176.266
        14         -0.027       -196.618
        14        -0.0267       -217.344
        14        -0.0264       -238.473
        14        -0.0261       -260.039
        14        -0.0258       -282.077
        14        -0.0255       -304.623
        14        -0.0252       -327.719
        14        -0.0249       -351.405
        14        -0.0246       -375.726
        14        -0.0243       -400.731
        14         -0.024        -426.47
        14        -0.0237       -452.997
        14        -0.0234       -480.369
        14        -0.0231       -508.648
        14        -0.0228       -537.897
        14        -0.0225       -568.184
        14        -0.0222       -599.583
        14        -0.0219       -632.169
        14        -0.0216        -666.02
        14        -0.0213       -701.223
        14         -0.021       -737.862
        14        -0.0207       -776.031
        14        -0.0204       -815.823
        14        -0.0201       -857.338
        14        -0.0198       -900.677
        14        -0.0195       -945.945
        14        -0.0192       -993.251
        14        -0.0189        -1042.7
        14        -0.0186       -1094.42
        14        -0.0183       -1148.51
        14         -0.018        -1205.1
        14        -0.0177       -1264.31
        14        -0.0174       -1326.25
        14        -0.0171       -1391.07
        14        -0.0168       -1458.87
        14        -0.0165        -1529.8
        14        -0.0162          -1604
        14        -0.0159        -1681.6
        14        -0.0156       -1762.75
        14        -0.0153        -1847.6
        14         -0.015       -1936.31
        14        -0.0147       -2029.06
        14        -0.0144       -2126.02
        14        -0.0141        -2227.4
        14        -0.0138       -2333.39
        14        -0.0135       -2444.23
        14        -0.0132       -2560.16
        14        -0.0129       -2681.46
        14        -0.0126       -2808.43
        14        -0.0123       -2941.39
        14         -0.012       -3080.71
        14        -0.0117        -3226.8
        14        -0.0114       -3380.11
        14        -0.0111       -3541.15
        14        -0.0108        -3710.5
        14        -0.0105       -3888.81
        14        -0.0102       -4076.82
        14        -0.0099       -4275.37
        14        -0.0096       -4485.45
        14        -0.0093       -4708.19
        14         -0.009        -4944.9
        14        -0.0087       -5197.16
        14        -0.0084       -5466.82
        14        -0.0081       -5756.15
        14        -0.0078       -6067.92
        14        -0.0075        -6405.6
        14        -0.0072       -6773.65
        14        -0.0069       -7177.88
        14        -0.0066       -7626.16
        14        -0.0063       -8129.29
        14         -0.006       -8701.69
        14        -0.0057       -9357.12
        14        -0.0054         -10000
        14        -0.0051         -10000
        14        -0.0048         -10000
        14        -0.0045       -9991.43
        14        -0.0042       -9921.81
        14        -0.0039       -9857.87
        14        -0.0036       -9804.28
        14        -0.0033        -9761.1
        14         -0.003       -9727.27
        14        -0.0027       -9701.52
        14        -0.0024       -9682.52
        14        -0.0021       -9669.06
        14        -0.0018       -9659.97
        14        -0.0015       -9654.21
        14        -0.0012       -9650.81
        14        -0.0009       -9648.95
        14        -0.0006       -9647.93
        14        -0.0003       -9647.26
        14              0       -9646.62
        14         0.0003       -9645.92
        14         0.0006       -9645.31
        14         0.0009       -9645.13
        14         0.0012       -9645.95
        14         0.0015       -9648.47
        14         0.0018       -9653.58
        14         0.0021       -9662.25
        14         0.0024       -9675.55
        14         0.0027       -9694.65
        14          0.003        -9720.8
        14         0.0033       -9755.29
        14         0.0036       -9799.44
        14         0.0039       -9854.29
        14         0.0042        -9919.8
        14         0.0045       -9991.16
        14         0.0048         -10000
        14         0.0051         -10000
        14         0.0054         -10000
        14         0.0057       -9353.95
        14          0.006       -8694.25
        14         0.0063       -8118.63
        14         0.0066       -7612.99
        14         0.0069       -7162.72
        14         0.0072       -6756.95
        14         0.0075       -6387.72
        14         0.0078       -6049.15
        14         0.0081       -5736.75
        14         0.0084       -5447.01
        14         0.0087       -5177.12
        14          0.009       -4924.81
        14         0.0093       -4688.18
        14         0.0096       -4465.65
        14         0.0099       -4255.88
        14         0.0102       -4057.74
        14         0.0105       -3870.22
        14         0.0108       -3692.48
        14         0.0111       -3523.76
        14         0.0114        -3363.4
        14         0.0117       -3210.83
        14          0.012       -3065.51
        14         0.0123       -2926.99
        14         0.0126       -2794.86
        14         0.0129       -2668.74
        14         0.0132        -2548.3
        14         0.0135       -2433.23
        14         0.0138       -2323.26
        14         0.0141       -2218.12
        14         0.0144        -2117.6
        14         0.0147       -2021.47
        14          0.015       -1929.52
        14         0.0153       -1841.59
        14         0.0156       -1757.49
        14         0.0159       -1677.05
        14         0.0162       -1600.13
        14         0.0165       -1526.57
        14         0.0168       -1456.22
        14         0.0171       -1388.96
        14         0.0174       -1324.64
        14         0.0177       -1263.15
        14          0.018       -1204.34
        14         0.0183       -1148.11
        14         0.0186       -1094.33
        14         0.0189       -1042.88
        14         0.0192       -993.654
        14         0.0195       -946.536
        14         0.0198        -901.42
        14         0.0201         -858.2
        14         0.0204       -816.775
        14         0.0207       -777.045
        14          0.021       -738.915
        14         0.0213       -702.293
        14         0.0216       -667.091
        14         0.0219       -633.224
        14         0.0222       -600.611
        14         0.0225       -569.174
        14         0.0228       -538.841
        14         0.0231        -509.54
        14         0.0234       -481.206
        14         0.0237       -453.775
        14          0.024       -427.189
        14         0.0243        -401.39
        14         0.0246       -376.326
        14         0.0249       -351.947
        14         0.0252       -328.205
        14         0.0255       -305.057
        14         0.0258       -282.461
        14         0.0261       -260.377
        14         0.0264       -238.768
        14         0.0267       -217.599
        14          0.027       -196.838
        14         0.0273       -176.453
        14         0.0276       -156.415
        14         0.0279       -136.695
        14         0.0282       -117.269
        14         0.0285       -98.1099
        14         0.0288       -79.1956
        14         0.0291        -60.504
        14         0.0294       -42.0153
        14         0.0297       -23.7128
        14           0.03       -5.58365
        14         0.0303              0
        14         0.0306              0
        14         0.0309              0
        14         0.0312              0
        14         0.0315              0
        14         0.0318              0
        14         0.0321              0
        14         0.0324              0
        14         0.0327              0
        14          0.033              0
        14         0.0333              0
        14         0.0336              0
        14         0.0339              0
        14         0.0342              0
        14         0.0345              0
        14         0.0348              0
        14         0.0351              0
        14         0.0354              0
        14         0.0357              0
        14          0.036              0
        14         0.0363              0
        14         0.0366              0
        14         0.0369              0
        14         0.0372              0
        14         0.0375              0
        14         0.0378              0
        14         0.0381              0
        14         0.0384              0
        14         0.0387              0
        14          0.039              0
        14         0.0393              0
        14         0.0396              0
        14         0.0399              0
        14         0.0402              0
        14         0.0405              0
        14         0.0408              0
        14         0.0411              0
        14         0.0414              0
        14         0.0417              0
        14          0.042              0
        14         0.0423              0
        14         0.0426              0
        14         0.0429              0
        14         0.0432              0
        14         0.0435              0
        14         0.0438              0
        14         0.0441              0
        14         0.0444              0
        14         0.0447              0
        14          0.045              0
        14         0.0453              0
        14         0.0456              0
        14         0.0459              0
        14         0.0462              0
        14         0.0465              0
        14         0.0468              0
        14         0.0471              0
        14         0.0474              0
        14         0.0477              0
        15         -0.048              0
        15        -0.0477              0
        15        -0.0474              0
        15        -0.0471              0
        15        -0.0468              0
        15        -0.0465              0
        15        -0.0462              0
        15        -0.0459              0
        15        -0.0456              0
        15        -0.0453              0
        15         -0.045              0
        15        -0.0447              0
        15        -0.0444              0
        15        -0.0441              0
        15        -0.0438              0
        15        -0.0435              0
        15        -0.0432              0
        15        -0.0429              0
        15        -0.0426              0
        15        -0.0423              0
        15         -0.042              0
        15        -0.0417              0
        15        -0.0414              0
        15        -0.0411              0
        15        -0.0408              0
        15        -0.0405              0
        15        -0.0402              0
        15        -0.0399              0
        15        -0.0396              0
        15        -0.0393              0
        15         -0.039              0
        15        -0.0387              0
        15        -0.0384              0
        15        -0.0381              0
        15        -0.0378              0
        15        -0.0375              0
        15        -0.0372              0
        15        -0.0369              0
        15        -0.0366              0
        15        -0.0363              0
        15         -0.036              0
        15        -0.0357              0
        15        -0.0354              0
        15        -0.0351              0
        15        -0.0348              0
        15        -0.0345              0
        15        -0.0342              0
        15        -0.0339              0
        15        -0.0336              0
        15        -0.0333              0
        15         -0.033              0
        15        -0.0327              0
        15        -0.0324              0
        15        -0.0321              0
        15        -0.0318              0
        15        -0.0315              0
        15        -0.0312              0
        15        -0.0309              0
        15        -0.0306              0
        15        -0.0303              0
        15          -0.03       -5.57953
        15        -0.0297       -23.6951
        15        -0.0294       -41.9833
        15        -0.0291       -60.4565
        15        -0.0288       -79.1312
        15        -0.0285       -98.0267
        15        -0.0282       -117.165
        15        -0.0279       -136.568
        15        -0.0276       -156.261
        15        -0.0273        -176.27
        15         -0.027       -196.623
        15        -0.0267       -217.349
        15        -0.0264       -238.478
        15        -0.0261       -260.045
        15        -0.0258       -282.083
        15        -0.0255        -304.63
        15        -0.0252       -327.726
        15        -0.0249       -351.412
        15        -0.0246       -375.734
        15        -0.0243       -400.739
        15         -0.024       -426.478
        15        -0.0237       -453.005
        15        -0.0234       -480.378
        15        -0.0231       -508.657
        15        -0.0228       -537.906
        15        -0.0225       -568.194
        15        -0.0222       -599.593
        15        -0.0219       -632.179
        15        -0.0216       -666.031
        15        -0.0213       -701.233
        15         -0.021       -737.873
        15        -0.0207       -776.042
        15        -0.0204       -815.835
        15        -0.0201       -857.351
        15        -0.0198       -900.691
        15        -0.0195        -945.96
        15        -0.0192       -993.267
        15        -0.0189       -1042.72
        15        -0.0186       -1094.44
        15        -0.0183       -1148.53
        15         -0.018       -1205.13
        15        -0.0177       -1264.33
        15        -0.0174       -1326.28
        15        -0.0171        -1391.1
        15        -0.0168       -1458.91
        15        -0.0165       -1529.84
        15        -0.0162       -1604.04
        15        -0.0159       -1681.65
        15        -0.0156        -1762.8
        15        -0.0153       -1847.66
        15         -0.015       -1936.38
        15        -0.0147       -2029.13
        15        -0.0144        -2126.1
        15        -0.0141       -2227.48
        15        -0.0138       -2333.48
        15        -0.0135       -2444.32
        15        -0.0132       -2560.26
        15        -0.0129       -2681.57
        15        -0.0126       -2808.54
        15        -0.0123       -2941.51
        15         -0.012       -3080.84
        15        -0.0117       -3226.93
        15        -0.0114       -3380.25
        15        -0.0111        -3541.3
        15        -0.0108       -3710.66
        15        -0.0105       -3888.98
        15        -0.0102       -4077.01
        15        -0.0099       -4275.58
        15        -0.0096       -4485.67
        15        -0.0093       -4708.42
        15         -0.009       -4945.14
        15        -0.0087       -5197.41
        15        -0.0084       -5467.08
        15        -0.0081       -5756.41
        15        -0.0078       -6068.18
        15        -0.0075       -6405.85
        15        -0.0072       -6773.87
        15        -0.0069       -7178.08
        15        -0.0066       -7626.32
        15        -0.0063       -8129.42
        15         -0.006       -8701.77
        15        -0.0057       -9357.15
        15        -0.0054         -10000
        15        -0.0051         -10000
        15        -0.0048         -10000
        15        -0.0045       -9991.42
        15        -0.0042       -9921.71
        15        -0.0039        -9857.7
        15        -0.0036       -9804.07
        15        -0.0033       -9760.86
        15         -0.003       -9727.03
        15        -0.0027       -9701.27
        15        -0.0024       -9682.28
        15        -0.0021       -9668.84
        15        -0.0018       -9659.77
        15        -0.0015       -9654.04
        15        -0.0012       -9650.67
        15        -0.0009       -9648.84
        15        -0.0006       -9647.86
        15        -0.0003       -9647.21
        15              0        -9646.6
        15         0.0003       -9645.94
        15         0.0006       -9645.36
        15         0.0009       -9645.22
        15         0.0012       -9646.07
        15         0.0015       -9648.63
        15         0.0018       -9653.78
        15         0.0021       -9662.48
        15         0.0024       -9675.82
        15         0.0027       -9694.96
        15          0.003       -9721.12
        15         0.0033       -9755.62
        15         0.0036       -9799.74
        15         0.0039       -9854.54
        15         0.0042       -9919.95
        15         0.0045       -9991.17
        15         0.0048         -10000
        15         0.0051         -10000
        15         0.0054         -10000
        15         0.0057       -9354.09
        15          0.006       -8694.51
        15         0.0063       -8118.96
        15         0.0066       -7613.33
        15         0.0069       -7163.06
        15         0.0072       -6757.25
        15         0.0075       -6387.96
        15         0.0078       -6049.33
        15         0.0081       -5736.86
        15         0.0084       -5447.06
        15         0.0087        -5177.1
        15          0.009       -4924.73
        15         0.0093       -4688.05
        15         0.0096       -4465.47
        15         0.0099       -4255.67
        15         0.0102        -4057.5
        15         0.0105       -3869.97
        15         0.0108       -3692.21
        15         0.0111       -3523.49
        15         0.0114       -3363.13
        15         0.0117       -3210.56
        15          0.012       -3065.25
        15         0.0123       -2926.74
        15         0.0126       -2794.62
        15         0.0129       -2668.52
        15         0.0132       -2548.09
        15         0.0135       -2433.04
        15         0.0138       -2323.07
        15         0.0141       -2217.96
        15         0.0144       -2117.44
        15         0.0147       -2021.32
        15          0.015       -1929.39
        15         0.0153       -1841.47
        15         0.0156       -1757.38
        15         0.0159       -1676.96
        15         0.0162       -1600.04
        15         0.0165       -1526.49
        15         0.0168       -1456.16
        15         0.0171        -1388.9
        15         0.0174       -1324.59
        15         0.0177        -1263.1
        15          0.018       -1204.31
        15         0.0183       -1148.08
        15         0.0186        -1094.3
        15         0.0189       -1042.86
        15         0.0192       -993.636
        15         0.0195       -946.522
        15         0.0198       -901.409
        15         0.0201       -858.192
        15         0.0204       -816.769
        15         0.0207       -777.042
        15          0.021       -738.914
        15         0.0213       -702.293
        15         0.0216       -667.093
        15         0.0219       -633.227
        15         0.0222       -600.615
        15         0.0225       -569.179
        15         0.0228       -538.846
        15         0.0231       -509.546
        15         0.0234       -481.212
        15         0.0237       -453.782
        15          0.024       -427.195
        15         0.0243       -401.396
        15         0.0246       -376.332
        15         0.0249       -351.953
        15         0.0252       -328.211
        15         0.0255       -305.063
        15         0.0258       -282.466
        15         0.0261       -260.382
        15         0.0264       -238.773
        15         0.0267       -217.604
        15          0.027       -196.842
        15         0.0273       -176.456
        15         0.0276       -156.418
        15         0.0279       -136.698
        15         0.0282       -117.271
        15         0.0285       -98.1118
        15         0.0288       -79.1971
        15         0.0291       -60.5052
        15         0.0294       -42.0161
        15         0.0297       -23.7132
        15           0.03       -5.58376
        15         0.0303              0
        15         0.0306              0
        15         0.0309              0
        15         0.0312              0
        15         0.0315              0
        15         0.0318              0
        15         0.0321              0
        15         0.0324              0
        15         0.0327              0
        15          0.033              0
        15         0.0333              0
        15         0.0336              0
        15         0.0339              0
        15         0.0342              0
        15         0.0345              0
        15         0.0348              0
        15         0.0351              0
        15         0.0354              0
        15         0.0357              0
        15          0.036              0
        15         0.0363              0
        15         0.0366              0
        15         0.0369              0
        15         0.0372              0
        15         0.0375              0
        15         0.0378              0
        15         0.0381              0
        15         0.0384              0
        15         0.0387              0
        15          0.039              0
        15         0.0393              0
        15         0.0396              0
        15         0.0399              0
        15         0.0402              0
        15         0.0405              0
        15         0.0408              0
        15         0.0411              0
        15         0.0414              0
        15         0.0417              0
        15          0.042              0
        15         0.0423              0
        15         0.0426              0
        15         0.0429              0
        15         0.0432              0
        15         0.0435              0
        15         0.0438              0
        15         0.0441              0
        15         0.0444              0
        15         0.0447              0
        15          0.045              0
        15         0.0453              0
        15         0.0456              0
        15         0.0459              0
        15         0.0462              0
        15         0.0465              0
        15         0.0468              0
        15         0.0471              0
        15         0.0474              0
        15         0.0477              0
        16         -0.048              0
        16        -0.0477              0
        16        -0.0474              0
        16        -0.0471              0
        16        -0.0468              0
        16        -0.0465              0
        16        -0.0462              0
        16        -0.0459              0
        16        -0.0456              0
        16        -0.0453              0
        16         -0.045              0
        16        -0.0447              0
        16        -0.0444              0
        16        -0.0441              0
        16        -0.0438              0
        16        -0.0435              0
        16        -0.0432              0
        16        -0.0429              0
        16        -0.0426              0
        16        -0.0423              0
        16         -0.042              0
        16        -0.0417              0
        16        -0.0414              0
        16        -0.0411              0
        16        -0.0408              0
        16        -0.0405              0
        16        -0.0402              0
        16        -0.0399              0
        16        -0.0396              0
        16        -0.0393              0
        16         -0.039              0
        16        -0.0387              0
        16        -0.0384              0
        16        -0.0381              0
        16        -0.0378              0
        16        -0.0375              0
        16        -0.0372              0
        16        -0.0369              0
        16        -0.0366              0
        16        -0.0363              0
        16         -0.036              0
        16        -0.0357              0
        16        -0.0354              0
        16        -0.0351              0
        16        -0.0348              0
        16        -0.0345              0
        16        -0.0342              0
        16        -0.0339              0
        16        -0.0336              0
        16        -0.0333              0
        16         -0.033              0
        16        -0.0327              0
        16        -0.0324              0
        16        -0.0321              0
        16        -0.0318              0
        16        -0.0315              0
        16        -0.0312              0
        16        -0.0309              0
        16        -0.0306              0
        16        -0.0303              0
        16          -0.03       -5.57961
        16        -0.0297       -23.6955
        16        -0.0294       -41.9839
        16        -0.0291       -60.4574
        16        -0.0288       -79.1323
        16        -0.0285       -98.0281
        16        -0.0282       -117.166
        16        -0.0279        -136.57
        16        -0.0276       -156.263
        16        -0.0273       -176.273
        16         -0.027       -196.626
        16        -0.0267       -217.352
        16        -0.0264       -238.482
        16        -0.0261       -260.049
        16        -0.0258       -282.087
        16        -0.0255       -304.635
        16        -0.0252       -327.731
        16        -0.0249       -351.418
        16        -0.0246        -375.74
        16        -0.0243       -400.746
        16         -0.024       -426.486
        16        -0.0237       -453.014
        16        -0.0234       -480.387
        16        -0.0231       -508.667
        16        -0.0228       -537.917
        16        -0.0225       -568.206
        16        -0.0222       -599.606
        16        -0.0219       -632.193
        16        -0.0216       -666.047
        16        -0.0213        -701.25
        16         -0.021       -737.892
        16        -0.0207       -776.063
        16        -0.0204       -815.858
        16        -0.0201       -857.376
        16        -0.0198       -900.718
        16        -0.0195        -945.99
        16        -0.0192       -993.299
        16        -0.0189       -1042.76
        16        -0.0186       -1094.48
        16        -0.0183       -1148.58
        16         -0.018       -1205.17
        16        -0.0177       -1264.38
        16        -0.0174       -1326.34
        16        -0.0171       -1391.16
        16        -0.0168       -1458.97
        16        -0.0165       -1529.91
        16        -0.0162       -1604.12
        16        -0.0159       -1681.73
        16        -0.0156       -1762.89
        16        -0.0153       -1847.75
        16         -0.015       -1936.48
        16        -0.0147       -2029.24
        16        -0.0144       -2126.21
        16        -0.0141        -2227.6
        16        -0.0138        -2333.6
        16        -0.0135       -2444.46
        16        -0.0132        -2560.4
        16        -0.0129       -2681.71
        16        -0.0126       -2808.69
        16        -0.0123       -2941.66
        16         -0.012       -3080.99
        16        -0.0117       -3227.09
        16        -0.0114        -3380.4
        16        -0.0111       -3541.45
        16        -0.0108        -3710.8
        16        -0.0105       -3889.11
        16        -0.0102       -4077.12
        16        -0.0099       -4275.67
        16        -0.0096       -4485.74
        16        -0.0093       -4708.46
        16         -0.009       -4945.16
        16        -0.0087       -5197.39
        16        -0.0084       -5467.03
        16        -0.0081       -5756.32
        16        -0.0078       -6068.06
        16        -0.0075       -6405.71
        16        -0.0072       -6773.72
        16        -0.0069       -7177.92
        16        -0.0066       -7626.17
        16        -0.0063       -8129.28
        16         -0.006       -8701.67
        16        -0.0057       -9357.11
        16        -0.0054         -10000
        16        -0.0051         -10000
        16        -0.0048         -10000
        16        -0.0045       -9991.41
        16        -0.0042       -9921.67
        16        -0.0039       -9857.62
        16        -0.0036       -9803.95
        16        -0.0033       -9760.72
        16         -0.003       -9726.87
        16        -0.0027       -9701.11
        16        -0.0024       -9682.13
        16        -0.0021       -9668.69
        16        -0.0018       -9659.64
        16        -0.0015       -9653.93
        16        -0.0012       -9650.58
        16        -0.0009       -9648.78
        16        -0.0006       -9647.82
        16        -0.0003       -9647.22
        16              0       -9646.64
        16         0.0003       -9646.01
        16         0.0006       -9645.47
        16         0.0009       -9645.36
        16         0.0012       -9646.25
        16         0.0015       -9648.84
        16         0.0018       -9654.02
        16         0.0021       -9662.75
        16         0.0024        -9676.1
        16         0.0027       -9695.24
        16          0.003       -9721.41
        16         0.0033       -9755.89
        16         0.0036       -9799.99
        16         0.0039       -9854.74
        16         0.0042       -9920.07
        16         0.0045       -9991.19
        16         0.0048         -10000
        16         0.0051         -10000
        16         0.0054         -10000
        16         0.0057       -9354.25
        16          0.006       -8694.78
        16         0.0063       -8119.29
        16         0.0066        -7613.7
        16         0.0069       -7163.44
        16         0.0072       -6757.63
        16         0.0075       -6388.35
        16         0.0078       -6049.71
        16         0.0081       -5737.23
        16         0.0084       -5447.42
        16         0.0087       -5177.45
        16          0.009       -4925.06
        16         0.0093       -4688.36
        16         0.0096       -4465.77
        16         0.0099       -4255.95
        16         0.0102       -4057.75
        16         0.0105       -3870.19
        16         0.0108       -3692.41
        16         0.0111       -3523.66
        16         0.0114       -3363.27
        16         0.0117       -3210.67
        16          0.012       -3065.34
        16         0.0123        -2926.8
        16         0.0126       -2794.66
        16         0.0129       -2668.54
        16         0.0132       -2548.09
        16         0.0135       -2433.02
        16         0.0138       -2323.05
        16         0.0141       -2217.91
        16         0.0144       -2117.39
        16         0.0147       -2021.26
        16          0.015       -1929.33
        16         0.0153        -1841.4
        16         0.0156       -1757.31
        16         0.0159       -1676.88
        16         0.0162       -1599.97
        16         0.0165       -1526.41
        16         0.0168       -1456.08
        16         0.0171       -1388.83
        16         0.0174       -1324.52
        16         0.0177       -1263.03
        16          0.018       -1204.24
        16         0.0183       -1148.01
        16         0.0186       -1094.24
        16         0.0189        -1042.8
        16         0.0192        -993.58
        16         0.0195        -946.47
        16         0.0198        -901.36
        16         0.0201       -858.146
        16         0.0204       -816.726
        16         0.0207       -777.002
        16          0.021       -738.877
        16         0.0213       -702.259
        16         0.0216       -667.062
        16         0.0219       -633.199
        16         0.0222       -600.589
        16         0.0225       -569.156
        16         0.0228       -538.825
        16         0.0231       -509.527
        16         0.0234       -481.195
        16         0.0237       -453.767
        16          0.024       -427.182
        16         0.0243       -401.385
        16         0.0246       -376.322
        16         0.0249       -351.944
        16         0.0252       -328.204
        16         0.0255       -305.057
        16         0.0258       -282.461
        16         0.0261       -260.378
        16         0.0264       -238.769
        16         0.0267       -217.601
        16          0.027        -196.84
        16         0.0273       -176.455
        16         0.0276       -156.416
        16         0.0279       -136.697
        16         0.0282        -117.27
        16         0.0285       -98.1112
        16         0.0288       -79.1967
        16         0.0291       -60.5049
        16         0.0294        -42.016
        16         0.0297       -23.7131
        16           0.03       -5.58374
        16         0.0303              0
        16         0.0306              0
        16         0.0309              0
        16         0.0312              0
        16         0.0315              0
        16         0.0318              0
        16         0.0321              0
        16         0.0324              0
        16         0.0327              0
        16          0.033              0
        16         0.0333              0
        16         0.0336              0
        16         0.0339              0
        16         0.0342              0
        16         0.0345              0
        16         0.0348              0
        16         0.0351              0
        16         0.0354              0
        16         0.0357              0
        16          0.036              0
        16         0.0363              0
        16         0.0366              0
        16         0.0369              0
        16         0.0372              0
        16         0.0375              0
        16         0.0378              0
        16         0.0381              0
        16         0.0384              0
        16         0.0387              0
        16          0.039              0
        16         0.0393              0
        16         0.0396              0
        16         0.0399              0
        16         0.0402              0
        16         0.0405              0
        16         0.0408              0
        16         0.0411              0
        16         0.0414              0
        16         0.0417              0
        16          0.042              0
        16         0.0423              0
        16         0.0426              0
        16         0.0429              0
        16         0.0432              0
        16         0.0435              0
        16         0.0438              0
        16         0.0441              0
        16         0.0444              0
        16         0.0447              0
        16          0.045              0
        16         0.0453              0
        16         0.0456              0
        16         0.0459              0
        16         0.0462              0
        16         0.0465              0
        16         0.0468              0
        16         0.0471              0
        16         0.0474              0
        16         0.0477              0
        17         -0.048              0
        17        -0.0477              0
        17        -0.0474              0
        17        -0.0471              0
        17        -0.0468              0
        17        -0.0465              0
        17        -0.0462              0
        17        -0.0459              0
        17        -0.0456              0
        17        -0.0453              0
        17         -0.045              0
        17        -0.0447              0
        17        -0.0444              0
        17        -0.0441              0
        17        -0.0438              0
        17        -0.0435              0
        17        -0.0432              0
        17        -0.0429              0
        17        -0.0426              0
        17        -0.0423              0
        17         -0.042              0
        17        -0.0417              0
        17        -0.0414              0
        17        -0.0411              0
        17        -0.0408              0
        17        -0.0405              0
        17        -0.0402              0
        17        -0.0399              0
        17        -0.0396              0
        17        -0.0393              0
        17         -0.039              0
        17        -0.0387              0
        17        -0.0384              0
        17        -0.0381              0
        17        -0.0378              0
        17        -0.0375              0
        17        -0.0372              0
        17        -0.0369              0
        17        -0.0366              0
        17        -0.0363              0
        17         -0.036              0
        17        -0.0357              0
        17        -0.0354              0
        17        -0.0351              0
        17        -0.0348              0
        17        -0.0345              0
        17        -0.0342              0
        17        -0.0339              0
        17        -0.0336              0
        17        -0.0333              0
        17         -0.033              0
        17        -0.0327              0
        17        -0.0324              0
        17        -0.0321              0
        17        -0.0318              0
        17        -0.0315              0
        17        -0.0312              0
        17        -0.0309              0
        17        -0.0306              0
        17        -0.0303              0
        17          -0.03       -5.57975
        17        -0.0297        -23.696
        17        -0.0294        -41.985
        17        -0.0291       -60.4588
        17        -0.0288       -79.1342
        17        -0.0285       -98.0305
        17        -0.0282       -117.169
        17        -0.0279       -136.573
        17        -0.0276       -156.267
        17        -0.0273       -176.277
        17         -0.027       -196.631
        17        -0.0267       -217.358
        17        -0.0264       -238.488
        17        -0.0261       -260.056
        17        -0.0258       -282.095
        17        -0.0255       -304.643
        17        -0.0252        -327.74
        17        -0.0249       -351.428
        17        -0.0246       -375.752
        17        -0.0243       -400.758
        17         -0.024       -426.499
        17        -0.0237       -453.028
        17        -0.0234       -480.403
        17        -0.0231       -508.683
        17        -0.0228       -537.935
        17        -0.0225       -568.225
        17        -0.0222       -599.627
        17        -0.0219       -632.215
        17        -0.0216       -666.071
        17        -0.0213       -701.276
        17         -0.021        -737.92
        17        -0.0207       -776.093
        17        -0.0204        -815.89
        17        -0.0201       -857.409
        17        -0.0198       -900.753
        17        -0.0195       -946.027
        17        -0.0192       -993.339
        17        -0.0189        -1042.8
        17        -0.0186       -1094.52
        17        -0.0183       -1148.62
        17         -0.018       -1205.22
        17        -0.0177       -1264.43
        17        -0.0174       -1326.39
        17        -0.0171       -1391.21
        17        -0.0168       -1459.02
        17        -0.0165       -1529.97
        17        -0.0162       -1604.17
        17        -0.0159       -1681.78
        17        -0.0156       -1762.94
        17        -0.0153        -1847.8
        17         -0.015       -1936.52
        17        -0.0147       -2029.28
        17        -0.0144       -2126.25
        17        -0.0141       -2227.62
        17        -0.0138       -2333.62
        17        -0.0135       -2444.46
        17        -0.0132        -2560.4
        17        -0.0129        -2681.7
        17        -0.0126       -2808.66
        17        -0.0123       -2941.62
        17         -0.012       -3080.93
        17        -0.0117       -3227.01
        17        -0.0114       -3380.31
        17        -0.0111       -3541.34
        17        -0.0108       -3710.68
        17        -0.0105       -3888.98
        17        -0.0102       -4076.97
        17        -0.0099       -4275.52
        17        -0.0096       -4485.58
        17        -0.0093       -4708.31
        17         -0.009       -4945.01
        17        -0.0087       -5197.26
        17        -0.0084       -5466.92
        17        -0.0081       -5756.24
        17        -0.0078          -6068
        17        -0.0075       -6405.68
        17        -0.0072       -6773.72
        17        -0.0069       -7177.94
        17        -0.0066       -7626.21
        17        -0.0063       -8129.34
        17         -0.006       -8701.72
        17        -0.0057       -9357.14
        17        -0.0054         -10000
        17        -0.0051         -10000
        17        -0.0048         -10000
        17        -0.0045       -9991.42
        17        -0.0042       -9921.76
        17        -0.0039       -9857.76
        17        -0.0036       -9804.12
        17        -0.0033       -9760.91
        17         -0.003       -9727.07
        17        -0.0027       -9701.31
        17        -0.0024       -9682.32
        17        -0.0021       -9668.87
        17        -0.0018       -9659.81
        17        -0.0015       -9654.08
        17        -0.0012       -9650.71
        17        -0.0009       -9648.88
        17        -0.0006       -9647.89
        17        -0.0003       -9647.25
        17              0       -9646.63
        17         0.0003       -9645.95
        17         0.0006       -9645.36
        17         0.0009        -9645.2
        17         0.0012       -9646.03
        17         0.0015       -9648.57
        17         0.0018        -9653.7
        17         0.0021       -9662.38
        17         0.0024       -9675.71
        17         0.0027       -9694.83
        17          0.003          -9721
        17         0.0033       -9755.51
        17         0.0036       -9799.65
        17         0.0039       -9854.49
        17         0.0042       -9919.93
        17         0.0045       -9991.17
        17         0.0048         -10000
        17         0.0051         -10000
        17         0.0054         -10000
        17         0.0057       -9354.24
        17          0.006       -8694.76
        17         0.0063       -8119.28
        17         0.0066       -7613.71
        17         0.0069       -7163.48
        17         0.0072        -6757.7
        17         0.0075       -6388.45
        17         0.0078       -6049.84
        17         0.0081        -5737.4
        17         0.0084        -5447.6
        17         0.0087       -5177.65
        17          0.009       -4925.27
        17         0.0093       -4688.58
        17         0.0096       -4465.99
        17         0.0099       -4256.16
        17         0.0102       -4057.96
        17         0.0105       -3870.39
        17         0.0108        -3692.6
        17         0.0111       -3523.83
        17         0.0114       -3363.43
        17         0.0117       -3210.82
        17          0.012       -3065.48
        17         0.0123       -2926.93
        17         0.0126       -2794.78
        17         0.0129       -2668.65
        17         0.0132       -2548.19
        17         0.0135       -2433.11
        17         0.0138       -2323.13
        17         0.0141       -2217.99
        17         0.0144       -2117.46
        17         0.0147       -2021.32
        17          0.015       -1929.38
        17         0.0153       -1841.45
        17         0.0156       -1757.34
        17         0.0159       -1676.91
        17         0.0162       -1599.99
        17         0.0165       -1526.43
        17         0.0168       -1456.09
        17         0.0171       -1388.83
        17         0.0174       -1324.52
        17         0.0177       -1263.03
        17          0.018       -1204.23
        17         0.0183       -1148.01
        17         0.0186       -1094.23
        17         0.0189       -1042.79
        17         0.0192       -993.564
        17         0.0195       -946.451
        17         0.0198        -901.34
        17         0.0201       -858.125
        17         0.0204       -816.704
        17         0.0207       -776.978
        17          0.021       -738.853
        17         0.0213       -702.235
        17         0.0216       -667.037
        17         0.0219       -633.174
        17         0.0222       -600.565
        17         0.0225       -569.132
        17         0.0228       -538.802
        17         0.0231       -509.505
        17         0.0234       -481.173
        17         0.0237       -453.746
        17          0.024       -427.162
        17         0.0243       -401.365
        17         0.0246       -376.304
        17         0.0249       -351.927
        17         0.0252       -328.188
        17         0.0255       -305.041
        17         0.0258       -282.447
        17         0.0261       -260.364
        17         0.0264       -238.757
        17         0.0267        -217.59
        17          0.027        -196.83
        17         0.0273       -176.446
        17         0.0276       -156.408
        17         0.0279        -136.69
        17         0.0282       -117.264
        17         0.0285       -98.1062
        17         0.0288       -79.1927
        17         0.0291       -60.5018
        17         0.0294       -42.0138
        17         0.0297       -23.7119
        17           0.03       -5.58346
        17         0.0303              0
        17         0.0306              0
        17         0.0309              0
        17         0.0312              0
        17         0.0315              0
        17         0.0318              0
        17         0.0321              0
        17         0.0324              0
        17         0.0327              0
        17          0.033              0
        17         0.0333              0
        17         0.0336              0
        17         0.0339              0
        17         0.0342              0
        17         0.0345              0
        17         0.0348              0
        17         0.0351              0
        17         0.0354              0
        17         0.0357              0
        17          0.036              0
        17         0.0363              0
        17         0.0366              0
        17         0.0369              0
        17         0.0372              0
        17         0.0375              0
        17         0.0378              0
        17         0.0381              0
        17         0.0384              0
        17         0.0387              0
        17          0.039              0
        17         0.0393              0
        17         0.0396              0
        17         0.0399              0
        17         0.0402              0
        17         0.0405              0
        17         0.0408              0
        17         0.0411              0
        17         0.0414              0
        17         0.0417              0
        17          0.042              0
        17         0.0423              0
        17         0.0426              0
        17         0.0429              0
        17         0.0432              0
        17         0.0435              0
        17         0.0438              0
        17         0.0441              0
        17         0.0444              0
        17         0.0447              0
        17          0.045              0
        17         0.0453              0
        17         0.0456              0
        17         0.0459              0
        17         0.0462              0
        17         0.0465              0
        17         0.0468              0
        17         0.0471              0
        17         0.0474              0
        17         0.0477              0
        18         -0.048              0
        18        -0.0477              0
        18        -0.0474              0
        18        -0.0471              0
        18        -0.0468              0
        18        -0.0465              0
        18        -0.0462              0
        18        -0.0459              0
        18        -0.0456              0
        18        -0.0453              0
        18         -0.045              0
        18        -0.0447              0
        18        -0.0444              0
        18        -0.0441              0
        18        -0.0438              0
        18        -0.0435              0
        18        -0.0432              0
        18        -0.0429              0
        18        -0.0426              0
        18        -0.0423              0
        18         -0.042              0
        18        -0.0417              0
        18        -0.0414              0
        18        -0.0411              0
        18        -0.0408              0
        18        -0.0405              0
        18        -0.0402              0
        18        -0.0399              0
        18        -0.0396              0
        18        -0.0393              0
        18         -0.039              0
        18        -0.0387              0
        18        -0.0384              0
        18        -0.0381              0
        18        -0.0378              0
        18        -0.0375              0
        18        -0.0372              0
        18        -0.0369              0
        18        -0.0366              0
        18        -0.0363              0
        18         -0.036              0
        18        -0.0357              0
        18        -0.0354              0
        18        -0.0351              0
        18        -0.0348              0
        18        -0.0345              0
        18        -0.0342              0
        18        -0.0339              0
        18        -0.0336              0
        18        -0.0333              0
        18         -0.033              0
        18        -0.0327              0
        18        -0.0324              0
        18        -0.0321              0
        18        -0.0318              0
        18        -0.0315              0
        18        -0.0312              0
        18        -0.0309              0
        18        -0.0306              0
        18        -0.0303              0
        18          -0.03       -5.57992
        18        -0.0297       -23.6968
        18        -0.0294       -41.9862
        18        -0.0291       -60.4607
        18        -0.0288       -79.1367
        18        -0.0285       -98.0335
        18        -0.0282       -117.173
        18        -0.0279       -136.577
        18        -0.0276       -156.272
        18        -0.0273       -176.283
        18         -0.027       -196.637
        18        -0.0267       -217.365
        18        -0.0264       -238.496
        18        -0.0261       -260.064
        18        -0.0258       -282.104
        18        -0.0255       -304.653
        18        -0.0252       -327.751
        18        -0.0249       -351.439
        18        -0.0246       -375.763
        18        -0.0243       -400.771
        18         -0.024       -426.512
        18        -0.0237       -453.042
        18        -0.0234       -480.417
        18        -0.0231       -508.699
        18        -0.0228       -537.951
        18        -0.0225       -568.242
        18        -0.0222       -599.644
        18        -0.0219       -632.233
        18        -0.0216       -666.088
        18        -0.0213       -701.294
        18         -0.021       -737.938
        18        -0.0207        -776.11
        18        -0.0204       -815.907
        18        -0.0201       -857.426
        18        -0.0198        -900.77
        18        -0.0195       -946.043
        18        -0.0192       -993.353
        18        -0.0189       -1042.81
        18        -0.0186       -1094.53
        18        -0.0183       -1148.63
        18         -0.018       -1205.23
        18        -0.0177       -1264.44
        18        -0.0174       -1326.39
        18        -0.0171       -1391.21
        18        -0.0168       -1459.02
        18        -0.0165       -1529.96
        18        -0.0162       -1604.16
        18        -0.0159       -1681.77
        18        -0.0156       -1762.92
        18        -0.0153       -1847.78
        18         -0.015        -1936.5
        18        -0.0147       -2029.25
        18        -0.0144       -2126.22
        18        -0.0141        -2227.6
        18        -0.0138        -2333.6
        18        -0.0135       -2444.44
        18        -0.0132       -2560.38
        18        -0.0129       -2681.68
        18        -0.0126       -2808.65
        18        -0.0123       -2941.61
        18         -0.012       -3080.93
        18        -0.0117       -3227.01
        18        -0.0114       -3380.32
        18        -0.0111       -3541.35
        18        -0.0108       -3710.69
        18        -0.0105       -3888.98
        18        -0.0102       -4076.97
        18        -0.0099       -4275.51
        18        -0.0096       -4485.56
        18        -0.0093       -4708.26
        18         -0.009       -4944.94
        18        -0.0087       -5197.15
        18        -0.0084       -5466.77
        18        -0.0081       -5756.05
        18        -0.0078       -6067.77
        18        -0.0075       -6405.41
        18        -0.0072       -6773.41
        18        -0.0069       -7177.61
        18        -0.0066       -7625.88
        18        -0.0063       -8129.03
        18         -0.006       -8701.47
        18        -0.0057          -9357
        18        -0.0054         -10000
        18        -0.0051         -10000
        18        -0.0048         -10000
        18        -0.0045       -9991.41
        18        -0.0042       -9921.62
        18        -0.0039       -9857.53
        18        -0.0036       -9803.84
        18        -0.0033        -9760.6
        18         -0.003       -9726.76
        18        -0.0027          -9701
        18        -0.0024       -9682.03
        18        -0.0021        -9668.6
        18        -0.0018       -9659.55
        18        -0.0015       -9653.84
        18        -0.0012        -9650.5
        18        -0.0009       -9648.69
        18        -0.0006       -9647.73
        18        -0.0003       -9647.11
        18              0       -9646.52
        18         0.0003       -9645.87
        18         0.0006       -9645.31
        18         0.0009       -9645.18
        18         0.0012       -9646.04
        18         0.0015       -9648.61
        18         0.0018       -9653.76
        18         0.0021       -9662.47
        18         0.0024       -9675.81
        18         0.0027       -9694.95
        18          0.003       -9721.12
        18         0.0033       -9755.62
        18         0.0036       -9799.75
        18         0.0039       -9854.56
        18         0.0042       -9919.97
        18         0.0045       -9991.18
        18         0.0048         -10000
        18         0.0051         -10000
        18         0.0054         -10000
        18         0.0057       -9354.18
        18          0.006       -8694.66
        18         0.0063       -8119.14
        18         0.0066       -7613.54
        18         0.0069       -7163.28
        18         0.0072       -6757.49
        18         0.0075       -6388.23
        18         0.0078       -6049.62
        18         0.0081       -5737.17
        18         0.0084       -5447.39
        18         0.0087       -5177.46
        18          0.009        -4925.1
        18         0.0093       -4688.42
        18         0.0096       -4465.86
        18         0.0099       -4256.06
        18         0.0102       -4057.88
        18         0.0105       -3870.34
        18         0.0108       -3692.57
        18         0.0111       -3523.82
        18         0.0114       -3363.45
        18         0.0117       -3210.85
        18          0.012       -3065.52
        18         0.0123       -2926.99
        18         0.0126       -2794.84
        18         0.0129       -2668.71
        18         0.0132       -2548.26
        18         0.0135       -2433.18
        18         0.0138        -2323.2
        18         0.0141       -2218.06
        18         0.0144       -2117.52
        18         0.0147       -2021.39
        18          0.015       -1929.44
        18         0.0153        -1841.5
        18         0.0156        -1757.4
        18         0.0159       -1676.96
        18         0.0162       -1600.04
        18         0.0165       -1526.47
        18         0.0168       -1456.13
        18         0.0171       -1388.87
        18         0.0174       -1324.55
        18         0.0177       -1263.06
        18          0.018       -1204.25
        18         0.0183       -1148.02
        18         0.0186       -1094.24
        18         0.0189        -1042.8
        18         0.0192       -993.575
        18         0.0195        -946.46
        18         0.0198       -901.347
        18         0.0201        -858.13
        18         0.0204       -816.708
        18         0.0207       -776.981
        18          0.021       -738.854
        18         0.0213       -702.235
        18         0.0216       -667.036
        18         0.0219       -633.173
        18         0.0222       -600.562
        18         0.0225       -569.129
        18         0.0228       -538.798
        18         0.0231         -509.5
        18         0.0234       -481.169
        18         0.0237       -453.741
        18          0.024       -427.156
        18         0.0243        -401.36
        18         0.0246       -376.298
        18         0.0249       -351.921
        18         0.0252       -328.182
        18         0.0255       -305.036
        18         0.0258       -282.441
        18         0.0261       -260.359
        18         0.0264       -238.752
        18         0.0267       -217.585
        18          0.027       -196.825
        18         0.0273       -176.441
        18         0.0276       -156.404
        18         0.0279       -136.686
        18         0.0282       -117.261
        18         0.0285       -98.1036
        18         0.0288       -79.1905
        18         0.0291       -60.5001
        18         0.0294       -42.0127
        18         0.0297       -23.7113
        18           0.03        -5.5833
        18         0.0303              0
        18         0.0306              0
        18         0.0309              0
        18         0.0312              0
        18         0.0315              0
        18         0.0318              0
        18         0.0321              0
        18         0.0324              0
        18         0.0327              0
        18          0.033              0
        18         0.0333              0
        18         0.0336              0
        18         0.0339              0
        18         0.0342              0
        18         0.0345              0
        18         0.0348              0
        18         0.0351              0
        18         0.0354              0
        18         0.0357              0
        18          0.036              0
        18         0.0363              0
        18         0.0366              0
        18         0.0369              0
        18         0.0372              0
        18         0.0375              0
        18         0.0378              0
        18         0.0381              0
        18         0.0384              0
        18         0.0387              0
        18          0.039              0
        18         0.0393              0
        18         0.0396              0
        18         0.0399              0
        18         0.0402              0
        18         0.0405              0
        18         0.0408              0
        18         0.0411              0
        18         0.0414              0
        18         0.0417              0
        18          0.042              0
        18         0.0423              0
        18         0.0426              0
        18         0.0429              0
        18         0.0432              0
        18         0.0435              0
        18         0.0438              0
        18         0.0441              0
        18         0.0444              0
        18         0.0447              0
        18          0.045              0
        18         0.0453              0
        18         0.0456              0
        18         0.0459              0
        18         0.0462              0
        18         0.0465              0
        18         0.0468              0
        18         0.0471              0
        18         0.0474              0
        18         0.0477              0
        19         -0.048              0
        19        -0.0477              0
        19        -0.0474              0
        19        -0.0471              0
        19        -0.0468              0
        19        -0.0465              0
        19        -0.0462              0
        19        -0.0459              0
        19        -0.0456              0
        19        -0.0453              0
        19         -0.045              0
        19        -0.0447              0
        19        -0.0444              0
        19        -0.0441              0
        19        -0.0438              0
        19        -0.0435              0
        19        -0.0432              0
        19        -0.0429              0
        19        -0.0426              0
        19        -0.0423              0
        19         -0.042              0
        19        -0.0417              0
        19        -0.0414              0
        19        -0.0411              0
        19        -0.0408              0
        19        -0.0405              0
        19        -0.0402              0
        19        -0.0399              0
        19        -0.0396              0
        19        -0.0393              0
        19         -0.039              0
        19        -0.0387              0
        19        -0.0384              0
        19        -0.0381              0
        19        -0.0378              0
        19        -0.0375              0
        19        -0.0372              0
        19        -0.0369              0
        19        -0.0366              0
        19        -0.0363              0
        19         -0.036              0
        19        -0.0357              0
        19        -0.0354              0
        19        -0.0351              0
        19        -0.0348              0
        19        -0.0345              0
        19        -0.0342              0
        19        -0.0339              0
        19        -0.0336              0
        19        -0.0333              0
        19         -0.033              0
        19        -0.0327              0
        19        -0.0324              0
        19        -0.0321              0
        19        -0.0318              0
        19        -0.0315              0
        19        -0.0312              0
        19        -0.0309              0
        19        -0.0306              0
        19        -0.0303              0
        19          -0.03       -5.58005
        19        -0.0297       -23.6973
        19        -0.0294       -41.9872
        19        -0.0291       -60.4621
        19        -0.0288       -79.1385
        19        -0.0285       -98.0358
        19        -0.0282       -117.175
        19        -0.0279       -136.581
        19        -0.0276       -156.276
        19        -0.0273       -176.287
        19         -0.027       -196.641
        19        -0.0267       -217.369
        19        -0.0264       -238.501
        19        -0.0261       -260.069
        19        -0.0258       -282.109
        19        -0.0255       -304.659
        19        -0.0252       -327.757
        19        -0.0249       -351.445
        19        -0.0246        -375.77
        19        -0.0243       -400.777
        19         -0.024       -426.519
        19        -0.0237       -453.049
        19        -0.0234       -480.424
        19        -0.0231       -508.705
        19        -0.0228       -537.957
        19        -0.0225       -568.248
        19        -0.0222        -599.65
        19        -0.0219       -632.239
        19        -0.0216       -666.095
        19        -0.0213         -701.3
        19         -0.021       -737.944
        19        -0.0207       -776.116
        19        -0.0204       -815.913
        19        -0.0201       -857.432
        19        -0.0198       -900.775
        19        -0.0195       -946.048
        19        -0.0192       -993.359
        19        -0.0189       -1042.82
        19        -0.0186       -1094.54
        19        -0.0183       -1148.64
        19         -0.018       -1205.23
        19        -0.0177       -1264.44
        19        -0.0174       -1326.39
        19        -0.0171       -1391.21
        19        -0.0168       -1459.02
        19        -0.0165       -1529.96
        19        -0.0162       -1604.16
        19        -0.0159       -1681.76
        19        -0.0156       -1762.91
        19        -0.0153       -1847.77
        19         -0.015       -1936.48
        19        -0.0147       -2029.23
        19        -0.0144       -2126.19
        19        -0.0141       -2227.56
        19        -0.0138       -2333.55
        19        -0.0135       -2444.38
        19        -0.0132        -2560.3
        19        -0.0129       -2681.59
        19        -0.0126       -2808.54
        19        -0.0123       -2941.48
        19         -0.012       -3080.77
        19        -0.0117       -3226.83
        19        -0.0114       -3380.11
        19        -0.0111       -3541.12
        19        -0.0108       -3710.43
        19        -0.0105        -3888.7
        19        -0.0102       -4076.66
        19        -0.0099       -4275.17
        19        -0.0096        -4485.2
        19        -0.0093       -4707.89
        19         -0.009       -4944.55
        19        -0.0087       -5196.75
        19        -0.0084       -5466.36
        19        -0.0081       -5755.63
        19        -0.0078       -6067.36
        19        -0.0075          -6405
        19        -0.0072       -6773.01
        19        -0.0069       -7177.23
        19        -0.0066       -7625.53
        19        -0.0063       -8128.72
        19         -0.006       -8701.23
        19        -0.0057       -9356.86
        19        -0.0054         -10000
        19        -0.0051         -10000
        19        -0.0048         -10000
        19        -0.0045        -9991.4
        19        -0.0042        -9921.6
        19        -0.0039       -9857.52
        19        -0.0036       -9803.85
        19        -0.0033       -9760.63
        19         -0.003       -9726.81
        19        -0.0027       -9701.07
        19        -0.0024       -9682.11
        19        -0.0021       -9668.69
        19        -0.0018       -9659.65
        19        -0.0015       -9653.94
        19        -0.0012       -9650.59
        19        -0.0009       -9648.78
        19        -0.0006       -9647.81
        19        -0.0003       -9647.18
        19              0       -9646.58
        19         0.0003       -9645.92
        19         0.0006       -9645.35
        19         0.0009        -9645.2
        19         0.0012       -9646.05
        19         0.0015        -9648.6
        19         0.0018       -9653.74
        19         0.0021       -9662.43
        19         0.0024       -9675.76
        19         0.0027       -9694.88
        19          0.003       -9721.05
        19         0.0033       -9755.55
        19         0.0036       -9799.69
        19         0.0039       -9854.52
        19         0.0042       -9919.94
        19         0.0045       -9991.17
        19         0.0048         -10000
        19         0.0051         -10000
        19         0.0054         -10000
        19         0.0057       -9354.19
        19          0.006       -8694.68
        19         0.0063       -8119.17
        19         0.0066       -7613.57
        19         0.0069       -7163.32
        19         0.0072       -6757.52
        19         0.0075       -6388.25
        19         0.0078       -6049.63
        19         0.0081       -5737.17
        19         0.0084       -5447.37
        19         0.0087       -5177.43
        19          0.009       -4925.06
        19         0.0093       -4688.37
        19         0.0096       -4465.79
        19         0.0099       -4255.98
        19         0.0102       -4057.79
        19         0.0105       -3870.24
        19         0.0108       -3692.47
        19         0.0111       -3523.73
        19         0.0114       -3363.35
        19         0.0117       -3210.75
        19          0.012       -3065.42
        19         0.0123        -2926.9
        19         0.0126       -2794.76
        19         0.0129       -2668.63
        19         0.0132       -2548.19
        19         0.0135       -2433.12
        19         0.0138       -2323.14
        19         0.0141       -2218.01
        19         0.0144       -2117.48
        19         0.0147       -2021.35
        19          0.015       -1929.41
        19         0.0153       -1841.48
        19         0.0156       -1757.38
        19         0.0159       -1676.95
        19         0.0162       -1600.03
        19         0.0165       -1526.47
        19         0.0168       -1456.13
        19         0.0171       -1388.87
        19         0.0174       -1324.56
        19         0.0177       -1263.06
        19          0.018       -1204.26
        19         0.0183       -1148.03
        19         0.0186       -1094.25
        19         0.0189       -1042.81
        19         0.0192       -993.583
        19         0.0195       -946.468
        19         0.0198       -901.354
        19         0.0201       -858.137
        19         0.0204       -816.714
        19         0.0207       -776.986
        19          0.021       -738.859
        19         0.0213       -702.239
        19         0.0216        -667.04
        19         0.0219       -633.175
        19         0.0222       -600.565
        19         0.0225        -569.13
        19         0.0228       -538.799
        19         0.0231       -509.501
        19         0.0234       -481.169
        19         0.0237        -453.74
        19          0.024       -427.156
        19         0.0243       -401.359
        19         0.0246       -376.297
        19         0.0249        -351.92
        19         0.0252       -328.181
        19         0.0255       -305.035
        19         0.0258        -282.44
        19         0.0261       -260.358
        19         0.0264        -238.75
        19         0.0267       -217.583
        19          0.027       -196.824
        19         0.0273        -176.44
        19         0.0276       -156.403
        19         0.0279       -136.686
        19         0.0282        -117.26
        19         0.0285       -98.1029
        19         0.0288         -79.19
        19         0.0291       -60.4997
        19         0.0294       -42.0124
        19         0.0297       -23.7111
        19           0.03       -5.58326
        19         0.0303              0
        19         0.0306              0
        19         0.0309              0
        19         0.0312              0
        19         0.0315              0
        19         0.0318              0
        19         0.0321              0
        19         0.0324              0
        19         0.0327              0
        19          0.033              0
        19         0.0333              0
        19         0.0336              0
        19         0.0339              0
        19         0.0342              0
        19         0.0345              0
        19         0.0348              0
        19         0.0351              0
        19         0.0354              0
        19         0.0357              0
        19          0.036              0
        19         0.0363              0
        19         0.0366              0
        19         0.0369              0
        19         0.0372              0
        19         0.0375              0
        19         0.0378              0
        19         0.0381              0
        19         0.0384              0
        19         0.0387              0
        19          0.039              0
        19         0.0393              0
        19         0.0396              0
        19         0.0399              0
        19         0.0402              0
        19         0.0405              0
        19         0.0408              0
        19         0.0411              0
        19         0.0414              0
        19         0.0417              0
        19          0.042              0
        19         0.0423              0
        19         0.0426              0
        19         0.0429              0
        19         0.0432              0
        19         0.0435              0
        19         0.0438              0
        19         0.0441              0
        19         0.0444              0
        19         0.0447              0
        19          0.045              0
        19         0.0453              0
        19         0.0456              0
        19         0.0459              0
        19         0.0462              0
        19         0.0465              0
        19         0.0468              0
        19         0.0471              0
        19         0.0474              0
        19         0.0477              0
        20         -0.048              0
        20        -0.0477              0
        20        -0.0474              0
        20        -0.0471              0
        20        -0.0468              0
        20        -0.0465              0
        20        -0.0462              0
        20        -0.0459              0
        20        -0.0456              0
        20        -0.0453              0
        20         -0.045              0
        20        -0.0447              0
        20        -0.0444              0
        20        -0.0441              0
        20        -0.0438              0
        20        -0.0435              0
        20        -0.0432              0
        20        -0.0429              0
        20        -0.0426              0
        20        -0.0423              0
        20         -0.042              0
        20        -0.0417              0
        20        -0.0414              0
        20        -0.0411              0
        20        -0.0408              0
        20        -0.0405              0
        20        -0.0402              0
        20        -0.0399              0
        20        -0.0396              0
        20        -0.0393              0
        20         -0.039              0
        20        -0.0387              0
        20        -0.0384              0
        20        -0.0381              0
        20        -0.0378              0
        20        -0.0375              0
        20        -0.0372              0
        20        -0.0369              0
        20        -0.0366              0
        20        -0.0363              0
        20         -0.036              0
        20        -0.0357              0
        20        -0.0354              0
        20        -0.0351              0
        20        -0.0348              0
        20        -0.0345              0
        20        -0.0342              0
        20        -0.0339              0
        20        -0.0336              0
        20        -0.0333              0
        20         -0.033              0
        20        -0.0327              0
        20        -0.0324              0
        20        -0.0321              0
        20        -0.0318              0
        20        -0.0315              0
        20        -0.0312              0
        20        -0.0309              0
        20        -0.0306              0
        20        -0.0303              0
        20          -0.03       -5.58011
        20        -0.0297       -23.6976
        20        -0.0294       -41.9877
        20        -0.0291       -60.4628
        20        -0.0288       -79.1394
        20        -0.0285       -98.0369
        20        -0.0282       -117.177
        20        -0.0279       -136.582
        20        -0.0276       -156.277
        20        -0.0273       -176.288
        20         -0.027       -196.643
        20        -0.0267       -217.371
        20        -0.0264       -238.503
        20        -0.0261       -260.071
        20        -0.0258       -282.112
        20        -0.0255       -304.661
        20        -0.0252       -327.759
        20        -0.0249       -351.448
        20        -0.0246       -375.772
        20        -0.0243       -400.779
        20         -0.024       -426.521
        20        -0.0237        -453.05
        20        -0.0234       -480.425
        20        -0.0231       -508.706
        20        -0.0228       -537.957
        20        -0.0225       -568.248
        20        -0.0222       -599.649
        20        -0.0219       -632.237
        20        -0.0216       -666.091
        20        -0.0213       -701.295
        20         -0.021       -737.937
        20        -0.0207       -776.108
        20        -0.0204       -815.902
        20        -0.0201       -857.419
        20        -0.0198        -900.76
        20        -0.0195        -946.03
        20        -0.0192       -993.337
        20        -0.0189       -1042.79
        20        -0.0186       -1094.51
        20        -0.0183        -1148.6
        20         -0.018       -1205.19
        20        -0.0177        -1264.4
        20        -0.0174       -1326.34
        20        -0.0171       -1391.15
        20        -0.0168       -1458.96
        20        -0.0165       -1529.89
        20        -0.0162       -1604.08
        20        -0.0159       -1681.68
        20        -0.0156       -1762.82
        20        -0.0153       -1847.67
        20         -0.015       -1936.38
        20        -0.0147       -2029.12
        20        -0.0144       -2126.07
        20        -0.0141       -2227.43
        20        -0.0138       -2333.41
        20        -0.0135       -2444.24
        20        -0.0132       -2560.16
        20        -0.0129       -2681.44
        20        -0.0126       -2808.39
        20        -0.0123       -2941.33
        20         -0.012       -3080.63
        20        -0.0117        -3226.7
        20        -0.0114       -3379.99
        20        -0.0111       -3541.01
        20        -0.0108       -3710.34
        20        -0.0105       -3888.63
        20        -0.0102       -4076.62
        20        -0.0099       -4275.16
        20        -0.0096       -4485.23
        20        -0.0093       -4707.95
        20         -0.009       -4944.66
        20        -0.0087       -5196.91
        20        -0.0084       -5466.56
        20        -0.0081       -5755.89
        20        -0.0078       -6067.66
        20        -0.0075       -6405.35
        20        -0.0072        -6773.4
        20        -0.0069       -7177.65
        20        -0.0066       -7625.96
        20        -0.0063       -8129.13
        20         -0.006       -8701.58
        20        -0.0057       -9357.07
        20        -0.0054         -10000
        20        -0.0051         -10000
        20        -0.0048         -10000
        20        -0.0045       -9991.42
        20        -0.0042       -9921.71
        20        -0.0039       -9857.67
        20        -0.0036          -9804
        20        -0.0033       -9760.77
        20         -0.003       -9726.93
        20        -0.0027       -9701.17
        20        -0.0024       -9682.19
        20        -0.0021       -9668.75
        20        -0.0018        -9659.7
        20        -0.0015       -9653.98
        20        -0.0012       -9650.62
        20        -0.0009        -9648.8
        20        -0.0006       -9647.83
        20        -0.0003        -9647.2
        20              0        -9646.6
        20         0.0003       -9645.94
        20         0.0006       -9645.36
        20         0.0009       -9645.22
        20         0.0012       -9646.07
        20         0.0015       -9648.63
        20         0.0018       -9653.77
        20         0.0021       -9662.47
        20         0.0024       -9675.81
        20         0.0027       -9694.94
        20          0.003       -9721.11
        20         0.0033       -9755.62
        20         0.0036       -9799.76
        20         0.0039       -9854.57
        20         0.0042       -9919.98
        20         0.0045       -9991.18
        20         0.0048         -10000
        20         0.0051         -10000
        20         0.0054         -10000
        20         0.0057        -9354.2
        20          0.006       -8694.67
        20         0.0063       -8119.15
        20         0.0066       -7613.54
        20         0.0069       -7163.28
        20         0.0072       -6757.47
        20         0.0075        -6388.2
        20         0.0078       -6049.58
        20         0.0081       -5737.12
        20         0.0084       -5447.33
        20         0.0087       -5177.39
        20          0.009       -4925.02
        20         0.0093       -4688.34
        20         0.0096       -4465.77
        20         0.0099       -4255.96
        20         0.0102       -4057.78
        20         0.0105       -3870.23
        20         0.0108       -3692.46
        20         0.0111       -3523.72
        20         0.0114       -3363.34
        20         0.0117       -3210.75
        20          0.012       -3065.41
        20         0.0123       -2926.89
        20         0.0126       -2794.74
        20         0.0129       -2668.62
        20         0.0132       -2548.17
        20         0.0135        -2433.1
        20         0.0138       -2323.12
        20         0.0141       -2217.98
        20         0.0144       -2117.45
        20         0.0147       -2021.32
        20          0.015       -1929.38
        20         0.0153       -1841.45
        20         0.0156       -1757.35
        20         0.0159       -1676.92
        20         0.0162          -1600
        20         0.0165       -1526.44
        20         0.0168        -1456.1
        20         0.0171       -1388.84
        20         0.0174       -1324.53
        20         0.0177       -1263.04
        20          0.018       -1204.24
        20         0.0183       -1148.01
        20         0.0186       -1094.23
        20         0.0189       -1042.79
        20         0.0192       -993.565
        20         0.0195       -946.452
        20         0.0198        -901.34
        20         0.0201       -858.124
        20         0.0204       -816.702
        20         0.0207       -776.976
        20          0.021       -738.849
        20         0.0213       -702.231
        20         0.0216       -667.032
        20         0.0219       -633.168
        20         0.0222       -600.558
        20         0.0225       -569.125
        20         0.0228       -538.794
        20         0.0231       -509.496
        20         0.0234       -481.165
        20         0.0237       -453.737
        20          0.024       -427.152
        20         0.0243       -401.356
        20         0.0246       -376.294
        20         0.0249       -351.917
        20         0.0252       -328.178
        20         0.0255       -305.032
        20         0.0258       -282.438
        20         0.0261       -260.355
        20         0.0264       -238.748
        20         0.0267       -217.582
        20          0.027       -196.822
        20         0.0273       -176.439
        20         0.0276       -156.402
        20         0.0279       -136.684
        20         0.0282       -117.259
        20         0.0285        -98.102
        20         0.0288       -79.1892
        20         0.0291       -60.4991
        20         0.0294       -42.0119
        20         0.0297       -23.7109
        20           0.03        -5.5832
        20         0.0303              0
        20         0.0306              0
        20         0.0309              0
        20         0.0312              0
        20         0.0315              0
        20         0.0318              0
        20         0.0321              0
        20         0.0324              0
        20         0.0327              0
        20          0.033              0
        20         0.0333              0
        20         0.0336              0
        20         0.0339              0
        20         0.0342              0
        20         0.0345              0
        20         0.0348              0
        20         0.0351              0
        20         0.0354              0
        20         0.0357              0
        20          0.036              0
        20         0.0363              0
        20         0.0366              0
        20         0.0369              0
        20         0.0372              0
        20         0.0375              0
        20         0.0378              0
        20         0.0381              0
        20         0.0384              0
        20         0.0387              0
        20          0.039              0
        20         0.0393              0
        20         0.0396              0
        20         0.0399              0
        20         0.0402              0
        20         0.0405              0
        20         0.0408              0
        20         0.0411              0
        20         0.0414              0
        20         0.0417              0
        20          0.042              0
        20         0.0423              0
        20         0.0426              0
        20         0.0429              0
        20         0.0432              0
        20         0.0435              0
        20         0.0438              0
        20         0.0441              0
        20         0.0444              0
        20         0.0447              0
        20          0.045              0
        20         0.0453              0
        20         0.0456              0
        20         0.0459              0
        20         0.0462              0
        20         0.0465              0
        20         0.0468              0
        20         0.0471              0
        20         0.0474              0
        20         0.0477              0
