# iteration    r (m)    potential (V)
         1        -0.0315       -369.112
         1        -0.0312       -369.294
         1        -0.0309       -369.843
         1        -0.0306       -370.758
         1        -0.0303       -372.044
         1          -0.03       -373.703
         1        -0.0297       -375.741
         1        -0.0294       -378.162
         1        -0.0291       -380.975
         1        -0.0288       -384.188
         1        -0.0285       -387.809
         1        -0.0282       -391.851
         1        -0.0279       -396.325
         1        -0.0276       -401.244
         1        -0.0273       -406.624
         1         -0.027        -412.48
         1        -0.0267       -418.832
         1        -0.0264       -425.699
         1        -0.0261       -433.102
         1        -0.0258       -441.065
         1        -0.0255       -449.615
         1        -0.0252       -458.777
         1        -0.0249       -468.585
         1        -0.0246       -479.069
         1        -0.0243       -490.265
         1         -0.024       -502.211
         1        -0.0237       -514.948
         1        -0.0234       -528.519
         1        -0.0231       -542.971
         1        -0.0228       -558.354
         1        -0.0225        -574.72
         1        -0.0222       -592.127
         1        -0.0219       -610.633
         1        -0.0216       -630.301
         1        -0.0213         -651.2
         1         -0.021       -673.399
         1        -0.0207       -696.973
         1        -0.0204       -722.001
         1        -0.0201       -748.564
         1        -0.0198       -776.749
         1        -0.0195       -806.645
         1        -0.0192       -838.345
         1        -0.0189       -871.946
         1        -0.0186        -907.55
         1        -0.0183       -945.261
         1         -0.018       -985.186
         1        -0.0177       -1027.44
         1        -0.0174       -1072.14
         1        -0.0171        -1119.4
         1        -0.0168       -1169.36
         1        -0.0165       -1222.14
         1        -0.0162       -1277.88
         1        -0.0159       -1336.73
         1        -0.0156       -1398.84
         1        -0.0153       -1464.38
         1         -0.015       -1533.51
         1        -0.0147       -1606.43
         1        -0.0144       -1683.34
         1        -0.0141       -1764.44
         1        -0.0138       -1849.98
         1        -0.0135       -1940.21
         1        -0.0132       -2035.41
         1        -0.0129       -2135.89
         1        -0.0126       -2241.98
         1        -0.0123       -2354.08
         1         -0.012       -2472.59
         1        -0.0117       -2597.98
         1        -0.0114       -2730.78
         1        -0.0111       -2871.59
         1        -0.0108       -3021.06
         1        -0.0105       -3179.96
         1        -0.0102       -3349.16
         1        -0.0099       -3529.64
         1        -0.0096       -3722.55
         1        -0.0093       -3929.21
         1         -0.009       -4151.19
         1        -0.0087       -4390.32
         1        -0.0084       -4648.77
         1        -0.0081       -4929.17
         1        -0.0078       -5234.73
         1        -0.0075       -5569.38
         1        -0.0072        -5938.1
         1        -0.0069        -6347.3
         1        -0.0066       -6805.37
         1        -0.0063       -7323.81
         1         -0.006       -7918.96
         1        -0.0057          -8616
         1        -0.0054       -9460.01
         1        -0.0051         -10000
         1        -0.0048         -10000
         1        -0.0045         -10000
         1        -0.0042       -9977.87
         1        -0.0039        -9832.3
         1        -0.0036       -9708.22
         1        -0.0033       -9605.58
         1         -0.003       -9523.05
         1        -0.0027       -9458.51
         1        -0.0024       -9409.52
         1        -0.0021       -9373.66
         1        -0.0018       -9348.59
         1        -0.0015       -9332.09
         1        -0.0012       -9322.09
         1        -0.0009       -9316.73
         1        -0.0006       -9314.36
         1        -0.0003       -9313.65
         1              0        -9313.6
         1         0.0003       -9313.64
         1         0.0006        -9313.6
         1         0.0009       -9313.79
         1         0.0012       -9314.92
         1         0.0015       -9318.13
         1         0.0018       -9324.84
         1         0.0021       -9336.78
         1         0.0024       -9355.89
         1         0.0027       -9384.28
         1          0.003       -9424.22
         1         0.0033       -9478.07
         1         0.0036       -9548.27
         1         0.0039       -9637.17
         1         0.0042        -9746.7
         1         0.0045       -9877.78
         1         0.0048         -10000
         1         0.0051         -10000
         1         0.0054         -10000
         1         0.0057         -10000
         1          0.006       -9164.58
         1         0.0063       -8374.82
         1         0.0066       -7713.96
         1         0.0069       -7145.81
         1         0.0072       -6648.59
         1         0.0075       -6207.68
         1         0.0078        -5812.7
         1         0.0081       -5455.94
         1         0.0084        -5131.5
         1         0.0087       -4834.77
         1          0.009       -4562.07
         1         0.0093        -4310.4
         1         0.0096       -4077.29
         1         0.0099       -3860.69
         1         0.0102       -3658.86
         1         0.0105       -3470.33
         1         0.0108       -3293.83
         1         0.0111       -3128.27
         1         0.0114       -2972.71
         1         0.0117       -2826.32
         1          0.012       -2688.37
         1         0.0123       -2558.22
         1         0.0126        -2435.3
         1         0.0129       -2319.11
         1         0.0132       -2209.19
         1         0.0135       -2105.14
         1         0.0138        -2006.6
         1         0.0141       -1913.24
         1         0.0144       -1824.76
         1         0.0147       -1740.89
         1          0.015       -1661.37
         1         0.0153       -1585.99
         1         0.0156       -1514.53
         1         0.0159        -1446.8
         1         0.0162       -1382.62
         1         0.0165       -1321.81
         1         0.0168       -1264.21
         1         0.0171       -1209.69
         1         0.0174       -1158.08
         1         0.0177       -1109.26
         1          0.018        -1063.1
         1         0.0183       -1019.48
         1         0.0186       -978.262
         1         0.0189       -939.345
         1         0.0192       -902.615
         1         0.0195       -867.964
         1         0.0198        -835.29
         1         0.0201       -804.493
         1         0.0204       -775.476
         1         0.0207       -748.149
         1          0.021       -722.423
         1         0.0213       -698.214
         1         0.0216       -675.441
         1         0.0219       -654.027
         1         0.0222         -633.9
         1         0.0225        -614.99
         1         0.0228       -597.232
         1         0.0231       -580.564
         1         0.0234       -564.928
         1         0.0237       -550.268
         1          0.024       -536.533
         1         0.0243       -523.674
         1         0.0246       -511.647
         1         0.0249       -500.409
         1         0.0252       -489.922
         1         0.0255       -480.148
         1         0.0258       -471.054
         1         0.0261        -462.61
         1         0.0264       -454.786
         1         0.0267       -447.556
         1          0.027       -440.897
         1         0.0273       -434.786
         1         0.0276       -429.203
         1         0.0279       -424.129
         1         0.0282       -419.549
         1         0.0285       -415.448
         1         0.0288       -411.812
         1         0.0291       -408.629
         1         0.0294       -405.891
         1         0.0297       -403.588
         1           0.03       -401.713
         1         0.0303       -400.261
         1         0.0306       -399.226
         1         0.0309       -398.607
         1         0.0312       -398.401
         2        -0.0315       -575.454
         2        -0.0312       -575.665
         2        -0.0309         -576.3
         2        -0.0306        -577.36
         2        -0.0303       -578.848
         2          -0.03       -580.769
         2        -0.0297       -583.128
         2        -0.0294       -585.933
         2        -0.0291       -589.192
         2        -0.0288       -592.915
         2        -0.0285       -597.112
         2        -0.0282       -601.798
         2        -0.0279       -606.986
         2        -0.0276       -612.693
         2        -0.0273       -618.936
         2         -0.027       -625.736
         2        -0.0267       -633.114
         2        -0.0264       -641.095
         2        -0.0261       -649.704
         2        -0.0258       -658.971
         2        -0.0255       -668.925
         2        -0.0252       -679.602
         2        -0.0249       -691.037
         2        -0.0246       -703.269
         2        -0.0243       -716.342
         2         -0.024         -730.3
         2        -0.0237       -745.193
         2        -0.0234       -761.073
         2        -0.0231       -777.997
         2        -0.0228       -796.024
         2        -0.0225       -815.218
         2        -0.0222       -835.647
         2        -0.0219       -857.382
         2        -0.0216       -880.499
         2        -0.0213       -905.077
         2         -0.021         -931.2
         2        -0.0207       -958.955
         2        -0.0204       -988.434
         2        -0.0201       -1019.73
         2        -0.0198       -1052.95
         2        -0.0195       -1088.18
         2        -0.0192       -1125.53
         2        -0.0189       -1165.12
         2        -0.0186       -1207.05
         2        -0.0183       -1251.43
         2         -0.018       -1298.38
         2        -0.0177       -1348.02
         2        -0.0174       -1400.46
         2        -0.0171       -1455.83
         2        -0.0168       -1514.26
         2        -0.0165       -1575.87
         2        -0.0162       -1640.79
         2        -0.0159       -1709.15
         2        -0.0156       -1781.11
         2        -0.0153       -1856.79
         2         -0.015       -1936.36
         2        -0.0147       -2019.98
         2        -0.0144        -2107.8
         2        -0.0141       -2200.03
         2        -0.0138       -2296.84
         2        -0.0135       -2398.45
         2        -0.0132       -2505.09
         2        -0.0129       -2617.01
         2        -0.0126       -2734.49
         2        -0.0123       -2857.82
         2         -0.012       -2987.34
         2        -0.0117       -3123.43
         2        -0.0114       -3266.49
         2        -0.0111          -3417
         2        -0.0108       -3575.47
         2        -0.0105       -3742.52
         2        -0.0102       -3918.79
         2        -0.0099       -4105.07
         2        -0.0096       -4302.24
         2        -0.0093       -4511.31
         2         -0.009       -4733.48
         2        -0.0087       -4970.14
         2        -0.0084       -5222.96
         2        -0.0081       -5493.91
         2        -0.0078       -5785.41
         2        -0.0075       -6100.48
         2        -0.0072       -6442.88
         2        -0.0069        -6817.5
         2        -0.0066       -7230.85
         2        -0.0063       -7691.91
         2         -0.006       -8213.76
         2        -0.0057       -8817.01
         2        -0.0054       -9539.77
         2        -0.0051         -10000
         2        -0.0048         -10000
         2        -0.0045         -10000
         2        -0.0042       -9987.77
         2        -0.0039       -9907.41
         2        -0.0036       -9839.35
         2        -0.0033       -9783.46
         2         -0.003       -9738.83
         2        -0.0027       -9704.09
         2        -0.0024       -9677.78
         2        -0.0021       -9658.48
         2        -0.0018       -9644.87
         2        -0.0015       -9635.72
         2        -0.0012       -9629.93
         2        -0.0009       -9626.49
         2        -0.0006       -9624.56
         2        -0.0003       -9623.45
         2              0       -9622.65
         2         0.0003       -9621.87
         2         0.0006       -9621.08
         2         0.0009       -9620.45
         2         0.0012       -9620.41
         2         0.0015       -9621.57
         2         0.0018       -9624.73
         2         0.0021       -9630.84
         2         0.0024       -9640.95
         2         0.0027       -9656.23
         2          0.003       -9677.95
         2         0.0033       -9707.47
         2         0.0036       -9746.22
         2         0.0039       -9795.62
         2         0.0042       -9856.94
         2         0.0045       -9930.81
         2         0.0048         -10000
         2         0.0051         -10000
         2         0.0054         -10000
         2         0.0057         -10000
         2          0.006       -9281.41
         2         0.0063        -8597.3
         2         0.0066       -8018.38
         2         0.0069       -7514.12
         2         0.0072       -7066.65
         2         0.0075       -6664.28
         2         0.0078       -6298.79
         2         0.0081       -5964.19
         2         0.0084       -5655.93
         2         0.0087       -5370.45
         2          0.009       -5104.93
         2         0.0093       -4857.08
         2         0.0096       -4624.98
         2         0.0099       -4407.05
         2         0.0102       -4201.95
         2         0.0105       -4008.54
         2         0.0108       -3825.81
         2         0.0111       -3652.92
         2         0.0114       -3489.12
         2         0.0117       -3333.75
         2          0.012       -3186.24
         2         0.0123       -3046.06
         2         0.0126       -2912.78
         2         0.0129       -2785.97
         2         0.0132       -2665.27
         2         0.0135       -2550.36
         2         0.0138       -2440.93
         2         0.0141       -2336.71
         2         0.0144       -2237.46
         2         0.0147       -2142.95
         2          0.015       -2052.97
         2         0.0153       -1967.33
         2         0.0156       -1885.85
         2         0.0159       -1808.35
         2         0.0162       -1734.69
         2         0.0165        -1664.7
         2         0.0168       -1598.24
         2         0.0171       -1535.18
         2         0.0174       -1475.38
         2         0.0177        -1418.7
         2          0.018       -1365.02
         2         0.0183       -1314.22
         2         0.0186       -1266.18
         2         0.0189       -1220.77
         2         0.0192       -1177.88
         2         0.0195        -1137.4
         2         0.0198       -1099.21
         2         0.0201        -1063.2
         2         0.0204       -1029.27
         2         0.0207       -997.324
         2          0.021       -967.251
         2         0.0213       -938.958
         2         0.0216       -912.353
         2         0.0219       -887.347
         2         0.0222       -863.855
         2         0.0225       -841.796
         2         0.0228       -821.093
         2         0.0231       -801.672
         2         0.0234       -783.466
         2         0.0237       -766.408
         2          0.024       -750.437
         2         0.0243       -735.496
         2         0.0246       -721.531
         2         0.0249       -708.491
         2         0.0252       -696.331
         2         0.0255       -685.006
         2         0.0258       -674.477
         2         0.0261       -664.705
         2         0.0264       -655.657
         2         0.0267       -647.302
         2          0.027        -639.61
         2         0.0273       -632.554
         2         0.0276       -626.112
         2         0.0279        -620.26
         2         0.0282       -614.979
         2         0.0285       -610.253
         2         0.0288       -606.064
         2         0.0291         -602.4
         2         0.0294       -599.248
         2         0.0297       -596.597
         2           0.03       -594.441
         2         0.0303        -592.77
         2         0.0306       -591.581
         2         0.0309       -590.869
         2         0.0312       -590.632
         3        -0.0315       -632.788
         3        -0.0312       -632.997
         3        -0.0309       -633.623
         3        -0.0306       -634.668
         3        -0.0303       -636.137
         3          -0.03       -638.032
         3        -0.0297        -640.36
         3        -0.0294       -643.128
         3        -0.0291       -646.344
         3        -0.0288       -650.018
         3        -0.0285       -654.162
         3        -0.0282       -658.788
         3        -0.0279        -663.91
         3        -0.0276       -669.544
         3        -0.0273       -675.709
         3         -0.027       -682.423
         3        -0.0267       -689.709
         3        -0.0264       -697.589
         3        -0.0261        -706.09
         3        -0.0258       -715.241
         3        -0.0255       -725.072
         3        -0.0252       -735.617
         3        -0.0249       -746.912
         3        -0.0246       -758.996
         3        -0.0243       -771.914
         3         -0.024       -785.711
         3        -0.0237       -800.435
         3        -0.0234       -816.142
         3        -0.0231       -832.887
         3        -0.0228       -850.731
         3        -0.0225        -869.74
         3        -0.0222       -889.981
         3        -0.0219       -911.528
         3        -0.0216       -934.457
         3        -0.0213       -958.849
         3         -0.021       -984.789
         3        -0.0207       -1012.37
         3        -0.0204       -1041.67
         3        -0.0201       -1072.81
         3        -0.0198       -1105.86
         3        -0.0195       -1140.95
         3        -0.0192       -1178.17
         3        -0.0189       -1217.64
         3        -0.0186       -1259.46
         3        -0.0183       -1303.75
         3         -0.018       -1350.63
         3        -0.0177       -1400.22
         3        -0.0174       -1452.63
         3        -0.0171          -1508
         3        -0.0168       -1566.44
         3        -0.0165       -1628.08
         3        -0.0162       -1693.06
         3        -0.0159       -1761.52
         3        -0.0156       -1833.58
         3        -0.0153        -1909.4
         3         -0.015       -1989.13
         3        -0.0147       -2072.93
         3        -0.0144       -2160.97
         3        -0.0141       -2253.43
         3        -0.0138       -2350.49
         3        -0.0135       -2452.38
         3        -0.0132       -2559.32
         3        -0.0129       -2671.55
         3        -0.0126       -2789.34
         3        -0.0123       -2913.01
         3         -0.012       -3042.87
         3        -0.0117       -3179.29
         3        -0.0114       -3322.69
         3        -0.0111       -3473.52
         3        -0.0108        -3632.3
         3        -0.0105       -3799.61
         3        -0.0102       -3976.11
         3        -0.0099       -4162.55
         3        -0.0096        -4359.8
         3        -0.0093       -4568.84
         3         -0.009       -4790.85
         3        -0.0087       -5027.17
         3        -0.0084        -5279.4
         3        -0.0081       -5549.48
         3        -0.0078       -5839.75
         3        -0.0075       -6153.09
         3        -0.0072       -6493.16
         3        -0.0069       -6864.65
         3        -0.0066       -7273.85
         3        -0.0063       -7729.44
         3         -0.006       -8244.09
         3        -0.0057       -8837.88
         3        -0.0054        -9548.1
         3        -0.0051         -10000
         3        -0.0048         -10000
         3        -0.0045         -10000
         3        -0.0042       -9988.63
         3        -0.0039       -9913.93
         3        -0.0036       -9850.59
         3        -0.0033       -9798.53
         3         -0.003        -9756.9
         3        -0.0027       -9724.45
         3        -0.0024       -9699.84
         3        -0.0021       -9681.74
         3        -0.0018       -9668.95
         3        -0.0015       -9660.31
         3        -0.0012       -9654.81
         3        -0.0009       -9651.51
         3        -0.0006        -9649.6
         3        -0.0003       -9648.46
         3              0       -9647.61
         3         0.0003       -9646.78
         3         0.0006       -9645.95
         3         0.0009       -9645.29
         3         0.0012       -9645.19
         3         0.0015       -9646.24
         3         0.0018       -9649.19
         3         0.0021       -9654.92
         3         0.0024       -9664.42
         3         0.0027       -9678.79
         3          0.003       -9699.19
         3         0.0033       -9726.88
         3         0.0036       -9763.17
         3         0.0039       -9809.39
         3         0.0042       -9866.65
         3         0.0045       -9935.53
         3         0.0048         -10000
         3         0.0051         -10000
         3         0.0054         -10000
         3         0.0057         -10000
         3          0.006       -9295.19
         3         0.0063        -8623.4
         3         0.0066       -8053.92
         3         0.0069       -7556.91
         3         0.0072       -7115.05
         3         0.0075          -6717
         3         0.0078       -6354.86
         3         0.0081       -6022.84
         3         0.0084       -5716.55
         3         0.0087       -5432.57
         3          0.009       -5168.18
         3         0.0093       -4921.14
         3         0.0096       -4689.62
         3         0.0099       -4472.09
         3         0.0102       -4267.23
         3         0.0105       -4073.93
         3         0.0108       -3891.24
         3         0.0111        -3718.3
         3         0.0114       -3554.39
         3         0.0117       -3398.88
         3          0.012       -3251.18
         3         0.0123        -3110.8
         3         0.0126        -2977.3
         3         0.0129       -2850.26
         3         0.0132       -2729.32
         3         0.0135       -2614.18
         3         0.0138       -2504.52
         3         0.0141       -2400.08
         3         0.0144       -2300.63
         3         0.0147       -2205.92
         3          0.015       -2115.77
         3         0.0153       -2029.97
         3         0.0156       -1948.35
         3         0.0159       -1870.74
         3         0.0162       -1796.98
         3         0.0165       -1726.92
         3         0.0168       -1660.41
         3         0.0171       -1597.32
         3         0.0174       -1537.52
         3         0.0177       -1480.86
         3          0.018       -1427.22
         3         0.0183       -1376.48
         3         0.0186       -1328.52
         3         0.0189       -1283.21
         3         0.0192       -1240.43
         3         0.0195       -1200.08
         3         0.0198       -1162.04
         3         0.0201       -1126.19
         3         0.0204       -1092.43
         3         0.0207       -1060.66
         3          0.021       -1030.77
         3         0.0213       -1002.67
         3         0.0216       -976.264
         3         0.0219       -951.458
         3         0.0222       -928.168
         3         0.0225       -906.312
         3         0.0228       -885.811
         3         0.0231        -866.59
         3         0.0234       -848.579
         3         0.0237       -831.713
         3          0.024       -815.928
         3         0.0243       -801.166
         3         0.0246       -787.374
         3         0.0249       -774.499
         3         0.0252       -762.496
         3         0.0255        -751.32
         3         0.0258       -740.931
         3         0.0261       -731.291
         3         0.0264       -722.366
         3         0.0267       -714.126
         3          0.027        -706.54
         3         0.0273       -699.583
         3         0.0276       -693.231
         3         0.0279       -687.461
         3         0.0282       -682.256
         3         0.0285       -677.597
         3         0.0288       -673.468
         3         0.0291       -669.857
         3         0.0294        -666.75
         3         0.0297       -664.139
         3           0.03       -662.013
         3         0.0303       -660.368
         3         0.0306       -659.196
         3         0.0309       -658.494
         3         0.0312        -658.26
         4        -0.0315       -630.988
         4        -0.0312       -631.194
         4        -0.0309       -631.811
         4        -0.0306       -632.842
         4        -0.0303        -634.29
         4          -0.03       -636.159
         4        -0.0297       -638.456
         4        -0.0294       -641.186
         4        -0.0291       -644.359
         4        -0.0288       -647.985
         4        -0.0285       -652.075
         4        -0.0282       -656.642
         4        -0.0279       -661.701
         4        -0.0276       -667.269
         4        -0.0273       -673.363
         4         -0.027       -680.003
         4        -0.0267       -687.213
         4        -0.0264       -695.015
         4        -0.0261       -703.438
         4        -0.0258       -712.509
         4        -0.0255       -722.261
         4        -0.0252       -732.728
         4        -0.0249       -743.946
         4        -0.0246       -755.955
         4        -0.0243         -768.8
         4         -0.024       -782.525
         4        -0.0237       -797.182
         4        -0.0234       -812.823
         4        -0.0231       -829.505
         4        -0.0228       -847.289
         4        -0.0225       -866.239
         4        -0.0222       -886.425
         4        -0.0219       -907.919
         4        -0.0216       -930.798
         4        -0.0213       -955.142
         4         -0.021       -981.036
         4        -0.0207       -1008.57
         4        -0.0204       -1037.83
         4        -0.0201       -1068.93
         4        -0.0198       -1101.95
         4        -0.0195          -1137
         4        -0.0192       -1174.19
         4        -0.0189       -1213.62
         4        -0.0186       -1255.41
         4        -0.0183       -1299.68
         4         -0.018       -1346.53
         4        -0.0177       -1396.09
         4        -0.0174       -1448.48
         4        -0.0171       -1503.82
         4        -0.0168       -1562.23
         4        -0.0165       -1623.86
         4        -0.0162       -1688.82
         4        -0.0159       -1757.25
         4        -0.0156        -1829.3
         4        -0.0153        -1905.1
         4         -0.015       -1984.82
         4        -0.0147        -2068.6
         4        -0.0144       -2156.63
         4        -0.0141       -2249.08
         4        -0.0138       -2346.14
         4        -0.0135       -2448.02
         4        -0.0132       -2554.96
         4        -0.0129        -2667.2
         4        -0.0126       -2785.01
         4        -0.0123       -2908.69
         4         -0.012       -3038.57
         4        -0.0117       -3175.03
         4        -0.0114       -3318.46
         4        -0.0111       -3469.34
         4        -0.0108       -3628.17
         4        -0.0105       -3795.55
         4        -0.0102       -3972.13
         4        -0.0099       -4158.66
         4        -0.0096       -4356.01
         4        -0.0093       -4565.18
         4         -0.009       -4787.31
         4        -0.0087       -5023.78
         4        -0.0084       -5276.19
         4        -0.0081       -5546.47
         4        -0.0078       -5836.95
         4        -0.0075       -6150.54
         4        -0.0072       -6490.87
         4        -0.0069       -6862.66
         4        -0.0066       -7272.19
         4        -0.0063       -7728.12
         4         -0.006       -8243.13
         4        -0.0057        -8837.3
         4        -0.0054       -9547.89
         4        -0.0051         -10000
         4        -0.0048         -10000
         4        -0.0045         -10000
         4        -0.0042       -9988.61
         4        -0.0039       -9913.77
         4        -0.0036       -9850.27
         4        -0.0033       -9798.04
         4         -0.003       -9756.25
         4        -0.0027       -9723.67
         4        -0.0024       -9698.95
         4        -0.0021       -9680.78
         4        -0.0018       -9667.93
         4        -0.0015       -9659.27
         4        -0.0012       -9653.76
         4        -0.0009       -9650.46
         4        -0.0006       -9648.57
         4        -0.0003       -9647.43
         4              0       -9646.59
         4         0.0003       -9645.78
         4         0.0006       -9644.95
         4         0.0009       -9644.29
         4         0.0012        -9644.2
         4         0.0015       -9645.26
         4         0.0018       -9648.22
         4         0.0021       -9653.96
         4         0.0024        -9663.5
         4         0.0027       -9677.91
         4          0.003       -9698.38
         4         0.0033       -9726.16
         4         0.0036       -9762.57
         4         0.0039       -9808.92
         4         0.0042       -9866.33
         4         0.0045       -9935.39
         4         0.0048         -10000
         4         0.0051         -10000
         4         0.0054         -10000
         4         0.0057         -10000
         4          0.006       -9294.56
         4         0.0063       -8622.15
         4         0.0066        -8052.1
         4         0.0069        -7554.6
         4         0.0072       -7112.29
         4         0.0075       -6713.84
         4         0.0078       -6351.33
         4         0.0081       -6018.99
         4         0.0084       -5712.41
         4         0.0087       -5428.18
         4          0.009       -5163.56
         4         0.0093       -4916.33
         4         0.0096       -4684.64
         4         0.0099       -4466.95
         4         0.0102       -4261.97
         4         0.0105       -4068.56
         4         0.0108       -3885.76
         4         0.0111       -3712.74
         4         0.0114       -3548.77
         4         0.0117        -3393.2
         4          0.012       -3245.46
         4         0.0123       -3105.05
         4         0.0126       -2971.52
         4         0.0129       -2844.46
         4         0.0132       -2723.52
         4         0.0135       -2608.37
         4         0.0138       -2498.72
         4         0.0141       -2394.29
         4         0.0144       -2294.85
         4         0.0147       -2200.16
         4          0.015       -2110.03
         4         0.0153       -2024.26
         4         0.0156       -1942.66
         4         0.0159       -1865.08
         4         0.0162       -1791.36
         4         0.0165       -1721.33
         4         0.0168       -1654.86
         4         0.0171       -1591.81
         4         0.0174       -1532.04
         4         0.0177       -1475.43
         4          0.018       -1421.83
         4         0.0183       -1371.14
         4         0.0186       -1323.22
         4         0.0189       -1277.96
         4         0.0192       -1235.23
         4         0.0195       -1194.93
         4         0.0198       -1156.93
         4         0.0201       -1121.14
         4         0.0204       -1087.44
         4         0.0207       -1055.72
         4          0.021        -1025.9
         4         0.0213       -997.857
         4         0.0216       -971.512
         4         0.0219       -946.771
         4         0.0222       -923.549
         4         0.0225       -901.761
         4         0.0228       -881.331
         4         0.0231       -862.183
         4         0.0234       -844.247
         4         0.0237       -827.458
         4          0.024       -811.752
         4         0.0243       -797.071
         4         0.0246        -783.36
         4         0.0249       -770.569
         4         0.0252       -758.649
         4         0.0255       -747.558
         4         0.0258       -737.252
         4         0.0261       -727.696
         4         0.0264       -718.854
         4         0.0267       -710.693
         4          0.027       -703.185
         4         0.0273       -696.302
         4         0.0276       -690.021
         4         0.0279       -684.319
         4         0.0282       -679.176
         4         0.0285       -674.574
         4         0.0288       -670.498
         4         0.0291       -666.933
         4         0.0294       -663.867
         4         0.0297       -661.291
         4           0.03       -659.194
         4         0.0303       -657.571
         4         0.0306       -656.415
         4         0.0309       -655.723
         4         0.0312       -655.493
         5        -0.0315       -628.564
         5        -0.0312       -628.773
         5        -0.0309       -629.399
         5        -0.0306       -630.445
         5        -0.0303       -631.913
         5          -0.03       -633.808
         5        -0.0297       -636.136
         5        -0.0294       -638.903
         5        -0.0291       -642.118
         5        -0.0288        -645.79
         5        -0.0285       -649.931
         5        -0.0282       -654.553
         5        -0.0279        -659.67
         5        -0.0276       -665.299
         5        -0.0273       -671.457
         5         -0.027       -678.163
         5        -0.0267       -685.441
         5        -0.0264       -693.313
         5        -0.0261       -701.806
         5        -0.0258       -710.948
         5        -0.0255       -720.771
         5        -0.0252       -731.307
         5        -0.0249       -742.594
         5        -0.0246       -754.672
         5        -0.0243       -767.582
         5         -0.024       -781.372
         5        -0.0237        -796.09
         5        -0.0234        -811.79
         5        -0.0231       -828.529
         5        -0.0228       -846.366
         5        -0.0225       -865.367
         5        -0.0222         -885.6
         5        -0.0219       -907.138
         5        -0.0216       -930.058
         5        -0.0213        -954.44
         5         -0.021       -980.369
         5        -0.0207       -1007.93
         5        -0.0204       -1037.23
         5        -0.0201       -1068.35
         5        -0.0198       -1101.39
         5        -0.0195       -1136.47
         5        -0.0192       -1173.67
         5        -0.0189       -1213.12
         5        -0.0186       -1254.93
         5        -0.0183       -1299.21
         5         -0.018       -1346.07
         5        -0.0177       -1395.64
         5        -0.0174       -1448.04
         5        -0.0171       -1503.39
         5        -0.0168       -1561.81
         5        -0.0165       -1623.44
         5        -0.0162        -1688.4
         5        -0.0159       -1756.84
         5        -0.0156       -1828.89
         5        -0.0153       -1904.69
         5         -0.015       -1984.41
         5        -0.0147       -2068.19
         5        -0.0144       -2156.21
         5        -0.0141       -2248.66
         5        -0.0138       -2345.71
         5        -0.0135       -2447.59
         5        -0.0132       -2554.52
         5        -0.0129       -2666.75
         5        -0.0126       -2784.55
         5        -0.0123       -2908.22
         5         -0.012        -3038.1
         5        -0.0117       -3174.54
         5        -0.0114       -3317.97
         5        -0.0111       -3468.84
         5        -0.0108       -3627.67
         5        -0.0105       -3795.04
         5        -0.0102       -3971.61
         5        -0.0099       -4158.15
         5        -0.0096        -4355.5
         5        -0.0093       -4564.67
         5         -0.009       -4786.81
         5        -0.0087       -5023.29
         5        -0.0084       -5275.71
         5        -0.0081          -5546
         5        -0.0078        -5836.5
         5        -0.0075       -6150.11
         5        -0.0072       -6490.47
         5        -0.0069       -6862.29
         5        -0.0066       -7271.85
         5        -0.0063       -7727.83
         5         -0.006        -8242.9
         5        -0.0057       -8837.14
         5        -0.0054       -9547.83
         5        -0.0051         -10000
         5        -0.0048         -10000
         5        -0.0045         -10000
         5        -0.0042       -9988.61
         5        -0.0039       -9913.73
         5        -0.0036       -9850.22
         5        -0.0033       -9797.98
         5         -0.003       -9756.18
         5        -0.0027        -9723.6
         5        -0.0024       -9698.87
         5        -0.0021       -9680.71
         5        -0.0018       -9667.86
         5        -0.0015        -9659.2
         5        -0.0012       -9653.69
         5        -0.0009       -9650.38
         5        -0.0006       -9648.48
         5        -0.0003       -9647.33
         5              0       -9646.48
         5         0.0003       -9645.65
         5         0.0006        -9644.8
         5         0.0009       -9644.12
         5         0.0012          -9644
         5         0.0015       -9645.03
         5         0.0018       -9647.96
         5         0.0021       -9653.68
         5         0.0024       -9663.19
         5         0.0027       -9677.58
         5          0.003       -9698.04
         5         0.0033       -9725.83
         5         0.0036       -9762.26
         5         0.0039       -9808.65
         5         0.0042       -9866.14
         5         0.0045       -9935.29
         5         0.0048         -10000
         5         0.0051         -10000
         5         0.0054         -10000
         5         0.0057         -10000
         5          0.006       -9294.29
         5         0.0063       -8621.65
         5         0.0066       -8051.43
         5         0.0069        -7553.8
         5         0.0072        -7111.4
         5         0.0075       -6712.88
         5         0.0078       -6350.33
         5         0.0081       -6017.96
         5         0.0084       -5711.37
         5         0.0087       -5427.13
         5          0.009       -5162.52
         5         0.0093       -4915.29
         5         0.0096       -4683.62
         5         0.0099       -4465.95
         5         0.0102       -4260.98
         5         0.0105        -4067.6
         5         0.0108       -3884.83
         5         0.0111       -3711.84
         5         0.0114       -3547.89
         5         0.0117       -3392.34
         5          0.012       -3244.63
         5         0.0123       -3104.24
         5         0.0126       -2970.73
         5         0.0129        -2843.7
         5         0.0132       -2722.78
         5         0.0135       -2607.64
         5         0.0138          -2498
         5         0.0141       -2393.58
         5         0.0144       -2294.14
         5         0.0147       -2199.46
         5          0.015       -2109.33
         5         0.0153       -2023.55
         5         0.0156       -1941.95
         5         0.0159       -1864.36
         5         0.0162       -1790.63
         5         0.0165       -1720.59
         5         0.0168       -1654.11
         5         0.0171       -1591.04
         5         0.0174       -1531.25
         5         0.0177       -1474.62
         5          0.018          -1421
         5         0.0183       -1370.29
         5         0.0186       -1322.34
         5         0.0189       -1277.05
         5         0.0192        -1234.3
         5         0.0195       -1193.97
         5         0.0198       -1155.94
         5         0.0201       -1120.12
         5         0.0204       -1086.38
         5         0.0207       -1054.63
         5          0.021       -1024.76
         5         0.0213       -996.676
         5         0.0216       -970.287
         5         0.0219       -945.498
         5         0.0222       -922.226
         5         0.0225       -900.386
         5         0.0228       -879.901
         5         0.0231       -860.696
         5         0.0234       -842.701
         5         0.0237       -825.851
         5          0.024       -810.082
         5         0.0243       -795.337
         5         0.0246       -781.561
         5         0.0249       -768.703
         5         0.0252       -756.717
         5         0.0255       -745.558
         5         0.0258       -735.186
         5         0.0261       -725.563
         5         0.0264       -716.655
         5         0.0267        -708.43
         5          0.027        -700.86
         5         0.0273       -693.917
         5         0.0276       -687.578
         5         0.0279       -681.822
         5         0.0282       -676.627
         5         0.0285       -671.978
         5         0.0288       -667.858
         5         0.0291       -664.254
         5         0.0294       -661.154
         5         0.0297       -658.547
         5           0.03       -656.426
         5         0.0303       -654.783
         5         0.0306       -653.614
         5         0.0309       -652.913
         5         0.0312        -652.68
         6        -0.0315       -627.752
         6        -0.0312       -627.961
         6        -0.0309       -628.589
         6        -0.0306       -629.636
         6        -0.0303       -631.107
         6          -0.03       -633.005
         6        -0.0297       -635.336
         6        -0.0294       -638.107
         6        -0.0291       -641.327
         6        -0.0288       -645.004
         6        -0.0285       -649.151
         6        -0.0282       -653.779
         6        -0.0279       -658.903
         6        -0.0276        -664.54
         6        -0.0273       -670.706
         6         -0.027       -677.422
         6        -0.0267       -684.709
         6        -0.0264       -692.591
         6        -0.0261       -701.095
         6        -0.0258       -710.248
         6        -0.0255       -720.082
         6        -0.0252       -730.631
         6        -0.0249       -741.931
         6        -0.0246       -754.022
         6        -0.0243       -766.946
         6         -0.024       -780.749
         6        -0.0237       -795.482
         6        -0.0234       -811.196
         6        -0.0231       -827.949
         6        -0.0228       -845.801
         6        -0.0225       -864.817
         6        -0.0222       -885.066
         6        -0.0219       -906.619
         6        -0.0216       -929.554
         6        -0.0213       -953.951
         6         -0.021       -979.896
         6        -0.0207       -1007.48
         6        -0.0204       -1036.79
         6        -0.0201       -1067.92
         6        -0.0198       -1100.98
         6        -0.0195       -1136.07
         6        -0.0192       -1173.29
         6        -0.0189       -1212.75
         6        -0.0186       -1254.58
         6        -0.0183       -1298.87
         6         -0.018       -1345.75
         6        -0.0177       -1395.33
         6        -0.0174       -1447.74
         6        -0.0171       -1503.11
         6        -0.0168       -1561.55
         6        -0.0165       -1623.19
         6        -0.0162       -1688.17
         6        -0.0159       -1756.62
         6        -0.0156       -1828.69
         6        -0.0153       -1904.51
         6         -0.015       -1984.24
         6        -0.0147       -2068.04
         6        -0.0144       -2156.09
         6        -0.0141       -2248.55
         6        -0.0138       -2345.63
         6        -0.0135       -2447.53
         6        -0.0132       -2554.49
         6        -0.0129       -2666.74
         6        -0.0126       -2784.57
         6        -0.0123       -2908.26
         6         -0.012       -3038.16
         6        -0.0117       -3174.64
         6        -0.0114       -3318.09
         6        -0.0111       -3468.99
         6        -0.0108       -3627.84
         6        -0.0105       -3795.24
         6        -0.0102       -3971.83
         6        -0.0099       -4158.39
         6        -0.0096       -4355.76
         6        -0.0093       -4564.94
         6         -0.009        -4787.1
         6        -0.0087       -5023.59
         6        -0.0084       -5276.01
         6        -0.0081        -5546.3
         6        -0.0078        -5836.8
         6        -0.0075        -6150.4
         6        -0.0072       -6490.74
         6        -0.0069       -6862.54
         6        -0.0066       -7272.07
         6        -0.0063       -7728.02
         6         -0.006       -8243.04
         6        -0.0057       -8837.23
         6        -0.0054       -9547.86
         6        -0.0051         -10000
         6        -0.0048         -10000
         6        -0.0045         -10000
         6        -0.0042       -9988.61
         6        -0.0039       -9913.72
         6        -0.0036       -9850.19
         6        -0.0033       -9797.94
         6         -0.003       -9756.14
         6        -0.0027       -9723.55
         6        -0.0024       -9698.82
         6        -0.0021       -9680.65
         6        -0.0018       -9667.81
         6        -0.0015       -9659.16
         6        -0.0012       -9653.66
         6        -0.0009       -9650.37
         6        -0.0006       -9648.49
         6        -0.0003       -9647.37
         6              0       -9646.54
         6         0.0003       -9645.74
         6         0.0006       -9644.93
         6         0.0009       -9644.28
         6         0.0012        -9644.2
         6         0.0015       -9645.26
         6         0.0018       -9648.22
         6         0.0021       -9653.97
         6         0.0024       -9663.51
         6         0.0027       -9677.92
         6          0.003       -9698.39
         6         0.0033       -9726.17
         6         0.0036       -9762.58
         6         0.0039       -9808.93
         6         0.0042       -9866.34
         6         0.0045        -9935.4
         6         0.0048         -10000
         6         0.0051         -10000
         6         0.0054         -10000
         6         0.0057         -10000
         6          0.006       -9294.44
         6         0.0063       -8621.92
         6         0.0066       -8051.78
         6         0.0069       -7554.19
         6         0.0072        -7111.8
         6         0.0075       -6713.28
         6         0.0078       -6350.72
         6         0.0081       -6018.31
         6         0.0084       -5711.68
         6         0.0087        -5427.4
         6          0.009       -5162.73
         6         0.0093       -4915.46
         6         0.0096       -4683.73
         6         0.0099       -4466.01
         6         0.0102          -4261
         6         0.0105       -4067.57
         6         0.0108       -3884.75
         6         0.0111       -3711.72
         6         0.0114       -3547.74
         6         0.0117       -3392.16
         6          0.012       -3244.41
         6         0.0123          -3104
         6         0.0126       -2970.46
         6         0.0129        -2843.4
         6         0.0132       -2722.46
         6         0.0135       -2607.31
         6         0.0138       -2497.65
         6         0.0141       -2393.21
         6         0.0144       -2293.76
         6         0.0147       -2199.07
         6          0.015       -2108.92
         6         0.0153       -2023.14
         6         0.0156       -1941.53
         6         0.0159       -1863.93
         6         0.0162       -1790.18
         6         0.0165       -1720.13
         6         0.0168       -1653.64
         6         0.0171       -1590.56
         6         0.0174       -1530.77
         6         0.0177       -1474.12
         6          0.018       -1420.49
         6         0.0183       -1369.76
         6         0.0186        -1321.8
         6         0.0189        -1276.5
         6         0.0192       -1233.73
         6         0.0195       -1193.38
         6         0.0198       -1155.34
         6         0.0201        -1119.5
         6         0.0204       -1085.74
         6         0.0207       -1053.97
         6          0.021       -1024.09
         6         0.0213       -995.985
         6         0.0216       -969.577
         6         0.0219        -944.77
         6         0.0222       -921.479
         6         0.0225       -899.621
         6         0.0228       -879.118
         6         0.0231       -859.895
         6         0.0234       -841.883
         6         0.0237       -825.015
         6          0.024        -809.23
         6         0.0243       -794.469
         6         0.0246       -780.677
         6         0.0249       -767.804
         6         0.0252       -755.803
         6         0.0255        -744.63
         6         0.0258       -734.245
         6         0.0261       -724.609
         6         0.0264       -715.689
         6         0.0267       -707.453
         6          0.027       -699.872
         6         0.0273        -692.92
         6         0.0276       -686.572
         6         0.0279       -680.806
         6         0.0282       -675.605
         6         0.0285       -670.948
         6         0.0288       -666.822
         6         0.0291       -663.213
         6         0.0294       -660.108
         6         0.0297       -657.497
         6           0.03       -655.373
         6         0.0303       -653.727
         6         0.0306       -652.556
         6         0.0309       -651.855
         6         0.0312       -651.621
         7        -0.0315       -627.201
         7        -0.0312        -627.41
         7        -0.0309       -628.038
         7        -0.0306       -629.087
         7        -0.0303       -630.559
         7          -0.03        -632.46
         7        -0.0297       -634.793
         7        -0.0294       -637.568
         7        -0.0291       -640.791
         7        -0.0288       -644.473
         7        -0.0285       -648.624
         7        -0.0282       -653.257
         7        -0.0279       -658.387
         7        -0.0276       -664.029
         7        -0.0273       -670.202
         7         -0.027       -676.925
         7        -0.0267       -684.219
         7        -0.0264       -692.108
         7        -0.0261        -700.62
         7        -0.0258       -709.781
         7        -0.0255       -719.624
         7        -0.0252       -730.181
         7        -0.0249        -741.49
         7        -0.0246        -753.59
         7        -0.0243       -766.523
         7         -0.024       -780.337
         7        -0.0237       -795.079
         7        -0.0234       -810.803
         7        -0.0231       -827.567
         7        -0.0228       -845.429
         7        -0.0225       -864.456
         7        -0.0222       -884.716
         7        -0.0219        -906.28
         7        -0.0216       -929.226
         7        -0.0213       -953.635
         7         -0.021       -979.591
         7        -0.0207       -1007.18
         7        -0.0204       -1036.51
         7        -0.0201       -1067.65
         7        -0.0198       -1100.72
         7        -0.0195       -1135.83
         7        -0.0192       -1173.06
         7        -0.0189       -1212.54
         7        -0.0186       -1254.38
         7        -0.0183       -1298.68
         7         -0.018       -1345.58
         7        -0.0177       -1395.18
         7        -0.0174        -1447.6
         7        -0.0171       -1502.98
         7        -0.0168       -1561.44
         7        -0.0165        -1623.1
         7        -0.0162       -1688.09
         7        -0.0159       -1756.56
         7        -0.0156       -1828.64
         7        -0.0153       -1904.48
         7         -0.015       -1984.23
         7        -0.0147       -2068.05
         7        -0.0144       -2156.11
         7        -0.0141       -2248.59
         7        -0.0138       -2345.68
         7        -0.0135        -2447.6
         7        -0.0132       -2554.56
         7        -0.0129       -2666.82
         7        -0.0126       -2784.66
         7        -0.0123       -2908.36
         7         -0.012       -3038.26
         7        -0.0117       -3174.73
         7        -0.0114       -3318.19
         7        -0.0111       -3469.07
         7        -0.0108       -3627.92
         7        -0.0105        -3795.3
         7        -0.0102       -3971.88
         7        -0.0099       -4158.42
         7        -0.0096       -4355.78
         7        -0.0093       -4564.95
         7         -0.009       -4787.09
         7        -0.0087       -5023.57
         7        -0.0084       -5275.99
         7        -0.0081       -5546.28
         7        -0.0078       -5836.78
         7        -0.0075       -6150.38
         7        -0.0072       -6490.73
         7        -0.0069       -6862.54
         7        -0.0066       -7272.07
         7        -0.0063       -7728.03
         7         -0.006       -8243.06
         7        -0.0057       -8837.24
         7        -0.0054       -9547.87
         7        -0.0051         -10000
         7        -0.0048         -10000
         7        -0.0045         -10000
         7        -0.0042       -9988.63
         7        -0.0039       -9913.88
         7        -0.0036       -9850.48
         7        -0.0033       -9798.33
         7         -0.003       -9756.61
         7        -0.0027       -9724.07
         7        -0.0024       -9699.37
         7        -0.0021        -9681.2
         7        -0.0018       -9668.34
         7        -0.0015       -9659.65
         7        -0.0012       -9654.09
         7        -0.0009       -9650.74
         7        -0.0006       -9648.79
         7        -0.0003        -9647.6
         7              0       -9646.69
         7         0.0003       -9645.82
         7         0.0006       -9644.94
         7         0.0009       -9644.23
         7         0.0012       -9644.09
         7         0.0015        -9645.1
         7         0.0018       -9648.03
         7         0.0021       -9653.75
         7         0.0024       -9663.26
         7         0.0027       -9677.67
         7          0.003       -9698.14
         7         0.0033       -9725.94
         7         0.0036       -9762.37
         7         0.0039       -9808.76
         7         0.0042       -9866.23
         7         0.0045       -9935.34
         7         0.0048         -10000
         7         0.0051         -10000
         7         0.0054         -10000
         7         0.0057         -10000
         7          0.006       -9294.51
         7         0.0063       -8622.04
         7         0.0066       -8051.94
         7         0.0069       -7554.39
         7         0.0072       -7112.04
         7         0.0075       -6713.55
         7         0.0078       -6351.01
         7         0.0081       -6018.62
         7         0.0084       -5712.01
         7         0.0087       -5427.75
         7          0.009       -5163.09
         7         0.0093       -4915.82
         7         0.0096        -4684.1
         7         0.0099       -4466.37
         7         0.0102       -4261.35
         7         0.0105       -4067.89
         7         0.0108       -3885.06
         7         0.0111          -3712
         7         0.0114       -3547.98
         7         0.0117       -3392.37
         7          0.012       -3244.59
         7         0.0123       -3104.13
         7         0.0126       -2970.56
         7         0.0129       -2843.46
         7         0.0132       -2722.49
         7         0.0135        -2607.3
         7         0.0138       -2497.61
         7         0.0141       -2393.14
         7         0.0144       -2293.66
         7         0.0147       -2198.94
         7          0.015       -2108.77
         7         0.0153       -2022.96
         7         0.0156       -1941.33
         7         0.0159       -1863.71
         7         0.0162       -1789.94
         7         0.0165       -1719.87
         7         0.0168       -1653.36
         7         0.0171       -1590.27
         7         0.0174       -1530.46
         7         0.0177        -1473.8
         7          0.018       -1420.16
         7         0.0183       -1369.41
         7         0.0186       -1321.44
         7         0.0189       -1276.13
         7         0.0192       -1233.34
         7         0.0195       -1192.98
         7         0.0198       -1154.93
         7         0.0201       -1119.07
         7         0.0204       -1085.31
         7         0.0207       -1053.53
         7          0.021       -1023.63
         7         0.0213       -995.516
         7         0.0216       -969.096
         7         0.0219       -944.278
         7         0.0222       -920.976
         7         0.0225       -899.107
         7         0.0228       -878.592
         7         0.0231       -859.358
         7         0.0234       -841.334
         7         0.0237       -824.455
         7          0.024       -808.659
         7         0.0243       -793.887
         7         0.0246       -780.084
         7         0.0249       -767.201
         7         0.0252       -755.189
         7         0.0255       -744.006
         7         0.0258       -733.611
         7         0.0261       -723.966
         7         0.0264       -715.037
         7         0.0267       -706.792
         7          0.027       -699.203
         7         0.0273       -692.242
         7         0.0276       -685.887
         7         0.0279       -680.115
         7         0.0282       -674.906
         7         0.0285       -670.244
         7         0.0288       -666.113
         7         0.0291       -662.499
         7         0.0294       -659.389
         7         0.0297       -656.776
         7           0.03       -654.648
         7         0.0303       -653.001
         7         0.0306       -651.828
         7         0.0309       -651.125
         7         0.0312       -650.891
         8        -0.0315       -626.751
         8        -0.0312        -626.96
         8        -0.0309       -627.589
         8        -0.0306       -628.639
         8        -0.0303       -630.113
         8          -0.03       -632.015
         8        -0.0297       -634.351
         8        -0.0294       -637.128
         8        -0.0291       -640.354
         8        -0.0288       -644.039
         8        -0.0285       -648.194
         8        -0.0282       -652.832
         8        -0.0279       -657.966
         8        -0.0276       -663.613
         8        -0.0273       -669.791
         8         -0.027       -676.519
         8        -0.0267       -683.819
         8        -0.0264       -691.715
         8        -0.0261       -700.232
         8        -0.0258       -709.401
         8        -0.0255        -719.25
         8        -0.0252       -729.815
         8        -0.0249       -741.131
         8        -0.0246       -753.239
         8        -0.0243       -766.181
         8         -0.024       -780.002
         8        -0.0237       -794.753
         8        -0.0234       -810.486
         8        -0.0231       -827.258
         8        -0.0228        -845.13
         8        -0.0225       -864.166
         8        -0.0222       -884.435
         8        -0.0219       -906.009
         8        -0.0216       -928.965
         8        -0.0213       -953.384
         8         -0.021        -979.35
         8        -0.0207       -1006.95
         8        -0.0204       -1036.28
         8        -0.0201       -1067.44
         8        -0.0198       -1100.52
         8        -0.0195       -1135.63
         8        -0.0192       -1172.88
         8        -0.0189       -1212.37
         8        -0.0186       -1254.21
         8        -0.0183       -1298.53
         8         -0.018       -1345.43
         8        -0.0177       -1395.04
         8        -0.0174       -1447.47
         8        -0.0171       -1502.86
         8        -0.0168       -1561.32
         8        -0.0165       -1622.99
         8        -0.0162       -1687.99
         8        -0.0159       -1756.46
         8        -0.0156       -1828.55
         8        -0.0153        -1904.4
         8         -0.015       -1984.15
         8        -0.0147       -2067.98
         8        -0.0144       -2156.05
         8        -0.0141       -2248.54
         8        -0.0138       -2345.64
         8        -0.0135       -2447.57
         8        -0.0132       -2554.55
         8        -0.0129       -2666.83
         8        -0.0126       -2784.69
         8        -0.0123       -2908.41
         8         -0.012       -3038.35
         8        -0.0117       -3174.85
         8        -0.0114       -3318.34
         8        -0.0111       -3469.27
         8        -0.0108       -3628.17
         8        -0.0105        -3795.6
         8        -0.0102       -3972.23
         8        -0.0099       -4158.82
         8        -0.0096       -4356.22
         8        -0.0093       -4565.44
         8         -0.009       -4787.62
         8        -0.0087       -5024.13
         8        -0.0084       -5276.57
         8        -0.0081       -5546.87
         8        -0.0078       -5837.37
         8        -0.0075       -6150.95
         8        -0.0072       -6491.28
         8        -0.0069       -6863.05
         8        -0.0066       -7272.53
         8        -0.0063       -7728.42
         8         -0.006       -8243.37
         8        -0.0057       -8837.45
         8        -0.0054       -9547.95
         8        -0.0051         -10000
         8        -0.0048         -10000
         8        -0.0045         -10000
         8        -0.0042       -9988.61
         8        -0.0039       -9913.78
         8        -0.0036        -9850.3
         8        -0.0033       -9798.08
         8         -0.003       -9756.31
         8        -0.0027       -9723.73
         8        -0.0024       -9699.01
         8        -0.0021       -9680.85
         8        -0.0018          -9668
         8        -0.0015       -9659.34
         8        -0.0012       -9653.82
         8        -0.0009       -9650.51
         8        -0.0006       -9648.61
         8        -0.0003       -9647.47
         8              0       -9646.62
         8         0.0003       -9645.79
         8         0.0006       -9644.96
         8         0.0009       -9644.29
         8         0.0012       -9644.19
         8         0.0015       -9645.24
         8         0.0018        -9648.2
         8         0.0021       -9653.94
         8         0.0024       -9663.47
         8         0.0027       -9677.88
         8          0.003       -9698.35
         8         0.0033       -9726.14
         8         0.0036       -9762.55
         8         0.0039       -9808.91
         8         0.0042       -9866.32
         8         0.0045       -9935.39
         8         0.0048         -10000
         8         0.0051         -10000
         8         0.0054         -10000
         8         0.0057         -10000
         8          0.006       -9294.47
         8         0.0063       -8621.97
         8         0.0066       -8051.86
         8         0.0069       -7554.29
         8         0.0072       -7111.92
         8         0.0075       -6713.42
         8         0.0078       -6350.87
         8         0.0081       -6018.49
         8         0.0084       -5711.88
         8         0.0087       -5427.61
         8          0.009       -5162.96
         8         0.0093        -4915.7
         8         0.0096       -4683.98
         8         0.0099       -4466.27
         8         0.0102       -4261.26
         8         0.0105       -4067.83
         8         0.0108       -3885.01
         8         0.0111       -3711.96
         8         0.0114       -3547.96
         8         0.0117       -3392.36
         8          0.012       -3244.59
         8         0.0123       -3104.15
         8         0.0126       -2970.58
         8         0.0129       -2843.49
         8         0.0132       -2722.52
         8         0.0135       -2607.33
         8         0.0138       -2497.63
         8         0.0141       -2393.16
         8         0.0144       -2293.67
         8         0.0147       -2198.94
         8          0.015       -2108.75
         8         0.0153       -2022.93
         8         0.0156       -1941.28
         8         0.0159       -1863.65
         8         0.0162       -1789.86
         8         0.0165       -1719.78
         8         0.0168       -1653.25
         8         0.0171       -1590.14
         8         0.0174        -1530.3
         8         0.0177       -1473.62
         8          0.018       -1419.96
         8         0.0183        -1369.2
         8         0.0186       -1321.21
         8         0.0189       -1275.87
         8         0.0192       -1233.07
         8         0.0195        -1192.7
         8         0.0198       -1154.63
         8         0.0201       -1118.75
         8         0.0204       -1084.97
         8         0.0207       -1053.17
         8          0.021       -1023.26
         8         0.0213       -995.135
         8         0.0216       -968.702
         8         0.0219       -943.871
         8         0.0222       -920.555
         8         0.0225       -898.674
         8         0.0228       -878.148
         8         0.0231       -858.902
         8         0.0234       -840.868
         8         0.0237       -823.979
         8          0.024       -808.172
         8         0.0243       -793.391
         8         0.0246       -779.579
         8         0.0249       -766.687
         8         0.0252       -754.667
         8         0.0255       -743.476
         8         0.0258       -733.073
         8         0.0261       -723.421
         8         0.0264       -714.485
         8         0.0267       -706.234
         8          0.027       -698.638
         8         0.0273       -691.672
         8         0.0276       -685.311
         8         0.0279       -679.534
         8         0.0282       -674.321
         8         0.0285       -669.655
         8         0.0288       -665.519
         8         0.0291       -661.902
         8         0.0294        -658.79
         8         0.0297       -656.173
         8           0.03       -654.044
         8         0.0303       -652.395
         8         0.0306       -651.221
         8         0.0309       -650.518
         8         0.0312       -650.284
         9        -0.0315       -626.441
         9        -0.0312       -626.651
         9        -0.0309        -627.28
         9        -0.0306        -628.33
         9        -0.0303       -629.805
         9          -0.03       -631.708
         9        -0.0297       -634.046
         9        -0.0294       -636.824
         9        -0.0291       -640.052
         9        -0.0288        -643.74
         9        -0.0285       -647.897
         9        -0.0282       -652.537
         9        -0.0279       -657.674
         9        -0.0276       -663.324
         9        -0.0273       -669.505
         9         -0.027       -676.236
         9        -0.0267        -683.54
         9        -0.0264        -691.44
         9        -0.0261       -699.961
         9        -0.0258       -709.134
         9        -0.0255       -718.987
         9        -0.0252       -729.557
         9        -0.0249       -740.878
         9        -0.0246        -752.99
         9        -0.0243       -765.937
         9         -0.024       -779.764
         9        -0.0237        -794.52
         9        -0.0234       -810.258
         9        -0.0231       -827.036
         9        -0.0228       -844.914
         9        -0.0225       -863.956
         9        -0.0222       -884.231
         9        -0.0219       -905.811
         9        -0.0216       -928.774
         9        -0.0213         -953.2
         9         -0.021       -979.173
         9        -0.0207       -1006.78
         9        -0.0204       -1036.12
         9        -0.0201       -1067.29
         9        -0.0198       -1100.38
         9        -0.0195        -1135.5
         9        -0.0192       -1172.75
         9        -0.0189       -1212.25
         9        -0.0186       -1254.11
         9        -0.0183       -1298.44
         9         -0.018       -1345.35
         9        -0.0177       -1394.97
         9        -0.0174       -1447.42
         9        -0.0171       -1502.82
         9        -0.0168        -1561.3
         9        -0.0165       -1622.98
         9        -0.0162          -1688
         9        -0.0159        -1756.5
         9        -0.0156       -1828.61
         9        -0.0153       -1904.47
         9         -0.015       -1984.25
         9        -0.0147       -2068.09
         9        -0.0144       -2156.18
         9        -0.0141       -2248.68
         9        -0.0138        -2345.8
         9        -0.0135       -2447.75
         9        -0.0132       -2554.74
         9        -0.0129       -2667.03
         9        -0.0126       -2784.89
         9        -0.0123       -2908.62
         9         -0.012       -3038.55
         9        -0.0117       -3175.05
         9        -0.0114       -3318.53
         9        -0.0111       -3469.44
         9        -0.0108       -3628.31
         9        -0.0105       -3795.72
         9        -0.0102       -3972.32
         9        -0.0099       -4158.87
         9        -0.0096       -4356.23
         9        -0.0093       -4565.41
         9         -0.009       -4787.55
         9        -0.0087       -5024.02
         9        -0.0084       -5276.42
         9        -0.0081       -5546.68
         9        -0.0078       -5837.15
         9        -0.0075       -6150.71
         9        -0.0072       -6491.02
         9        -0.0069       -6862.78
         9        -0.0066       -7272.27
         9        -0.0063       -7728.18
         9         -0.006       -8243.17
         9        -0.0057       -8837.31
         9        -0.0054        -9547.9
         9        -0.0051         -10000
         9        -0.0048         -10000
         9        -0.0045         -10000
         9        -0.0042       -9988.61
         9        -0.0039       -9913.74
         9        -0.0036       -9850.23
         9        -0.0033       -9797.98
         9         -0.003       -9756.19
         9        -0.0027        -9723.6
         9        -0.0024       -9698.87
         9        -0.0021       -9680.71
         9        -0.0018       -9667.87
         9        -0.0015       -9659.21
         9        -0.0012       -9653.71
         9        -0.0009       -9650.41
         9        -0.0006       -9648.52
         9        -0.0003       -9647.39
         9              0       -9646.54
         9         0.0003       -9645.72
         9         0.0006       -9644.89
         9         0.0009       -9644.22
         9         0.0012       -9644.11
         9         0.0015       -9645.16
         9         0.0018        -9648.1
         9         0.0021       -9653.84
         9         0.0024       -9663.36
         9         0.0027       -9677.77
         9          0.003       -9698.24
         9         0.0033       -9726.04
         9         0.0036       -9762.47
         9         0.0039       -9808.85
         9         0.0042       -9866.29
         9         0.0045       -9935.37
         9         0.0048         -10000
         9         0.0051         -10000
         9         0.0054         -10000
         9         0.0057         -10000
         9          0.006       -9294.52
         9         0.0063       -8622.05
         9         0.0066       -8051.95
         9         0.0069        -7554.4
         9         0.0072       -7112.04
         9         0.0075       -6713.55
         9         0.0078          -6351
         9         0.0081       -6018.62
         9         0.0084          -5712
         9         0.0087       -5427.73
         9          0.009       -5163.07
         9         0.0093        -4915.8
         9         0.0096       -4684.07
         9         0.0099       -4466.34
         9         0.0102       -4261.31
         9         0.0105       -4067.86
         9         0.0108       -3885.02
         9         0.0111       -3711.96
         9         0.0114       -3547.95
         9         0.0117       -3392.33
         9          0.012       -3244.55
         9         0.0123       -3104.09
         9         0.0126       -2970.51
         9         0.0129       -2843.41
         9         0.0132       -2722.43
         9         0.0135       -2607.23
         9         0.0138       -2497.52
         9         0.0141       -2393.05
         9         0.0144       -2293.55
         9         0.0147       -2198.82
         9          0.015       -2108.63
         9         0.0153        -2022.8
         9         0.0156       -1941.15
         9         0.0159       -1863.51
         9         0.0162       -1789.72
         9         0.0165       -1719.63
         9         0.0168        -1653.1
         9         0.0171       -1589.98
         9         0.0174       -1530.15
         9         0.0177       -1473.46
         9          0.018       -1419.79
         9         0.0183       -1369.02
         9         0.0186       -1321.03
         9         0.0189       -1275.69
         9         0.0192       -1232.88
         9         0.0195       -1192.49
         9         0.0198       -1154.42
         9         0.0201       -1118.53
         9         0.0204       -1084.74
         9         0.0207       -1052.94
         9          0.021       -1023.01
         9         0.0213        -994.88
         9         0.0216       -968.437
         9         0.0219       -943.597
         9         0.0222       -920.273
         9         0.0225       -898.382
         9         0.0228       -877.847
         9         0.0231       -858.593
         9         0.0234        -840.55
         9         0.0237       -823.652
         9          0.024       -807.838
         9         0.0243       -793.048
         9         0.0246       -779.229
         9         0.0249       -766.329
         9         0.0252       -754.302
         9         0.0255       -743.104
         9         0.0258       -732.695
         9         0.0261       -723.036
         9         0.0264       -714.095
         9         0.0267       -705.838
         9          0.027       -698.237
         9         0.0273       -691.266
         9         0.0276       -684.901
         9         0.0279        -679.12
         9         0.0282       -673.903
         9         0.0285       -669.233
         9         0.0288       -665.095
         9         0.0291       -661.475
         9         0.0294        -658.36
         9         0.0297       -655.742
         9           0.03       -653.611
         9         0.0303        -651.96
         9         0.0306       -650.785
         9         0.0309       -650.082
         9         0.0312       -649.847
        10        -0.0315        -626.16
        10        -0.0312        -626.37
        10        -0.0309       -626.999
        10        -0.0306        -628.05
        10        -0.0303       -629.526
        10          -0.03        -631.43
        10        -0.0297       -633.769
        10        -0.0294       -636.549
        10        -0.0291       -639.779
        10        -0.0288       -643.468
        10        -0.0285       -647.627
        10        -0.0282        -652.27
        10        -0.0279       -657.409
        10        -0.0276       -663.062
        10        -0.0273       -669.246
        10         -0.027       -675.981
        10        -0.0267       -683.288
        10        -0.0264       -691.192
        10        -0.0261       -699.718
        10        -0.0258       -708.894
        10        -0.0255       -718.753
        10        -0.0252       -729.327
        10        -0.0249       -740.653
        10        -0.0246       -752.771
        10        -0.0243       -765.724
        10         -0.024       -779.556
        10        -0.0237       -794.319
        10        -0.0234       -810.064
        10        -0.0231       -826.849
        10        -0.0228       -844.734
        10        -0.0225       -863.783
        10        -0.0222       -884.066
        10        -0.0219       -905.654
        10        -0.0216       -928.624
        10        -0.0213       -953.058
        10         -0.021        -979.04
        10        -0.0207       -1006.66
        10        -0.0204       -1036.01
        10        -0.0201       -1067.18
        10        -0.0198       -1100.28
        10        -0.0195       -1135.41
        10        -0.0192       -1172.67
        10        -0.0189       -1212.18
        10        -0.0186       -1254.04
        10        -0.0183       -1298.37
        10         -0.018        -1345.3
        10        -0.0177       -1394.92
        10        -0.0174       -1447.38
        10        -0.0171       -1502.78
        10        -0.0168       -1561.27
        10        -0.0165       -1622.95
        10        -0.0162       -1687.97
        10        -0.0159       -1756.47
        10        -0.0156       -1828.57
        10        -0.0153       -1904.44
        10         -0.015       -1984.21
        10        -0.0147       -2068.05
        10        -0.0144       -2156.13
        10        -0.0141       -2248.63
        10        -0.0138       -2345.74
        10        -0.0135       -2447.68
        10        -0.0132       -2554.66
        10        -0.0129       -2666.94
        10        -0.0126       -2784.79
        10        -0.0123       -2908.51
        10         -0.012       -3038.43
        10        -0.0117       -3174.92
        10        -0.0114       -3318.39
        10        -0.0111       -3469.29
        10        -0.0108       -3628.16
        10        -0.0105       -3795.56
        10        -0.0102       -3972.16
        10        -0.0099       -4158.71
        10        -0.0096       -4356.08
        10        -0.0093       -4565.27
        10         -0.009       -4787.42
        10        -0.0087       -5023.91
        10        -0.0084       -5276.34
        10        -0.0081       -5546.63
        10        -0.0078       -5837.12
        10        -0.0075       -6150.72
        10        -0.0072       -6491.06
        10        -0.0069       -6862.85
        10        -0.0066       -7272.37
        10        -0.0063       -7728.29
        10         -0.006       -8243.28
        10        -0.0057        -8837.4
        10        -0.0054       -9547.94
        10        -0.0051         -10000
        10        -0.0048         -10000
        10        -0.0045         -10000
        10        -0.0042       -9988.62
        10        -0.0039        -9913.8
        10        -0.0036       -9850.33
        10        -0.0033       -9798.11
        10         -0.003       -9756.33
        10        -0.0027       -9723.74
        10        -0.0024       -9699.01
        10        -0.0021       -9680.83
        10        -0.0018       -9667.97
        10        -0.0015       -9659.29
        10        -0.0012       -9653.76
        10        -0.0009       -9650.44
        10        -0.0006       -9648.53
        10        -0.0003       -9647.37
        10              0        -9646.5
        10         0.0003       -9645.66
        10         0.0006       -9644.81
        10         0.0009       -9644.13
        10         0.0012       -9644.01
        10         0.0015       -9645.04
        10         0.0018       -9647.99
        10         0.0021       -9653.72
        10         0.0024       -9663.25
        10         0.0027       -9677.66
        10          0.003       -9698.14
        10         0.0033       -9725.94
        10         0.0036       -9762.38
        10         0.0039       -9808.77
        10         0.0042       -9866.23
        10         0.0045       -9935.34
        10         0.0048         -10000
        10         0.0051         -10000
        10         0.0054         -10000
        10         0.0057         -10000
        10          0.006       -9294.43
        10         0.0063        -8621.9
        10         0.0066       -8051.76
        10         0.0069       -7554.19
        10         0.0072       -7111.83
        10         0.0075       -6713.33
        10         0.0078       -6350.79
        10         0.0081       -6018.42
        10         0.0084       -5711.82
        10         0.0087       -5427.57
        10          0.009       -5162.92
        10         0.0093       -4915.67
        10         0.0096       -4683.96
        10         0.0099       -4466.25
        10         0.0102       -4261.23
        10         0.0105       -4067.79
        10         0.0108       -3884.96
        10         0.0111       -3711.91
        10         0.0114        -3547.9
        10         0.0117       -3392.29
        10          0.012       -3244.51
        10         0.0123       -3104.05
        10         0.0126       -2970.48
        10         0.0129       -2843.37
        10         0.0132       -2722.38
        10         0.0135       -2607.18
        10         0.0138       -2497.47
        10         0.0141       -2392.99
        10         0.0144       -2293.49
        10         0.0147       -2198.74
        10          0.015       -2108.54
        10         0.0153       -2022.71
        10         0.0156       -1941.05
        10         0.0159        -1863.4
        10         0.0162        -1789.6
        10         0.0165       -1719.51
        10         0.0168       -1652.96
        10         0.0171       -1589.84
        10         0.0174       -1529.99
        10         0.0177        -1473.3
        10          0.018       -1419.62
        10         0.0183       -1368.84
        10         0.0186       -1320.84
        10         0.0189       -1275.49
        10         0.0192       -1232.68
        10         0.0195       -1192.28
        10         0.0198        -1154.2
        10         0.0201       -1118.31
        10         0.0204       -1084.51
        10         0.0207        -1052.7
        10          0.021       -1022.77
        10         0.0213       -994.625
        10         0.0216       -968.176
        10         0.0219       -943.329
        10         0.0222       -919.998
        10         0.0225         -898.1
        10         0.0228       -877.559
        10         0.0231       -858.298
        10         0.0234       -840.249
        10         0.0237       -823.345
        10          0.024       -807.524
        10         0.0243       -792.728
        10         0.0246       -778.903
        10         0.0249       -765.998
        10         0.0252       -753.966
        10         0.0255       -742.762
        10         0.0258       -732.348
        10         0.0261       -722.684
        10         0.0264       -713.738
        10         0.0267       -705.476
        10          0.027       -697.871
        10         0.0273       -690.896
        10         0.0276       -684.527
        10         0.0279       -678.742
        10         0.0282       -673.522
        10         0.0285        -668.85
        10         0.0288       -664.709
        10         0.0291       -661.086
        10         0.0294        -657.97
        10         0.0297       -655.349
        10           0.03       -653.217
        10         0.0303       -651.565
        10         0.0306       -650.389
        10         0.0309       -649.685
        10         0.0312       -649.451
        11        -0.0315       -625.927
        11        -0.0312       -626.137
        11        -0.0309       -626.767
        11        -0.0306       -627.818
        11        -0.0303       -629.295
        11          -0.03         -631.2
        11        -0.0297        -633.54
        11        -0.0294       -636.322
        11        -0.0291       -639.553
        11        -0.0288       -643.244
        11        -0.0285       -647.405
        11        -0.0282        -652.05
        11        -0.0279       -657.192
        11        -0.0276       -662.848
        11        -0.0273       -669.035
        11         -0.027       -675.773
        11        -0.0267       -683.083
        11        -0.0264        -690.99
        11        -0.0261        -699.52
        11        -0.0258         -708.7
        11        -0.0255       -718.563
        11        -0.0252       -729.141
        11        -0.0249       -740.471
        11        -0.0246       -752.593
        11        -0.0243        -765.55
        11         -0.024       -779.387
        11        -0.0237       -794.154
        11        -0.0234       -809.904
        11        -0.0231       -826.693
        11        -0.0228       -844.582
        11        -0.0225       -863.636
        11        -0.0222       -883.923
        11        -0.0219       -905.516
        11        -0.0216       -928.491
        11        -0.0213       -952.929
        11         -0.021       -978.915
        11        -0.0207       -1006.54
        11        -0.0204       -1035.89
        11        -0.0201       -1067.07
        11        -0.0198       -1100.17
        11        -0.0195        -1135.3
        11        -0.0192       -1172.57
        11        -0.0189       -1212.08
        11        -0.0186       -1253.94
        11        -0.0183       -1298.28
        11         -0.018        -1345.2
        11        -0.0177       -1394.83
        11        -0.0174       -1447.29
        11        -0.0171        -1502.7
        11        -0.0168       -1561.18
        11        -0.0165       -1622.87
        11        -0.0162       -1687.89
        11        -0.0159       -1756.39
        11        -0.0156        -1828.5
        11        -0.0153       -1904.36
        11         -0.015       -1984.13
        11        -0.0147       -2067.98
        11        -0.0144       -2156.06
        11        -0.0141       -2248.56
        11        -0.0138       -2345.68
        11        -0.0135       -2447.62
        11        -0.0132        -2554.6
        11        -0.0129       -2666.89
        11        -0.0126       -2784.75
        11        -0.0123       -2908.47
        11         -0.012        -3038.4
        11        -0.0117        -3174.9
        11        -0.0114       -3318.37
        11        -0.0111       -3469.28
        11        -0.0108       -3628.15
        11        -0.0105       -3795.55
        11        -0.0102       -3972.16
        11        -0.0099       -4158.71
        11        -0.0096       -4356.07
        11        -0.0093       -4565.25
        11         -0.009       -4787.39
        11        -0.0087       -5023.86
        11        -0.0084       -5276.27
        11        -0.0081       -5546.53
        11        -0.0078          -5837
        11        -0.0075       -6150.57
        11        -0.0072       -6490.89
        11        -0.0069       -6862.66
        11        -0.0066       -7272.17
        11        -0.0063       -7728.09
        11         -0.006       -8243.11
        11        -0.0057       -8837.27
        11        -0.0054       -9547.88
        11        -0.0051         -10000
        11        -0.0048         -10000
        11        -0.0045         -10000
        11        -0.0042       -9988.61
        11        -0.0039       -9913.76
        11        -0.0036       -9850.26
        11        -0.0033       -9798.03
        11         -0.003       -9756.25
        11        -0.0027       -9723.67
        11        -0.0024       -9698.94
        11        -0.0021       -9680.78
        11        -0.0018       -9667.93
        11        -0.0015       -9659.27
        11        -0.0012       -9653.75
        11        -0.0009       -9650.43
        11        -0.0006       -9648.53
        11        -0.0003       -9647.38
        11              0       -9646.52
        11         0.0003       -9645.69
        11         0.0006       -9644.85
        11         0.0009       -9644.17
        11         0.0012       -9644.07
        11         0.0015       -9645.11
        11         0.0018       -9648.06
        11         0.0021        -9653.8
        11         0.0024       -9663.33
        11         0.0027       -9677.74
        11          0.003        -9698.2
        11         0.0033       -9725.98
        11         0.0036        -9762.4
        11         0.0039       -9808.76
        11         0.0042       -9866.21
        11         0.0045       -9935.32
        11         0.0048         -10000
        11         0.0051         -10000
        11         0.0054         -10000
        11         0.0057         -10000
        11          0.006       -9294.25
        11         0.0063       -8621.58
        11         0.0066       -8051.36
        11         0.0069       -7553.74
        11         0.0072       -7111.35
        11         0.0075       -6712.85
        11         0.0078       -6350.32
        11         0.0081       -6017.96
        11         0.0084       -5711.37
        11         0.0087       -5427.14
        11          0.009       -5162.52
        11         0.0093        -4915.3
        11         0.0096       -4683.61
        11         0.0099       -4465.93
        11         0.0102       -4260.94
        11         0.0105       -4067.52
        11         0.0108       -3884.72
        11         0.0111       -3711.69
        11         0.0114        -3547.7
        11         0.0117        -3392.1
        11          0.012       -3244.33
        11         0.0123       -3103.89
        11         0.0126       -2970.32
        11         0.0129       -2843.22
        11         0.0132       -2722.24
        11         0.0135       -2607.04
        11         0.0138       -2497.34
        11         0.0141       -2392.86
        11         0.0144       -2293.36
        11         0.0147       -2198.61
        11          0.015       -2108.42
        11         0.0153       -2022.58
        11         0.0156       -1940.92
        11         0.0159       -1863.27
        11         0.0162       -1789.47
        11         0.0165       -1719.37
        11         0.0168       -1652.82
        11         0.0171       -1589.69
        11         0.0174       -1529.84
        11         0.0177       -1473.14
        11          0.018       -1419.46
        11         0.0183       -1368.68
        11         0.0186       -1320.67
        11         0.0189       -1275.32
        11         0.0192        -1232.5
        11         0.0195        -1192.1
        11         0.0198       -1154.01
        11         0.0201       -1118.11
        11         0.0204       -1084.31
        11         0.0207       -1052.49
        11          0.021       -1022.55
        11         0.0213       -994.402
        11         0.0216       -967.947
        11         0.0219       -943.094
        11         0.0222       -919.757
        11         0.0225       -897.853
        11         0.0228       -877.306
        11         0.0231        -858.04
        11         0.0234       -839.985
        11         0.0237       -823.076
        11          0.024       -807.249
        11         0.0243       -792.449
        11         0.0246       -778.619
        11         0.0249       -765.709
        11         0.0252       -753.672
        11         0.0255       -742.464
        11         0.0258       -732.045
        11         0.0261       -722.378
        11         0.0264       -713.427
        11         0.0267       -705.163
        11          0.027       -697.554
        11         0.0273       -690.576
        11         0.0276       -684.204
        11         0.0279       -678.417
        11         0.0282       -673.194
        11         0.0285       -668.519
        11         0.0288       -664.376
        11         0.0291       -660.752
        11         0.0294       -657.634
        11         0.0297       -655.012
        11           0.03       -652.879
        11         0.0303       -651.226
        11         0.0306        -650.05
        11         0.0309       -649.345
        11         0.0312       -649.111
        12        -0.0315       -625.721
        12        -0.0312       -625.931
        12        -0.0309       -626.561
        12        -0.0306       -627.612
        12        -0.0303       -629.089
        12          -0.03       -630.995
        12        -0.0297       -633.336
        12        -0.0294       -636.119
        12        -0.0291       -639.352
        12        -0.0288       -643.044
        12        -0.0285       -647.207
        12        -0.0282       -651.853
        12        -0.0279       -656.997
        12        -0.0276       -662.655
        12        -0.0273       -668.844
        12         -0.027       -675.584
        12        -0.0267       -682.897
        12        -0.0264       -690.806
        12        -0.0261       -699.338
        12        -0.0258       -708.521
        12        -0.0255       -718.386
        12        -0.0252       -728.967
        12        -0.0249       -740.301
        12        -0.0246       -752.426
        12        -0.0243       -765.386
        12         -0.024       -779.226
        12        -0.0237       -793.996
        12        -0.0234       -809.749
        12        -0.0231       -826.541
        12        -0.0228       -844.434
        12        -0.0225       -863.491
        12        -0.0222       -883.781
        12        -0.0219       -905.377
        12        -0.0216       -928.355
        12        -0.0213       -952.797
        12         -0.021       -978.786
        12        -0.0207       -1006.41
        12        -0.0204       -1035.77
        12        -0.0201       -1066.95
        12        -0.0198       -1100.05
        12        -0.0195       -1135.19
        12        -0.0192       -1172.46
        12        -0.0189       -1211.97
        12        -0.0186       -1253.84
        12        -0.0183       -1298.18
        12         -0.018       -1345.11
        12        -0.0177       -1394.74
        12        -0.0174        -1447.2
        12        -0.0171       -1502.61
        12        -0.0168       -1561.09
        12        -0.0165       -1622.78
        12        -0.0162       -1687.81
        12        -0.0159       -1756.31
        12        -0.0156       -1828.42
        12        -0.0153       -1904.28
        12         -0.015       -1984.06
        12        -0.0147        -2067.9
        12        -0.0144       -2155.98
        12        -0.0141       -2248.48
        12        -0.0138        -2345.6
        12        -0.0135       -2447.53
        12        -0.0132       -2554.52
        12        -0.0129        -2666.8
        12        -0.0126       -2784.65
        12        -0.0123       -2908.37
        12         -0.012       -3038.29
        12        -0.0117       -3174.78
        12        -0.0114       -3318.24
        12        -0.0111       -3469.14
        12        -0.0108          -3628
        12        -0.0105        -3795.4
        12        -0.0102       -3971.99
        12        -0.0099       -4158.54
        12        -0.0096        -4355.9
        12        -0.0093       -4565.07
        12         -0.009       -4787.21
        12        -0.0087       -5023.68
        12        -0.0084       -5276.08
        12        -0.0081       -5546.35
        12        -0.0078       -5836.83
        12        -0.0075       -6150.41
        12        -0.0072       -6490.73
        12        -0.0069       -6862.51
        12        -0.0066       -7272.03
        12        -0.0063       -7727.97
        12         -0.006          -8243
        12        -0.0057       -8837.19
        12        -0.0054       -9547.85
        12        -0.0051         -10000
        12        -0.0048         -10000
        12        -0.0045         -10000
        12        -0.0042        -9988.6
        12        -0.0039       -9913.71
        12        -0.0036       -9850.18
        12        -0.0033       -9797.93
        12         -0.003       -9756.14
        12        -0.0027       -9723.56
        12        -0.0024       -9698.85
        12        -0.0021       -9680.69
        12        -0.0018       -9667.87
        12        -0.0015       -9659.22
        12        -0.0012       -9653.73
        12        -0.0009       -9650.44
        12        -0.0006       -9648.56
        12        -0.0003       -9647.44
        12              0       -9646.61
        12         0.0003       -9645.81
        12         0.0006       -9644.99
        12         0.0009       -9644.34
        12         0.0012       -9644.25
        12         0.0015       -9645.31
        12         0.0018       -9648.26
        12         0.0021       -9654.01
        12         0.0024       -9663.54
        12         0.0027       -9677.94
        12          0.003        -9698.4
        12         0.0033       -9726.17
        12         0.0036       -9762.58
        12         0.0039       -9808.92
        12         0.0042       -9866.33
        12         0.0045       -9935.39
        12         0.0048         -10000
        12         0.0051         -10000
        12         0.0054         -10000
        12         0.0057         -10000
        12          0.006       -9294.43
        12         0.0063        -8621.9
        12         0.0066       -8051.76
        12         0.0069       -7554.17
        12         0.0072       -7111.79
        12         0.0075       -6713.28
        12         0.0078       -6350.71
        12         0.0081       -6018.31
        12         0.0084       -5711.68
        12         0.0087       -5427.39
        12          0.009       -5162.72
        12         0.0093       -4915.43
        12         0.0096       -4683.69
        12         0.0099       -4465.96
        12         0.0102       -4260.92
        12         0.0105       -4067.46
        12         0.0108       -3884.62
        12         0.0111       -3711.55
        12         0.0114       -3547.54
        12         0.0117       -3391.92
        12          0.012       -3244.13
        12         0.0123       -3103.68
        12         0.0126        -2970.1
        12         0.0129          -2843
        12         0.0132       -2722.01
        12         0.0135       -2606.82
        12         0.0138       -2497.11
        12         0.0141       -2392.63
        12         0.0144       -2293.14
        12         0.0147        -2198.4
        12          0.015        -2108.2
        12         0.0153       -2022.37
        12         0.0156       -1940.71
        12         0.0159       -1863.07
        12         0.0162       -1789.27
        12         0.0165       -1719.17
        12         0.0168       -1652.63
        12         0.0171        -1589.5
        12         0.0174       -1529.65
        12         0.0177       -1472.95
        12          0.018       -1419.27
        12         0.0183       -1368.49
        12         0.0186       -1320.48
        12         0.0189       -1275.12
        12         0.0192        -1232.3
        12         0.0195        -1191.9
        12         0.0198        -1153.8
        12         0.0201        -1117.9
        12         0.0204        -1084.1
        12         0.0207       -1052.27
        12          0.021       -1022.33
        12         0.0213       -994.182
        12         0.0216       -967.722
        12         0.0219       -942.865
        12         0.0222       -919.524
        12         0.0225       -897.616
        12         0.0228       -877.065
        12         0.0231       -857.794
        12         0.0234       -839.735
        12         0.0237       -822.821
        12          0.024       -806.991
        12         0.0243       -792.186
        12         0.0246       -778.352
        12         0.0249       -765.438
        12         0.0252       -753.397
        12         0.0255       -742.185
        12         0.0258       -731.763
        12         0.0261       -722.092
        12         0.0264       -713.138
        12         0.0267        -704.87
        12          0.027       -697.259
        12         0.0273       -690.278
        12         0.0276       -683.903
        12         0.0279       -678.113
        12         0.0282       -672.888
        12         0.0285       -668.211
        12         0.0288       -664.067
        12         0.0291        -660.44
        12         0.0294       -657.321
        12         0.0297       -654.698
        12           0.03       -652.564
        12         0.0303       -650.911
        12         0.0306       -649.734
        12         0.0309       -649.029
        12         0.0312       -648.794
        13        -0.0315       -625.535
        13        -0.0312       -625.745
        13        -0.0309       -626.375
        13        -0.0306       -627.427
        13        -0.0303       -628.904
        13          -0.03       -630.811
        13        -0.0297       -633.153
        13        -0.0294       -635.936
        13        -0.0291        -639.17
        13        -0.0288       -642.863
        13        -0.0285       -647.027
        13        -0.0282       -651.675
        13        -0.0279        -656.82
        13        -0.0276       -662.479
        13        -0.0273        -668.67
        13         -0.027       -675.412
        13        -0.0267       -682.726
        13        -0.0264       -690.637
        13        -0.0261       -699.171
        13        -0.0258       -708.356
        13        -0.0255       -718.224
        13        -0.0252       -728.807
        13        -0.0249       -740.142
        13        -0.0246        -752.27
        13        -0.0243       -765.232
        13         -0.024       -779.074
        13        -0.0237       -793.847
        13        -0.0234       -809.602
        13        -0.0231       -826.397
        13        -0.0228       -844.292
        13        -0.0225       -863.351
        13        -0.0222       -883.644
        13        -0.0219       -905.242
        13        -0.0216       -928.223
        13        -0.0213       -952.667
        13         -0.021       -978.658
        13        -0.0207       -1006.29
        13        -0.0204       -1035.64
        13        -0.0201       -1066.83
        13        -0.0198       -1099.93
        13        -0.0195       -1135.07
        13        -0.0192       -1172.34
        13        -0.0189       -1211.85
        13        -0.0186       -1253.73
        13        -0.0183       -1298.07
        13         -0.018       -1344.99
        13        -0.0177       -1394.63
        13        -0.0174       -1447.09
        13        -0.0171        -1502.5
        13        -0.0168       -1560.98
        13        -0.0165       -1622.67
        13        -0.0162        -1687.7
        13        -0.0159        -1756.2
        13        -0.0156       -1828.31
        13        -0.0153       -1904.17
        13         -0.015       -1983.95
        13        -0.0147       -2067.79
        13        -0.0144       -2155.87
        13        -0.0141       -2248.37
        13        -0.0138       -2345.49
        13        -0.0135       -2447.42
        13        -0.0132       -2554.41
        13        -0.0129       -2666.69
        13        -0.0126       -2784.55
        13        -0.0123       -2908.27
        13         -0.012        -3038.2
        13        -0.0117       -3174.69
        13        -0.0114       -3318.17
        13        -0.0111       -3469.09
        13        -0.0108       -3627.96
        13        -0.0105       -3795.38
        13        -0.0102       -3971.99
        13        -0.0099       -4158.56
        13        -0.0096       -4355.96
        13        -0.0093       -4565.16
        13         -0.009       -4787.34
        13        -0.0087       -5023.86
        13        -0.0084       -5276.31
        13        -0.0081       -5546.62
        13        -0.0078       -5837.14
        13        -0.0075       -6150.76
        13        -0.0072       -6491.13
        13        -0.0069       -6862.94
        13        -0.0066       -7272.47
        13        -0.0063        -7728.4
        13         -0.006       -8243.39
        13        -0.0057       -8837.48
        13        -0.0054       -9547.98
        13        -0.0051         -10000
        13        -0.0048         -10000
        13        -0.0045         -10000
        13        -0.0042       -9988.62
        13        -0.0039       -9913.84
        13        -0.0036       -9850.38
        13        -0.0033       -9798.17
        13         -0.003       -9756.38
        13        -0.0027        -9723.8
        13        -0.0024       -9699.06
        13        -0.0021       -9680.88
        13        -0.0018       -9668.03
        13        -0.0015       -9659.36
        13        -0.0012       -9653.83
        13        -0.0009       -9650.51
        13        -0.0006        -9648.6
        13        -0.0003       -9647.45
        13              0       -9646.58
        13         0.0003       -9645.75
        13         0.0006        -9644.9
        13         0.0009       -9644.21
        13         0.0012       -9644.09
        13         0.0015       -9645.12
        13         0.0018       -9648.05
        13         0.0021       -9653.76
        13         0.0024       -9663.27
        13         0.0027       -9677.66
        13          0.003       -9698.12
        13         0.0033       -9725.89
        13         0.0036       -9762.31
        13         0.0039        -9808.7
        13         0.0042       -9866.17
        13         0.0045        -9935.3
        13         0.0048         -10000
        13         0.0051         -10000
        13         0.0054         -10000
        13         0.0057         -10000
        13          0.006       -9294.31
        13         0.0063       -8621.68
        13         0.0066       -8051.49
        13         0.0069       -7553.88
        13         0.0072        -7111.5
        13         0.0075       -6713.01
        13         0.0078       -6350.47
        13         0.0081        -6018.1
        13         0.0084       -5711.51
        13         0.0087       -5427.27
        13          0.009       -5162.63
        13         0.0093       -4915.38
        13         0.0096       -4683.67
        13         0.0099       -4465.97
        13         0.0102       -4260.95
        13         0.0105       -4067.51
        13         0.0108       -3884.68
        13         0.0111       -3711.62
        13         0.0114       -3547.61
        13         0.0117       -3391.99
        13          0.012        -3244.2
        13         0.0123       -3103.74
        13         0.0126       -2970.15
        13         0.0129       -2843.04
        13         0.0132       -2722.03
        13         0.0135       -2606.82
        13         0.0138        -2497.1
        13         0.0141       -2392.61
        13         0.0144       -2293.09
        13         0.0147       -2198.34
        13          0.015       -2108.13
        13         0.0153       -2022.28
        13         0.0156       -1940.61
        13         0.0159       -1862.95
        13         0.0162       -1789.14
        13         0.0165       -1719.04
        13         0.0168       -1652.48
        13         0.0171       -1589.34
        13         0.0174       -1529.49
        13         0.0177       -1472.78
        13          0.018       -1419.09
        13         0.0183        -1368.3
        13         0.0186       -1320.29
        13         0.0189       -1274.92
        13         0.0192        -1232.1
        13         0.0195       -1191.69
        13         0.0198       -1153.59
        13         0.0201       -1117.69
        13         0.0204       -1083.88
        13         0.0207       -1052.05
        13          0.021       -1022.11
        13         0.0213       -993.954
        13         0.0216       -967.491
        13         0.0219       -942.631
        13         0.0222       -919.286
        13         0.0225       -897.376
        13         0.0228       -876.822
        13         0.0231       -857.548
        13         0.0234       -839.487
        13         0.0237        -822.57
        13          0.024       -806.737
        13         0.0243        -791.93
        13         0.0246       -778.093
        13         0.0249       -765.176
        13         0.0252       -753.133
        13         0.0255       -741.919
        13         0.0258       -731.495
        13         0.0261       -721.821
        13         0.0264       -712.866
        13         0.0267       -704.595
        13          0.027       -696.982
        13         0.0273       -689.999
        13         0.0276       -683.623
        13         0.0279       -677.831
        13         0.0282       -672.605
        13         0.0285       -667.926
        13         0.0288        -663.78
        13         0.0291       -660.153
        13         0.0294       -657.033
        13         0.0297       -654.409
        13           0.03       -652.274
        13         0.0303        -650.62
        13         0.0306       -649.443
        13         0.0309       -648.738
        13         0.0312       -648.503
        14        -0.0315       -625.375
        14        -0.0312       -625.584
        14        -0.0309       -626.215
        14        -0.0306       -627.267
        14        -0.0303       -628.745
        14          -0.03       -630.652
        14        -0.0297       -632.994
        14        -0.0294       -635.778
        14        -0.0291       -639.012
        14        -0.0288       -642.706
        14        -0.0285       -646.871
        14        -0.0282       -651.519
        14        -0.0279       -656.665
        14        -0.0276       -662.326
        14        -0.0273       -668.517
        14         -0.027        -675.26
        14        -0.0267       -682.576
        14        -0.0264       -690.488
        14        -0.0261       -699.023
        14        -0.0258       -708.209
        14        -0.0255       -718.078
        14        -0.0252       -728.662
        14        -0.0249       -739.999
        14        -0.0246       -752.128
        14        -0.0243       -765.092
        14         -0.024       -778.935
        14        -0.0237       -793.709
        14        -0.0234       -809.466
        14        -0.0231       -826.263
        14        -0.0228       -844.159
        14        -0.0225        -863.22
        14        -0.0222       -883.514
        14        -0.0219       -905.114
        14        -0.0216       -928.097
        14        -0.0213       -952.542
        14         -0.021       -978.535
        14        -0.0207       -1006.16
        14        -0.0204       -1035.52
        14        -0.0201       -1066.71
        14        -0.0198       -1099.82
        14        -0.0195       -1134.96
        14        -0.0192       -1172.23
        14        -0.0189       -1211.75
        14        -0.0186       -1253.62
        14        -0.0183       -1297.96
        14         -0.018        -1344.9
        14        -0.0177       -1394.53
        14        -0.0174          -1447
        14        -0.0171       -1502.41
        14        -0.0168        -1560.9
        14        -0.0165        -1622.6
        14        -0.0162       -1687.63
        14        -0.0159       -1756.14
        14        -0.0156       -1828.25
        14        -0.0153       -1904.13
        14         -0.015       -1983.91
        14        -0.0147       -2067.76
        14        -0.0144       -2155.86
        14        -0.0141       -2248.37
        14        -0.0138       -2345.49
        14        -0.0135       -2447.44
        14        -0.0132       -2554.44
        14        -0.0129       -2666.74
        14        -0.0126       -2784.61
        14        -0.0123       -2908.35
        14         -0.012       -3038.29
        14        -0.0117       -3174.79
        14        -0.0114       -3318.28
        14        -0.0111        -3469.2
        14        -0.0108       -3628.08
        14        -0.0105        -3795.5
        14        -0.0102       -3972.11
        14        -0.0099       -4158.67
        14        -0.0096       -4356.05
        14        -0.0093       -4565.23
        14         -0.009       -4787.39
        14        -0.0087       -5023.87
        14        -0.0084       -5276.29
        14        -0.0081       -5546.57
        14        -0.0078       -5837.05
        14        -0.0075       -6150.64
        14        -0.0072       -6490.97
        14        -0.0069       -6862.76
        14        -0.0066       -7272.28
        14        -0.0063       -7728.21
        14         -0.006       -8243.21
        14        -0.0057       -8837.35
        14        -0.0054       -9547.92
        14        -0.0051         -10000
        14        -0.0048         -10000
        14        -0.0045         -10000
        14        -0.0042       -9988.62
        14        -0.0039       -9913.83
        14        -0.0036       -9850.38
        14        -0.0033       -9798.19
        14         -0.003       -9756.43
        14        -0.0027       -9723.86
        14        -0.0024       -9699.14
        14        -0.0021       -9680.97
        14        -0.0018       -9668.12
        14        -0.0015       -9659.44
        14        -0.0012       -9653.91
        14        -0.0009       -9650.58
        14        -0.0006       -9648.66
        14        -0.0003       -9647.49
        14              0       -9646.62
        14         0.0003       -9645.77
        14         0.0006       -9644.92
        14         0.0009       -9644.23
        14         0.0012       -9644.12
        14         0.0015       -9645.16
        14         0.0018        -9648.1
        14         0.0021       -9653.84
        14         0.0024       -9663.37
        14         0.0027       -9677.78
        14          0.003       -9698.26
        14         0.0033       -9726.05
        14         0.0036       -9762.48
        14         0.0039       -9808.85
        14         0.0042       -9866.29
        14         0.0045       -9935.37
        14         0.0048         -10000
        14         0.0051         -10000
        14         0.0054         -10000
        14         0.0057         -10000
        14          0.006        -9294.4
        14         0.0063       -8621.84
        14         0.0066       -8051.67
        14         0.0069       -7554.06
        14         0.0072       -7111.65
        14         0.0075       -6713.12
        14         0.0078       -6350.54
        14         0.0081       -6018.13
        14         0.0084       -5711.49
        14         0.0087        -5427.2
        14          0.009       -5162.53
        14         0.0093       -4915.25
        14         0.0096       -4683.52
        14         0.0099       -4465.79
        14         0.0102       -4260.77
        14         0.0105       -4067.32
        14         0.0108       -3884.49
        14         0.0111       -3711.43
        14         0.0114       -3547.42
        14         0.0117       -3391.81
        14          0.012       -3244.03
        14         0.0123       -3103.57
        14         0.0126          -2970
        14         0.0129       -2842.89
        14         0.0132        -2721.9
        14         0.0135       -2606.69
        14         0.0138       -2496.98
        14         0.0141       -2392.49
        14         0.0144       -2292.99
        14         0.0147       -2198.23
        14          0.015       -2108.03
        14         0.0153       -2022.18
        14         0.0156       -1940.51
        14         0.0159       -1862.85
        14         0.0162       -1789.05
        14         0.0165       -1718.94
        14         0.0168       -1652.38
        14         0.0171       -1589.24
        14         0.0174       -1529.38
        14         0.0177       -1472.67
        14          0.018       -1418.97
        14         0.0183       -1368.18
        14         0.0186       -1320.16
        14         0.0189       -1274.79
        14         0.0192       -1231.96
        14         0.0195       -1191.55
        14         0.0198       -1153.44
        14         0.0201       -1117.53
        14         0.0204       -1083.72
        14         0.0207       -1051.88
        14          0.021       -1021.94
        14         0.0213       -993.776
        14         0.0216       -967.308
        14         0.0219       -942.443
        14         0.0222       -919.094
        14         0.0225       -897.179
        14         0.0228       -876.619
        14         0.0231       -857.342
        14         0.0234       -839.276
        14         0.0237       -822.355
        14          0.024       -806.518
        14         0.0243       -791.707
        14         0.0246       -777.867
        14         0.0249       -764.947
        14         0.0252       -752.901
        14         0.0255       -741.684
        14         0.0258       -731.257
        14         0.0261       -721.581
        14         0.0264       -712.623
        14         0.0267        -704.35
        14          0.027       -696.735
        14         0.0273        -689.75
        14         0.0276       -683.372
        14         0.0279       -677.579
        14         0.0282       -672.351
        14         0.0285       -667.672
        14         0.0288       -663.524
        14         0.0291       -659.896
        14         0.0294       -656.775
        14         0.0297       -654.151
        14           0.03       -652.015
        14         0.0303       -650.361
        14         0.0306       -649.183
        14         0.0309       -648.478
        14         0.0312       -648.243
        15        -0.0315       -625.222
        15        -0.0312       -625.432
        15        -0.0309       -626.063
        15        -0.0306       -627.115
        15        -0.0303       -628.593
        15          -0.03         -630.5
        15        -0.0297       -632.843
        15        -0.0294       -635.627
        15        -0.0291       -638.862
        15        -0.0288       -642.556
        15        -0.0285       -646.721
        15        -0.0282       -651.371
        15        -0.0279       -656.517
        15        -0.0276       -662.178
        15        -0.0273       -668.371
        15         -0.027       -675.114
        15        -0.0267       -682.431
        15        -0.0264       -690.344
        15        -0.0261       -698.881
        15        -0.0258       -708.068
        15        -0.0255       -717.938
        15        -0.0252       -728.524
        15        -0.0249       -739.862
        15        -0.0246       -751.993
        15        -0.0243       -764.958
        15         -0.024       -778.804
        15        -0.0237       -793.579
        15        -0.0234       -809.338
        15        -0.0231       -826.137
        15        -0.0228       -844.036
        15        -0.0225         -863.1
        15        -0.0222       -883.397
        15        -0.0219       -904.999
        15        -0.0216       -927.985
        15        -0.0213       -952.433
        15         -0.021        -978.43
        15        -0.0207       -1006.06
        15        -0.0204       -1035.43
        15        -0.0201       -1066.61
        15        -0.0198       -1099.73
        15        -0.0195       -1134.87
        15        -0.0192       -1172.15
        15        -0.0189       -1211.67
        15        -0.0186       -1253.55
        15        -0.0183       -1297.89
        15         -0.018       -1344.83
        15        -0.0177       -1394.47
        15        -0.0174       -1446.94
        15        -0.0171       -1502.36
        15        -0.0168       -1560.85
        15        -0.0165       -1622.55
        15        -0.0162       -1687.58
        15        -0.0159       -1756.09
        15        -0.0156       -1828.21
        15        -0.0153       -1904.08
        15         -0.015       -1983.86
        15        -0.0147       -2067.72
        15        -0.0144       -2155.81
        15        -0.0141       -2248.32
        15        -0.0138       -2345.44
        15        -0.0135       -2447.39
        15        -0.0132       -2554.39
        15        -0.0129       -2666.68
        15        -0.0126       -2784.55
        15        -0.0123       -2908.28
        15         -0.012       -3038.22
        15        -0.0117       -3174.73
        15        -0.0114       -3318.21
        15        -0.0111       -3469.14
        15        -0.0108       -3628.03
        15        -0.0105       -3795.45
        15        -0.0102       -3972.07
        15        -0.0099       -4158.65
        15        -0.0096       -4356.05
        15        -0.0093       -4565.26
        15         -0.009       -4787.44
        15        -0.0087       -5023.95
        15        -0.0084       -5276.39
        15        -0.0081        -5546.7
        15        -0.0078       -5837.21
        15        -0.0075       -6150.81
        15        -0.0072       -6491.16
        15        -0.0069       -6862.95
        15        -0.0066       -7272.47
        15        -0.0063       -7728.38
        15         -0.006       -8243.36
        15        -0.0057       -8837.46
        15        -0.0054       -9547.96
        15        -0.0051         -10000
        15        -0.0048         -10000
        15        -0.0045         -10000
        15        -0.0042       -9988.62
        15        -0.0039        -9913.8
        15        -0.0036       -9850.32
        15        -0.0033        -9798.1
        15         -0.003       -9756.31
        15        -0.0027       -9723.73
        15        -0.0024       -9699.01
        15        -0.0021       -9680.85
        15        -0.0018          -9668
        15        -0.0015       -9659.34
        15        -0.0012       -9653.83
        15        -0.0009       -9650.52
        15        -0.0006       -9648.61
        15        -0.0003       -9647.46
        15              0        -9646.6
        15         0.0003       -9645.77
        15         0.0006       -9644.91
        15         0.0009       -9644.23
        15         0.0012        -9644.1
        15         0.0015       -9645.12
        15         0.0018       -9648.04
        15         0.0021       -9653.76
        15         0.0024       -9663.27
        15         0.0027       -9677.66
        15          0.003       -9698.12
        15         0.0033        -9725.9
        15         0.0036       -9762.33
        15         0.0039       -9808.72
        15         0.0042       -9866.19
        15         0.0045       -9935.32
        15         0.0048         -10000
        15         0.0051         -10000
        15         0.0054         -10000
        15         0.0057         -10000
        15          0.006       -9294.36
        15         0.0063       -8621.77
        15         0.0066       -8051.58
        15         0.0069       -7553.97
        15         0.0072       -7111.58
        15         0.0075       -6713.07
        15         0.0078       -6350.51
        15         0.0081       -6018.13
        15         0.0084       -5711.51
        15         0.0087       -5427.25
        15          0.009        -5162.6
        15         0.0093       -4915.33
        15         0.0096        -4683.6
        15         0.0099       -4465.87
        15         0.0102       -4260.84
        15         0.0105       -4067.38
        15         0.0108       -3884.54
        15         0.0111       -3711.47
        15         0.0114       -3547.44
        15         0.0117       -3391.81
        15          0.012       -3244.01
        15         0.0123       -3103.54
        15         0.0126       -2969.95
        15         0.0129       -2842.83
        15         0.0132       -2721.82
        15         0.0135       -2606.61
        15         0.0138       -2496.89
        15         0.0141       -2392.39
        15         0.0144       -2292.87
        15         0.0147       -2198.12
        15          0.015       -2107.91
        15         0.0153       -2022.06
        15         0.0156       -1940.38
        15         0.0159       -1862.72
        15         0.0162       -1788.91
        15         0.0165        -1718.8
        15         0.0168       -1652.24
        15         0.0171        -1589.1
        15         0.0174       -1529.23
        15         0.0177       -1472.52
        15          0.018       -1418.83
        15         0.0183       -1368.03
        15         0.0186       -1320.01
        15         0.0189       -1274.64
        15         0.0192        -1231.8
        15         0.0195       -1191.39
        15         0.0198       -1153.28
        15         0.0201       -1117.37
        15         0.0204       -1083.55
        15         0.0207       -1051.72
        15          0.021       -1021.77
        15         0.0213       -993.605
        15         0.0216       -967.134
        15         0.0219       -942.265
        15         0.0222       -918.913
        15         0.0225       -896.995
        15         0.0228       -876.433
        15         0.0231       -857.152
        15         0.0234       -839.083
        15         0.0237       -822.159
        15          0.024       -806.319
        15         0.0243       -791.505
        15         0.0246       -777.661
        15         0.0249       -764.739
        15         0.0252        -752.69
        15         0.0255        -741.47
        15         0.0258        -731.04
        15         0.0261       -721.362
        15         0.0264       -712.401
        15         0.0267       -704.126
        15          0.027       -696.508
        15         0.0273       -689.522
        15         0.0276       -683.141
        15         0.0279       -677.346
        15         0.0282       -672.117
        15         0.0285       -667.436
        15         0.0288       -663.287
        15         0.0291       -659.658
        15         0.0294       -656.535
        15         0.0297        -653.91
        15           0.03       -651.774
        15         0.0303       -650.119
        15         0.0306       -648.941
        15         0.0309       -648.235
        15         0.0312           -648
        16        -0.0315       -625.082
        16        -0.0312       -625.292
        16        -0.0309       -625.923
        16        -0.0306       -626.976
        16        -0.0303       -628.454
        16          -0.03       -630.361
        16        -0.0297       -632.704
        16        -0.0294       -635.489
        16        -0.0291       -638.724
        16        -0.0288       -642.419
        16        -0.0285       -646.586
        16        -0.0282       -651.236
        16        -0.0279       -656.383
        16        -0.0276       -662.045
        16        -0.0273       -668.239
        16         -0.027       -674.984
        16        -0.0267       -682.302
        16        -0.0264       -690.217
        16        -0.0261       -698.754
        16        -0.0258       -707.943
        16        -0.0255       -717.815
        16        -0.0252       -728.402
        16        -0.0249       -739.742
        16        -0.0246       -751.875
        16        -0.0243       -764.842
        16         -0.024       -778.689
        16        -0.0237       -793.467
        16        -0.0234       -809.228
        16        -0.0231       -826.029
        16        -0.0228        -843.93
        16        -0.0225       -862.996
        16        -0.0222       -883.295
        16        -0.0219         -904.9
        16        -0.0216       -927.887
        16        -0.0213       -952.337
        16         -0.021       -978.336
        16        -0.0207       -1005.97
        16        -0.0204       -1035.34
        16        -0.0201       -1066.53
        16        -0.0198       -1099.64
        16        -0.0195       -1134.79
        16        -0.0192       -1172.07
        16        -0.0189       -1211.59
        16        -0.0186       -1253.47
        16        -0.0183       -1297.82
        16         -0.018       -1344.76
        16        -0.0177        -1394.4
        16        -0.0174       -1446.87
        16        -0.0171        -1502.3
        16        -0.0168       -1560.79
        16        -0.0165        -1622.5
        16        -0.0162       -1687.54
        16        -0.0159       -1756.05
        16        -0.0156       -1828.17
        16        -0.0153       -1904.05
        16         -0.015       -1983.84
        16        -0.0147        -2067.7
        16        -0.0144        -2155.8
        16        -0.0141       -2248.32
        16        -0.0138       -2345.45
        16        -0.0135       -2447.41
        16        -0.0132       -2554.41
        16        -0.0129       -2666.71
        16        -0.0126       -2784.58
        16        -0.0123       -2908.32
        16         -0.012       -3038.25
        16        -0.0117       -3174.76
        16        -0.0114       -3318.24
        16        -0.0111       -3469.15
        16        -0.0108       -3628.02
        16        -0.0105       -3795.42
        16        -0.0102       -3972.02
        16        -0.0099       -4158.56
        16        -0.0096       -4355.92
        16        -0.0093       -4565.08
        16         -0.009       -4787.21
        16        -0.0087       -5023.66
        16        -0.0084       -5276.05
        16        -0.0081        -5546.3
        16        -0.0078       -5836.75
        16        -0.0075        -6150.3
        16        -0.0072       -6490.61
        16        -0.0069       -6862.38
        16        -0.0066       -7271.89
        16        -0.0063       -7727.83
        16         -0.006       -8242.88
        16        -0.0057       -8837.11
        16        -0.0054       -9547.81
        16        -0.0051         -10000
        16        -0.0048         -10000
        16        -0.0045         -10000
        16        -0.0042       -9988.61
        16        -0.0039       -9913.75
        16        -0.0036       -9850.26
        16        -0.0033       -9798.05
        16         -0.003       -9756.29
        16        -0.0027       -9723.73
        16        -0.0024       -9699.04
        16        -0.0021       -9680.89
        16        -0.0018       -9668.05
        16        -0.0015        -9659.4
        16        -0.0012       -9653.89
        16        -0.0009       -9650.57
        16        -0.0006       -9648.67
        16        -0.0003       -9647.51
        16              0       -9646.64
        16         0.0003        -9645.8
        16         0.0006       -9644.94
        16         0.0009       -9644.24
        16         0.0012       -9644.11
        16         0.0015       -9645.13
        16         0.0018       -9648.05
        16         0.0021       -9653.76
        16         0.0024       -9663.26
        16         0.0027       -9677.64
        16          0.003       -9698.09
        16         0.0033       -9725.86
        16         0.0036       -9762.28
        16         0.0039       -9808.67
        16         0.0042       -9866.14
        16         0.0045       -9935.29
        16         0.0048         -10000
        16         0.0051         -10000
        16         0.0054         -10000
        16         0.0057         -10000
        16          0.006       -9294.21
        16         0.0063        -8621.5
        16         0.0066       -8051.23
        16         0.0069       -7553.57
        16         0.0072       -7111.15
        16         0.0075       -6712.62
        16         0.0078       -6350.06
        16         0.0081       -6017.68
        16         0.0084       -5711.08
        16         0.0087       -5426.83
        16          0.009        -5162.2
        16         0.0093       -4914.96
        16         0.0096       -4683.26
        16         0.0099       -4465.56
        16         0.0102       -4260.56
        16         0.0105       -4067.13
        16         0.0108       -3884.31
        16         0.0111       -3711.27
        16         0.0114       -3547.26
        16         0.0117       -3391.66
        16          0.012       -3243.88
        16         0.0123       -3103.42
        16         0.0126       -2969.84
        16         0.0129       -2842.73
        16         0.0132       -2721.74
        16         0.0135       -2606.53
        16         0.0138       -2496.81
        16         0.0141       -2392.31
        16         0.0144        -2292.8
        16         0.0147       -2198.04
        16          0.015       -2107.83
        16         0.0153       -2021.98
        16         0.0156        -1940.3
        16         0.0159       -1862.63
        16         0.0162       -1788.82
        16         0.0165        -1718.7
        16         0.0168       -1652.14
        16         0.0171       -1588.99
        16         0.0174       -1529.12
        16         0.0177       -1472.41
        16          0.018       -1418.71
        16         0.0183       -1367.91
        16         0.0186       -1319.88
        16         0.0189       -1274.51
        16         0.0192       -1231.67
        16         0.0195       -1191.25
        16         0.0198       -1153.14
        16         0.0201       -1117.22
        16         0.0204        -1083.4
        16         0.0207       -1051.56
        16          0.021       -1021.61
        16         0.0213       -993.442
        16         0.0216       -966.968
        16         0.0219       -942.096
        16         0.0222       -918.741
        16         0.0225        -896.82
        16         0.0228       -876.255
        16         0.0231       -856.971
        16         0.0234         -838.9
        16         0.0237       -821.974
        16          0.024       -806.131
        16         0.0243       -791.314
        16         0.0246       -777.469
        16         0.0249       -764.544
        16         0.0252       -752.493
        16         0.0255       -741.271
        16         0.0258       -730.839
        16         0.0261       -721.159
        16         0.0264       -712.196
        16         0.0267        -703.92
        16          0.027       -696.301
        16         0.0273       -689.312
        16         0.0276       -682.931
        16         0.0279       -677.135
        16         0.0282       -671.904
        16         0.0285       -667.222
        16         0.0288       -663.072
        16         0.0291       -659.442
        16         0.0294       -656.319
        16         0.0297       -653.693
        16           0.03       -651.556
        16         0.0303       -649.901
        16         0.0306       -648.722
        16         0.0309       -648.017
        16         0.0312       -647.782
        17        -0.0315       -624.955
        17        -0.0312       -625.165
        17        -0.0309       -625.796
        17        -0.0306       -626.849
        17        -0.0303       -628.327
        17          -0.03       -630.235
        17        -0.0297       -632.578
        17        -0.0294       -635.363
        17        -0.0291       -638.599
        17        -0.0288       -642.295
        17        -0.0285       -646.462
        17        -0.0282       -651.113
        17        -0.0279       -656.261
        17        -0.0276       -661.924
        17        -0.0273       -668.119
        17         -0.027       -674.865
        17        -0.0267       -682.184
        17        -0.0264         -690.1
        17        -0.0261       -698.639
        17        -0.0258       -707.829
        17        -0.0255       -717.702
        17        -0.0252       -728.291
        17        -0.0249       -739.632
        17        -0.0246       -751.766
        17        -0.0243       -764.735
        17         -0.024       -778.584
        17        -0.0237       -793.364
        17        -0.0234       -809.127
        17        -0.0231       -825.929
        17        -0.0228       -843.832
        17        -0.0225         -862.9
        17        -0.0222       -883.201
        17        -0.0219       -904.809
        17        -0.0216       -927.798
        17        -0.0213       -952.251
        17         -0.021       -978.252
        17        -0.0207       -1005.89
        17        -0.0204       -1035.26
        17        -0.0201       -1066.45
        17        -0.0198       -1099.57
        17        -0.0195       -1134.71
        17        -0.0192          -1172
        17        -0.0189       -1211.52
        17        -0.0186        -1253.4
        17        -0.0183       -1297.75
        17         -0.018       -1344.69
        17        -0.0177       -1394.34
        17        -0.0174       -1446.81
        17        -0.0171       -1502.23
        17        -0.0168       -1560.73
        17        -0.0165       -1622.43
        17        -0.0162       -1687.46
        17        -0.0159       -1755.97
        17        -0.0156       -1828.09
        17        -0.0153       -1903.97
        17         -0.015       -1983.75
        17        -0.0147        -2067.6
        17        -0.0144       -2155.69
        17        -0.0141        -2248.2
        17        -0.0138       -2345.32
        17        -0.0135       -2447.26
        17        -0.0132       -2554.25
        17        -0.0129       -2666.54
        17        -0.0126       -2784.39
        17        -0.0123       -2908.12
        17         -0.012       -3038.04
        17        -0.0117       -3174.54
        17        -0.0114       -3318.01
        17        -0.0111       -3468.92
        17        -0.0108       -3627.78
        17        -0.0105       -3795.19
        17        -0.0102        -3971.8
        17        -0.0099       -4158.35
        17        -0.0096       -4355.73
        17        -0.0093       -4564.92
        17         -0.009       -4787.09
        17        -0.0087       -5023.58
        17        -0.0084       -5276.02
        17        -0.0081       -5546.31
        17        -0.0078       -5836.82
        17        -0.0075       -6150.42
        17        -0.0072       -6490.78
        17        -0.0069       -6862.58
        17        -0.0066       -7272.12
        17        -0.0063       -7728.06
        17         -0.006       -8243.09
        17        -0.0057       -8837.27
        17        -0.0054       -9547.88
        17        -0.0051         -10000
        17        -0.0048         -10000
        17        -0.0045         -10000
        17        -0.0042       -9988.61
        17        -0.0039       -9913.79
        17        -0.0036       -9850.31
        17        -0.0033        -9798.1
        17         -0.003       -9756.33
        17        -0.0027       -9723.75
        17        -0.0024       -9699.04
        17        -0.0021       -9680.88
        17        -0.0018       -9668.03
        17        -0.0015       -9659.37
        17        -0.0012       -9653.85
        17        -0.0009       -9650.54
        17        -0.0006       -9648.64
        17        -0.0003       -9647.49
        17              0       -9646.63
        17         0.0003        -9645.8
        17         0.0006       -9644.95
        17         0.0009       -9644.28
        17         0.0012       -9644.17
        17         0.0015       -9645.21
        17         0.0018       -9648.15
        17         0.0021       -9653.89
        17         0.0024       -9663.42
        17         0.0027       -9677.84
        17          0.003       -9698.31
        17         0.0033        -9726.1
        17         0.0036       -9762.52
        17         0.0039       -9808.89
        17         0.0042       -9866.32
        17         0.0045       -9935.39
        17         0.0048         -10000
        17         0.0051         -10000
        17         0.0054         -10000
        17         0.0057         -10000
        17          0.006       -9294.39
        17         0.0063       -8621.82
        17         0.0066       -8051.63
        17         0.0069       -7553.99
        17         0.0072       -7111.56
        17         0.0075          -6713
        17         0.0078        -6350.4
        17         0.0081       -6017.95
        17         0.0084       -5711.29
        17         0.0087       -5426.97
        17          0.009       -5162.28
        17         0.0093       -4914.97
        17         0.0096       -4683.22
        17         0.0099       -4465.48
        17         0.0102       -4260.44
        17         0.0105       -4066.98
        17         0.0108       -3884.13
        17         0.0111       -3711.07
        17         0.0114       -3547.06
        17         0.0117       -3391.44
        17          0.012       -3243.66
        17         0.0123        -3103.2
        17         0.0126       -2969.62
        17         0.0129       -2842.52
        17         0.0132       -2721.53
        17         0.0135       -2606.32
        17         0.0138       -2496.61
        17         0.0141       -2392.12
        17         0.0144       -2292.62
        17         0.0147       -2197.87
        17          0.015       -2107.66
        17         0.0153       -2021.81
        17         0.0156       -1940.14
        17         0.0159       -1862.48
        17         0.0162       -1788.67
        17         0.0165       -1718.56
        17         0.0168          -1652
        17         0.0171       -1588.85
        17         0.0174       -1528.99
        17         0.0177       -1472.27
        17          0.018       -1418.58
        17         0.0183       -1367.77
        17         0.0186       -1319.75
        17         0.0189       -1274.37
        17         0.0192       -1231.53
        17         0.0195       -1191.11
        17         0.0198          -1153
        17         0.0201       -1117.09
        17         0.0204       -1083.26
        17         0.0207       -1051.42
        17          0.021       -1021.46
        17         0.0213       -993.294
        17         0.0216       -966.817
        17         0.0219       -941.943
        17         0.0222       -918.585
        17         0.0225       -896.661
        17         0.0228       -876.093
        17         0.0231       -856.807
        17         0.0234       -838.733
        17         0.0237       -821.804
        17          0.024       -805.959
        17         0.0243        -791.14
        17         0.0246       -777.292
        17         0.0249       -764.365
        17         0.0252       -752.311
        17         0.0255       -741.088
        17         0.0258       -730.653
        17         0.0261       -720.971
        17         0.0264       -712.007
        17         0.0267       -703.729
        17          0.027       -696.108
        17         0.0273       -689.118
        17         0.0276       -682.735
        17         0.0279       -676.938
        17         0.0282       -671.706
        17         0.0285       -667.023
        17         0.0288       -662.872
        17         0.0291       -659.241
        17         0.0294       -656.117
        17         0.0297       -653.491
        17           0.03       -651.353
        17         0.0303       -649.697
        17         0.0306       -648.519
        17         0.0309       -647.813
        17         0.0312       -647.578
        18        -0.0315       -624.835
        18        -0.0312       -625.045
        18        -0.0309       -625.676
        18        -0.0306       -626.729
        18        -0.0303       -628.207
        18          -0.03       -630.115
        18        -0.0297       -632.459
        18        -0.0294       -635.245
        18        -0.0291       -638.481
        18        -0.0288       -642.177
        18        -0.0285       -646.345
        18        -0.0282       -650.996
        18        -0.0279       -656.146
        18        -0.0276       -661.809
        18        -0.0273       -668.005
        18         -0.027       -674.751
        18        -0.0267       -682.071
        18        -0.0264       -689.988
        18        -0.0261       -698.528
        18        -0.0258       -707.719
        18        -0.0255       -717.593
        18        -0.0252       -728.183
        18        -0.0249       -739.526
        18        -0.0246       -751.661
        18        -0.0243        -764.63
        18         -0.024       -778.481
        18        -0.0237       -793.261
        18        -0.0234       -809.025
        18        -0.0231       -825.828
        18        -0.0228       -843.732
        18        -0.0225       -862.801
        18        -0.0222       -883.103
        18        -0.0219       -904.711
        18        -0.0216       -927.701
        18        -0.0213       -952.154
        18         -0.021       -978.155
        18        -0.0207       -1005.79
        18        -0.0204       -1035.16
        18        -0.0201       -1066.35
        18        -0.0198       -1099.47
        18        -0.0195       -1134.62
        18        -0.0192        -1171.9
        18        -0.0189       -1211.43
        18        -0.0186       -1253.31
        18        -0.0183       -1297.66
        18         -0.018        -1344.6
        18        -0.0177       -1394.24
        18        -0.0174       -1446.71
        18        -0.0171       -1502.13
        18        -0.0168       -1560.63
        18        -0.0165       -1622.33
        18        -0.0162       -1687.37
        18        -0.0159       -1755.88
        18        -0.0156          -1828
        18        -0.0153       -1903.88
        18         -0.015       -1983.67
        18        -0.0147       -2067.53
        18        -0.0144       -2155.62
        18        -0.0141       -2248.14
        18        -0.0138       -2345.26
        18        -0.0135       -2447.22
        18        -0.0132       -2554.22
        18        -0.0129       -2666.51
        18        -0.0126       -2784.38
        18        -0.0123       -2908.12
        18         -0.012       -3038.06
        18        -0.0117       -3174.57
        18        -0.0114       -3318.05
        18        -0.0111       -3468.98
        18        -0.0108       -3627.85
        18        -0.0105       -3795.27
        18        -0.0102       -3971.89
        18        -0.0099       -4158.45
        18        -0.0096       -4355.84
        18        -0.0093       -4565.03
        18         -0.009        -4787.2
        18        -0.0087       -5023.69
        18        -0.0084       -5276.12
        18        -0.0081       -5546.41
        18        -0.0078       -5836.91
        18        -0.0075       -6150.51
        18        -0.0072       -6490.86
        18        -0.0069       -6862.66
        18        -0.0066       -7272.19
        18        -0.0063       -7728.12
        18         -0.006       -8243.14
        18        -0.0057        -8837.3
        18        -0.0054        -9547.9
        18        -0.0051         -10000
        18        -0.0048         -10000
        18        -0.0045         -10000
        18        -0.0042       -9988.62
        18        -0.0039       -9913.86
        18        -0.0036       -9850.43
        18        -0.0033       -9798.26
        18         -0.003       -9756.51
        18        -0.0027       -9723.95
        18        -0.0024       -9699.23
        18        -0.0021       -9681.04
        18        -0.0018       -9668.17
        18        -0.0015       -9659.47
        18        -0.0012        -9653.9
        18        -0.0009       -9650.55
        18        -0.0006        -9648.6
        18        -0.0003       -9647.41
        18              0       -9646.52
        18         0.0003       -9645.66
        18         0.0006       -9644.79
        18         0.0009        -9644.1
        18         0.0012       -9643.98
        18         0.0015       -9645.01
        18         0.0018       -9647.96
        18         0.0021       -9653.71
        18         0.0024       -9663.25
        18         0.0027       -9677.68
        18          0.003       -9698.17
        18         0.0033       -9725.99
        18         0.0036       -9762.44
        18         0.0039       -9808.83
        18         0.0042       -9866.28
        18         0.0045       -9935.37
        18         0.0048         -10000
        18         0.0051         -10000
        18         0.0054         -10000
        18         0.0057         -10000
        18          0.006       -9294.48
        18         0.0063       -8621.98
        18         0.0066       -8051.84
        18         0.0069       -7554.25
        18         0.0072       -7111.85
        18         0.0075       -6713.32
        18         0.0078       -6350.73
        18         0.0081        -6018.3
        18         0.0084       -5711.64
        18         0.0087       -5427.33
        18          0.009       -5162.63
        18         0.0093       -4915.32
        18         0.0096       -4683.55
        18         0.0099       -4465.79
        18         0.0102       -4260.72
        18         0.0105       -4067.24
        18         0.0108       -3884.37
        18         0.0111       -3711.27
        18         0.0114       -3547.23
        18         0.0117       -3391.58
        18          0.012       -3243.77
        18         0.0123       -3103.28
        18         0.0126       -2969.67
        18         0.0129       -2842.54
        18         0.0132       -2721.53
        18         0.0135        -2606.3
        18         0.0138       -2496.57
        18         0.0141       -2392.06
        18         0.0144       -2292.54
        18         0.0147       -2197.78
        18          0.015       -2107.56
        18         0.0153        -2021.7
        18         0.0156       -1940.02
        18         0.0159       -1862.36
        18         0.0162       -1788.54
        18         0.0165       -1718.42
        18         0.0168       -1651.86
        18         0.0171       -1588.71
        18         0.0174       -1528.84
        18         0.0177       -1472.12
        18          0.018       -1418.43
        18         0.0183       -1367.62
        18         0.0186       -1319.59
        18         0.0189       -1274.22
        18         0.0192       -1231.38
        18         0.0195       -1190.96
        18         0.0198       -1152.85
        18         0.0201       -1116.93
        18         0.0204        -1083.1
        18         0.0207       -1051.26
        18          0.021        -1021.3
        18         0.0213       -993.135
        18         0.0216       -966.657
        18         0.0219       -941.782
        18         0.0222       -918.423
        18         0.0225       -896.498
        18         0.0228       -875.929
        18         0.0231       -856.641
        18         0.0234       -838.565
        18         0.0237       -821.635
        18          0.024       -805.789
        18         0.0243       -790.968
        18         0.0246       -777.119
        18         0.0249        -764.19
        18         0.0252       -752.135
        18         0.0255        -740.91
        18         0.0258       -730.474
        18         0.0261       -720.791
        18         0.0264       -711.825
        18         0.0267       -703.546
        18          0.027       -695.923
        18         0.0273       -688.932
        18         0.0276       -682.548
        18         0.0279        -676.75
        18         0.0282       -671.517
        18         0.0285       -666.833
        18         0.0288       -662.681
        18         0.0291       -659.049
        18         0.0294       -655.925
        18         0.0297       -653.298
        18           0.03        -651.16
        18         0.0303       -649.504
        18         0.0306       -648.325
        18         0.0309       -647.619
        18         0.0312       -647.384
        19        -0.0315       -624.723
        19        -0.0312       -624.933
        19        -0.0309       -625.564
        19        -0.0306       -626.617
        19        -0.0303       -628.095
        19          -0.03       -630.004
        19        -0.0297       -632.348
        19        -0.0294       -635.134
        19        -0.0291        -638.37
        19        -0.0288       -642.067
        19        -0.0285       -646.235
        19        -0.0282       -650.886
        19        -0.0279       -656.036
        19        -0.0276         -661.7
        19        -0.0273       -667.896
        19         -0.027       -674.643
        19        -0.0267       -681.964
        19        -0.0264       -689.881
        19        -0.0261       -698.422
        19        -0.0258       -707.614
        19        -0.0255       -717.488
        19        -0.0252       -728.079
        19        -0.0249       -739.423
        19        -0.0246       -751.558
        19        -0.0243       -764.529
        19         -0.024        -778.38
        19        -0.0237       -793.162
        19        -0.0234       -808.927
        19        -0.0231       -825.731
        19        -0.0228       -843.637
        19        -0.0225       -862.707
        19        -0.0222        -883.01
        19        -0.0219       -904.619
        19        -0.0216       -927.611
        19        -0.0213       -952.066
        19         -0.021       -978.069
        19        -0.0207       -1005.71
        19        -0.0204       -1035.08
        19        -0.0201       -1066.27
        19        -0.0198       -1099.39
        19        -0.0195       -1134.54
        19        -0.0192       -1171.83
        19        -0.0189       -1211.35
        19        -0.0186       -1253.24
        19        -0.0183       -1297.59
        19         -0.018       -1344.54
        19        -0.0177       -1394.18
        19        -0.0174       -1446.66
        19        -0.0171       -1502.08
        19        -0.0168       -1560.58
        19        -0.0165       -1622.29
        19        -0.0162       -1687.33
        19        -0.0159       -1755.84
        19        -0.0156       -1827.97
        19        -0.0153       -1903.85
        19         -0.015       -1983.64
        19        -0.0147        -2067.5
        19        -0.0144        -2155.6
        19        -0.0141       -2248.12
        19        -0.0138       -2345.25
        19        -0.0135        -2447.2
        19        -0.0132       -2554.21
        19        -0.0129       -2666.51
        19        -0.0126       -2784.38
        19        -0.0123       -2908.13
        19         -0.012       -3038.07
        19        -0.0117       -3174.59
        19        -0.0114       -3318.08
        19        -0.0111       -3469.02
        19        -0.0108       -3627.91
        19        -0.0105       -3795.34
        19        -0.0102       -3971.97
        19        -0.0099       -4158.55
        19        -0.0096       -4355.95
        19        -0.0093       -4565.16
        19         -0.009       -4787.34
        19        -0.0087       -5023.84
        19        -0.0084       -5276.27
        19        -0.0081       -5546.57
        19        -0.0078       -5837.06
        19        -0.0075       -6150.64
        19        -0.0072       -6490.96
        19        -0.0069       -6862.73
        19        -0.0066       -7272.23
        19        -0.0063       -7728.14
        19         -0.006       -8243.12
        19        -0.0057       -8837.27
        19        -0.0054       -9547.88
        19        -0.0051         -10000
        19        -0.0048         -10000
        19        -0.0045         -10000
        19        -0.0042       -9988.61
        19        -0.0039       -9913.72
        19        -0.0036       -9850.21
        19        -0.0033       -9797.98
        19         -0.003        -9756.2
        19        -0.0027       -9723.64
        19        -0.0024       -9698.93
        19        -0.0021       -9680.78
        19        -0.0018       -9667.95
        19        -0.0015        -9659.3
        19        -0.0012       -9653.79
        19        -0.0009       -9650.49
        19        -0.0006       -9648.59
        19        -0.0003       -9647.44
        19              0       -9646.58
        19         0.0003       -9645.75
        19         0.0006        -9644.9
        19         0.0009       -9644.21
        19         0.0012        -9644.1
        19         0.0015       -9645.13
        19         0.0018       -9648.07
        19         0.0021        -9653.8
        19         0.0024       -9663.33
        19         0.0027       -9677.75
        19          0.003       -9698.22
        19         0.0033       -9726.02
        19         0.0036       -9762.45
        19         0.0039       -9808.83
        19         0.0042       -9866.27
        19         0.0045       -9935.36
        19         0.0048         -10000
        19         0.0051         -10000
        19         0.0054         -10000
        19         0.0057         -10000
        19          0.006       -9294.39
        19         0.0063       -8621.82
        19         0.0066       -8051.65
        19         0.0069       -7554.04
        19         0.0072       -7111.65
        19         0.0075       -6713.12
        19         0.0078       -6350.55
        19         0.0081       -6018.15
        19         0.0084       -5711.52
        19         0.0087       -5427.23
        19          0.009       -5162.56
        19         0.0093       -4915.28
        19         0.0096       -4683.54
        19         0.0099        -4465.8
        19         0.0102       -4260.75
        19         0.0105       -4067.28
        19         0.0108       -3884.42
        19         0.0111       -3711.34
        19         0.0114        -3547.3
        19         0.0117       -3391.65
        19          0.012       -3243.84
        19         0.0123       -3103.35
        19         0.0126       -2969.74
        19         0.0129       -2842.61
        19         0.0132       -2721.59
        19         0.0135       -2606.36
        19         0.0138       -2496.62
        19         0.0141        -2392.1
        19         0.0144       -2292.57
        19         0.0147        -2197.8
        19          0.015       -2107.57
        19         0.0153        -2021.7
        19         0.0156       -1940.02
        19         0.0159       -1862.34
        19         0.0162       -1788.51
        19         0.0165       -1718.38
        19         0.0168       -1651.81
        19         0.0171       -1588.65
        19         0.0174       -1528.78
        19         0.0177       -1472.05
        19          0.018       -1418.34
        19         0.0183       -1367.53
        19         0.0186        -1319.5
        19         0.0189       -1274.12
        19         0.0192       -1231.27
        19         0.0195       -1190.84
        19         0.0198       -1152.72
        19         0.0201        -1116.8
        19         0.0204       -1082.97
        19         0.0207       -1051.13
        19          0.021       -1021.17
        19         0.0213       -992.993
        19         0.0216       -966.512
        19         0.0219       -941.633
        19         0.0222       -918.272
        19         0.0225       -896.344
        19         0.0228       -875.772
        19         0.0231       -856.483
        19         0.0234       -838.405
        19         0.0237       -821.473
        19          0.024       -805.625
        19         0.0243       -790.802
        19         0.0246       -776.951
        19         0.0249       -764.021
        19         0.0252       -751.965
        19         0.0255       -740.738
        19         0.0258       -730.302
        19         0.0261       -720.617
        19         0.0264        -711.65
        19         0.0267        -703.37
        19          0.027       -695.747
        19         0.0273       -688.755
        19         0.0276        -682.37
        19         0.0279       -676.571
        19         0.0282       -671.338
        19         0.0285       -666.653
        19         0.0288       -662.501
        19         0.0291       -658.868
        19         0.0294       -655.744
        19         0.0297       -653.116
        19           0.03       -650.978
        19         0.0303       -649.322
        19         0.0306       -648.143
        19         0.0309       -647.437
        19         0.0312       -647.202
        20        -0.0315       -624.615
        20        -0.0312       -624.825
        20        -0.0309       -625.456
        20        -0.0306       -626.509
        20        -0.0303       -627.988
        20          -0.03       -629.897
        20        -0.0297       -632.241
        20        -0.0294       -635.027
        20        -0.0291       -638.264
        20        -0.0288       -641.961
        20        -0.0285       -646.129
        20        -0.0282       -650.782
        20        -0.0279       -655.932
        20        -0.0276       -661.597
        20        -0.0273       -667.793
        20         -0.027       -674.541
        20        -0.0267       -681.863
        20        -0.0264       -689.781
        20        -0.0261       -698.323
        20        -0.0258       -707.516
        20        -0.0255       -717.392
        20        -0.0252       -727.983
        20        -0.0249       -739.328
        20        -0.0246       -751.465
        20        -0.0243       -764.437
        20         -0.024        -778.29
        20        -0.0237       -793.073
        20        -0.0234       -808.839
        20        -0.0231       -825.646
        20        -0.0228       -843.552
        20        -0.0225       -862.624
        20        -0.0222       -882.929
        20        -0.0219        -904.54
        20        -0.0216       -927.534
        20        -0.0213       -951.991
        20         -0.021       -977.996
        20        -0.0207       -1005.64
        20        -0.0204       -1035.01
        20        -0.0201       -1066.21
        20        -0.0198       -1099.33
        20        -0.0195       -1134.48
        20        -0.0192       -1171.77
        20        -0.0189        -1211.3
        20        -0.0186       -1253.19
        20        -0.0183       -1297.54
        20         -0.018       -1344.49
        20        -0.0177       -1394.14
        20        -0.0174       -1446.62
        20        -0.0171       -1502.05
        20        -0.0168       -1560.55
        20        -0.0165       -1622.26
        20        -0.0162       -1687.31
        20        -0.0159       -1755.83
        20        -0.0156       -1827.96
        20        -0.0153       -1903.85
        20         -0.015       -1983.65
        20        -0.0147       -2067.52
        20        -0.0144       -2155.62
        20        -0.0141       -2248.15
        20        -0.0138       -2345.29
        20        -0.0135       -2447.25
        20        -0.0132       -2554.26
        20        -0.0129       -2666.57
        20        -0.0126       -2784.45
        20        -0.0123       -2908.19
        20         -0.012       -3038.14
        20        -0.0117       -3174.66
        20        -0.0114       -3318.15
        20        -0.0111       -3469.09
        20        -0.0108       -3627.98
        20        -0.0105       -3795.41
        20        -0.0102       -3972.04
        20        -0.0099       -4158.62
        20        -0.0096       -4356.01
        20        -0.0093       -4565.23
        20         -0.009       -4787.41
        20        -0.0087       -5023.92
        20        -0.0084       -5276.37
        20        -0.0081       -5546.68
        20        -0.0078        -5837.2
        20        -0.0075       -6150.81
        20        -0.0072       -6491.17
        20        -0.0069       -6862.97
        20        -0.0066       -7272.49
        20        -0.0063       -7728.41
        20         -0.006       -8243.39
        20        -0.0057       -8837.48
        20        -0.0054       -9547.97
        20        -0.0051         -10000
        20        -0.0048         -10000
        20        -0.0045         -10000
        20        -0.0042       -9988.62
        20        -0.0039       -9913.81
        20        -0.0036       -9850.33
        20        -0.0033       -9798.11
        20         -0.003       -9756.32
        20        -0.0027       -9723.74
        20        -0.0024       -9699.01
        20        -0.0021       -9680.83
        20        -0.0018       -9667.98
        20        -0.0015       -9659.32
        20        -0.0012        -9653.8
        20        -0.0009       -9650.49
        20        -0.0006       -9648.59
        20        -0.0003       -9647.45
        20              0        -9646.6
        20         0.0003       -9645.78
        20         0.0006       -9644.95
        20         0.0009       -9644.28
        20         0.0012       -9644.19
        20         0.0015       -9645.24
        20         0.0018       -9648.19
        20         0.0021       -9653.94
        20         0.0024       -9663.47
        20         0.0027       -9677.89
        20          0.003       -9698.36
        20         0.0033       -9726.14
        20         0.0036       -9762.55
        20         0.0039       -9808.91
        20         0.0042       -9866.32
        20         0.0045       -9935.38
        20         0.0048         -10000
        20         0.0051         -10000
        20         0.0054         -10000
        20         0.0057         -10000
        20          0.006       -9294.35
        20         0.0063       -8621.76
        20         0.0066       -8051.57
        20         0.0069       -7553.96
        20         0.0072       -7111.56
        20         0.0075       -6713.03
        20         0.0078       -6350.45
        20         0.0081       -6018.04
        20         0.0084        -5711.4
        20         0.0087       -5427.11
        20          0.009       -5162.44
        20         0.0093       -4915.15
        20         0.0096        -4683.4
        20         0.0099       -4465.66
        20         0.0102       -4260.62
        20         0.0105       -4067.15
        20         0.0108        -3884.3
        20         0.0111       -3711.22
        20         0.0114       -3547.19
        20         0.0117       -3391.55
        20          0.012       -3243.75
        20         0.0123       -3103.27
        20         0.0126       -2969.66
        20         0.0129       -2842.54
        20         0.0132       -2721.52
        20         0.0135       -2606.29
        20         0.0138       -2496.56
        20         0.0141       -2392.05
        20         0.0144       -2292.52
        20         0.0147       -2197.75
        20          0.015       -2107.52
        20         0.0153       -2021.66
        20         0.0156       -1939.97
        20         0.0159       -1862.29
        20         0.0162       -1788.46
        20         0.0165       -1718.33
        20         0.0168       -1651.75
        20         0.0171       -1588.59
        20         0.0174       -1528.72
        20         0.0177       -1471.98
        20          0.018       -1418.28
        20         0.0183       -1367.46
        20         0.0186       -1319.42
        20         0.0189       -1274.04
        20         0.0192       -1231.19
        20         0.0195       -1190.76
        20         0.0198       -1152.63
        20         0.0201       -1116.71
        20         0.0204       -1082.87
        20         0.0207       -1051.02
        20          0.021       -1021.06
        20         0.0213       -992.881
        20         0.0216       -966.396
        20         0.0219       -941.514
        20         0.0222       -918.148
        20         0.0225       -896.217
        20         0.0228       -875.642
        20         0.0231       -856.349
        20         0.0234       -838.268
        20         0.0237       -821.333
        20          0.024       -805.482
        20         0.0243       -790.657
        20         0.0246       -776.803
        20         0.0249        -763.87
        20         0.0252       -751.811
        20         0.0255       -740.583
        20         0.0258       -730.144
        20         0.0261       -720.457
        20         0.0264       -711.488
        20         0.0267       -703.206
        20          0.027       -695.582
        20         0.0273       -688.588
        20         0.0276       -682.202
        20         0.0279       -676.401
        20         0.0282       -671.167
        20         0.0285       -666.481
        20         0.0288       -662.328
        20         0.0291       -658.695
        20         0.0294       -655.569
        20         0.0297       -652.942
        20           0.03       -650.803
        20         0.0303       -649.146
        20         0.0306       -647.967
        20         0.0309       -647.261
        20         0.0312       -647.026
