# iteration    r (m)    potential (V)
         1        -0.0315              0
         1        -0.0312              0
         1        -0.0309              0
         1        -0.0306              0
         1        -0.0303              0
         1          -0.03              0
         1        -0.0297       -3.95069
         1        -0.0294       -12.0858
         1        -0.0291       -20.3218
         1        -0.0288       -28.6305
         1        -0.0285       -36.9979
         1        -0.0282       -45.4136
         1        -0.0279       -53.8669
         1        -0.0276       -62.3461
         1        -0.0273       -70.8376
         1         -0.027       -79.3258
         1        -0.0267        -87.792
         1        -0.0264       -96.2142
         1        -0.0261       -104.566
         1        -0.0258       -112.816
         1        -0.0255       -120.927
         1        -0.0252       -128.853
         1        -0.0249       -136.539
         1        -0.0246       -143.918
         1        -0.0243       -150.907
         1         -0.024       -157.405
         1        -0.0237       -163.285
         1        -0.0234       -168.386
         1        -0.0231       -172.505
         1        -0.0228       -175.377
         1        -0.0225       -176.654
         1        -0.0222       -175.868
         1        -0.0219       -172.375
         1        -0.0216       -165.256
         1        -0.0213       -153.153
         1         -0.021       -133.955
         1        -0.0207       -104.161
         1        -0.0204       -57.4885
         1        -0.0201              0
         1        -0.0198              0
         1        -0.0195              0
         1        -0.0192       -18.2897
         1        -0.0189       -182.449
         1        -0.0186       -309.055
         1        -0.0183       -416.118
         1         -0.018       -511.987
         1        -0.0177       -601.084
         1        -0.0174       -686.018
         1        -0.0171       -768.469
         1        -0.0168         -849.6
         1        -0.0165       -930.266
         1        -0.0162       -1011.13
         1        -0.0159       -1092.73
         1        -0.0156       -1175.53
         1        -0.0153       -1259.94
         1         -0.015       -1346.31
         1        -0.0147       -1435.01
         1        -0.0144       -1526.37
         1        -0.0141       -1620.73
         1        -0.0138       -1718.43
         1        -0.0135       -1819.81
         1        -0.0132       -1925.24
         1        -0.0129       -2035.11
         1        -0.0126       -2149.81
         1        -0.0123        -2269.8
         1         -0.012       -2395.55
         1        -0.0117       -2527.59
         1        -0.0114       -2666.48
         1        -0.0111       -2812.87
         1        -0.0108       -2967.47
         1        -0.0105       -3131.08
         1        -0.0102        -3304.6
         1        -0.0099       -3489.05
         1        -0.0096       -3685.63
         1        -0.0093       -3895.68
         1         -0.009        -4120.8
         1        -0.0087       -4362.83
         1        -0.0084       -4623.99
         1        -0.0081       -4906.93
         1        -0.0078       -5214.88
         1        -0.0075       -5551.81
         1        -0.0072       -5922.72
         1        -0.0069       -6334.04
         1        -0.0066       -6794.22
         1        -0.0063       -7314.78
         1         -0.006       -7912.15
         1        -0.0057       -8611.57
         1        -0.0054       -9458.31
         1        -0.0051         -10000
         1        -0.0048         -10000
         1        -0.0045         -10000
         1        -0.0042       -9977.85
         1        -0.0039       -9832.17
         1        -0.0036          -9708
         1        -0.0033        -9605.3
         1         -0.003       -9522.75
         1        -0.0027        -9458.2
         1        -0.0024       -9409.22
         1        -0.0021       -9373.38
         1        -0.0018       -9348.34
         1        -0.0015       -9331.87
         1        -0.0012       -9321.91
         1        -0.0009        -9316.6
         1        -0.0006       -9314.27
         1        -0.0003       -9313.61
         1              0        -9313.6
         1         0.0003       -9313.68
         1         0.0006       -9313.68
         1         0.0009       -9313.91
         1         0.0012       -9315.08
         1         0.0015       -9318.32
         1         0.0018       -9325.05
         1         0.0021       -9337.01
         1         0.0024       -9356.12
         1         0.0027       -9384.52
         1          0.003       -9424.45
         1         0.0033       -9478.28
         1         0.0036       -9548.45
         1         0.0039       -9637.31
         1         0.0042        -9746.8
         1         0.0045       -9877.82
         1         0.0048         -10000
         1         0.0051         -10000
         1         0.0054         -10000
         1         0.0057         -10000
         1          0.006       -9163.81
         1         0.0063       -8373.25
         1         0.0066        -7711.6
         1         0.0069       -7142.61
         1         0.0072       -6644.49
         1         0.0075        -6202.6
         1         0.0078       -5806.53
         1         0.0081       -5448.53
         1         0.0084       -5122.72
         1         0.0087       -4824.45
         1          0.009       -4550.02
         1         0.0093       -4296.41
         1         0.0096       -4061.13
         1         0.0099        -3842.1
         1         0.0102       -3637.56
         1         0.0105       -3446.01
         1         0.0108       -3266.15
         1         0.0111       -3096.86
         1         0.0114       -2937.15
         1         0.0117       -2786.15
         1          0.012        -2643.1
         1         0.0123       -2507.31
         1         0.0126       -2378.16
         1         0.0129        -2255.1
         1         0.0132        -2137.6
         1         0.0135        -2025.2
         1         0.0138       -1917.48
         1         0.0141       -1814.02
         1         0.0144       -1714.44
         1         0.0147       -1618.39
         1          0.015       -1525.49
         1         0.0153       -1435.41
         1         0.0156       -1347.81
         1         0.0159       -1262.31
         1         0.0162       -1178.56
         1         0.0165       -1096.15
         1         0.0168       -1014.64
         1         0.0171       -933.499
         1         0.0174        -852.12
         1         0.0177       -769.727
         1          0.018       -685.301
         1         0.0183       -597.429
         1         0.0186       -504.023
         1         0.0189       -401.767
         1         0.0192       -284.891
         1         0.0195       -142.141
         1         0.0198              0
         1         0.0201              0
         1         0.0204              0
         1         0.0207       -13.6885
         1          0.021       -95.7793
         1         0.0213       -149.011
         1         0.0216        -185.29
         1         0.0219       -210.745
         1         0.0222       -228.848
         1         0.0225        -241.72
         1         0.0228       -250.744
         1         0.0231       -256.863
         1         0.0234       -260.748
         1         0.0237       -262.889
         1          0.024       -263.653
         1         0.0243       -263.321
         1         0.0246       -262.113
         1         0.0249       -260.201
         1         0.0252       -257.723
         1         0.0255        -254.79
         1         0.0258       -251.493
         1         0.0261       -247.906
         1         0.0264        -244.09
         1         0.0267       -240.097
         1          0.027       -235.967
         1         0.0273       -231.738
         1         0.0276       -227.437
         1         0.0279       -223.091
         1         0.0282       -218.721
         1         0.0285       -214.343
         1         0.0288       -209.973
         1         0.0291       -205.624
         1         0.0294       -201.307
         1         0.0297       -197.029
         1           0.03         -192.8
         1         0.0303       -188.626
         1         0.0306       -184.512
         1         0.0309       -180.462
         1         0.0312       -176.481
         1         0.0315       -172.571
         1         0.0318       -168.734
         1         0.0321       -164.974
         1         0.0324       -161.291
         1         0.0327       -157.686
         1          0.033       -154.161
         1         0.0333       -150.715
         1         0.0336        -147.35
         1         0.0339       -144.066
         1         0.0342       -140.863
         1         0.0345       -137.741
         1         0.0348       -134.699
         1         0.0351       -131.739
         1         0.0354       -128.859
         1         0.0357       -126.059
         1          0.036       -123.339
         1         0.0363       -120.698
         1         0.0366       -118.136
         1         0.0369       -115.651
         1         0.0372       -113.243
         1         0.0375       -110.912
         1         0.0378       -108.657
         1         0.0381       -106.476
         1         0.0384        -104.37
         1         0.0387       -102.338
         1          0.039        -100.38
         1         0.0393       -98.4945
         1         0.0396       -96.6813
         1         0.0399       -94.9398
         1         0.0402       -93.2696
         1         0.0405         -91.67
         1         0.0408       -90.1403
         1         0.0411       -88.6799
         1         0.0414       -87.2883
         1         0.0417       -85.9648
         1          0.042       -84.7089
         1         0.0423       -83.5201
         1         0.0426        -82.398
         1         0.0429       -81.3421
         1         0.0432       -80.3521
         1         0.0435       -79.4276
         1         0.0438       -78.5683
         1         0.0441        -77.774
         1         0.0444       -77.0444
         1         0.0447       -76.3791
         1          0.045        -75.778
         1         0.0453       -75.2407
         1         0.0456       -74.7672
         1         0.0459       -74.3571
         1         0.0462       -74.0103
         1         0.0465       -73.7267
         1         0.0468       -73.5062
         1         0.0471       -73.3487
         1         0.0474       -73.2542
         1         0.0477       -73.2226
         2        -0.0315              0
         2        -0.0312              0
         2        -0.0309              0
         2        -0.0306              0
         2        -0.0303              0
         2          -0.03              0
         2        -0.0297       -5.55168
         2        -0.0294       -16.9827
         2        -0.0291       -28.5517
         2        -0.0288       -40.2166
         2        -0.0285       -51.9551
         2        -0.0282       -63.7496
         2        -0.0279       -75.5822
         2        -0.0276       -87.4335
         2        -0.0273       -99.2816
         2         -0.027       -111.101
         2        -0.0267       -122.864
         2        -0.0264       -134.535
         2        -0.0261       -146.075
         2        -0.0258       -157.439
         2        -0.0255        -168.57
         2        -0.0252       -179.404
         2        -0.0249       -189.862
         2        -0.0246       -199.849
         2        -0.0243       -209.249
         2         -0.024       -217.923
         2        -0.0237       -225.694
         2        -0.0234       -232.345
         2        -0.0231       -237.597
         2        -0.0228       -241.092
         2        -0.0225       -242.364
         2        -0.0222       -240.785
         2        -0.0219       -235.493
         2        -0.0216       -225.265
         2        -0.0213       -208.293
         2         -0.021       -181.767
         2        -0.0207       -141.026
         2        -0.0204       -77.6782
         2        -0.0201              0
         2        -0.0198              0
         2        -0.0195              0
         2        -0.0192       -23.6065
         2        -0.0189         -234.9
         2        -0.0186       -397.136
         2        -0.0183       -533.633
         2         -0.018       -655.193
         2        -0.0177       -767.525
         2        -0.0174       -873.987
         2        -0.0171       -976.728
         2        -0.0168       -1077.22
         2        -0.0165       -1176.53
         2        -0.0162       -1275.47
         2        -0.0159        -1374.7
         2        -0.0156       -1474.75
         2        -0.0153       -1576.07
         2         -0.015        -1679.1
         2        -0.0147       -1784.19
         2        -0.0144       -1891.71
         2        -0.0141       -2001.98
         2        -0.0138       -2115.36
         2        -0.0135       -2232.18
         2        -0.0132       -2352.76
         2        -0.0129       -2477.47
         2        -0.0126       -2606.68
         2        -0.0123       -2740.77
         2         -0.012       -2880.16
         2        -0.0117       -3025.29
         2        -0.0114       -3176.66
         2        -0.0111       -3334.79
         2        -0.0108       -3500.26
         2        -0.0105       -3673.73
         2        -0.0102       -3855.92
         2        -0.0099       -4047.65
         2        -0.0096       -4249.85
         2        -0.0093       -4463.59
         2         -0.009       -4690.08
         2        -0.0087       -4930.77
         2        -0.0084       -5187.36
         2        -0.0081       -5461.87
         2        -0.0078       -5756.75
         2        -0.0075       -6075.04
         2        -0.0072       -6420.56
         2        -0.0069       -6798.24
         2        -0.0066       -7214.63
         2        -0.0063       -7678.77
         2         -0.006       -8203.84
         2        -0.0057       -8810.57
         2        -0.0054       -9537.29
         2        -0.0051         -10000
         2        -0.0048         -10000
         2        -0.0045         -10000
         2        -0.0042       -9987.74
         2        -0.0039       -9907.23
         2        -0.0036       -9839.03
         2        -0.0033       -9783.05
         2         -0.003       -9738.35
         2        -0.0027       -9703.58
         2        -0.0024       -9677.25
         2        -0.0021       -9657.96
         2        -0.0018       -9644.37
         2        -0.0015       -9635.28
         2        -0.0012       -9629.55
         2        -0.0009        -9626.2
         2        -0.0006       -9624.36
         2        -0.0003       -9623.34
         2              0       -9622.65
         2         0.0003       -9621.98
         2         0.0006        -9621.3
         2         0.0009       -9620.78
         2         0.0012       -9620.85
         2         0.0015        -9622.1
         2         0.0018       -9625.35
         2         0.0021       -9631.52
         2         0.0024       -9641.68
         2         0.0027       -9656.98
         2          0.003       -9678.69
         2         0.0033       -9708.16
         2         0.0036       -9746.83
         2         0.0039       -9796.12
         2         0.0042       -9857.28
         2         0.0045       -9930.97
         2         0.0048         -10000
         2         0.0051         -10000
         2         0.0054         -10000
         2         0.0057         -10000
         2          0.006       -9281.59
         2         0.0063       -8597.57
         2         0.0066        -8018.6
         2         0.0069       -7514.11
         2         0.0072       -7066.26
         2         0.0075        -6663.3
         2         0.0078       -6297.03
         2         0.0081       -5961.44
         2         0.0084       -5651.95
         2         0.0087          -5365
         2          0.009       -5097.73
         2         0.0093       -4847.83
         2         0.0096       -4613.36
         2         0.0099       -4392.69
         2         0.0102       -4184.46
         2         0.0105       -3987.49
         2         0.0108       -3800.74
         2         0.0111        -3623.3
         2         0.0114       -3454.39
         2         0.0117        -3293.3
         2          0.012       -3139.37
         2         0.0123       -2992.05
         2         0.0126       -2850.81
         2         0.0129       -2715.16
         2         0.0132       -2584.66
         2         0.0135        -2458.9
         2         0.0138       -2337.48
         2         0.0141       -2220.02
         2         0.0144       -2106.16
         2         0.0147       -1995.57
         2          0.015       -1887.87
         2         0.0153       -1782.72
         2         0.0156       -1679.76
         2         0.0159        -1578.6
         2         0.0162       -1478.82
         2         0.0165       -1379.96
         2         0.0168        -1281.5
         2         0.0171       -1182.81
         2         0.0174       -1083.13
         2         0.0177       -981.475
         2          0.018       -876.541
         2         0.0183       -766.498
         2         0.0186       -648.626
         2         0.0189       -518.581
         2         0.0192       -368.794
         2         0.0195       -184.515
         2         0.0198              0
         2         0.0201              0
         2         0.0204              0
         2         0.0207       -19.3065
         2          0.021       -135.616
         2         0.0213       -211.931
         2         0.0216       -264.791
         2         0.0219       -302.656
         2         0.0222       -330.297
         2         0.0225       -350.626
         2         0.0228       -365.538
         2         0.0231       -376.329
         2         0.0234       -383.917
         2         0.0237       -388.978
         2          0.024        -392.02
         2         0.0243       -393.433
         2         0.0246       -393.521
         2         0.0249       -392.526
         2         0.0252       -390.642
         2         0.0255       -388.028
         2         0.0258       -384.811
         2         0.0261       -381.099
         2         0.0264       -376.981
         2         0.0267       -372.531
         2          0.027       -367.811
         2         0.0273       -362.875
         2         0.0276       -357.767
         2         0.0279       -352.525
         2         0.0282       -347.184
         2         0.0285       -341.769
         2         0.0288       -336.307
         2         0.0291       -330.817
         2         0.0294       -325.318
         2         0.0297       -319.826
         2           0.03       -314.353
         2         0.0303       -308.912
         2         0.0306       -303.512
         2         0.0309       -298.163
         2         0.0312       -292.873
         2         0.0315       -287.647
         2         0.0318       -282.492
         2         0.0321       -277.412
         2         0.0324       -272.413
         2         0.0327       -267.498
         2          0.033       -262.669
         2         0.0333       -257.931
         2         0.0336       -253.285
         2         0.0339       -248.733
         2         0.0342       -244.278
         2         0.0345        -239.92
         2         0.0348       -235.661
         2         0.0351       -231.501
         2         0.0354       -227.443
         2         0.0357       -223.485
         2          0.036       -219.629
         2         0.0363       -215.875
         2         0.0366       -212.224
         2         0.0369       -208.675
         2         0.0372       -205.228
         2         0.0375       -201.884
         2         0.0378       -198.642
         2         0.0381       -195.503
         2         0.0384       -192.465
         2         0.0387       -189.529
         2          0.039       -186.695
         2         0.0393       -183.962
         2         0.0396       -181.329
         2         0.0399       -178.797
         2         0.0402       -176.365
         2         0.0405       -174.033
         2         0.0408       -171.799
         2         0.0411       -169.665
         2         0.0414       -167.628
         2         0.0417        -165.69
         2          0.042       -163.849
         2         0.0423       -162.105
         2         0.0426       -160.457
         2         0.0429       -158.907
         2         0.0432       -157.451
         2         0.0435       -156.092
         2         0.0438       -154.828
         2         0.0441       -153.659
         2         0.0444       -152.584
         2         0.0447       -151.604
         2          0.045       -150.718
         2         0.0453       -149.926
         2         0.0456       -149.227
         2         0.0459       -148.622
         2         0.0462        -148.11
         2         0.0465       -147.692
         2         0.0468       -147.366
         2         0.0471       -147.134
         2         0.0474       -146.995
         2         0.0477       -146.948
         3        -0.0315              0
         3        -0.0312              0
         3        -0.0309              0
         3        -0.0306              0
         3        -0.0303              0
         3          -0.03              0
         3        -0.0297       -5.75534
         3        -0.0294       -17.6054
         3        -0.0291       -29.5977
         3        -0.0288       -41.6878
         3        -0.0285        -53.852
         3        -0.0282       -66.0713
         3        -0.0279       -78.3264
         3        -0.0276       -90.5964
         3        -0.0273       -102.858
         3         -0.027       -115.084
         3        -0.0267       -127.243
         3        -0.0264       -139.301
         3        -0.0261       -151.215
         3        -0.0258       -162.937
         3        -0.0255       -174.409
         3        -0.0252       -185.562
         3        -0.0249       -196.317
         3        -0.0246       -206.573
         3        -0.0243       -216.214
         3         -0.024       -225.092
         3        -0.0237       -233.029
         3        -0.0234       -239.799
         3        -0.0231       -245.117
         3        -0.0228       -248.618
         3        -0.0225       -249.822
         3        -0.0222       -248.085
         3        -0.0219       -242.525
         3        -0.0216       -231.889
         3        -0.0213       -214.324
         3         -0.021       -186.951
         3        -0.0207       -144.992
         3        -0.0204       -79.8376
         3        -0.0201              0
         3        -0.0198              0
         3        -0.0195              0
         3        -0.0192        -24.096
         3        -0.0189       -239.669
         3        -0.0186       -405.092
         3        -0.0183       -544.187
         3         -0.018       -667.984
         3        -0.0177       -782.316
         3        -0.0174       -890.611
         3        -0.0171        -995.06
         3        -0.0168       -1097.17
         3        -0.0165       -1198.02
         3        -0.0162       -1298.44
         3        -0.0159        -1399.1
         3        -0.0156       -1500.54
         3        -0.0153       -1603.23
         3         -0.015       -1707.58
         3        -0.0147       -1813.97
         3        -0.0144       -1922.77
         3        -0.0141       -2034.31
         3        -0.0138       -2148.92
         3        -0.0135       -2266.95
         3        -0.0132       -2388.74
         3        -0.0129       -2514.63
         3        -0.0126          -2645
         3        -0.0123       -2780.22
         3         -0.012       -2920.72
         3        -0.0117       -3066.93
         3        -0.0114       -3219.35
         3        -0.0111       -3378.48
         3        -0.0108       -3544.91
         3        -0.0105       -3719.29
         3        -0.0102       -3902.31
         3        -0.0099        -4094.8
         3        -0.0096       -4297.65
         3        -0.0093       -4511.92
         3         -0.009       -4738.79
         3        -0.0087       -4979.67
         3        -0.0084       -5236.21
         3        -0.0081       -5510.38
         3        -0.0078       -5804.55
         3        -0.0075       -6121.66
         3        -0.0072        -6465.4
         3        -0.0069       -6840.54
         3        -0.0066       -7253.42
         3        -0.0063        -7712.8
         3         -0.006       -8231.47
         3        -0.0057       -8829.66
         3        -0.0054       -9544.94
         3        -0.0051         -10000
         3        -0.0048         -10000
         3        -0.0045         -10000
         3        -0.0042       -9988.58
         3        -0.0039       -9913.51
         3        -0.0036       -9849.89
         3        -0.0033       -9797.63
         3         -0.003       -9755.88
         3        -0.0027       -9723.39
         3        -0.0024       -9698.79
         3        -0.0021       -9680.76
         3        -0.0018       -9668.06
         3        -0.0015       -9659.55
         3        -0.0012       -9654.19
         3        -0.0009       -9651.03
         3        -0.0006       -9649.29
         3        -0.0003        -9648.3
         3              0       -9647.61
         3         0.0003       -9646.94
         3         0.0006       -9646.25
         3         0.0009       -9645.72
         3         0.0012       -9645.75
         3         0.0015        -9646.9
         3         0.0018       -9649.93
         3         0.0021       -9655.72
         3         0.0024       -9665.25
         3         0.0027       -9679.62
         3          0.003       -9699.99
         3         0.0033       -9727.62
         3         0.0036       -9763.82
         3         0.0039       -9809.91
         3         0.0042       -9867.01
         3         0.0045       -9935.71
         3         0.0048         -10000
         3         0.0051         -10000
         3         0.0054         -10000
         3         0.0057         -10000
         3          0.006       -9294.96
         3         0.0063       -8622.84
         3         0.0066       -8052.89
         3         0.0069       -7555.29
         3         0.0072       -7112.67
         3         0.0075       -6713.69
         3         0.0078       -6350.41
         3         0.0081       -6017.04
         3         0.0084       -5709.17
         3         0.0087       -5423.35
         3          0.009       -5156.83
         3         0.0093       -4907.35
         3         0.0096       -4673.06
         3         0.0099       -4452.37
         3         0.0102       -4243.94
         3         0.0105       -4046.62
         3         0.0108       -3859.41
         3         0.0111       -3681.41
         3         0.0114       -3511.85
         3         0.0117       -3350.03
         3          0.012       -3195.32
         3         0.0123       -3047.15
         3         0.0126       -2905.01
         3         0.0129       -2768.41
         3         0.0132       -2636.92
         3         0.0135       -2510.11
         3         0.0138        -2387.6
         3         0.0141       -2269.02
         3         0.0144       -2153.99
         3         0.0147       -2042.17
         3          0.015        -1933.2
         3         0.0153       -1826.72
         3         0.0156       -1722.36
         3         0.0159       -1619.74
         3         0.0162       -1518.41
         3         0.0165       -1417.92
         3         0.0168       -1317.72
         3         0.0171       -1217.15
         3         0.0174       -1115.44
         3         0.0177       -1011.55
         3          0.018       -904.144
         3         0.0183       -791.304
         3         0.0186       -670.199
         3         0.0189       -536.305
         3         0.0192       -381.744
         3         0.0195       -191.167
         3         0.0198              0
         3         0.0201              0
         3         0.0204              0
         3         0.0207       -20.6443
         3          0.021       -145.242
         3         0.0213       -227.408
         3         0.0216       -284.722
         3         0.0219       -326.155
         3         0.0222       -356.752
         3         0.0225       -379.591
         3         0.0228       -396.671
         3         0.0231       -409.359
         3         0.0234       -418.626
         3         0.0237       -425.184
         3          0.024       -429.568
         3         0.0243       -432.191
         3         0.0246       -433.374
         3         0.0249       -433.372
         3         0.0252       -432.391
         3         0.0255       -430.598
         3         0.0258        -428.13
         3         0.0261       -425.101
         3         0.0264       -421.606
         3         0.0267       -417.722
         3          0.027       -413.519
         3         0.0273       -409.051
         3         0.0276       -404.369
         3         0.0279       -399.512
         3         0.0282       -394.518
         3         0.0285       -389.415
         3         0.0288       -384.232
         3         0.0291        -378.99
         3         0.0294       -373.709
         3         0.0297       -368.408
         3           0.03         -363.1
         3         0.0303         -357.8
         3         0.0306       -352.518
         3         0.0309       -347.264
         3         0.0312       -342.048
         3         0.0315       -336.877
         3         0.0318       -331.758
         3         0.0321       -326.697
         3         0.0324       -321.699
         3         0.0327       -316.769
         3          0.033       -311.912
         3         0.0333        -307.13
         3         0.0336       -302.427
         3         0.0339       -297.806
         3         0.0342        -293.27
         3         0.0345       -288.821
         3         0.0348        -284.46
         3         0.0351        -280.19
         3         0.0354       -276.012
         3         0.0357       -271.928
         3          0.036       -267.938
         3         0.0363       -264.044
         3         0.0366       -260.247
         3         0.0369       -256.547
         3         0.0372       -252.944
         3         0.0375        -249.44
         3         0.0378       -246.035
         3         0.0381       -242.728
         3         0.0384       -239.522
         3         0.0387       -236.416
         3          0.039       -233.409
         3         0.0393       -230.504
         3         0.0396       -227.699
         3         0.0399       -224.995
         3         0.0402       -222.393
         3         0.0405       -219.892
         3         0.0408       -217.493
         3         0.0411       -215.196
         3         0.0414           -213
         3         0.0417       -210.907
         3          0.042       -208.916
         3         0.0423       -207.026
         3         0.0426       -205.239
         3         0.0429       -203.554
         3         0.0432       -201.972
         3         0.0435       -200.491
         3         0.0438       -199.112
         3         0.0441       -197.836
         3         0.0444       -196.661
         3         0.0447       -195.589
         3          0.045       -194.618
         3         0.0453        -193.75
         3         0.0456       -192.984
         3         0.0459       -192.319
         3         0.0462       -191.757
         3         0.0465       -191.297
         3         0.0468       -190.939
         3         0.0471       -190.684
         3         0.0474        -190.53
         3         0.0477       -190.479
         4        -0.0315              0
         4        -0.0312              0
         4        -0.0309              0
         4        -0.0306              0
         4        -0.0303              0
         4          -0.03              0
         4        -0.0297       -5.69172
         4        -0.0294       -17.4109
         4        -0.0291       -29.2711
         4        -0.0288       -41.2288
         4        -0.0285       -53.2607
         4        -0.0282       -65.3485
         4        -0.0279       -77.4735
         4        -0.0276       -89.6155
         4        -0.0273       -101.752
         4         -0.027       -113.856
         4        -0.0267       -125.898
         4        -0.0264       -137.843
         4        -0.0261       -149.651
         4        -0.0258       -161.274
         4        -0.0255       -172.655
         4        -0.0252       -183.726
         4        -0.0249       -194.408
         4        -0.0246       -204.604
         4        -0.0243       -214.195
         4         -0.024       -223.037
         4        -0.0237       -230.951
         4        -0.0234       -237.714
         4        -0.0231       -243.043
         4        -0.0228       -246.572
         4        -0.0225       -247.825
         4        -0.0222       -246.161
         4        -0.0219       -240.702
         4        -0.0216       -230.201
         4        -0.0213       -212.815
         4         -0.021       -185.677
         4        -0.0207       -144.034
         4        -0.0204       -79.3241
         4        -0.0201              0
         4        -0.0198              0
         4        -0.0195              0
         4        -0.0192       -24.0181
         4        -0.0189       -238.932
         4        -0.0186       -403.888
         4        -0.0183       -542.623
         4         -0.018       -666.129
         4        -0.0177       -780.219
         4        -0.0174       -888.307
         4        -0.0171       -992.578
         4        -0.0168       -1094.53
         4        -0.0165       -1195.24
         4        -0.0162       -1295.55
         4        -0.0159       -1396.11
         4        -0.0156       -1497.46
         4        -0.0153       -1600.07
         4         -0.015       -1704.36
         4        -0.0147        -1810.7
         4        -0.0144       -1919.46
         4        -0.0141       -2030.97
         4        -0.0138       -2145.56
         4        -0.0135       -2263.58
         4        -0.0132       -2385.37
         4        -0.0129       -2511.27
         4        -0.0126       -2641.66
         4        -0.0123       -2776.92
         4         -0.012       -2917.46
         4        -0.0117       -3063.73
         4        -0.0114        -3216.2
         4        -0.0111       -3375.41
         4        -0.0108       -3541.92
         4        -0.0105       -3716.39
         4        -0.0102       -3899.52
         4        -0.0099       -4092.12
         4        -0.0096        -4295.1
         4        -0.0093        -4509.5
         4         -0.009       -4736.52
         4        -0.0087       -4977.57
         4        -0.0084       -5234.28
         4        -0.0081       -5508.62
         4        -0.0078       -5802.98
         4        -0.0075       -6120.29
         4        -0.0072       -6464.25
         4        -0.0069        -6839.6
         4        -0.0066       -7252.69
         4        -0.0063       -7712.27
         4         -0.006       -8231.12
         4        -0.0057       -8829.47
         4        -0.0054       -9544.88
         4        -0.0051         -10000
         4        -0.0048         -10000
         4        -0.0045         -10000
         4        -0.0042       -9988.57
         4        -0.0039       -9913.45
         4        -0.0036       -9849.76
         4        -0.0033        -9797.4
         4         -0.003       -9755.54
         4        -0.0027       -9722.93
         4        -0.0024       -9698.23
         4        -0.0021       -9680.11
         4        -0.0018       -9667.33
         4        -0.0015       -9658.76
         4        -0.0012       -9653.34
         4        -0.0009       -9650.14
         4        -0.0006       -9648.36
         4        -0.0003       -9647.33
         4              0       -9646.59
         4         0.0003       -9645.88
         4         0.0006       -9645.14
         4         0.0009       -9644.57
         4         0.0012       -9644.55
         4         0.0015       -9645.67
         4         0.0018       -9648.68
         4         0.0021       -9654.46
         4         0.0024       -9664.01
         4         0.0027       -9678.42
         4          0.003       -9698.88
         4         0.0033       -9726.62
         4         0.0036       -9762.97
         4         0.0039       -9809.24
         4         0.0042       -9866.56
         4         0.0045        -9935.5
         4         0.0048         -10000
         4         0.0051         -10000
         4         0.0054         -10000
         4         0.0057         -10000
         4          0.006       -9294.28
         4         0.0063       -8621.51
         4         0.0066       -8051.01
         4         0.0069       -7552.92
         4         0.0072       -7109.88
         4         0.0075       -6710.52
         4         0.0078       -6346.91
         4         0.0081       -6013.25
         4         0.0084       -5705.12
         4         0.0087       -5419.08
         4          0.009       -5152.37
         4         0.0093       -4902.73
         4         0.0096       -4668.29
         4         0.0099       -4447.49
         4         0.0102       -4238.96
         4         0.0105       -4041.57
         4         0.0108        -3854.3
         4         0.0111       -3676.26
         4         0.0114       -3506.67
         4         0.0117       -3344.84
         4          0.012       -3190.14
         4         0.0123       -3041.99
         4         0.0126       -2899.87
         4         0.0129       -2763.32
         4         0.0132       -2631.88
         4         0.0135       -2505.13
         4         0.0138        -2382.7
         4         0.0141        -2264.2
         4         0.0144       -2149.27
         4         0.0147       -2037.56
         4          0.015       -1928.71
         4         0.0153       -1822.36
         4         0.0156       -1718.14
         4         0.0159       -1615.66
         4         0.0162        -1514.5
         4         0.0165       -1414.19
         4         0.0168       -1314.17
         4         0.0171       -1213.81
         4         0.0174       -1112.31
         4         0.0177       -1008.67
         4          0.018       -901.517
         4         0.0183       -788.966
         4         0.0186       -668.187
         4         0.0189       -534.671
         4         0.0192       -380.563
         4         0.0195       -190.566
         4         0.0198              0
         4         0.0201              0
         4         0.0204              0
         4         0.0207       -20.5774
         4          0.021       -144.793
         4         0.0213       -226.726
         4         0.0216       -283.898
         4         0.0219       -325.248
         4         0.0222       -355.804
         4         0.0225       -378.635
         4         0.0228       -395.734
         4         0.0231       -408.462
         4         0.0234       -417.789
         4         0.0237       -424.422
         4          0.024       -428.896
         4         0.0243       -431.622
         4         0.0246       -432.918
         4         0.0249       -433.041
         4         0.0252       -432.194
         4         0.0255       -430.544
         4         0.0258       -428.226
         4         0.0261       -425.354
         4         0.0264       -422.021
         4         0.0267       -418.305
         4          0.027       -414.274
         4         0.0273       -409.982
         4         0.0276       -405.479
         4         0.0279       -400.804
         4         0.0282       -395.992
         4         0.0285       -391.074
         4         0.0288       -386.075
         4         0.0291       -381.018
         4         0.0294       -375.923
         4         0.0297       -370.805
         4           0.03       -365.681
         4         0.0303       -360.562
         4         0.0306       -355.461
         4         0.0309       -350.386
         4         0.0312       -345.347
         4         0.0315       -340.351
         4         0.0318       -335.404
         4         0.0321       -330.513
         4         0.0324       -325.683
         4         0.0327       -320.919
         4          0.033       -316.224
         4         0.0333       -311.602
         4         0.0336       -307.056
         4         0.0339        -302.59
         4         0.0342       -298.204
         4         0.0345       -293.903
         4         0.0348       -289.687
         4         0.0351       -285.559
         4         0.0354        -281.52
         4         0.0357       -277.571
         4          0.036       -273.713
         4         0.0363       -269.948
         4         0.0366       -266.277
         4         0.0369       -262.699
         4         0.0372       -259.217
         4         0.0375        -255.83
         4         0.0378        -252.54
         4         0.0381       -249.346
         4         0.0384        -246.25
         4         0.0387        -243.25
         4          0.039       -240.349
         4         0.0393       -237.545
         4         0.0396       -234.839
         4         0.0399       -232.232
         4         0.0402       -229.723
         4         0.0405       -227.313
         4         0.0408       -225.001
         4         0.0411       -222.788
         4         0.0414       -220.674
         4         0.0417       -218.658
         4          0.042       -216.742
         4         0.0423       -214.923
         4         0.0426       -213.204
         4         0.0429       -211.583
         4         0.0432       -210.061
         4         0.0435       -208.637
         4         0.0438       -207.311
         4         0.0441       -206.085
         4         0.0444       -204.956
         4         0.0447       -203.926
         4          0.045       -202.994
         4         0.0453        -202.16
         4         0.0456       -201.425
         4         0.0459       -200.788
         4         0.0462       -200.249
         4         0.0465       -199.807
         4         0.0468       -199.464
         4         0.0471       -199.219
         4         0.0474       -199.072
         4         0.0477       -199.023
         5        -0.0315              0
         5        -0.0312              0
         5        -0.0309              0
         5        -0.0306              0
         5        -0.0303              0
         5          -0.03              0
         5        -0.0297       -5.71402
         5        -0.0294       -17.4791
         5        -0.0291       -29.3854
         5        -0.0288       -41.3891
         5        -0.0285       -53.4666
         5        -0.0282       -65.5993
         5        -0.0279       -77.7683
         5        -0.0276       -89.9531
         5        -0.0273        -102.13
         5         -0.027       -114.274
         5        -0.0267       -126.354
         5        -0.0264       -138.334
         5        -0.0261       -150.174
         5        -0.0258       -161.826
         5        -0.0255       -173.233
         5        -0.0252       -184.327
         5        -0.0249       -195.028
         5        -0.0246       -205.238
         5        -0.0243       -214.838
         5         -0.024       -223.686
         5        -0.0237         -231.6
         5        -0.0234       -238.359
         5        -0.0231       -243.677
         5        -0.0228        -247.19
         5        -0.0225       -248.419
         5        -0.0222       -246.726
         5        -0.0219       -241.229
         5        -0.0216       -230.681
         5        -0.0213       -213.236
         5         -0.021       -186.026
         5        -0.0207       -144.292
         5        -0.0204       -79.4597
         5        -0.0201              0
         5        -0.0198              0
         5        -0.0195              0
         5        -0.0192        -24.031
         5        -0.0189       -239.051
         5        -0.0186       -404.077
         5        -0.0183       -542.862
         5         -0.018       -666.406
         5        -0.0177       -780.522
         5        -0.0174        -888.63
         5        -0.0171       -992.915
         5        -0.0168       -1094.87
         5        -0.0165       -1195.59
         5        -0.0162        -1295.9
         5        -0.0159       -1396.45
         5        -0.0156        -1497.8
         5        -0.0153        -1600.4
         5         -0.015       -1704.67
         5        -0.0147          -1811
         5        -0.0144       -1919.74
         5        -0.0141       -2031.22
         5        -0.0138       -2145.79
         5        -0.0135       -2263.79
         5        -0.0132       -2385.54
         5        -0.0129       -2511.42
         5        -0.0126       -2641.77
         5        -0.0123          -2777
         5         -0.012       -2917.51
         5        -0.0117       -3063.74
         5        -0.0114       -3216.19
         5        -0.0111       -3375.37
         5        -0.0108       -3541.86
         5        -0.0105       -3716.31
         5        -0.0102       -3899.42
         5        -0.0099          -4092
         5        -0.0096       -4294.97
         5        -0.0093       -4509.36
         5         -0.009       -4736.37
         5        -0.0087        -4977.4
         5        -0.0084       -5234.11
         5        -0.0081       -5508.45
         5        -0.0078       -5802.82
         5        -0.0075       -6120.13
         5        -0.0072       -6464.09
         5        -0.0069       -6839.46
         5        -0.0066       -7252.57
         5        -0.0063       -7712.17
         5         -0.006       -8231.05
         5        -0.0057       -8829.42
         5        -0.0054       -9544.86
         5        -0.0051         -10000
         5        -0.0048         -10000
         5        -0.0045         -10000
         5        -0.0042       -9988.57
         5        -0.0039       -9913.46
         5        -0.0036       -9849.77
         5        -0.0033        -9797.4
         5         -0.003       -9755.54
         5        -0.0027       -9722.93
         5        -0.0024       -9698.21
         5        -0.0021       -9680.07
         5        -0.0018       -9667.28
         5        -0.0015       -9658.69
         5        -0.0012       -9653.26
         5        -0.0009       -9650.05
         5        -0.0006       -9648.25
         5        -0.0003       -9647.22
         5              0       -9646.48
         5         0.0003       -9645.77
         5         0.0006       -9645.05
         5         0.0009       -9644.49
         5         0.0012        -9644.5
         5         0.0015       -9645.64
         5         0.0018       -9648.69
         5         0.0021       -9654.51
         5         0.0024        -9664.1
         5         0.0027       -9678.56
         5          0.003       -9699.04
         5         0.0033       -9726.82
         5         0.0036       -9763.18
         5         0.0039       -9809.45
         5         0.0042       -9866.72
         5         0.0045       -9935.59
         5         0.0048         -10000
         5         0.0051         -10000
         5         0.0054         -10000
         5         0.0057         -10000
         5          0.006        -9294.5
         5         0.0063        -8621.9
         5         0.0066        -8051.5
         5         0.0069       -7553.47
         5         0.0072       -7110.46
         5         0.0075        -6711.1
         5         0.0078       -6347.49
         5         0.0081       -6013.81
         5         0.0084       -5705.65
         5         0.0087       -5419.58
         5          0.009       -5152.83
         5         0.0093       -4903.16
         5         0.0096       -4668.68
         5         0.0099       -4447.84
         5         0.0102       -4239.28
         5         0.0105       -4041.85
         5         0.0108       -3854.54
         5         0.0111       -3676.47
         5         0.0114       -3506.86
         5         0.0117          -3345
         5          0.012       -3190.27
         5         0.0123       -3042.09
         5         0.0126       -2899.96
         5         0.0129       -2763.39
         5         0.0132       -2631.93
         5         0.0135       -2505.18
         5         0.0138       -2382.74
         5         0.0141       -2264.23
         5         0.0144       -2149.29
         5         0.0147       -2037.57
         5          0.015       -1928.72
         5         0.0153       -1822.36
         5         0.0156       -1718.14
         5         0.0159       -1615.66
         5         0.0162        -1514.5
         5         0.0165       -1414.18
         5         0.0168       -1314.16
         5         0.0171        -1213.8
         5         0.0174        -1112.3
         5         0.0177       -1008.65
         5          0.018         -901.5
         5         0.0183       -788.947
         5         0.0186       -668.168
         5         0.0189       -534.653
         5         0.0192       -380.548
         5         0.0195       -190.558
         5         0.0198              0
         5         0.0201              0
         5         0.0204              0
         5         0.0207       -20.5698
         5          0.021       -144.735
         5         0.0213       -226.629
         5         0.0216       -283.767
         5         0.0219       -325.085
         5         0.0222       -355.612
         5         0.0225       -378.413
         5         0.0228       -395.483
         5         0.0231       -408.183
         5         0.0234        -417.48
         5         0.0237       -424.084
         5          0.024       -428.528
         5         0.0243       -431.223
         5         0.0246       -432.489
         5         0.0249       -432.581
         5         0.0252       -431.703
         5         0.0255       -430.022
         5         0.0258       -427.674
         5         0.0261       -424.772
         5         0.0264       -421.409
         5         0.0267       -417.666
         5          0.027       -413.607
         5         0.0273       -409.291
         5         0.0276       -404.764
         5         0.0279       -400.067
         5         0.0282       -395.236
         5         0.0285       -390.301
         5         0.0288       -385.288
         5         0.0291        -380.22
         5         0.0294       -375.117
         5         0.0297       -369.994
         5           0.03       -364.868
         5         0.0303       -359.751
         5         0.0306       -354.655
         5         0.0309       -349.588
         5         0.0312       -344.561
         5         0.0315       -339.581
         5         0.0318       -334.653
         5         0.0321       -329.784
         5         0.0324        -324.98
         5         0.0327       -320.244
         5          0.033        -315.58
         5         0.0333       -310.992
         5         0.0336       -306.483
         5         0.0339       -302.056
         5         0.0342       -297.712
         5         0.0345       -293.454
         5         0.0348       -289.284
         5         0.0351       -285.202
         5         0.0354       -281.211
         5         0.0357       -277.312
         5          0.036       -273.505
         5         0.0363       -269.791
         5         0.0366       -266.171
         5         0.0369       -262.646
         5         0.0372       -259.217
         5         0.0375       -255.882
         5         0.0378       -252.644
         5         0.0381       -249.502
         5         0.0384       -246.457
         5         0.0387       -243.508
         5          0.039       -240.656
         5         0.0393       -237.902
         5         0.0396       -235.244
         5         0.0399       -232.683
         5         0.0402        -230.22
         5         0.0405       -227.854
         5         0.0408       -225.585
         5         0.0411       -223.413
         5         0.0414       -221.338
         5         0.0417       -219.361
         5          0.042        -217.48
         5         0.0423       -215.696
         5         0.0426        -214.01
         5         0.0429        -212.42
         5         0.0432       -210.927
         5         0.0435        -209.53
         5         0.0438       -208.231
         5         0.0441       -207.027
         5         0.0444       -205.921
         5         0.0447       -204.911
         5          0.045       -203.997
         5         0.0453       -203.179
         5         0.0456       -202.458
         5         0.0459       -201.833
         5         0.0462       -201.304
         5         0.0465       -200.872
         5         0.0468       -200.535
         5         0.0471       -200.295
         5         0.0474       -200.151
         5         0.0477       -200.103
         6        -0.0315              0
         6        -0.0312              0
         6        -0.0309              0
         6        -0.0306              0
         6        -0.0303              0
         6          -0.03              0
         6        -0.0297       -5.71947
         6        -0.0294       -17.4957
         6        -0.0291       -29.4134
         6        -0.0288       -41.4283
         6        -0.0285       -53.5171
         6        -0.0282       -65.6609
         6        -0.0279       -77.8409
         6        -0.0276       -90.0364
         6        -0.0273       -102.224
         6         -0.027       -114.378
         6        -0.0267       -126.467
         6        -0.0264       -138.457
         6        -0.0261       -150.306
         6        -0.0258       -161.966
         6        -0.0255        -173.38
         6        -0.0252       -184.481
         6        -0.0249       -195.187
         6        -0.0246       -205.402
         6        -0.0243       -215.007
         6         -0.024       -223.857
         6        -0.0237       -231.774
         6        -0.0234       -238.533
         6        -0.0231        -243.85
         6        -0.0228        -247.36
         6        -0.0225       -248.585
         6        -0.0222       -246.885
         6        -0.0219        -241.38
         6        -0.0216       -230.821
         6        -0.0213       -213.361
         6         -0.021       -186.131
         6        -0.0207        -144.37
         6        -0.0204       -79.5019
         6        -0.0201              0
         6        -0.0198              0
         6        -0.0195              0
         6        -0.0192       -24.0364
         6        -0.0189       -239.099
         6        -0.0186       -404.155
         6        -0.0183       -542.961
         6         -0.018       -666.522
         6        -0.0177       -780.652
         6        -0.0174       -888.771
         6        -0.0171       -993.066
         6        -0.0168       -1095.03
         6        -0.0165       -1195.76
         6        -0.0162       -1296.08
         6        -0.0159       -1396.64
         6        -0.0156       -1497.99
         6        -0.0153        -1600.6
         6         -0.015       -1704.89
         6        -0.0147       -1811.23
         6        -0.0144       -1919.97
         6        -0.0141       -2031.47
         6        -0.0138       -2146.06
         6        -0.0135       -2264.07
         6        -0.0132       -2385.84
         6        -0.0129       -2511.73
         6        -0.0126        -2642.1
         6        -0.0123       -2777.34
         6         -0.012       -2917.87
         6        -0.0117       -3064.11
         6        -0.0114       -3216.57
         6        -0.0111       -3375.75
         6        -0.0108       -3542.25
         6        -0.0105       -3716.69
         6        -0.0102       -3899.79
         6        -0.0099       -4092.36
         6        -0.0096       -4295.31
         6        -0.0093       -4509.67
         6         -0.009       -4736.65
         6        -0.0087       -4977.66
         6        -0.0084       -5234.32
         6        -0.0081       -5508.63
         6        -0.0078       -5802.95
         6        -0.0075       -6120.22
         6        -0.0072       -6464.14
         6        -0.0069       -6839.47
         6        -0.0066       -7252.55
         6        -0.0063       -7712.13
         6         -0.006          -8231
         6        -0.0057       -8829.38
         6        -0.0054       -9544.85
         6        -0.0051         -10000
         6        -0.0048         -10000
         6        -0.0045         -10000
         6        -0.0042       -9988.56
         6        -0.0039       -9913.41
         6        -0.0036       -9849.69
         6        -0.0033       -9797.31
         6         -0.003       -9755.44
         6        -0.0027       -9722.83
         6        -0.0024       -9698.13
         6        -0.0021       -9680.01
         6        -0.0018       -9667.25
         6        -0.0015       -9658.68
         6        -0.0012       -9653.27
         6        -0.0009       -9650.08
         6        -0.0006        -9648.3
         6        -0.0003       -9647.28
         6              0       -9646.54
         6         0.0003       -9645.83
         6         0.0006       -9645.11
         6         0.0009       -9644.54
         6         0.0012       -9644.52
         6         0.0015       -9645.65
         6         0.0018       -9648.66
         6         0.0021       -9654.45
         6         0.0024          -9664
         6         0.0027       -9678.42
         6          0.003       -9698.88
         6         0.0033       -9726.63
         6         0.0036       -9762.99
         6         0.0039       -9809.27
         6         0.0042       -9866.59
         6         0.0045       -9935.52
         6         0.0048         -10000
         6         0.0051         -10000
         6         0.0054         -10000
         6         0.0057         -10000
         6          0.006       -9294.35
         6         0.0063       -8621.62
         6         0.0066       -8051.15
         6         0.0069       -7553.09
         6         0.0072       -7110.07
         6         0.0075       -6710.73
         6         0.0078       -6347.15
         6         0.0081       -6013.52
         6         0.0084       -5705.42
         6         0.0087       -5419.41
         6          0.009       -5152.73
         6         0.0093       -4903.12
         6         0.0096       -4668.71
         6         0.0099       -4447.93
         6         0.0102       -4239.42
         6         0.0105       -4042.04
         6         0.0108       -3854.77
         6         0.0111       -3676.74
         6         0.0114       -3507.15
         6         0.0117       -3345.31
         6          0.012       -3190.59
         6         0.0123       -3042.43
         6         0.0126        -2900.3
         6         0.0129       -2763.72
         6         0.0132       -2632.26
         6         0.0135        -2505.5
         6         0.0138       -2383.05
         6         0.0141       -2264.53
         6         0.0144       -2149.57
         6         0.0147       -2037.84
         6          0.015       -1928.96
         6         0.0153       -1822.59
         6         0.0156       -1718.35
         6         0.0159       -1615.86
         6         0.0162       -1514.68
         6         0.0165       -1414.34
         6         0.0168       -1314.31
         6         0.0171       -1213.93
         6         0.0174       -1112.41
         6         0.0177       -1008.75
         6          0.018       -901.585
         6         0.0183        -789.02
         6         0.0186       -668.227
         6         0.0189       -534.699
         6         0.0192        -380.58
         6         0.0195       -190.574
         6         0.0198              0
         6         0.0201              0
         6         0.0204              0
         6         0.0207        -20.567
         6          0.021       -144.711
         6         0.0213       -226.588
         6         0.0216       -283.708
         6         0.0219        -325.01
         6         0.0222       -355.522
         6         0.0225       -378.309
         6         0.0228       -395.365
         6         0.0231       -408.051
         6         0.0234       -417.336
         6         0.0237       -423.928
         6          0.024       -428.361
         6         0.0243       -431.045
         6         0.0246       -432.301
         6         0.0249       -432.383
         6         0.0252       -431.497
         6         0.0255       -429.808
         6         0.0258       -427.452
         6         0.0261       -424.543
         6         0.0264       -421.174
         6         0.0267       -417.425
         6          0.027       -413.361
         6         0.0273        -409.04
         6         0.0276       -404.509
         6         0.0279       -399.809
         6         0.0282       -394.975
         6         0.0285       -390.038
         6         0.0288       -385.023
         6         0.0291       -379.954
         6         0.0294        -374.85
         6         0.0297       -369.728
         6           0.03       -364.603
         6         0.0303       -359.487
         6         0.0306       -354.393
         6         0.0309       -349.329
         6         0.0312       -344.305
         6         0.0315       -339.328
         6         0.0318       -334.405
         6         0.0321       -329.542
         6         0.0324       -324.743
         6         0.0327       -320.013
         6          0.033       -315.356
         6         0.0333       -310.776
         6         0.0336       -306.275
         6         0.0339       -301.856
         6         0.0342       -297.521
         6         0.0345       -293.273
         6         0.0348       -289.113
         6         0.0351       -285.042
         6         0.0354       -281.062
         6         0.0357       -277.175
         6          0.036        -273.38
         6         0.0363       -269.679
         6         0.0366       -266.072
         6         0.0369        -262.56
         6         0.0372       -259.144
         6         0.0375       -255.824
         6         0.0378         -252.6
         6         0.0381       -249.473
         6         0.0384       -246.442
         6         0.0387       -243.508
         6          0.039       -240.672
         6         0.0393       -237.932
         6         0.0396       -235.289
         6         0.0399       -232.744
         6         0.0402       -230.295
         6         0.0405       -227.944
         6         0.0408       -225.689
         6         0.0411       -223.532
         6         0.0414       -221.471
         6         0.0417       -219.507
         6          0.042        -217.64
         6         0.0423       -215.869
         6         0.0426       -214.195
         6         0.0429       -212.617
         6         0.0432       -211.135
         6         0.0435        -209.75
         6         0.0438        -208.46
         6         0.0441       -207.267
         6         0.0444       -206.169
         6         0.0447       -205.167
         6          0.045       -204.261
         6         0.0453        -203.45
         6         0.0456       -202.735
         6         0.0459       -202.116
         6         0.0462       -201.591
         6         0.0465       -201.162
         6         0.0468       -200.829
         6         0.0471       -200.591
         6         0.0474       -200.448
         6         0.0477         -200.4
         7        -0.0315              0
         7        -0.0312              0
         7        -0.0309              0
         7        -0.0306              0
         7        -0.0303              0
         7          -0.03              0
         7        -0.0297       -5.72351
         7        -0.0294        -17.508
         7        -0.0291        -29.434
         7        -0.0288       -41.4573
         7        -0.0285       -53.5544
         7        -0.0282       -65.7065
         7        -0.0279       -77.8945
         7        -0.0276       -90.0979
         7        -0.0273       -102.293
         7         -0.027       -114.454
         7        -0.0267       -126.551
         7        -0.0264       -138.547
         7        -0.0261       -150.403
         7        -0.0258       -162.069
         7        -0.0255       -173.488
         7        -0.0252       -184.594
         7        -0.0249       -195.305
         7        -0.0246       -205.524
         7        -0.0243       -215.132
         7         -0.024       -223.984
         7        -0.0237       -231.902
         7        -0.0234       -238.662
         7        -0.0231       -243.979
         7        -0.0228       -247.488
         7        -0.0225       -248.711
         7        -0.0222       -247.007
         7        -0.0219       -241.496
         7        -0.0216       -230.928
         7        -0.0213       -213.458
         7         -0.021       -186.214
         7        -0.0207       -144.433
         7        -0.0204       -79.5361
         7        -0.0201              0
         7        -0.0198              0
         7        -0.0195              0
         7        -0.0192       -24.0425
         7        -0.0189       -239.157
         7        -0.0186       -404.249
         7        -0.0183       -543.084
         7         -0.018       -666.668
         7        -0.0177       -780.818
         7        -0.0174       -888.954
         7        -0.0171       -993.264
         7        -0.0168       -1095.25
         7        -0.0165       -1195.99
         7        -0.0162       -1296.31
         7        -0.0159       -1396.88
         7        -0.0156       -1498.24
         7        -0.0153       -1600.85
         7         -0.015       -1705.14
         7        -0.0147       -1811.48
         7        -0.0144       -1920.23
         7        -0.0141       -2031.72
         7        -0.0138        -2146.3
         7        -0.0135       -2264.31
         7        -0.0132       -2386.07
         7        -0.0129       -2511.94
         7        -0.0126        -2642.3
         7        -0.0123       -2777.52
         7         -0.012       -2918.02
         7        -0.0117       -3064.24
         7        -0.0114       -3216.67
         7        -0.0111       -3375.82
         7        -0.0108       -3542.28
         7        -0.0105       -3716.69
         7        -0.0102       -3899.75
         7        -0.0099       -4092.29
         7        -0.0096        -4295.2
         7        -0.0093       -4509.53
         7         -0.009       -4736.49
         7        -0.0087       -4977.46
         7        -0.0084       -5234.11
         7        -0.0081       -5508.39
         7        -0.0078        -5802.7
         7        -0.0075       -6119.97
         7        -0.0072       -6463.89
         7        -0.0069       -6839.22
         7        -0.0066       -7252.31
         7        -0.0063       -7711.92
         7         -0.006       -8230.82
         7        -0.0057       -8829.26
         7        -0.0054        -9544.8
         7        -0.0051         -10000
         7        -0.0048         -10000
         7        -0.0045         -10000
         7        -0.0042       -9988.56
         7        -0.0039       -9913.38
         7        -0.0036       -9849.64
         7        -0.0033       -9797.26
         7         -0.003       -9755.39
         7        -0.0027       -9722.79
         7        -0.0024        -9698.1
         7        -0.0021          -9680
         7        -0.0018       -9667.25
         7        -0.0015        -9658.7
         7        -0.0012       -9653.31
         7        -0.0009       -9650.14
         7        -0.0006       -9648.39
         7        -0.0003        -9647.4
         7              0       -9646.69
         7         0.0003       -9646.02
         7         0.0006       -9645.33
         7         0.0009       -9644.79
         7         0.0012       -9644.81
         7         0.0015       -9645.96
         7         0.0018       -9648.99
         7         0.0021       -9654.79
         7         0.0024       -9664.35
         7         0.0027       -9678.75
         7          0.003       -9699.18
         7         0.0033       -9726.89
         7         0.0036        -9763.2
         7         0.0039       -9809.42
         7         0.0042       -9866.68
         7         0.0045       -9935.56
         7         0.0048         -10000
         7         0.0051         -10000
         7         0.0054         -10000
         7         0.0057         -10000
         7          0.006       -9294.27
         7         0.0063       -8621.47
         7         0.0066       -8050.94
         7         0.0069       -7552.84
         7         0.0072       -7109.78
         7         0.0075       -6710.42
         7         0.0078       -6346.82
         7         0.0081       -6013.16
         7         0.0084       -5705.05
         7         0.0087       -5419.03
         7          0.009       -5152.34
         7         0.0093       -4902.73
         7         0.0096       -4668.33
         7         0.0099       -4447.56
         7         0.0102       -4239.07
         7         0.0105       -4041.71
         7         0.0108       -3854.47
         7         0.0111       -3676.46
         7         0.0114       -3506.91
         7         0.0117        -3345.1
         7          0.012       -3190.42
         7         0.0123       -3042.29
         7         0.0126        -2900.2
         7         0.0129       -2763.65
         7         0.0132       -2632.22
         7         0.0135       -2505.49
         7         0.0138       -2383.06
         7         0.0141       -2264.56
         7         0.0144       -2149.63
         7         0.0147       -2037.91
         7          0.015       -1929.05
         7         0.0153       -1822.69
         7         0.0156       -1718.47
         7         0.0159       -1615.98
         7         0.0162        -1514.8
         7         0.0165       -1414.47
         7         0.0168       -1314.43
         7         0.0171       -1214.05
         7         0.0174       -1112.53
         7         0.0177       -1008.86
         7          0.018       -901.688
         7         0.0183       -789.113
         7         0.0186       -668.308
         7         0.0189       -534.765
         7         0.0192       -380.629
         7         0.0195       -190.599
         7         0.0198              0
         7         0.0201              0
         7         0.0204              0
         7         0.0207       -20.5678
         7          0.021       -144.713
         7         0.0213       -226.586
         7         0.0216       -283.702
         7         0.0219       -324.997
         7         0.0222       -355.502
         7         0.0225       -378.281
         7         0.0228       -395.329
         7         0.0231       -408.007
         7         0.0234       -417.283
         7         0.0237       -423.867
         7          0.024       -428.292
         7         0.0243       -430.968
         7         0.0246       -432.216
         7         0.0249        -432.29
         7         0.0252       -431.396
         7         0.0255         -429.7
         7         0.0258       -427.337
         7         0.0261       -424.422
         7         0.0264       -421.047
         7         0.0267       -417.292
         7          0.027       -413.223
         7         0.0273       -408.897
         7         0.0276       -404.361
         7         0.0279       -399.657
         7         0.0282        -394.82
         7         0.0285       -389.879
         7         0.0288       -384.862
         7         0.0291       -379.791
         7         0.0294       -374.685
         7         0.0297       -369.562
         7           0.03       -364.436
         7         0.0303        -359.32
         7         0.0306       -354.225
         7         0.0309       -349.162
         7         0.0312       -344.139
         7         0.0315       -339.164
         7         0.0318       -334.243
         7         0.0321       -329.382
         7         0.0324       -324.586
         7         0.0327       -319.859
         7          0.033       -315.206
         7         0.0333        -310.63
         7         0.0336       -306.133
         7         0.0339       -301.719
         7         0.0342        -297.39
         7         0.0345       -293.147
         7         0.0348       -288.993
         7         0.0351       -284.929
         7         0.0354       -280.956
         7         0.0357       -277.075
         7          0.036       -273.287
         7         0.0363       -269.593
         7         0.0366       -265.994
         7         0.0369        -262.49
         7         0.0372       -259.082
         7         0.0375        -255.77
         7         0.0378       -252.554
         7         0.0381       -249.435
         7         0.0384       -246.413
         7         0.0387       -243.487
         7          0.039       -240.659
         7         0.0393       -237.928
         7         0.0396       -235.293
         7         0.0399       -232.756
         7         0.0402       -230.316
         7         0.0405       -227.973
         7         0.0408       -225.727
         7         0.0411       -223.577
         7         0.0414       -221.524
         7         0.0417       -219.568
         7          0.042       -217.708
         7         0.0423       -215.945
         7         0.0426       -214.277
         7         0.0429       -212.706
         7         0.0432       -211.231
         7         0.0435       -209.851
         7         0.0438       -208.568
         7         0.0441        -207.38
         7         0.0444       -206.287
         7         0.0447        -205.29
         7          0.045       -204.388
         7         0.0453       -203.581
         7         0.0456       -202.869
         7         0.0459       -202.253
         7         0.0462       -201.731
         7         0.0465       -201.304
         7         0.0468       -200.972
         7         0.0471       -200.735
         7         0.0474       -200.593
         7         0.0477       -200.546
         8        -0.0315              0
         8        -0.0312              0
         8        -0.0309              0
         8        -0.0306              0
         8        -0.0303              0
         8          -0.03              0
         8        -0.0297       -5.72682
         8        -0.0294       -17.5182
         8        -0.0291        -29.451
         8        -0.0288       -41.4812
         8        -0.0285       -53.5852
         8        -0.0282        -65.744
         8        -0.0279       -77.9388
         8        -0.0276       -90.1488
         8        -0.0273       -102.351
         8         -0.027       -114.518
         8        -0.0267       -126.621
         8        -0.0264       -138.623
         8        -0.0261       -150.484
         8        -0.0258       -162.155
         8        -0.0255        -173.58
         8        -0.0252        -184.69
         8        -0.0249       -195.405
         8        -0.0246       -205.628
         8        -0.0243       -215.239
         8         -0.024       -224.094
         8        -0.0237       -232.014
         8        -0.0234       -238.774
         8        -0.0231       -244.091
         8        -0.0228         -247.6
         8        -0.0225        -248.82
         8        -0.0222       -247.113
         8        -0.0219       -241.597
         8        -0.0216       -231.022
         8        -0.0213       -213.543
         8         -0.021       -186.286
         8        -0.0207       -144.487
         8        -0.0204       -79.5652
         8        -0.0201              0
         8        -0.0198              0
         8        -0.0195              0
         8        -0.0192       -24.0464
         8        -0.0189       -239.192
         8        -0.0186       -404.305
         8        -0.0183       -543.156
         8         -0.018        -666.75
         8        -0.0177       -780.907
         8        -0.0174       -889.048
         8        -0.0171        -993.36
         8        -0.0168       -1095.34
         8        -0.0165       -1196.08
         8        -0.0162        -1296.4
         8        -0.0159       -1396.97
         8        -0.0156       -1498.32
         8        -0.0153       -1600.93
         8         -0.015       -1705.21
         8        -0.0147       -1811.54
         8        -0.0144       -1920.27
         8        -0.0141       -2031.76
         8        -0.0138       -2146.32
         8        -0.0135       -2264.31
         8        -0.0132       -2386.06
         8        -0.0129       -2511.93
         8        -0.0126       -2642.27
         8        -0.0123       -2777.48
         8         -0.012       -2917.97
         8        -0.0117       -3064.19
         8        -0.0114       -3216.61
         8        -0.0111       -3375.76
         8        -0.0108       -3542.22
         8        -0.0105       -3716.63
         8        -0.0102       -3899.71
         8        -0.0099       -4092.25
         8        -0.0096       -4295.18
         8        -0.0093       -4509.52
         8         -0.009       -4736.49
         8        -0.0087       -4977.48
         8        -0.0084       -5234.15
         8        -0.0081       -5508.45
         8        -0.0078       -5802.77
         8        -0.0075       -6120.05
         8        -0.0072       -6463.98
         8        -0.0069       -6839.32
         8        -0.0066        -7252.4
         8        -0.0063          -7712
         8         -0.006       -8230.89
         8        -0.0057        -8829.3
         8        -0.0054       -9544.81
         8        -0.0051         -10000
         8        -0.0048         -10000
         8        -0.0045         -10000
         8        -0.0042       -9988.57
         8        -0.0039       -9913.42
         8        -0.0036       -9849.71
         8        -0.0033       -9797.34
         8         -0.003       -9755.48
         8        -0.0027       -9722.89
         8        -0.0024       -9698.19
         8        -0.0021       -9680.07
         8        -0.0018       -9667.31
         8        -0.0015       -9658.74
         8        -0.0012       -9653.33
         8        -0.0009       -9650.14
         8        -0.0006       -9648.36
         8        -0.0003       -9647.34
         8              0       -9646.62
         8         0.0003       -9645.92
         8         0.0006        -9645.2
         8         0.0009       -9644.65
         8         0.0012       -9644.64
         8         0.0015       -9645.78
         8         0.0018       -9648.81
         8         0.0021        -9654.6
         8         0.0024       -9664.17
         8         0.0027       -9678.59
         8          0.003       -9699.04
         8         0.0033       -9726.78
         8         0.0036       -9763.13
         8         0.0039       -9809.38
         8         0.0042       -9866.66
         8         0.0045       -9935.55
         8         0.0048         -10000
         8         0.0051         -10000
         8         0.0054         -10000
         8         0.0057         -10000
         8          0.006       -9294.45
         8         0.0063        -8621.8
         8         0.0066       -8051.38
         8         0.0069       -7553.34
         8         0.0072       -7110.32
         8         0.0075       -6710.97
         8         0.0078       -6347.37
         8         0.0081        -6013.7
         8         0.0084       -5705.56
         8         0.0087        -5419.5
         8          0.009       -5152.76
         8         0.0093        -4903.1
         8         0.0096       -4668.64
         8         0.0099       -4447.81
         8         0.0102       -4239.27
         8         0.0105       -4041.86
         8         0.0108       -3854.57
         8         0.0111       -3676.52
         8         0.0114       -3506.93
         8         0.0117       -3345.09
         8          0.012       -3190.38
         8         0.0123       -3042.23
         8         0.0126       -2900.11
         8         0.0129       -2763.56
         8         0.0132       -2632.12
         8         0.0135       -2505.38
         8         0.0138       -2382.95
         8         0.0141       -2264.45
         8         0.0144       -2149.52
         8         0.0147        -2037.8
         8          0.015       -1928.95
         8         0.0153        -1822.6
         8         0.0156       -1718.38
         8         0.0159       -1615.89
         8         0.0162       -1514.73
         8         0.0165        -1414.4
         8         0.0168       -1314.37
         8         0.0171          -1214
         8         0.0174       -1112.49
         8         0.0177       -1008.82
         8          0.018       -901.656
         8         0.0183       -789.086
         8         0.0186       -668.287
         8         0.0189       -534.749
         8         0.0192       -380.617
         8         0.0195       -190.593
         8         0.0198              0
         8         0.0201              0
         8         0.0204              0
         8         0.0207       -20.5672
         8          0.021       -144.708
         8         0.0213       -226.577
         8         0.0216       -283.689
         8         0.0219       -324.982
         8         0.0222       -355.483
         8         0.0225       -378.259
         8         0.0228       -395.304
         8         0.0231       -407.978
         8         0.0234        -417.25
         8         0.0237        -423.83
         8          0.024        -428.25
         8         0.0243       -430.922
         8         0.0246       -432.165
         8         0.0249       -432.235
         8         0.0252       -431.336
         8         0.0255       -429.635
         8         0.0258       -427.268
         8         0.0261       -424.347
         8         0.0264       -420.968
         8         0.0267       -417.208
         8          0.027       -413.135
         8         0.0273       -408.805
         8         0.0276       -404.265
         8         0.0279       -399.558
         8         0.0282       -394.717
         8         0.0285       -389.774
         8         0.0288       -384.754
         8         0.0291        -379.68
         8         0.0294       -374.572
         8         0.0297       -369.447
         8           0.03       -364.319
         8         0.0303       -359.202
         8         0.0306       -354.107
         8         0.0309       -349.043
         8         0.0312        -344.02
         8         0.0315       -339.045
         8         0.0318       -334.124
         8         0.0321       -329.264
         8         0.0324       -324.469
         8         0.0327       -319.744
         8          0.033       -315.093
         8         0.0333       -310.518
         8         0.0336       -306.025
         8         0.0339       -301.613
         8         0.0342       -297.287
         8         0.0345       -293.048
         8         0.0348       -288.897
         8         0.0351       -284.837
         8         0.0354       -280.868
         8         0.0357       -276.991
         8          0.036       -273.208
         8         0.0363       -269.519
         8         0.0366       -265.925
         8         0.0369       -262.426
         8         0.0372       -259.023
         8         0.0375       -255.717
         8         0.0378       -252.506
         8         0.0381       -249.393
         8         0.0384       -246.377
         8         0.0387       -243.457
         8          0.039       -240.635
         8         0.0393       -237.909
         8         0.0396       -235.281
         8         0.0399        -232.75
         8         0.0402       -230.315
         8         0.0405       -227.978
         8         0.0408       -225.737
         8         0.0411       -223.594
         8         0.0414       -221.546
         8         0.0417       -219.595
         8          0.042       -217.741
         8         0.0423       -215.983
         8         0.0426        -214.32
         8         0.0429       -212.754
         8         0.0432       -211.283
         8         0.0435       -209.908
         8         0.0438       -208.629
         8         0.0441       -207.444
         8         0.0444       -206.355
         8         0.0447       -205.361
         8          0.045       -204.462
         8         0.0453       -203.658
         8         0.0456       -202.949
         8         0.0459       -202.335
         8         0.0462       -201.815
         8         0.0465        -201.39
         8         0.0468       -201.059
         8         0.0471       -200.823
         8         0.0474       -200.681
         8         0.0477       -200.634
         9        -0.0315              0
         9        -0.0312              0
         9        -0.0309              0
         9        -0.0306              0
         9        -0.0303              0
         9          -0.03              0
         9        -0.0297       -5.72911
         9        -0.0294       -17.5252
         9        -0.0291       -29.4628
         9        -0.0288       -41.4977
         9        -0.0285       -53.6063
         9        -0.0282       -65.7698
         9        -0.0279       -77.9691
         9        -0.0276       -90.1835
         9        -0.0273        -102.39
         9         -0.027       -114.561
         9        -0.0267       -126.668
         9        -0.0264       -138.674
         9        -0.0261       -150.538
         9        -0.0258       -162.213
         9        -0.0255        -173.64
         9        -0.0252       -184.753
         9        -0.0249        -195.47
         9        -0.0246       -205.694
         9        -0.0243       -215.306
         9         -0.024       -224.162
         9        -0.0237       -232.082
         9        -0.0234       -238.842
         9        -0.0231       -244.158
         9        -0.0228       -247.664
         9        -0.0225       -248.883
         9        -0.0222       -247.172
         9        -0.0219       -241.652
         9        -0.0216       -231.073
         9        -0.0213       -213.587
         9         -0.021       -186.322
         9        -0.0207       -144.514
         9        -0.0204       -79.5796
         9        -0.0201              0
         9        -0.0198              0
         9        -0.0195              0
         9        -0.0192       -24.0477
         9        -0.0189       -239.204
         9        -0.0186       -404.324
         9        -0.0183        -543.18
         9         -0.018       -666.778
         9        -0.0177       -780.938
         9        -0.0174       -889.082
         9        -0.0171       -993.397
         9        -0.0168       -1095.38
         9        -0.0165       -1196.12
         9        -0.0162       -1296.44
         9        -0.0159       -1397.01
         9        -0.0156       -1498.37
         9        -0.0153       -1600.98
         9         -0.015       -1705.26
         9        -0.0147       -1811.59
         9        -0.0144       -1920.33
         9        -0.0141       -2031.82
         9        -0.0138        -2146.4
         9        -0.0135       -2264.39
         9        -0.0132       -2386.15
         9        -0.0129       -2512.02
         9        -0.0126       -2642.37
         9        -0.0123        -2777.6
         9         -0.012        -2918.1
         9        -0.0117       -3064.32
         9        -0.0114       -3216.76
         9        -0.0111       -3375.92
         9        -0.0108        -3542.4
         9        -0.0105       -3716.82
         9        -0.0102       -3899.91
         9        -0.0099       -4092.46
         9        -0.0096        -4295.4
         9        -0.0093       -4509.76
         9         -0.009       -4736.73
         9        -0.0087       -4977.73
         9        -0.0084        -5234.4
         9        -0.0081       -5508.71
         9        -0.0078       -5803.03
         9        -0.0075       -6120.31
         9        -0.0072       -6464.23
         9        -0.0069       -6839.56
         9        -0.0066       -7252.62
         9        -0.0063       -7712.19
         9         -0.006       -8231.05
         9        -0.0057       -8829.41
         9        -0.0054       -9544.85
         9        -0.0051         -10000
         9        -0.0048         -10000
         9        -0.0045         -10000
         9        -0.0042       -9988.56
         9        -0.0039        -9913.4
         9        -0.0036       -9849.67
         9        -0.0033       -9797.29
         9         -0.003       -9755.42
         9        -0.0027       -9722.81
         9        -0.0024       -9698.11
         9        -0.0021       -9679.99
         9        -0.0018       -9667.22
         9        -0.0015       -9658.65
         9        -0.0012       -9653.24
         9        -0.0009       -9650.06
         9        -0.0006       -9648.28
         9        -0.0003       -9647.27
         9              0       -9646.54
         9         0.0003       -9645.84
         9         0.0006       -9645.13
         9         0.0009       -9644.57
         9         0.0012       -9644.57
         9         0.0015       -9645.71
         9         0.0018       -9648.74
         9         0.0021       -9654.54
         9         0.0024       -9664.11
         9         0.0027       -9678.54
         9          0.003          -9699
         9         0.0033       -9726.76
         9         0.0036       -9763.11
         9         0.0039       -9809.38
         9         0.0042       -9866.67
         9         0.0045       -9935.56
         9         0.0048         -10000
         9         0.0051         -10000
         9         0.0054         -10000
         9         0.0057         -10000
         9          0.006        -9294.5
         9         0.0063       -8621.89
         9         0.0066       -8051.49
         9         0.0069       -7553.46
         9         0.0072       -7110.45
         9         0.0075       -6711.12
         9         0.0078       -6347.52
         9         0.0081       -6013.87
         9         0.0084       -5705.75
         9         0.0087       -5419.71
         9          0.009       -5152.99
         9         0.0093       -4903.35
         9         0.0096        -4668.9
         9         0.0099       -4448.09
         9         0.0102       -4239.56
         9         0.0105       -4042.15
         9         0.0108       -3854.86
         9         0.0111       -3676.81
         9         0.0114       -3507.21
         9         0.0117       -3345.37
         9          0.012       -3190.64
         9         0.0123       -3042.48
         9         0.0126       -2900.35
         9         0.0129       -2763.77
         9         0.0132       -2632.32
         9         0.0135       -2505.56
         9         0.0138       -2383.11
         9         0.0141       -2264.59
         9         0.0144       -2149.64
         9         0.0147       -2037.91
         9          0.015       -1929.04
         9         0.0153       -1822.67
         9         0.0156       -1718.44
         9         0.0159       -1615.94
         9         0.0162       -1514.76
         9         0.0165       -1414.43
         9         0.0168       -1314.39
         9         0.0171       -1214.01
         9         0.0174       -1112.49
         9         0.0177       -1008.83
         9          0.018       -901.655
         9         0.0183       -789.082
         9         0.0186       -668.282
         9         0.0189       -534.743
         9         0.0192       -380.613
         9         0.0195       -190.591
         9         0.0198              0
         9         0.0201              0
         9         0.0204              0
         9         0.0207       -20.5659
         9          0.021       -144.698
         9         0.0213       -226.561
         9         0.0216       -283.669
         9         0.0219       -324.957
         9         0.0222       -355.455
         9         0.0225       -378.228
         9         0.0228       -395.269
         9         0.0231       -407.941
         9         0.0234       -417.211
         9         0.0237       -423.788
         9          0.024       -428.207
         9         0.0243       -430.876
         9         0.0246       -432.118
         9         0.0249       -432.186
         9         0.0252       -431.285
         9         0.0255       -429.582
         9         0.0258       -427.213
         9         0.0261       -424.291
         9         0.0264        -420.91
         9         0.0267       -417.149
         9          0.027       -413.074
         9         0.0273       -408.742
         9         0.0276       -404.201
         9         0.0279       -399.491
         9         0.0282       -394.649
         9         0.0285       -389.705
         9         0.0288       -384.683
         9         0.0291       -379.608
         9         0.0294       -374.499
         9         0.0297       -369.373
         9           0.03       -364.245
         9         0.0303       -359.127
         9         0.0306       -354.032
         9         0.0309       -348.968
         9         0.0312       -343.945
         9         0.0315        -338.97
         9         0.0318       -334.049
         9         0.0321       -329.189
         9         0.0324       -324.395
         9         0.0327       -319.671
         9          0.033        -315.02
         9         0.0333       -310.448
         9         0.0336       -305.955
         9         0.0339       -301.545
         9         0.0342       -297.221
         9         0.0345       -292.983
         9         0.0348       -288.835
         9         0.0351       -284.776
         9         0.0354        -280.81
         9         0.0357       -276.935
         9          0.036       -273.155
         9         0.0363       -269.468
         9         0.0366       -265.877
         9         0.0369       -262.381
         9         0.0372       -258.982
         9         0.0375       -255.678
         9         0.0378       -252.471
         9         0.0381       -249.361
         9         0.0384       -246.348
         9         0.0387       -243.431
         9          0.039       -240.612
         9         0.0393        -237.89
         9         0.0396       -235.266
         9         0.0399       -232.738
         9         0.0402       -230.307
         9         0.0405       -227.973
         9         0.0408       -225.736
         9         0.0411       -223.595
         9         0.0414       -221.551
         9         0.0417       -219.603
         9          0.042       -217.752
         9         0.0423       -215.997
         9         0.0426       -214.337
         9         0.0429       -212.774
         9         0.0432       -211.306
         9         0.0435       -209.933
         9         0.0438       -208.656
         9         0.0441       -207.474
         9         0.0444       -206.387
         9         0.0447       -205.395
         9          0.045       -204.498
         9         0.0453       -203.696
         9         0.0456       -202.988
         9         0.0459       -202.375
         9         0.0462       -201.856
         9         0.0465       -201.432
         9         0.0468       -201.102
         9         0.0471       -200.866
         9         0.0474       -200.725
         9         0.0477       -200.678
        10        -0.0315              0
        10        -0.0312              0
        10        -0.0309              0
        10        -0.0306              0
        10        -0.0303              0
        10          -0.03              0
        10        -0.0297        -5.7307
        10        -0.0294         -17.53
        10        -0.0291       -29.4709
        10        -0.0288        -41.509
        10        -0.0285       -53.6209
        10        -0.0282       -65.7875
        10        -0.0279       -77.9899
        10        -0.0276       -90.2073
        10        -0.0273       -102.416
        10         -0.027       -114.591
        10        -0.0267         -126.7
        10        -0.0264       -138.708
        10        -0.0261       -150.575
        10        -0.0258       -162.251
        10        -0.0255       -173.681
        10        -0.0252       -184.795
        10        -0.0249       -195.514
        10        -0.0246       -205.739
        10        -0.0243       -215.352
        10         -0.024       -224.208
        10        -0.0237       -232.129
        10        -0.0234       -238.889
        10        -0.0231       -244.205
        10        -0.0228       -247.711
        10        -0.0225       -248.928
        10        -0.0222       -247.216
        10        -0.0219       -241.694
        10        -0.0216       -231.112
        10        -0.0213       -213.622
        10         -0.021       -186.352
        10        -0.0207       -144.538
        10        -0.0204       -79.5923
        10        -0.0201              0
        10        -0.0198              0
        10        -0.0195              0
        10        -0.0192       -24.0502
        10        -0.0189       -239.227
        10        -0.0186       -404.361
        10        -0.0183       -543.227
        10         -0.018       -666.834
        10        -0.0177       -781.003
        10        -0.0174       -889.154
        10        -0.0171       -993.476
        10        -0.0168       -1095.47
        10        -0.0165       -1196.21
        10        -0.0162       -1296.54
        10        -0.0159       -1397.11
        10        -0.0156       -1498.48
        10        -0.0153       -1601.09
        10         -0.015       -1705.38
        10        -0.0147       -1811.72
        10        -0.0144       -1920.46
        10        -0.0141       -2031.96
        10        -0.0138       -2146.54
        10        -0.0135       -2264.54
        10        -0.0132        -2386.3
        10        -0.0129       -2512.17
        10        -0.0126       -2642.53
        10        -0.0123       -2777.75
        10         -0.012       -2918.25
        10        -0.0117       -3064.48
        10        -0.0114       -3216.91
        10        -0.0111       -3376.07
        10        -0.0108       -3542.54
        10        -0.0105       -3716.96
        10        -0.0102       -3900.05
        10        -0.0099        -4092.6
        10        -0.0096       -4295.53
        10        -0.0093       -4509.88
        10         -0.009       -4736.85
        10        -0.0087       -4977.85
        10        -0.0084       -5234.51
        10        -0.0081       -5508.81
        10        -0.0078       -5803.13
        10        -0.0075        -6120.4
        10        -0.0072       -6464.31
        10        -0.0069       -6839.63
        10        -0.0066        -7252.7
        10        -0.0063       -7712.26
        10         -0.006        -8231.1
        10        -0.0057       -8829.45
        10        -0.0054       -9544.87
        10        -0.0051         -10000
        10        -0.0048         -10000
        10        -0.0045         -10000
        10        -0.0042       -9988.56
        10        -0.0039       -9913.36
        10        -0.0036       -9849.59
        10        -0.0033       -9797.16
        10         -0.003       -9755.25
        10        -0.0027        -9722.6
        10        -0.0024       -9697.87
        10        -0.0021       -9679.74
        10        -0.0018       -9666.97
        10        -0.0015       -9658.42
        10        -0.0012       -9653.03
        10        -0.0009       -9649.87
        10        -0.0006       -9648.14
        10        -0.0003       -9647.17
        10              0        -9646.5
        10         0.0003       -9645.86
        10         0.0006       -9645.21
        10         0.0009       -9644.71
        10         0.0012       -9644.77
        10         0.0015       -9645.97
        10         0.0018       -9649.05
        10         0.0021        -9654.9
        10         0.0024        -9664.5
        10         0.0027       -9678.95
        10          0.003       -9699.41
        10         0.0033       -9727.15
        10         0.0036       -9763.46
        10         0.0039       -9809.66
        10         0.0042       -9866.86
        10         0.0045       -9935.65
        10         0.0048         -10000
        10         0.0051         -10000
        10         0.0054         -10000
        10         0.0057         -10000
        10          0.006       -9294.43
        10         0.0063       -8621.78
        10         0.0066       -8051.36
        10         0.0069       -7553.32
        10         0.0072       -7110.31
        10         0.0075       -6710.98
        10         0.0078       -6347.39
        10         0.0081       -6013.73
        10         0.0084       -5705.61
        10         0.0087       -5419.58
        10          0.009       -5152.87
        10         0.0093       -4903.24
        10         0.0096       -4668.81
        10         0.0099       -4448.01
        10         0.0102       -4239.49
        10         0.0105        -4042.1
        10         0.0108       -3854.83
        10         0.0111        -3676.8
        10         0.0114       -3507.22
        10         0.0117       -3345.39
        10          0.012       -3190.68
        10         0.0123       -3042.53
        10         0.0126       -2900.41
        10         0.0129       -2763.85
        10         0.0132        -2632.4
        10         0.0135       -2505.65
        10         0.0138        -2383.2
        10         0.0141       -2264.69
        10         0.0144       -2149.74
        10         0.0147       -2038.01
        10          0.015       -1929.14
        10         0.0153       -1822.77
        10         0.0156       -1718.53
        10         0.0159       -1616.04
        10         0.0162       -1514.85
        10         0.0165       -1414.51
        10         0.0168       -1314.47
        10         0.0171       -1214.08
        10         0.0174       -1112.56
        10         0.0177       -1008.89
        10          0.018       -901.709
        10         0.0183       -789.129
        10         0.0186        -668.32
        10         0.0189       -534.774
        10         0.0192       -380.634
        10         0.0195       -190.601
        10         0.0198              0
        10         0.0201              0
        10         0.0204              0
        10         0.0207       -20.5655
        10          0.021       -144.695
        10         0.0213       -226.555
        10         0.0216        -283.66
        10         0.0219       -324.945
        10         0.0222       -355.439
        10         0.0225       -378.209
        10         0.0228       -395.247
        10         0.0231       -407.916
        10         0.0234       -417.183
        10         0.0237       -423.757
        10          0.024       -428.173
        10         0.0243       -430.839
        10         0.0246       -432.078
        10         0.0249       -432.144
        10         0.0252       -431.241
        10         0.0255       -429.536
        10         0.0258       -427.164
        10         0.0261        -424.24
        10         0.0264       -420.857
        10         0.0267       -417.094
        10          0.027       -413.018
        10         0.0273       -408.684
        10         0.0276       -404.142
        10         0.0279       -399.431
        10         0.0282       -394.588
        10         0.0285       -389.642
        10         0.0288        -384.62
        10         0.0291       -379.544
        10         0.0294       -374.435
        10         0.0297       -369.308
        10           0.03       -364.179
        10         0.0303       -359.061
        10         0.0306       -353.965
        10         0.0309       -348.902
        10         0.0312       -343.878
        10         0.0315       -338.904
        10         0.0318       -333.983
        10         0.0321       -329.124
        10         0.0324        -324.33
        10         0.0327       -319.607
        10          0.033       -314.958
        10         0.0333       -310.386
        10         0.0336       -305.894
        10         0.0339       -301.486
        10         0.0342       -297.162
        10         0.0345       -292.927
        10         0.0348        -288.78
        10         0.0351       -284.723
        10         0.0354       -280.758
        10         0.0357       -276.886
        10          0.036       -273.107
        10         0.0363       -269.423
        10         0.0366       -265.834
        10         0.0369       -262.341
        10         0.0372       -258.943
        10         0.0375       -255.642
        10         0.0378       -252.438
        10         0.0381        -249.33
        10         0.0384       -246.319
        10         0.0387       -243.406
        10          0.039       -240.589
        10         0.0393        -237.87
        10         0.0396       -235.248
        10         0.0399       -232.723
        10         0.0402       -230.294
        10         0.0405       -227.963
        10         0.0408       -225.728
        10         0.0411        -223.59
        10         0.0414       -221.549
        10         0.0417       -219.604
        10          0.042       -217.755
        10         0.0423       -216.002
        10         0.0426       -214.345
        10         0.0429       -212.783
        10         0.0432       -211.317
        10         0.0435       -209.947
        10         0.0438       -208.671
        10         0.0441       -207.491
        10         0.0444       -206.406
        10         0.0447       -205.416
        10          0.045        -204.52
        10         0.0453       -203.719
        10         0.0456       -203.012
        10         0.0459         -202.4
        10         0.0462       -201.882
        10         0.0465       -201.458
        10         0.0468       -201.129
        10         0.0471       -200.894
        10         0.0474       -200.753
        10         0.0477       -200.705
        11        -0.0315              0
        11        -0.0312              0
        11        -0.0309              0
        11        -0.0306              0
        11        -0.0303              0
        11          -0.03              0
        11        -0.0297       -5.73192
        11        -0.0294       -17.5338
        11        -0.0291       -29.4772
        11        -0.0288       -41.5179
        11        -0.0285       -53.6323
        11        -0.0282       -65.8015
        11        -0.0279       -78.0064
        11        -0.0276       -90.2263
        11        -0.0273       -102.438
        11         -0.027       -114.615
        11        -0.0267       -126.726
        11        -0.0264       -138.737
        11        -0.0261       -150.605
        11        -0.0258       -162.284
        11        -0.0255       -173.715
        11        -0.0252       -184.831
        11        -0.0249       -195.552
        11        -0.0246       -205.778
        11        -0.0243       -215.393
        11         -0.024        -224.25
        11        -0.0237       -232.172
        11        -0.0234       -238.932
        11        -0.0231       -244.248
        11        -0.0228       -247.754
        11        -0.0225       -248.971
        11        -0.0222       -247.258
        11        -0.0219       -241.734
        11        -0.0216       -231.149
        11        -0.0213       -213.656
        11         -0.021       -186.381
        11        -0.0207        -144.56
        11        -0.0204       -79.6042
        11        -0.0201              0
        11        -0.0198              0
        11        -0.0195              0
        11        -0.0192       -24.0523
        11        -0.0189       -239.247
        11        -0.0186       -404.394
        11        -0.0183        -543.27
        11         -0.018       -666.886
        11        -0.0177       -781.061
        11        -0.0174       -889.218
        11        -0.0171       -993.544
        11        -0.0168       -1095.54
        11        -0.0165       -1196.29
        11        -0.0162       -1296.62
        11        -0.0159        -1397.2
        11        -0.0156       -1498.56
        11        -0.0153       -1601.18
        11         -0.015       -1705.47
        11        -0.0147        -1811.8
        11        -0.0144       -1920.55
        11        -0.0141       -2032.04
        11        -0.0138       -2146.62
        11        -0.0135       -2264.62
        11        -0.0132       -2386.38
        11        -0.0129       -2512.25
        11        -0.0126        -2642.6
        11        -0.0123       -2777.82
        11         -0.012       -2918.31
        11        -0.0117       -3064.53
        11        -0.0114       -3216.95
        11        -0.0111       -3376.11
        11        -0.0108       -3542.56
        11        -0.0105       -3716.97
        11        -0.0102       -3900.03
        11        -0.0099       -4092.56
        11        -0.0096       -4295.46
        11        -0.0093       -4509.78
        11         -0.009       -4736.73
        11        -0.0087       -4977.69
        11        -0.0084       -5234.32
        11        -0.0081       -5508.59
        11        -0.0078       -5802.87
        11        -0.0075       -6120.12
        11        -0.0072       -6464.02
        11        -0.0069       -6839.34
        11        -0.0066       -7252.41
        11        -0.0063          -7712
        11         -0.006       -8230.89
        11        -0.0057        -8829.3
        11        -0.0054       -9544.81
        11        -0.0051         -10000
        11        -0.0048         -10000
        11        -0.0045         -10000
        11        -0.0042       -9988.55
        11        -0.0039       -9913.32
        11        -0.0036       -9849.53
        11        -0.0033       -9797.09
        11         -0.003       -9755.17
        11        -0.0027       -9722.52
        11        -0.0024        -9697.8
        11        -0.0021       -9679.67
        11        -0.0018       -9666.91
        11        -0.0015       -9658.36
        11        -0.0012       -9652.99
        11        -0.0009       -9649.85
        11        -0.0006       -9648.13
        11        -0.0003       -9647.18
        11              0       -9646.52
        11         0.0003        -9645.9
        11         0.0006       -9645.26
        11         0.0009       -9644.77
        11         0.0012       -9644.84
        11         0.0015       -9646.04
        11         0.0018       -9649.11
        11         0.0021       -9654.95
        11         0.0024       -9664.53
        11         0.0027       -9678.96
        11          0.003        -9699.4
        11         0.0033       -9727.11
        11         0.0036       -9763.41
        11         0.0039        -9809.6
        11         0.0042       -9866.81
        11         0.0045       -9935.62
        11         0.0048         -10000
        11         0.0051         -10000
        11         0.0054         -10000
        11         0.0057         -10000
        11          0.006       -9294.45
        11         0.0063       -8621.81
        11         0.0066       -8051.41
        11         0.0069       -7553.39
        11         0.0072       -7110.41
        11         0.0075        -6711.1
        11         0.0078       -6347.53
        11         0.0081        -6013.9
        11         0.0084       -5705.79
        11         0.0087       -5419.77
        11          0.009       -5153.06
        11         0.0093       -4903.43
        11         0.0096       -4668.99
        11         0.0099       -4448.18
        11         0.0102       -4239.65
        11         0.0105       -4042.25
        11         0.0108       -3854.96
        11         0.0111       -3676.91
        11         0.0114       -3507.31
        11         0.0117       -3345.46
        11          0.012       -3190.74
        11         0.0123       -3042.58
        11         0.0126       -2900.45
        11         0.0129       -2763.87
        11         0.0132       -2632.42
        11         0.0135       -2505.66
        11         0.0138       -2383.21
        11         0.0141       -2264.69
        11         0.0144       -2149.75
        11         0.0147       -2038.01
        11          0.015       -1929.14
        11         0.0153       -1822.77
        11         0.0156       -1718.54
        11         0.0159       -1616.04
        11         0.0162       -1514.86
        11         0.0165       -1414.52
        11         0.0168       -1314.48
        11         0.0171       -1214.09
        11         0.0174       -1112.57
        11         0.0177       -1008.89
        11          0.018       -901.714
        11         0.0183       -789.134
        11         0.0186       -668.325
        11         0.0189       -534.777
        11         0.0192       -380.636
        11         0.0195       -190.602
        11         0.0198              0
        11         0.0201              0
        11         0.0204              0
        11         0.0207       -20.5652
        11          0.021       -144.692
        11         0.0213        -226.55
        11         0.0216       -283.652
        11         0.0219       -324.936
        11         0.0222       -355.428
        11         0.0225       -378.196
        11         0.0228       -395.232
        11         0.0231       -407.899
        11         0.0234       -417.163
        11         0.0237       -423.736
        11          0.024       -428.149
        11         0.0243       -430.814
        11         0.0246        -432.05
        11         0.0249       -432.114
        11         0.0252       -431.209
        11         0.0255       -429.502
        11         0.0258       -427.129
        11         0.0261       -424.203
        11         0.0264       -420.818
        11         0.0267       -417.053
        11          0.027       -412.975
        11         0.0273        -408.64
        11         0.0276       -404.097
        11         0.0279       -399.385
        11         0.0282        -394.54
        11         0.0285       -389.594
        11         0.0288       -384.571
        11         0.0291       -379.494
        11         0.0294       -374.384
        11         0.0297       -369.256
        11           0.03       -364.127
        11         0.0303       -359.009
        11         0.0306       -353.912
        11         0.0309       -348.848
        11         0.0312       -343.825
        11         0.0315        -338.85
        11         0.0318       -333.931
        11         0.0321       -329.071
        11         0.0324       -324.278
        11         0.0327       -319.555
        11          0.033       -314.906
        11         0.0333       -310.335
        11         0.0336       -305.844
        11         0.0339       -301.437
        11         0.0342       -297.115
        11         0.0345        -292.88
        11         0.0348       -288.734
        11         0.0351       -284.679
        11         0.0354       -280.715
        11         0.0357       -276.844
        11          0.036       -273.067
        11         0.0363       -269.385
        11         0.0366       -265.797
        11         0.0369       -262.305
        11         0.0372        -258.91
        11         0.0375        -255.61
        11         0.0378       -252.408
        11         0.0381       -249.302
        11         0.0384       -246.293
        11         0.0387       -243.381
        11          0.039       -240.567
        11         0.0393        -237.85
        11         0.0396       -235.229
        11         0.0399       -232.706
        11         0.0402        -230.28
        11         0.0405        -227.95
        11         0.0408       -225.718
        11         0.0411       -223.582
        11         0.0414       -221.542
        11         0.0417       -219.599
        11          0.042       -217.751
        11         0.0423           -216
        11         0.0426       -214.345
        11         0.0429       -212.785
        11         0.0432        -211.32
        11         0.0435       -209.951
        11         0.0438       -208.677
        11         0.0441       -207.498
        11         0.0444       -206.414
        11         0.0447       -205.425
        11          0.045        -204.53
        11         0.0453        -203.73
        11         0.0456       -203.024
        11         0.0459       -202.413
        11         0.0462       -201.896
        11         0.0465       -201.473
        11         0.0468       -201.144
        11         0.0471       -200.909
        11         0.0474       -200.768
        11         0.0477       -200.721
        12        -0.0315              0
        12        -0.0312              0
        12        -0.0309              0
        12        -0.0306              0
        12        -0.0303              0
        12          -0.03              0
        12        -0.0297       -5.73305
        12        -0.0294       -17.5372
        12        -0.0291        -29.483
        12        -0.0288        -41.526
        12        -0.0285       -53.6427
        12        -0.0282       -65.8142
        12        -0.0279       -78.0214
        12        -0.0276       -90.2435
        12        -0.0273       -102.457
        12         -0.027       -114.636
        12        -0.0267       -126.749
        12        -0.0264       -138.762
        12        -0.0261       -150.632
        12        -0.0258       -162.313
        12        -0.0255       -173.745
        12        -0.0252       -184.863
        12        -0.0249       -195.584
        12        -0.0246       -205.812
        12        -0.0243       -215.427
        12         -0.024       -224.285
        12        -0.0237       -232.207
        12        -0.0234       -238.968
        12        -0.0231       -244.283
        12        -0.0228       -247.789
        12        -0.0225       -249.005
        12        -0.0222        -247.29
        12        -0.0219       -241.764
        12        -0.0216       -231.177
        12        -0.0213       -213.681
        12         -0.021       -186.403
        12        -0.0207       -144.575
        12        -0.0204       -79.6127
        12        -0.0201              0
        12        -0.0198              0
        12        -0.0195              0
        12        -0.0192       -24.0534
        12        -0.0189       -239.256
        12        -0.0186       -404.409
        12        -0.0183       -543.289
        12         -0.018       -666.907
        12        -0.0177       -781.084
        12        -0.0174       -889.242
        12        -0.0171       -993.568
        12        -0.0168       -1095.56
        12        -0.0165       -1196.31
        12        -0.0162       -1296.64
        12        -0.0159       -1397.21
        12        -0.0156       -1498.57
        12        -0.0153       -1601.18
        12         -0.015       -1705.46
        12        -0.0147       -1811.79
        12        -0.0144       -1920.53
        12        -0.0141       -2032.01
        12        -0.0138       -2146.58
        12        -0.0135       -2264.56
        12        -0.0132       -2386.31
        12        -0.0129       -2512.17
        12        -0.0126        -2642.5
        12        -0.0123        -2777.7
        12         -0.012       -2918.19
        12        -0.0117       -3064.39
        12        -0.0114       -3216.81
        12        -0.0111       -3375.95
        12        -0.0108        -3542.4
        12        -0.0105        -3716.8
        12        -0.0102       -3899.87
        12        -0.0099        -4092.4
        12        -0.0096       -4295.32
        12        -0.0093       -4509.66
        12         -0.009       -4736.63
        12        -0.0087       -4977.63
        12        -0.0084        -5234.3
        12        -0.0081       -5508.61
        12        -0.0078       -5802.95
        12        -0.0075       -6120.24
        12        -0.0072       -6464.18
        12        -0.0069       -6839.53
        12        -0.0066       -7252.62
        12        -0.0063       -7712.21
        12         -0.006       -8231.07
        12        -0.0057       -8829.44
        12        -0.0054       -9544.87
        12        -0.0051         -10000
        12        -0.0048         -10000
        12        -0.0045         -10000
        12        -0.0042       -9988.57
        12        -0.0039       -9913.46
        12        -0.0036       -9849.77
        12        -0.0033        -9797.4
        12         -0.003       -9755.53
        12        -0.0027       -9722.91
        12        -0.0024       -9698.19
        12        -0.0021       -9680.06
        12        -0.0018       -9667.28
        12        -0.0015        -9658.7
        12        -0.0012       -9653.29
        12        -0.0009        -9650.1
        12        -0.0006       -9648.33
        12        -0.0003       -9647.32
        12              0       -9646.61
        12         0.0003       -9645.93
        12         0.0006       -9645.23
        12         0.0009        -9644.7
        12         0.0012       -9644.72
        12         0.0015       -9645.87
        12         0.0018       -9648.92
        12         0.0021       -9654.72
        12         0.0024       -9664.29
        12         0.0027       -9678.72
        12          0.003       -9699.17
        12         0.0033       -9726.89
        12         0.0036       -9763.22
        12         0.0039       -9809.45
        12         0.0042        -9866.7
        12         0.0045       -9935.57
        12         0.0048         -10000
        12         0.0051         -10000
        12         0.0054         -10000
        12         0.0057         -10000
        12          0.006       -9294.47
        12         0.0063       -8621.86
        12         0.0066       -8051.48
        12         0.0069       -7553.49
        12         0.0072       -7110.52
        12         0.0075       -6711.22
        12         0.0078       -6347.65
        12         0.0081       -6014.02
        12         0.0084       -5705.91
        12         0.0087       -5419.87
        12          0.009       -5153.16
        12         0.0093       -4903.52
        12         0.0096       -4669.08
        12         0.0099       -4448.27
        12         0.0102       -4239.73
        12         0.0105       -4042.33
        12         0.0108       -3855.04
        12         0.0111       -3676.99
        12         0.0114        -3507.4
        12         0.0117       -3345.55
        12          0.012       -3190.83
        12         0.0123       -3042.67
        12         0.0126       -2900.54
        12         0.0129       -2763.97
        12         0.0132       -2632.51
        12         0.0135       -2505.75
        12         0.0138        -2383.3
        12         0.0141       -2264.78
        12         0.0144       -2149.83
        12         0.0147       -2038.09
        12          0.015       -1929.21
        12         0.0153       -1822.84
        12         0.0156        -1718.6
        12         0.0159       -1616.09
        12         0.0162       -1514.91
        12         0.0165       -1414.56
        12         0.0168       -1314.51
        12         0.0171       -1214.12
        12         0.0174       -1112.59
        12         0.0177       -1008.92
        12          0.018       -901.735
        12         0.0183        -789.15
        12         0.0186       -668.338
        12         0.0189       -534.786
        12         0.0192       -380.642
        12         0.0195       -190.605
        12         0.0198              0
        12         0.0201              0
        12         0.0204              0
        12         0.0207       -20.5645
        12          0.021       -144.687
        12         0.0213       -226.542
        12         0.0216       -283.641
        12         0.0219       -324.922
        12         0.0222       -355.412
        12         0.0225       -378.178
        12         0.0228       -395.212
        12         0.0231       -407.877
        12         0.0234        -417.14
        12         0.0237       -423.711
        12          0.024       -428.123
        12         0.0243       -430.786
        12         0.0246       -432.022
        12         0.0249       -432.084
        12         0.0252       -431.178
        12         0.0255       -429.469
        12         0.0258       -427.095
        12         0.0261       -424.168
        12         0.0264       -420.782
        12         0.0267       -417.016
        12          0.027       -412.937
        12         0.0273       -408.601
        12         0.0276       -404.057
        12         0.0279       -399.344
        12         0.0282       -394.499
        12         0.0285       -389.551
        12         0.0288       -384.528
        12         0.0291       -379.451
        12         0.0294        -374.34
        12         0.0297       -369.212
        12           0.03       -364.082
        12         0.0303       -358.963
        12         0.0306       -353.867
        12         0.0309       -348.803
        12         0.0312        -343.78
        12         0.0315       -338.805
        12         0.0318       -333.885
        12         0.0321       -329.026
        12         0.0324       -324.233
        12         0.0327        -319.51
        12          0.033       -314.862
        12         0.0333       -310.291
        12         0.0336       -305.801
        12         0.0339       -301.394
        12         0.0342       -297.073
        12         0.0345       -292.839
        12         0.0348       -288.694
        12         0.0351       -284.639
        12         0.0354       -280.677
        12         0.0357       -276.807
        12          0.036       -273.031
        12         0.0363        -269.35
        12         0.0366       -265.763
        12         0.0369       -262.273
        12         0.0372       -258.878
        12         0.0375       -255.581
        12         0.0378       -252.379
        12         0.0381       -249.275
        12         0.0384       -246.268
        12         0.0387       -243.358
        12          0.039       -240.545
        12         0.0393       -237.829
        12         0.0396        -235.21
        12         0.0399       -232.688
        12         0.0402       -230.263
        12         0.0405       -227.936
        12         0.0408       -225.704
        12         0.0411        -223.57
        12         0.0414       -221.531
        12         0.0417       -219.589
        12          0.042       -217.744
        12         0.0423       -215.994
        12         0.0426        -214.34
        12         0.0429       -212.781
        12         0.0432       -211.318
        12         0.0435        -209.95
        12         0.0438       -208.677
        12         0.0441       -207.499
        12         0.0444       -206.416
        12         0.0447       -205.428
        12          0.045       -204.534
        12         0.0453       -203.734
        12         0.0456       -203.029
        12         0.0459       -202.418
        12         0.0462       -201.901
        12         0.0465       -201.479
        12         0.0468        -201.15
        12         0.0471       -200.915
        12         0.0474       -200.774
        12         0.0477       -200.727
        13        -0.0315              0
        13        -0.0312              0
        13        -0.0309              0
        13        -0.0306              0
        13        -0.0303              0
        13          -0.03              0
        13        -0.0297       -5.73383
        13        -0.0294       -17.5396
        13        -0.0291        -29.487
        13        -0.0288       -41.5316
        13        -0.0285       -53.6499
        13        -0.0282       -65.8229
        13        -0.0279       -78.0316
        13        -0.0276       -90.2552
        13        -0.0273        -102.47
        13         -0.027        -114.65
        13        -0.0267       -126.765
        13        -0.0264       -138.779
        13        -0.0261        -150.65
        13        -0.0258       -162.331
        13        -0.0255       -173.765
        13        -0.0252       -184.883
        13        -0.0249       -195.605
        13        -0.0246       -205.833
        13        -0.0243       -215.449
        13         -0.024       -224.307
        13        -0.0237       -232.229
        13        -0.0234       -238.989
        13        -0.0231       -244.304
        13        -0.0228       -247.809
        13        -0.0225       -249.024
        13        -0.0222       -247.308
        13        -0.0219       -241.781
        13        -0.0216       -231.192
        13        -0.0213       -213.694
        13         -0.021       -186.413
        13        -0.0207       -144.583
        13        -0.0204       -79.6171
        13        -0.0201              0
        13        -0.0198              0
        13        -0.0195              0
        13        -0.0192       -24.0534
        13        -0.0189       -239.254
        13        -0.0186       -404.404
        13        -0.0183       -543.282
        13         -0.018       -666.898
        13        -0.0177       -781.072
        13        -0.0174       -889.227
        13        -0.0171        -993.55
        13        -0.0168       -1095.54
        13        -0.0165       -1196.29
        13        -0.0162       -1296.62
        13        -0.0159       -1397.19
        13        -0.0156       -1498.54
        13        -0.0153       -1601.16
        13         -0.015       -1705.44
        13        -0.0147       -1811.77
        13        -0.0144       -1920.51
        13        -0.0141          -2032
        13        -0.0138       -2146.57
        13        -0.0135       -2264.57
        13        -0.0132       -2386.32
        13        -0.0129       -2512.19
        13        -0.0126       -2642.54
        13        -0.0123       -2777.76
        13         -0.012       -2918.26
        13        -0.0117       -3064.49
        13        -0.0114       -3216.92
        13        -0.0111       -3376.08
        13        -0.0108       -3542.55
        13        -0.0105       -3716.97
        13        -0.0102       -3900.05
        13        -0.0099        -4092.6
        13        -0.0096       -4295.52
        13        -0.0093       -4509.87
        13         -0.009       -4736.84
        13        -0.0087       -4977.82
        13        -0.0084       -5234.47
        13        -0.0081       -5508.76
        13        -0.0078       -5803.06
        13        -0.0075       -6120.32
        13        -0.0072       -6464.23
        13        -0.0069       -6839.54
        13        -0.0066        -7252.6
        13        -0.0063       -7712.17
        13         -0.006       -8231.02
        13        -0.0057       -8829.39
        13        -0.0054       -9544.85
        13        -0.0051         -10000
        13        -0.0048         -10000
        13        -0.0045         -10000
        13        -0.0042       -9988.56
        13        -0.0039       -9913.39
        13        -0.0036       -9849.65
        13        -0.0033       -9797.25
        13         -0.003       -9755.37
        13        -0.0027       -9722.76
        13        -0.0024       -9698.05
        13        -0.0021       -9679.94
        13        -0.0018       -9667.18
        13        -0.0015       -9658.62
        13        -0.0012       -9653.22
        13        -0.0009       -9650.05
        13        -0.0006       -9648.29
        13        -0.0003       -9647.29
        13              0       -9646.58
        13         0.0003       -9645.91
        13         0.0006       -9645.21
        13         0.0009       -9644.67
        13         0.0012       -9644.69
        13         0.0015       -9645.85
        13         0.0018        -9648.9
        13         0.0021       -9654.71
        13         0.0024       -9664.29
        13         0.0027       -9678.72
        13          0.003       -9699.18
        13         0.0033       -9726.92
        13         0.0036       -9763.24
        13         0.0039       -9809.47
        13         0.0042       -9866.72
        13         0.0045       -9935.58
        13         0.0048         -10000
        13         0.0051         -10000
        13         0.0054         -10000
        13         0.0057         -10000
        13          0.006       -9294.46
        13         0.0063       -8621.85
        13         0.0066       -8051.47
        13         0.0069       -7553.49
        13         0.0072       -7110.52
        13         0.0075       -6711.22
        13         0.0078       -6347.66
        13         0.0081       -6014.03
        13         0.0084       -5705.93
        13         0.0087       -5419.91
        13          0.009       -5153.21
        13         0.0093       -4903.59
        13         0.0096       -4669.16
        13         0.0099       -4448.35
        13         0.0102       -4239.83
        13         0.0105       -4042.43
        13         0.0108       -3855.15
        13         0.0111       -3677.11
        13         0.0114       -3507.51
        13         0.0117       -3345.66
        13          0.012       -3190.94
        13         0.0123       -3042.77
        13         0.0126       -2900.64
        13         0.0129       -2764.06
        13         0.0132        -2632.6
        13         0.0135       -2505.84
        13         0.0138       -2383.38
        13         0.0141       -2264.85
        13         0.0144        -2149.9
        13         0.0147       -2038.15
        13          0.015       -1929.27
        13         0.0153       -1822.89
        13         0.0156       -1718.65
        13         0.0159       -1616.14
        13         0.0162       -1514.95
        13         0.0165        -1414.6
        13         0.0168       -1314.55
        13         0.0171       -1214.15
        13         0.0174       -1112.62
        13         0.0177       -1008.94
        13          0.018       -901.757
        13         0.0183        -789.17
        13         0.0186       -668.354
        13         0.0189       -534.799
        13         0.0192       -380.651
        13         0.0195       -190.609
        13         0.0198              0
        13         0.0201              0
        13         0.0204              0
        13         0.0207       -20.5643
        13          0.021       -144.685
        13         0.0213       -226.537
        13         0.0216       -283.635
        13         0.0219       -324.913
        13         0.0222       -355.401
        13         0.0225       -378.164
        13         0.0228       -395.197
        13         0.0231       -407.859
        13         0.0234        -417.12
        13         0.0237       -423.689
        13          0.024       -428.099
        13         0.0243       -430.761
        13         0.0246       -431.995
        13         0.0249       -432.055
        13         0.0252       -431.148
        13         0.0255       -429.438
        13         0.0258       -427.062
        13         0.0261       -424.134
        13         0.0264       -420.747
        13         0.0267       -416.981
        13          0.027       -412.901
        13         0.0273       -408.564
        13         0.0276       -404.019
        13         0.0279       -399.305
        13         0.0282        -394.46
        13         0.0285       -389.512
        13         0.0288       -384.488
        13         0.0291        -379.41
        13         0.0294       -374.299
        13         0.0297       -369.171
        13           0.03       -364.041
        13         0.0303       -358.922
        13         0.0306       -353.826
        13         0.0309       -348.762
        13         0.0312       -343.738
        13         0.0315       -338.764
        13         0.0318       -333.844
        13         0.0321       -328.985
        13         0.0324       -324.193
        13         0.0327        -319.47
        13          0.033       -314.822
        13         0.0333       -310.252
        13         0.0336       -305.763
        13         0.0339       -301.356
        13         0.0342       -297.035
        13         0.0345       -292.802
        13         0.0348       -288.658
        13         0.0351       -284.604
        13         0.0354       -280.643
        13         0.0357       -276.774
        13          0.036       -272.999
        13         0.0363       -269.318
        13         0.0366       -265.733
        13         0.0369       -262.243
        13         0.0372        -258.85
        13         0.0375       -255.553
        13         0.0378       -252.353
        13         0.0381        -249.25
        13         0.0384       -246.244
        13         0.0387       -243.335
        13          0.039       -240.523
        13         0.0393       -237.808
        13         0.0396        -235.19
        13         0.0399        -232.67
        13         0.0402       -230.246
        13         0.0405       -227.919
        13         0.0408       -225.689
        13         0.0411       -223.556
        13         0.0414       -221.519
        13         0.0417       -219.578
        13          0.042       -217.733
        13         0.0423       -215.984
        13         0.0426       -214.331
        13         0.0429       -212.773
        13         0.0432       -211.311
        13         0.0435       -209.944
        13         0.0438       -208.672
        13         0.0441       -207.495
        13         0.0444       -206.413
        13         0.0447       -205.425
        13          0.045       -204.532
        13         0.0453       -203.733
        13         0.0456       -203.028
        13         0.0459       -202.417
        13         0.0462       -201.901
        13         0.0465       -201.479
        13         0.0468        -201.15
        13         0.0471       -200.916
        13         0.0474       -200.775
        13         0.0477       -200.728
        14        -0.0315              0
        14        -0.0312              0
        14        -0.0309              0
        14        -0.0306              0
        14        -0.0303              0
        14          -0.03              0
        14        -0.0297       -5.73423
        14        -0.0294       -17.5408
        14        -0.0291        -29.489
        14        -0.0288       -41.5344
        14        -0.0285       -53.6536
        14        -0.0282       -65.8274
        14        -0.0279       -78.0368
        14        -0.0276        -90.261
        14        -0.0273       -102.477
        14         -0.027       -114.658
        14        -0.0267       -126.773
        14        -0.0264       -138.787
        14        -0.0261       -150.659
        14        -0.0258       -162.341
        14        -0.0255       -173.774
        14        -0.0252       -184.893
        14        -0.0249       -195.615
        14        -0.0246       -205.843
        14        -0.0243       -215.459
        14         -0.024       -224.317
        14        -0.0237       -232.239
        14        -0.0234       -238.999
        14        -0.0231       -244.314
        14        -0.0228       -247.818
        14        -0.0225       -249.033
        14        -0.0222       -247.317
        14        -0.0219        -241.79
        14        -0.0216         -231.2
        14        -0.0213       -213.701
        14         -0.021        -186.42
        14        -0.0207       -144.588
        14        -0.0204       -79.6197
        14        -0.0201              0
        14        -0.0198              0
        14        -0.0195              0
        14        -0.0192       -24.0541
        14        -0.0189       -239.262
        14        -0.0186       -404.416
        14        -0.0183       -543.298
        14         -0.018       -666.918
        14        -0.0177       -781.096
        14        -0.0174       -889.254
        14        -0.0171       -993.582
        14        -0.0168       -1095.58
        14        -0.0165       -1196.33
        14        -0.0162       -1296.66
        14        -0.0159       -1397.23
        14        -0.0156       -1498.59
        14        -0.0153       -1601.21
        14         -0.015       -1705.49
        14        -0.0147       -1811.83
        14        -0.0144       -1920.57
        14        -0.0141       -2032.06
        14        -0.0138       -2146.63
        14        -0.0135       -2264.62
        14        -0.0132       -2386.37
        14        -0.0129       -2512.24
        14        -0.0126       -2642.58
        14        -0.0123       -2777.79
        14         -0.012       -2918.27
        14        -0.0117       -3064.48
        14        -0.0114        -3216.9
        14        -0.0111       -3376.04
        14        -0.0108       -3542.49
        14        -0.0105       -3716.89
        14        -0.0102       -3899.94
        14        -0.0099       -4092.47
        14        -0.0096       -4295.38
        14        -0.0093        -4509.7
        14         -0.009       -4736.65
        14        -0.0087       -4977.63
        14        -0.0084       -5234.27
        14        -0.0081       -5508.55
        14        -0.0078       -5802.86
        14        -0.0075       -6120.12
        14        -0.0072       -6464.04
        14        -0.0069       -6839.37
        14        -0.0066       -7252.44
        14        -0.0063       -7712.03
        14         -0.006       -8230.91
        14        -0.0057       -8829.31
        14        -0.0054       -9544.81
        14        -0.0051         -10000
        14        -0.0048         -10000
        14        -0.0045         -10000
        14        -0.0042       -9988.57
        14        -0.0039       -9913.43
        14        -0.0036       -9849.71
        14        -0.0033       -9797.34
        14         -0.003       -9755.47
        14        -0.0027       -9722.86
        14        -0.0024       -9698.15
        14        -0.0021       -9680.03
        14        -0.0018       -9667.26
        14        -0.0015        -9658.7
        14        -0.0012       -9653.29
        14        -0.0009        -9650.1
        14        -0.0006       -9648.34
        14        -0.0003       -9647.33
        14              0       -9646.62
        14         0.0003       -9645.94
        14         0.0006       -9645.23
        14         0.0009        -9644.7
        14         0.0012       -9644.71
        14         0.0015       -9645.86
        14         0.0018        -9648.9
        14         0.0021       -9654.71
        14         0.0024       -9664.28
        14         0.0027        -9678.7
        14          0.003       -9699.16
        14         0.0033       -9726.89
        14         0.0036       -9763.22
        14         0.0039       -9809.46
        14         0.0042       -9866.72
        14         0.0045       -9935.58
        14         0.0048         -10000
        14         0.0051         -10000
        14         0.0054         -10000
        14         0.0057         -10000
        14          0.006        -9294.5
        14         0.0063       -8621.91
        14         0.0066       -8051.54
        14         0.0069       -7553.55
        14         0.0072       -7110.59
        14         0.0075       -6711.29
        14         0.0078       -6347.73
        14         0.0081       -6014.11
        14         0.0084       -5706.01
        14         0.0087       -5419.99
        14          0.009       -5153.29
        14         0.0093       -4903.66
        14         0.0096       -4669.23
        14         0.0099       -4448.42
        14         0.0102       -4239.89
        14         0.0105       -4042.49
        14         0.0108       -3855.21
        14         0.0111       -3677.16
        14         0.0114       -3507.56
        14         0.0117       -3345.71
        14          0.012       -3190.98
        14         0.0123       -3042.82
        14         0.0126       -2900.68
        14         0.0129       -2764.11
        14         0.0132       -2632.64
        14         0.0135       -2505.88
        14         0.0138       -2383.42
        14         0.0141        -2264.9
        14         0.0144       -2149.94
        14         0.0147        -2038.2
        14          0.015       -1929.32
        14         0.0153       -1822.94
        14         0.0156       -1718.69
        14         0.0159       -1616.18
        14         0.0162       -1514.99
        14         0.0165       -1414.64
        14         0.0168       -1314.59
        14         0.0171       -1214.19
        14         0.0174       -1112.66
        14         0.0177       -1008.97
        14          0.018       -901.784
        14         0.0183       -789.194
        14         0.0186       -668.374
        14         0.0189       -534.815
        14         0.0192       -380.662
        14         0.0195       -190.614
        14         0.0198              0
        14         0.0201              0
        14         0.0204              0
        14         0.0207       -20.5642
        14          0.021       -144.684
        14         0.0213       -226.536
        14         0.0216       -283.632
        14         0.0219       -324.909
        14         0.0222       -355.395
        14         0.0225       -378.157
        14         0.0228       -395.188
        14         0.0231       -407.849
        14         0.0234       -417.108
        14         0.0237       -423.675
        14          0.024       -428.084
        14         0.0243       -430.744
        14         0.0246       -431.976
        14         0.0249       -432.035
        14         0.0252       -431.126
        14         0.0255       -429.415
        14         0.0258       -427.038
        14         0.0261       -424.109
        14         0.0264       -420.721
        14         0.0267       -416.953
        14          0.027       -412.872
        14         0.0273       -408.535
        14         0.0276       -403.988
        14         0.0279       -399.274
        14         0.0282       -394.428
        14         0.0285       -389.479
        14         0.0288       -384.454
        14         0.0291       -379.376
        14         0.0294       -374.265
        14         0.0297       -369.136
        14           0.03       -364.006
        14         0.0303       -358.887
        14         0.0306       -353.791
        14         0.0309       -348.726
        14         0.0312       -343.703
        14         0.0315       -338.729
        14         0.0318       -333.809
        14         0.0321       -328.951
        14         0.0324       -324.158
        14         0.0327       -319.436
        14          0.033       -314.788
        14         0.0333       -310.219
        14         0.0336       -305.729
        14         0.0339       -301.324
        14         0.0342       -297.003
        14         0.0345        -292.77
        14         0.0348       -288.627
        14         0.0351       -284.574
        14         0.0354       -280.613
        14         0.0357       -276.745
        14          0.036        -272.97
        14         0.0363        -269.29
        14         0.0366       -265.706
        14         0.0369       -262.217
        14         0.0372       -258.825
        14         0.0375       -255.529
        14         0.0378       -252.329
        14         0.0381       -249.227
        14         0.0384       -246.222
        14         0.0387       -243.314
        14          0.039       -240.503
        14         0.0393       -237.789
        14         0.0396       -235.172
        14         0.0399       -232.652
        14         0.0402        -230.23
        14         0.0405       -227.904
        14         0.0408       -225.674
        14         0.0411       -223.542
        14         0.0414       -221.505
        14         0.0417       -219.565
        14          0.042       -217.721
        14         0.0423       -215.973
        14         0.0426       -214.321
        14         0.0429       -212.764
        14         0.0432       -211.302
        14         0.0435       -209.936
        14         0.0438       -208.664
        14         0.0441       -207.488
        14         0.0444       -206.406
        14         0.0447       -205.419
        14          0.045       -204.526
        14         0.0453       -203.727
        14         0.0456       -203.023
        14         0.0459       -202.413
        14         0.0462       -201.897
        14         0.0465       -201.475
        14         0.0468       -201.146
        14         0.0471       -200.912
        14         0.0474       -200.771
        14         0.0477       -200.724
        15        -0.0315              0
        15        -0.0312              0
        15        -0.0309              0
        15        -0.0306              0
        15        -0.0303              0
        15          -0.03              0
        15        -0.0297       -5.73449
        15        -0.0294       -17.5416
        15        -0.0291       -29.4903
        15        -0.0288       -41.5363
        15        -0.0285        -53.656
        15        -0.0282       -65.8303
        15        -0.0279       -78.0403
        15        -0.0276       -90.2651
        15        -0.0273       -102.481
        15         -0.027       -114.663
        15        -0.0267       -126.778
        15        -0.0264       -138.793
        15        -0.0261       -150.666
        15        -0.0258       -162.348
        15        -0.0255       -173.782
        15        -0.0252       -184.901
        15        -0.0249       -195.623
        15        -0.0246       -205.852
        15        -0.0243       -215.468
        15         -0.024       -224.326
        15        -0.0237       -232.247
        15        -0.0234       -239.008
        15        -0.0231       -244.323
        15        -0.0228       -247.827
        15        -0.0225       -249.041
        15        -0.0222       -247.324
        15        -0.0219       -241.796
        15        -0.0216       -231.206
        15        -0.0213       -213.706
        15         -0.021       -186.423
        15        -0.0207        -144.59
        15        -0.0204       -79.6206
        15        -0.0201              0
        15        -0.0198              0
        15        -0.0195              0
        15        -0.0192       -24.0538
        15        -0.0189       -239.259
        15        -0.0186       -404.412
        15        -0.0183       -543.292
        15         -0.018       -666.909
        15        -0.0177       -781.085
        15        -0.0174       -889.241
        15        -0.0171       -993.566
        15        -0.0168       -1095.56
        15        -0.0165        -1196.3
        15        -0.0162       -1296.63
        15        -0.0159        -1397.2
        15        -0.0156       -1498.56
        15        -0.0153       -1601.17
        15         -0.015       -1705.45
        15        -0.0147       -1811.78
        15        -0.0144       -1920.52
        15        -0.0141          -2032
        15        -0.0138       -2146.57
        15        -0.0135       -2264.56
        15        -0.0132       -2386.31
        15        -0.0129       -2512.18
        15        -0.0126       -2642.52
        15        -0.0123       -2777.73
        15         -0.012       -2918.22
        15        -0.0117       -3064.44
        15        -0.0114       -3216.86
        15        -0.0111       -3376.02
        15        -0.0108       -3542.48
        15        -0.0105       -3716.89
        15        -0.0102       -3899.96
        15        -0.0099        -4092.5
        15        -0.0096       -4295.41
        15        -0.0093       -4509.75
        15         -0.009       -4736.71
        15        -0.0087       -4977.69
        15        -0.0084       -5234.33
        15        -0.0081       -5508.61
        15        -0.0078       -5802.91
        15        -0.0075       -6120.17
        15        -0.0072       -6464.08
        15        -0.0069        -6839.4
        15        -0.0066       -7252.47
        15        -0.0063       -7712.05
        15         -0.006       -8230.93
        15        -0.0057       -8829.33
        15        -0.0054       -9544.82
        15        -0.0051         -10000
        15        -0.0048         -10000
        15        -0.0045         -10000
        15        -0.0042       -9988.55
        15        -0.0039       -9913.34
        15        -0.0036       -9849.56
        15        -0.0033       -9797.14
        15         -0.003       -9755.25
        15        -0.0027       -9722.63
        15        -0.0024       -9697.92
        15        -0.0021       -9679.81
        15        -0.0018       -9667.06
        15        -0.0015       -9658.52
        15        -0.0012       -9653.14
        15        -0.0009       -9649.99
        15        -0.0006       -9648.26
        15        -0.0003       -9647.28
        15              0        -9646.6
        15         0.0003       -9645.95
        15         0.0006       -9645.28
        15         0.0009       -9644.77
        15         0.0012       -9644.82
        15         0.0015          -9646
        15         0.0018       -9649.06
        15         0.0021       -9654.89
        15         0.0024       -9664.47
        15         0.0027        -9678.9
        15          0.003       -9699.34
        15         0.0033       -9727.06
        15         0.0036       -9763.35
        15         0.0039       -9809.55
        15         0.0042       -9866.76
        15         0.0045       -9935.59
        15         0.0048         -10000
        15         0.0051         -10000
        15         0.0054         -10000
        15         0.0057         -10000
        15          0.006       -9294.37
        15         0.0063       -8621.68
        15         0.0066       -8051.26
        15         0.0069       -7553.24
        15         0.0072       -7110.26
        15         0.0075       -6710.96
        15         0.0078        -6347.4
        15         0.0081       -6013.79
        15         0.0084        -5705.7
        15         0.0087        -5419.7
        15          0.009       -5153.03
        15         0.0093       -4903.42
        15         0.0096       -4669.02
        15         0.0099       -4448.24
        15         0.0102       -4239.74
        15         0.0105       -4042.37
        15         0.0108       -3855.11
        15         0.0111       -3677.09
        15         0.0114       -3507.51
        15         0.0117       -3345.68
        15          0.012       -3190.97
        15         0.0123       -3042.82
        15         0.0126       -2900.69
        15         0.0129       -2764.13
        15         0.0132       -2632.67
        15         0.0135       -2505.91
        15         0.0138       -2383.46
        15         0.0141       -2264.93
        15         0.0144       -2149.98
        15         0.0147       -2038.24
        15          0.015       -1929.36
        15         0.0153       -1822.98
        15         0.0156       -1718.73
        15         0.0159       -1616.22
        15         0.0162       -1515.02
        15         0.0165       -1414.67
        15         0.0168       -1314.61
        15         0.0171       -1214.21
        15         0.0174       -1112.68
        15         0.0177       -1008.99
        15          0.018       -901.797
        15         0.0183       -789.204
        15         0.0186       -668.382
        15         0.0189       -534.821
        15         0.0192       -380.666
        15         0.0195       -190.616
        15         0.0198              0
        15         0.0201              0
        15         0.0204              0
        15         0.0207       -20.5638
        15          0.021       -144.681
        15         0.0213       -226.531
        15         0.0216       -283.626
        15         0.0219       -324.902
        15         0.0222       -355.387
        15         0.0225       -378.148
        15         0.0228       -395.178
        15         0.0231       -407.838
        15         0.0234       -417.097
        15         0.0237       -423.663
        15          0.024        -428.07
        15         0.0243       -430.729
        15         0.0246       -431.961
        15         0.0249       -432.019
        15         0.0252       -431.109
        15         0.0255       -429.397
        15         0.0258       -427.019
        15         0.0261       -424.089
        15         0.0264         -420.7
        15         0.0267       -416.931
        15          0.027       -412.849
        15         0.0273       -408.511
        15         0.0276       -403.964
        15         0.0279       -399.249
        15         0.0282       -394.402
        15         0.0285       -389.452
        15         0.0288       -384.427
        15         0.0291       -379.349
        15         0.0294       -374.236
        15         0.0297       -369.108
        15           0.03       -363.977
        15         0.0303       -358.858
        15         0.0306       -353.761
        15         0.0309       -348.696
        15         0.0312       -343.673
        15         0.0315       -338.698
        15         0.0318       -333.779
        15         0.0321        -328.92
        15         0.0324       -324.128
        15         0.0327       -319.406
        15          0.033       -314.758
        15         0.0333       -310.189
        15         0.0336         -305.7
        15         0.0339       -301.294
        15         0.0342       -296.974
        15         0.0345       -292.742
        15         0.0348       -288.598
        15         0.0351       -284.546
        15         0.0354       -280.585
        15         0.0357       -276.718
        15          0.036       -272.944
        15         0.0363       -269.265
        15         0.0366       -265.681
        15         0.0369       -262.193
        15         0.0372       -258.801
        15         0.0375       -255.505
        15         0.0378       -252.307
        15         0.0381       -249.205
        15         0.0384         -246.2
        15         0.0387       -243.293
        15          0.039       -240.483
        15         0.0393       -237.769
        15         0.0396       -235.153
        15         0.0399       -232.634
        15         0.0402       -230.212
        15         0.0405       -227.887
        15         0.0408       -225.659
        15         0.0411       -223.527
        15         0.0414       -221.491
        15         0.0417       -219.552
        15          0.042       -217.708
        15         0.0423       -215.961
        15         0.0426       -214.309
        15         0.0429       -212.752
        15         0.0432       -211.291
        15         0.0435       -209.925
        15         0.0438       -208.654
        15         0.0441       -207.478
        15         0.0444       -206.397
        15         0.0447        -205.41
        15          0.045       -204.518
        15         0.0453       -203.719
        15         0.0456       -203.015
        15         0.0459       -202.406
        15         0.0462        -201.89
        15         0.0465       -201.468
        15         0.0468       -201.139
        15         0.0471       -200.905
        15         0.0474       -200.764
        15         0.0477       -200.717
        16        -0.0315              0
        16        -0.0312              0
        16        -0.0309              0
        16        -0.0306              0
        16        -0.0303              0
        16          -0.03              0
        16        -0.0297       -5.73465
        16        -0.0294       -17.5421
        16        -0.0291       -29.4911
        16        -0.0288       -41.5374
        16        -0.0285       -53.6574
        16        -0.0282        -65.832
        16        -0.0279       -78.0422
        16        -0.0276       -90.2672
        16        -0.0273       -102.484
        16         -0.027       -114.665
        16        -0.0267       -126.781
        16        -0.0264       -138.796
        16        -0.0261       -150.668
        16        -0.0258        -162.35
        16        -0.0255       -173.784
        16        -0.0252       -184.903
        16        -0.0249       -195.625
        16        -0.0246       -205.853
        16        -0.0243       -215.469
        16         -0.024       -224.327
        16        -0.0237       -232.248
        16        -0.0234       -239.008
        16        -0.0231       -244.323
        16        -0.0228       -247.826
        16        -0.0225        -249.04
        16        -0.0222       -247.324
        16        -0.0219       -241.795
        16        -0.0216       -231.205
        16        -0.0213       -213.705
        16         -0.021       -186.423
        16        -0.0207        -144.59
        16        -0.0204       -79.6207
        16        -0.0201              0
        16        -0.0198              0
        16        -0.0195              0
        16        -0.0192       -24.0539
        16        -0.0189       -239.259
        16        -0.0186       -404.411
        16        -0.0183       -543.291
        16         -0.018       -666.908
        16        -0.0177       -781.084
        16        -0.0174       -889.241
        16        -0.0171       -993.566
        16        -0.0168       -1095.56
        16        -0.0165       -1196.31
        16        -0.0162       -1296.64
        16        -0.0159       -1397.21
        16        -0.0156       -1498.56
        16        -0.0153       -1601.18
        16         -0.015       -1705.46
        16        -0.0147       -1811.79
        16        -0.0144       -1920.53
        16        -0.0141       -2032.01
        16        -0.0138       -2146.58
        16        -0.0135       -2264.57
        16        -0.0132       -2386.32
        16        -0.0129       -2512.18
        16        -0.0126       -2642.52
        16        -0.0123       -2777.72
        16         -0.012       -2918.21
        16        -0.0117       -3064.42
        16        -0.0114       -3216.83
        16        -0.0111       -3375.97
        16        -0.0108       -3542.42
        16        -0.0105       -3716.82
        16        -0.0102       -3899.88
        16        -0.0099       -4092.41
        16        -0.0096       -4295.32
        16        -0.0093       -4509.65
        16         -0.009       -4736.61
        16        -0.0087       -4977.59
        16        -0.0084       -5234.24
        16        -0.0081       -5508.54
        16        -0.0078       -5802.85
        16        -0.0075       -6120.13
        16        -0.0072       -6464.06
        16        -0.0069        -6839.4
        16        -0.0066       -7252.49
        16        -0.0063       -7712.09
        16         -0.006       -8230.97
        16        -0.0057       -8829.36
        16        -0.0054       -9544.84
        16        -0.0051         -10000
        16        -0.0048         -10000
        16        -0.0045         -10000
        16        -0.0042       -9988.57
        16        -0.0039       -9913.43
        16        -0.0036       -9849.72
        16        -0.0033       -9797.35
        16         -0.003       -9755.48
        16        -0.0027       -9722.87
        16        -0.0024       -9698.17
        16        -0.0021       -9680.04
        16        -0.0018       -9667.27
        16        -0.0015        -9658.7
        16        -0.0012       -9653.29
        16        -0.0009       -9650.11
        16        -0.0006       -9648.34
        16        -0.0003       -9647.34
        16              0       -9646.64
        16         0.0003       -9645.97
        16         0.0006       -9645.29
        16         0.0009       -9644.77
        16         0.0012       -9644.81
        16         0.0015          -9646
        16         0.0018       -9649.06
        16         0.0021        -9654.9
        16         0.0024        -9664.5
        16         0.0027       -9678.95
        16          0.003       -9699.42
        16         0.0033       -9727.16
        16         0.0036       -9763.48
        16         0.0039       -9809.68
        16         0.0042       -9866.88
        16         0.0045       -9935.66
        16         0.0048         -10000
        16         0.0051         -10000
        16         0.0054         -10000
        16         0.0057         -10000
        16          0.006       -9294.62
        16         0.0063       -8622.13
        16         0.0066       -8051.82
        16         0.0069       -7553.86
        16         0.0072        -7110.9
        16         0.0075       -6711.59
        16         0.0078       -6348.01
        16         0.0081       -6014.35
        16         0.0084       -5706.22
        16         0.0087       -5420.16
        16          0.009       -5153.42
        16         0.0093       -4903.75
        16         0.0096       -4669.28
        16         0.0099       -4448.44
        16         0.0102       -4239.89
        16         0.0105       -4042.47
        16         0.0108       -3855.17
        16         0.0111        -3677.1
        16         0.0114       -3507.49
        16         0.0117       -3345.64
        16          0.012       -3190.92
        16         0.0123       -3042.75
        16         0.0126       -2900.62
        16         0.0129       -2764.04
        16         0.0132       -2632.59
        16         0.0135       -2505.83
        16         0.0138       -2383.38
        16         0.0141       -2264.86
        16         0.0144       -2149.91
        16         0.0147       -2038.17
        16          0.015        -1929.3
        16         0.0153       -1822.92
        16         0.0156       -1718.68
        16         0.0159       -1616.18
        16         0.0162       -1514.99
        16         0.0165       -1414.64
        16         0.0168       -1314.59
        16         0.0171       -1214.19
        16         0.0174       -1112.66
        16         0.0177       -1008.98
        16          0.018        -901.79
        16         0.0183       -789.199
        16         0.0186       -668.378
        16         0.0189       -534.819
        16         0.0192       -380.665
        16         0.0195       -190.616
        16         0.0198              0
        16         0.0201              0
        16         0.0204              0
        16         0.0207       -20.5637
        16          0.021        -144.68
        16         0.0213       -226.528
        16         0.0216       -283.622
        16         0.0219       -324.896
        16         0.0222        -355.38
        16         0.0225        -378.14
        16         0.0228       -395.169
        16         0.0231       -407.828
        16         0.0234       -417.085
        16         0.0237        -423.65
        16          0.024       -428.057
        16         0.0243       -430.715
        16         0.0246       -431.945
        16         0.0249       -432.003
        16         0.0252       -431.092
        16         0.0255       -429.379
        16         0.0258           -427
        16         0.0261       -424.069
        16         0.0264        -420.68
        16         0.0267       -416.911
        16          0.027       -412.828
        16         0.0273       -408.489
        16         0.0276       -403.942
        16         0.0279       -399.226
        16         0.0282       -394.379
        16         0.0285       -389.429
        16         0.0288       -384.403
        16         0.0291       -379.324
        16         0.0294       -374.212
        16         0.0297       -369.083
        16           0.03       -363.952
        16         0.0303       -358.832
        16         0.0306       -353.735
        16         0.0309       -348.671
        16         0.0312       -343.647
        16         0.0315       -338.672
        16         0.0318       -333.753
        16         0.0321       -328.894
        16         0.0324       -324.102
        16         0.0327        -319.38
        16          0.033       -314.733
        16         0.0333       -310.163
        16         0.0336       -305.674
        16         0.0339       -301.269
        16         0.0342       -296.949
        16         0.0345       -292.717
        16         0.0348       -288.574
        16         0.0351       -284.521
        16         0.0354       -280.561
        16         0.0357       -276.694
        16          0.036        -272.92
        16         0.0363       -269.242
        16         0.0366       -265.658
        16         0.0369       -262.171
        16         0.0372       -258.779
        16         0.0375       -255.484
        16         0.0378       -252.286
        16         0.0381       -249.185
        16         0.0384       -246.181
        16         0.0387       -243.274
        16          0.039       -240.464
        16         0.0393       -237.751
        16         0.0396       -235.136
        16         0.0399       -232.617
        16         0.0402       -230.196
        16         0.0405       -227.871
        16         0.0408       -225.643
        16         0.0411       -223.512
        16         0.0414       -221.476
        16         0.0417       -219.537
        16          0.042       -217.694
        16         0.0423       -215.947
        16         0.0426       -214.296
        16         0.0429        -212.74
        16         0.0432       -211.279
        16         0.0435       -209.914
        16         0.0438       -208.643
        16         0.0441       -207.468
        16         0.0444       -206.386
        16         0.0447         -205.4
        16          0.045       -204.508
        16         0.0453        -203.71
        16         0.0456       -203.006
        16         0.0459       -202.396
        16         0.0462        -201.88
        16         0.0465       -201.459
        16         0.0468        -201.13
        16         0.0471       -200.896
        16         0.0474       -200.756
        16         0.0477       -200.709
        17        -0.0315              0
        17        -0.0312              0
        17        -0.0309              0
        17        -0.0306              0
        17        -0.0303              0
        17          -0.03              0
        17        -0.0297       -5.73471
        17        -0.0294       -17.5423
        17        -0.0291       -29.4915
        17        -0.0288       -41.5379
        17        -0.0285        -53.658
        17        -0.0282       -65.8327
        17        -0.0279       -78.0431
        17        -0.0276       -90.2682
        17        -0.0273       -102.485
        17         -0.027       -114.666
        17        -0.0267       -126.782
        17        -0.0264       -138.797
        17        -0.0261        -150.67
        17        -0.0258       -162.352
        17        -0.0255       -173.786
        17        -0.0252       -184.905
        17        -0.0249       -195.628
        17        -0.0246       -205.856
        17        -0.0243       -215.472
        17         -0.024        -224.33
        17        -0.0237       -232.251
        17        -0.0234       -239.011
        17        -0.0231       -244.326
        17        -0.0228        -247.83
        17        -0.0225       -249.044
        17        -0.0222       -247.327
        17        -0.0219       -241.798
        17        -0.0216       -231.208
        17        -0.0213       -213.708
        17         -0.021       -186.424
        17        -0.0207       -144.591
        17        -0.0204       -79.6213
        17        -0.0201              0
        17        -0.0198              0
        17        -0.0195              0
        17        -0.0192       -24.0537
        17        -0.0189       -239.256
        17        -0.0186       -404.407
        17        -0.0183       -543.285
        17         -0.018       -666.901
        17        -0.0177       -781.075
        17        -0.0174       -889.229
        17        -0.0171       -993.553
        17        -0.0168       -1095.54
        17        -0.0165       -1196.29
        17        -0.0162       -1296.62
        17        -0.0159       -1397.18
        17        -0.0156       -1498.54
        17        -0.0153       -1601.15
        17         -0.015       -1705.43
        17        -0.0147       -1811.76
        17        -0.0144        -1920.5
        17        -0.0141       -2031.98
        17        -0.0138       -2146.55
        17        -0.0135       -2264.54
        17        -0.0132       -2386.29
        17        -0.0129       -2512.15
        17        -0.0126       -2642.49
        17        -0.0123        -2777.7
        17         -0.012        -2918.2
        17        -0.0117       -3064.41
        17        -0.0114       -3216.84
        17        -0.0111       -3375.99
        17        -0.0108       -3542.46
        17        -0.0105       -3716.88
        17        -0.0102       -3899.96
        17        -0.0099       -4092.51
        17        -0.0096       -4295.45
        17        -0.0093        -4509.8
        17         -0.009       -4736.79
        17        -0.0087        -4977.8
        17        -0.0084       -5234.48
        17        -0.0081       -5508.79
        17        -0.0078       -5803.13
        17        -0.0075       -6120.42
        17        -0.0072       -6464.36
        17        -0.0069        -6839.7
        17        -0.0066       -7252.77
        17        -0.0063       -7712.35
        17         -0.006       -8231.19
        17        -0.0057       -8829.51
        17        -0.0054        -9544.9
        17        -0.0051         -10000
        17        -0.0048         -10000
        17        -0.0045         -10000
        17        -0.0042       -9988.57
        17        -0.0039       -9913.47
        17        -0.0036       -9849.78
        17        -0.0033       -9797.43
        17         -0.003       -9755.57
        17        -0.0027       -9722.97
        17        -0.0024       -9698.26
        17        -0.0021       -9680.14
        17        -0.0018       -9667.37
        17        -0.0015        -9658.8
        17        -0.0012       -9653.38
        17        -0.0009       -9650.18
        17        -0.0006        -9648.4
        17        -0.0003       -9647.37
        17              0       -9646.63
        17         0.0003       -9645.91
        17         0.0006       -9645.18
        17         0.0009        -9644.6
        17         0.0012       -9644.57
        17         0.0015       -9645.69
        17         0.0018       -9648.69
        17         0.0021       -9654.47
        17         0.0024       -9664.02
        17         0.0027       -9678.44
        17          0.003       -9698.89
        17         0.0033       -9726.64
        17         0.0036          -9763
        17         0.0039       -9809.28
        17         0.0042        -9866.6
        17         0.0045       -9935.52
        17         0.0048         -10000
        17         0.0051         -10000
        17         0.0054         -10000
        17         0.0057         -10000
        17          0.006       -9294.54
        17         0.0063       -8621.98
        17         0.0066       -8051.64
        17         0.0069       -7553.68
        17         0.0072       -7110.74
        17         0.0075       -6711.46
        17         0.0078       -6347.92
        17         0.0081       -6014.31
        17         0.0084       -5706.23
        17         0.0087       -5420.22
        17          0.009       -5153.53
        17         0.0093        -4903.9
        17         0.0096       -4669.47
        17         0.0099       -4448.66
        17         0.0102       -4240.13
        17         0.0105       -4042.72
        17         0.0108       -3855.43
        17         0.0111       -3677.37
        17         0.0114       -3507.76
        17         0.0117        -3345.9
        17          0.012       -3191.17
        17         0.0123       -3042.98
        17         0.0126       -2900.84
        17         0.0129       -2764.25
        17         0.0132       -2632.77
        17         0.0135       -2505.99
        17         0.0138       -2383.52
        17         0.0141       -2264.99
        17         0.0144       -2150.02
        17         0.0147       -2038.27
        17          0.015       -1929.38
        17         0.0153       -1822.99
        17         0.0156       -1718.74
        17         0.0159       -1616.22
        17         0.0162       -1515.02
        17         0.0165       -1414.67
        17         0.0168       -1314.61
        17         0.0171       -1214.21
        17         0.0174       -1112.67
        17         0.0177       -1008.98
        17          0.018       -901.792
        17         0.0183       -789.199
        17         0.0186       -668.377
        17         0.0189       -534.817
        17         0.0192       -380.663
        17         0.0195       -190.615
        17         0.0198              0
        17         0.0201              0
        17         0.0204              0
        17         0.0207       -20.5632
        17          0.021       -144.677
        17         0.0213       -226.524
        17         0.0216       -283.616
        17         0.0219        -324.89
        17         0.0222       -355.373
        17         0.0225       -378.132
        17         0.0228        -395.16
        17         0.0231       -407.818
        17         0.0234       -417.075
        17         0.0237       -423.639
        17          0.024       -428.045
        17         0.0243       -430.703
        17         0.0246       -431.933
        17         0.0249       -431.989
        17         0.0252       -431.078
        17         0.0255       -429.364
        17         0.0258       -426.985
        17         0.0261       -424.054
        17         0.0264       -420.664
        17         0.0267       -416.894
        17          0.027       -412.811
        17         0.0273       -408.471
        17         0.0276       -403.923
        17         0.0279       -399.207
        17         0.0282       -394.359
        17         0.0285       -389.409
        17         0.0288       -384.383
        17         0.0291       -379.304
        17         0.0294       -374.191
        17         0.0297       -369.061
        17           0.03        -363.93
        17         0.0303        -358.81
        17         0.0306       -353.713
        17         0.0309       -348.648
        17         0.0312       -343.625
        17         0.0315        -338.65
        17         0.0318        -333.73
        17         0.0321       -328.871
        17         0.0324       -324.079
        17         0.0327       -319.357
        17          0.033        -314.71
        17         0.0333        -310.14
        17         0.0336       -305.651
        17         0.0339       -301.246
        17         0.0342       -296.926
        17         0.0345       -292.694
        17         0.0348       -288.552
        17         0.0351         -284.5
        17         0.0354       -280.539
        17         0.0357       -276.672
        17          0.036       -272.899
        17         0.0363       -269.221
        17         0.0366       -265.638
        17         0.0369        -262.15
        17         0.0372       -258.759
        17         0.0375       -255.464
        17         0.0378       -252.267
        17         0.0381       -249.166
        17         0.0384       -246.162
        17         0.0387       -243.256
        17          0.039       -240.446
        17         0.0393       -237.734
        17         0.0396       -235.119
        17         0.0399       -232.601
        17         0.0402        -230.18
        17         0.0405       -227.855
        17         0.0408       -225.628
        17         0.0411       -223.497
        17         0.0414       -221.462
        17         0.0417       -219.523
        17          0.042       -217.681
        17         0.0423       -215.934
        17         0.0426       -214.283
        17         0.0429       -212.727
        17         0.0432       -211.267
        17         0.0435       -209.902
        17         0.0438       -208.631
        17         0.0441       -207.456
        17         0.0444       -206.375
        17         0.0447       -205.389
        17          0.045       -204.497
        17         0.0453       -203.699
        17         0.0456       -202.995
        17         0.0459       -202.386
        17         0.0462        -201.87
        17         0.0465       -201.448
        17         0.0468        -201.12
        17         0.0471       -200.886
        17         0.0474       -200.746
        17         0.0477       -200.699
        18        -0.0315              0
        18        -0.0312              0
        18        -0.0309              0
        18        -0.0306              0
        18        -0.0303              0
        18          -0.03              0
        18        -0.0297       -5.73475
        18        -0.0294       -17.5424
        18        -0.0291       -29.4917
        18        -0.0288       -41.5382
        18        -0.0285       -53.6583
        18        -0.0282       -65.8331
        18        -0.0279       -78.0435
        18        -0.0276       -90.2687
        18        -0.0273       -102.485
        18         -0.027       -114.667
        18        -0.0267       -126.783
        18        -0.0264       -138.797
        18        -0.0261        -150.67
        18        -0.0258       -162.352
        18        -0.0255       -173.786
        18        -0.0252       -184.905
        18        -0.0249       -195.627
        18        -0.0246       -205.855
        18        -0.0243        -215.47
        18         -0.024       -224.328
        18        -0.0237       -232.249
        18        -0.0234       -239.009
        18        -0.0231       -244.323
        18        -0.0228       -247.826
        18        -0.0225        -249.04
        18        -0.0222       -247.323
        18        -0.0219       -241.794
        18        -0.0216       -231.204
        18        -0.0213       -213.703
        18         -0.021       -186.421
        18        -0.0207       -144.589
        18        -0.0204       -79.6197
        18        -0.0201              0
        18        -0.0198              0
        18        -0.0195              0
        18        -0.0192       -24.0534
        18        -0.0189       -239.254
        18        -0.0186       -404.404
        18        -0.0183       -543.282
        18         -0.018       -666.898
        18        -0.0177       -781.072
        18        -0.0174       -889.228
        18        -0.0171       -993.553
        18        -0.0168       -1095.55
        18        -0.0165       -1196.29
        18        -0.0162       -1296.62
        18        -0.0159        -1397.2
        18        -0.0156       -1498.56
        18        -0.0153       -1601.17
        18         -0.015       -1705.46
        18        -0.0147        -1811.8
        18        -0.0144       -1920.54
        18        -0.0141       -2032.04
        18        -0.0138       -2146.61
        18        -0.0135       -2264.61
        18        -0.0132       -2386.37
        18        -0.0129       -2512.24
        18        -0.0126        -2642.6
        18        -0.0123       -2777.82
        18         -0.012       -2918.32
        18        -0.0117       -3064.55
        18        -0.0114       -3216.98
        18        -0.0111       -3376.14
        18        -0.0108        -3542.6
        18        -0.0105       -3717.02
        18        -0.0102       -3900.09
        18        -0.0099       -4092.63
        18        -0.0096       -4295.54
        18        -0.0093       -4509.87
        18         -0.009       -4736.82
        18        -0.0087       -4977.78
        18        -0.0084       -5234.41
        18        -0.0081       -5508.67
        18        -0.0078       -5802.96
        18        -0.0075       -6120.19
        18        -0.0072       -6464.08
        18        -0.0069       -6839.38
        18        -0.0066       -7252.44
        18        -0.0063       -7712.01
        18         -0.006       -8230.88
        18        -0.0057       -8829.28
        18        -0.0054        -9544.8
        18        -0.0051         -10000
        18        -0.0048         -10000
        18        -0.0045         -10000
        18        -0.0042       -9988.56
        18        -0.0039       -9913.34
        18        -0.0036       -9849.58
        18        -0.0033       -9797.17
        18         -0.003       -9755.29
        18        -0.0027       -9722.68
        18        -0.0024       -9697.97
        18        -0.0021       -9679.86
        18        -0.0018       -9667.09
        18        -0.0015       -9658.54
        18        -0.0012       -9653.14
        18        -0.0009       -9649.97
        18        -0.0006       -9648.21
        18        -0.0003       -9647.22
        18              0       -9646.52
        18         0.0003       -9645.84
        18         0.0006       -9645.15
        18         0.0009       -9644.63
        18         0.0012       -9644.65
        18         0.0015       -9645.81
        18         0.0018       -9648.86
        18         0.0021       -9654.67
        18         0.0024       -9664.25
        18         0.0027       -9678.67
        18          0.003       -9699.13
        18         0.0033       -9726.86
        18         0.0036       -9763.19
        18         0.0039       -9809.43
        18         0.0042       -9866.69
        18         0.0045       -9935.57
        18         0.0048         -10000
        18         0.0051         -10000
        18         0.0054         -10000
        18         0.0057         -10000
        18          0.006       -9294.41
        18         0.0063       -8621.74
        18         0.0066       -8051.32
        18         0.0069        -7553.3
        18         0.0072       -7110.32
        18         0.0075       -6711.01
        18         0.0078       -6347.46
        18         0.0081       -6013.85
        18         0.0084       -5705.77
        18         0.0087       -5419.78
        18          0.009       -5153.12
        18         0.0093       -4903.52
        18         0.0096       -4669.12
        18         0.0099       -4448.35
        18         0.0102       -4239.86
        18         0.0105       -4042.48
        18         0.0108       -3855.23
        18         0.0111        -3677.2
        18         0.0114       -3507.62
        18         0.0117       -3345.79
        18          0.012       -3191.09
        18         0.0123       -3042.93
        18         0.0126        -2900.8
        18         0.0129       -2764.23
        18         0.0132       -2632.78
        18         0.0135       -2506.01
        18         0.0138       -2383.56
        18         0.0141       -2265.03
        18         0.0144       -2150.07
        18         0.0147       -2038.33
        18          0.015       -1929.44
        18         0.0153       -1823.06
        18         0.0156        -1718.8
        18         0.0159       -1616.29
        18         0.0162       -1515.09
        18         0.0165       -1414.73
        18         0.0168       -1314.67
        18         0.0171       -1214.27
        18         0.0174       -1112.72
        18         0.0177       -1009.03
        18          0.018       -901.837
        18         0.0183       -789.239
        18         0.0186       -668.411
        18         0.0189       -534.844
        18         0.0192       -380.683
        18         0.0195       -190.625
        18         0.0198              0
        18         0.0201              0
        18         0.0204              0
        18         0.0207       -20.5637
        18          0.021       -144.679
        18         0.0213       -226.526
        18         0.0216       -283.618
        18         0.0219        -324.89
        18         0.0222       -355.372
        18         0.0225        -378.13
        18         0.0228       -395.157
        18         0.0231       -407.814
        18         0.0234       -417.069
        18         0.0237       -423.633
        18          0.024       -428.037
        18         0.0243       -430.694
        18         0.0246       -431.923
        18         0.0249       -431.978
        18         0.0252       -431.066
        18         0.0255       -429.352
        18         0.0258       -426.972
        18         0.0261        -424.04
        18         0.0264       -420.649
        18         0.0267       -416.878
        18          0.027       -412.795
        18         0.0273       -408.455
        18         0.0276       -403.906
        18         0.0279        -399.19
        18         0.0282       -394.341
        18         0.0285       -389.391
        18         0.0288       -384.364
        18         0.0291       -379.285
        18         0.0294       -374.172
        18         0.0297       -369.042
        18           0.03       -363.911
        18         0.0303       -358.791
        18         0.0306       -353.693
        18         0.0309       -348.628
        18         0.0312       -343.604
        18         0.0315       -338.629
        18         0.0318       -333.709
        18         0.0321       -328.851
        18         0.0324       -324.058
        18         0.0327       -319.336
        18          0.033       -314.689
        18         0.0333       -310.119
        18         0.0336       -305.631
        18         0.0339       -301.226
        18         0.0342       -296.906
        18         0.0345       -292.674
        18         0.0348       -288.531
        18         0.0351       -284.479
        18         0.0354       -280.519
        18         0.0357       -276.653
        18          0.036        -272.88
        18         0.0363       -269.201
        18         0.0366       -265.618
        18         0.0369       -262.131
        18         0.0372        -258.74
        18         0.0375       -255.446
        18         0.0378       -252.248
        18         0.0381       -249.148
        18         0.0384       -246.144
        18         0.0387       -243.238
        18          0.039       -240.429
        18         0.0393       -237.717
        18         0.0396       -235.102
        18         0.0399       -232.585
        18         0.0402       -230.164
        18         0.0405        -227.84
        18         0.0408       -225.612
        18         0.0411       -223.482
        18         0.0414       -221.447
        18         0.0417       -219.509
        18          0.042       -217.667
        18         0.0423        -215.92
        18         0.0426       -214.269
        18         0.0429       -212.714
        18         0.0432       -211.254
        18         0.0435       -209.889
        18         0.0438       -208.619
        18         0.0441       -207.444
        18         0.0444       -206.363
        18         0.0447       -205.377
        18          0.045       -204.485
        18         0.0453       -203.687
        18         0.0456       -202.984
        18         0.0459       -202.374
        18         0.0462       -201.859
        18         0.0465       -201.437
        18         0.0468       -201.109
        18         0.0471       -200.875
        18         0.0474       -200.734
        18         0.0477       -200.688
        19        -0.0315              0
        19        -0.0312              0
        19        -0.0309              0
        19        -0.0306              0
        19        -0.0303              0
        19          -0.03              0
        19        -0.0297       -5.73472
        19        -0.0294       -17.5423
        19        -0.0291       -29.4915
        19        -0.0288        -41.538
        19        -0.0285       -53.6581
        19        -0.0282       -65.8328
        19        -0.0279       -78.0431
        19        -0.0276       -90.2683
        19        -0.0273       -102.485
        19         -0.027       -114.666
        19        -0.0267       -126.782
        19        -0.0264       -138.797
        19        -0.0261        -150.67
        19        -0.0258       -162.352
        19        -0.0255       -173.786
        19        -0.0252       -184.905
        19        -0.0249       -195.627
        19        -0.0246       -205.855
        19        -0.0243       -215.471
        19         -0.024       -224.329
        19        -0.0237        -232.25
        19        -0.0234        -239.01
        19        -0.0231       -244.325
        19        -0.0228       -247.828
        19        -0.0225       -249.042
        19        -0.0222       -247.326
        19        -0.0219       -241.797
        19        -0.0216       -231.207
        19        -0.0213       -213.707
        19         -0.021       -186.424
        19        -0.0207       -144.592
        19        -0.0204       -79.6216
        19        -0.0201              0
        19        -0.0198              0
        19        -0.0195              0
        19        -0.0192       -24.0542
        19        -0.0189       -239.262
        19        -0.0186       -404.417
        19        -0.0183       -543.298
        19         -0.018       -666.917
        19        -0.0177       -781.095
        19        -0.0174       -889.253
        19        -0.0171        -993.58
        19        -0.0168       -1095.57
        19        -0.0165       -1196.32
        19        -0.0162       -1296.65
        19        -0.0159       -1397.23
        19        -0.0156       -1498.58
        19        -0.0153        -1601.2
        19         -0.015       -1705.48
        19        -0.0147       -1811.81
        19        -0.0144       -1920.55
        19        -0.0141       -2032.04
        19        -0.0138       -2146.61
        19        -0.0135        -2264.6
        19        -0.0132       -2386.34
        19        -0.0129        -2512.2
        19        -0.0126       -2642.54
        19        -0.0123       -2777.75
        19         -0.012       -2918.23
        19        -0.0117       -3064.44
        19        -0.0114       -3216.85
        19        -0.0111       -3375.99
        19        -0.0108       -3542.44
        19        -0.0105       -3716.84
        19        -0.0102        -3899.9
        19        -0.0099       -4092.43
        19        -0.0096       -4295.34
        19        -0.0093       -4509.67
        19         -0.009       -4736.63
        19        -0.0087       -4977.61
        19        -0.0084       -5234.26
        19        -0.0081       -5508.55
        19        -0.0078       -5802.86
        19        -0.0075       -6120.14
        19        -0.0072       -6464.06
        19        -0.0069       -6839.39
        19        -0.0066       -7252.48
        19        -0.0063       -7712.07
        19         -0.006       -8230.95
        19        -0.0057       -8829.35
        19        -0.0054       -9544.83
        19        -0.0051         -10000
        19        -0.0048         -10000
        19        -0.0045         -10000
        19        -0.0042       -9988.56
        19        -0.0039       -9913.41
        19        -0.0036       -9849.67
        19        -0.0033       -9797.26
        19         -0.003       -9755.37
        19        -0.0027       -9722.74
        19        -0.0024       -9698.01
        19        -0.0021       -9679.88
        19        -0.0018        -9667.1
        19        -0.0015       -9658.54
        19        -0.0012       -9653.14
        19        -0.0009       -9649.98
        19        -0.0006       -9648.23
        19        -0.0003       -9647.26
        19              0       -9646.58
        19         0.0003       -9645.94
        19         0.0006       -9645.28
        19         0.0009       -9644.79
        19         0.0012       -9644.85
        19         0.0015       -9646.05
        19         0.0018       -9649.14
        19         0.0021       -9654.98
        19         0.0024       -9664.59
        19         0.0027       -9679.04
        19          0.003        -9699.5
        19         0.0033       -9727.23
        19         0.0036       -9763.54
        19         0.0039       -9809.72
        19         0.0042       -9866.91
        19         0.0045       -9935.67
        19         0.0048         -10000
        19         0.0051         -10000
        19         0.0054         -10000
        19         0.0057         -10000
        19          0.006       -9294.54
        19         0.0063       -8621.97
        19         0.0066       -8051.61
        19         0.0069       -7553.61
        19         0.0072       -7110.62
        19         0.0075       -6711.29
        19         0.0078       -6347.69
        19         0.0081       -6014.03
        19         0.0084       -5705.89
        19         0.0087       -5419.84
        19          0.009       -5153.11
        19         0.0093       -4903.46
        19         0.0096       -4669.02
        19         0.0099       -4448.21
        19         0.0102       -4239.68
        19         0.0105       -4042.29
        19         0.0108       -3855.02
        19         0.0111       -3676.99
        19         0.0114        -3507.4
        19         0.0117       -3345.58
        19          0.012       -3190.87
        19         0.0123       -3042.73
        19         0.0126       -2900.61
        19         0.0129       -2764.06
        19         0.0132       -2632.61
        19         0.0135       -2505.86
        19         0.0138       -2383.42
        19         0.0141       -2264.91
        19         0.0144       -2149.96
        19         0.0147       -2038.23
        19          0.015       -1929.36
        19         0.0153       -1822.99
        19         0.0156       -1718.75
        19         0.0159       -1616.24
        19         0.0162       -1515.05
        19         0.0165        -1414.7
        19         0.0168       -1314.65
        19         0.0171       -1214.25
        19         0.0174       -1112.71
        19         0.0177       -1009.03
        19          0.018       -901.835
        19         0.0183       -789.239
        19         0.0186       -668.413
        19         0.0189       -534.847
        19         0.0192       -380.686
        19         0.0195       -190.627
        19         0.0198              0
        19         0.0201              0
        19         0.0204              0
        19         0.0207       -20.5643
        19          0.021       -144.683
        19         0.0213       -226.532
        19         0.0216       -283.624
        19         0.0219       -324.898
        19         0.0222        -355.38
        19         0.0225       -378.137
        19         0.0228       -395.163
        19         0.0231        -407.82
        19         0.0234       -417.075
        19         0.0237       -423.637
        19          0.024       -428.041
        19         0.0243       -430.696
        19         0.0246       -431.924
        19         0.0249       -431.979
        19         0.0252       -431.065
        19         0.0255        -429.35
        19         0.0258       -426.969
        19         0.0261       -424.035
        19         0.0264       -420.643
        19         0.0267       -416.872
        19          0.027       -412.788
        19         0.0273       -408.446
        19         0.0276       -403.897
        19         0.0279        -399.18
        19         0.0282        -394.33
        19         0.0285       -389.379
        19         0.0288       -384.352
        19         0.0291       -379.272
        19         0.0294       -374.158
        19         0.0297       -369.028
        19           0.03       -363.896
        19         0.0303       -358.775
        19         0.0306       -353.678
        19         0.0309       -348.612
        19         0.0312       -343.588
        19         0.0315       -338.613
        19         0.0318       -333.693
        19         0.0321       -328.834
        19         0.0324       -324.041
        19         0.0327       -319.319
        19          0.033       -314.671
        19         0.0333       -310.102
        19         0.0336       -305.613
        19         0.0339       -301.208
        19         0.0342       -296.888
        19         0.0345       -292.656
        19         0.0348       -288.513
        19         0.0351       -284.462
        19         0.0354       -280.502
        19         0.0357       -276.635
        19          0.036       -272.862
        19         0.0363       -269.184
        19         0.0366       -265.601
        19         0.0369       -262.114
        19         0.0372       -258.723
        19         0.0375       -255.429
        19         0.0378       -252.232
        19         0.0381       -249.131
        19         0.0384       -246.128
        19         0.0387       -243.222
        19          0.039       -240.413
        19         0.0393       -237.701
        19         0.0396       -235.087
        19         0.0399       -232.569
        19         0.0402       -230.149
        19         0.0405       -227.825
        19         0.0408       -225.598
        19         0.0411       -223.467
        19         0.0414       -221.433
        19         0.0417       -219.495
        19          0.042       -217.653
        19         0.0423       -215.907
        19         0.0426       -214.256
        19         0.0429       -212.701
        19         0.0432       -211.241
        19         0.0435       -209.876
        19         0.0438       -208.606
        19         0.0441       -207.431
        19         0.0444       -206.351
        19         0.0447       -205.365
        19          0.045       -204.473
        19         0.0453       -203.675
        19         0.0456       -202.972
        19         0.0459       -202.363
        19         0.0462       -201.847
        19         0.0465       -201.425
        19         0.0468       -201.098
        19         0.0471       -200.863
        19         0.0474       -200.723
        19         0.0477       -200.676
        20        -0.0315              0
        20        -0.0312              0
        20        -0.0309              0
        20        -0.0306              0
        20        -0.0303              0
        20          -0.03              0
        20        -0.0297       -5.73481
        20        -0.0294       -17.5426
        20        -0.0291        -29.492
        20        -0.0288       -41.5386
        20        -0.0285       -53.6589
        20        -0.0282       -65.8339
        20        -0.0279       -78.0444
        20        -0.0276       -90.2698
        20        -0.0273       -102.487
        20         -0.027       -114.668
        20        -0.0267       -126.784
        20        -0.0264         -138.8
        20        -0.0261       -150.672
        20        -0.0258       -162.355
        20        -0.0255       -173.789
        20        -0.0252       -184.908
        20        -0.0249       -195.631
        20        -0.0246       -205.859
        20        -0.0243       -215.475
        20         -0.024       -224.333
        20        -0.0237       -232.254
        20        -0.0234       -239.014
        20        -0.0231       -244.329
        20        -0.0228       -247.832
        20        -0.0225       -249.046
        20        -0.0222       -247.329
        20        -0.0219         -241.8
        20        -0.0216        -231.21
        20        -0.0213       -213.709
        20         -0.021       -186.426
        20        -0.0207       -144.592
        20        -0.0204       -79.6219
        20        -0.0201              0
        20        -0.0198              0
        20        -0.0195              0
        20        -0.0192       -24.0538
        20        -0.0189       -239.257
        20        -0.0186       -404.409
        20        -0.0183       -543.287
        20         -0.018       -666.903
        20        -0.0177       -781.078
        20        -0.0174       -889.233
        20        -0.0171       -993.557
        20        -0.0168       -1095.55
        20        -0.0165       -1196.29
        20        -0.0162       -1296.62
        20        -0.0159       -1397.19
        20        -0.0156       -1498.55
        20        -0.0153       -1601.16
        20         -0.015       -1705.44
        20        -0.0147       -1811.77
        20        -0.0144       -1920.51
        20        -0.0141          -2032
        20        -0.0138       -2146.57
        20        -0.0135       -2264.56
        20        -0.0132       -2386.31
        20        -0.0129       -2512.18
        20        -0.0126       -2642.52
        20        -0.0123       -2777.74
        20         -0.012       -2918.23
        20        -0.0117       -3064.45
        20        -0.0114       -3216.87
        20        -0.0111       -3376.03
        20        -0.0108        -3542.5
        20        -0.0105       -3716.91
        20        -0.0102          -3900
        20        -0.0099       -4092.55
        20        -0.0096       -4295.48
        20        -0.0093       -4509.84
        20         -0.009       -4736.83
        20        -0.0087       -4977.83
        20        -0.0084       -5234.51
        20        -0.0081       -5508.83
        20        -0.0078       -5803.17
        20        -0.0075       -6120.47
        20        -0.0072       -6464.41
        20        -0.0069       -6839.75
        20        -0.0066       -7252.84
        20        -0.0063       -7712.41
        20         -0.006       -8231.25
        20        -0.0057       -8829.56
        20        -0.0054       -9544.92
        20        -0.0051         -10000
        20        -0.0048         -10000
        20        -0.0045         -10000
        20        -0.0042       -9988.58
        20        -0.0039        -9913.5
        20        -0.0036       -9849.83
        20        -0.0033       -9797.47
        20         -0.003       -9755.61
        20        -0.0027       -9722.99
        20        -0.0024       -9698.27
        20        -0.0021       -9680.14
        20        -0.0018       -9667.35
        20        -0.0015       -9658.76
        20        -0.0012       -9653.34
        20        -0.0009       -9650.14
        20        -0.0006       -9648.35
        20        -0.0003       -9647.33
        20              0        -9646.6
        20         0.0003        -9645.9
        20         0.0006       -9645.18
        20         0.0009       -9644.62
        20         0.0012       -9644.61
        20         0.0015       -9645.74
        20         0.0018       -9648.75
        20         0.0021       -9654.54
        20         0.0024       -9664.09
        20         0.0027        -9678.5
        20          0.003       -9698.94
        20         0.0033       -9726.67
        20         0.0036       -9763.01
        20         0.0039       -9809.26
        20         0.0042       -9866.57
        20         0.0045        -9935.5
        20         0.0048         -10000
        20         0.0051         -10000
        20         0.0054         -10000
        20         0.0057         -10000
        20          0.006        -9294.4
        20         0.0063       -8621.75
        20         0.0066       -8051.36
        20         0.0069       -7553.37
        20         0.0072       -7110.42
        20         0.0075       -6711.14
        20         0.0078       -6347.62
        20         0.0081       -6014.02
        20         0.0084       -5705.96
        20         0.0087       -5419.96
        20          0.009       -5153.29
        20         0.0093       -4903.68
        20         0.0096       -4669.26
        20         0.0099       -4448.46
        20         0.0102       -4239.94
        20         0.0105       -4042.54
        20         0.0108       -3855.25
        20         0.0111        -3677.2
        20         0.0114       -3507.59
        20         0.0117       -3345.74
        20          0.012       -3191.01
        20         0.0123       -3042.83
        20         0.0126       -2900.69
        20         0.0129       -2764.11
        20         0.0132       -2632.65
        20         0.0135       -2505.88
        20         0.0138       -2383.42
        20         0.0141       -2264.89
        20         0.0144       -2149.94
        20         0.0147        -2038.2
        20          0.015       -1929.32
        20         0.0153       -1822.94
        20         0.0156       -1718.69
        20         0.0159       -1616.19
        20         0.0162       -1514.99
        20         0.0165       -1414.65
        20         0.0168        -1314.6
        20         0.0171        -1214.2
        20         0.0174       -1112.67
        20         0.0177       -1008.98
        20          0.018       -901.795
        20         0.0183       -789.204
        20         0.0186       -668.384
        20         0.0189       -534.824
        20         0.0192       -380.669
        20         0.0195       -190.619
        20         0.0198              0
        20         0.0201              0
        20         0.0204              0
        20         0.0207        -20.564
        20          0.021       -144.681
        20         0.0213       -226.529
        20         0.0216       -283.621
        20         0.0219       -324.894
        20         0.0222       -355.376
        20         0.0225       -378.134
        20         0.0228       -395.161
        20         0.0231       -407.818
        20         0.0234       -417.073
        20         0.0237       -423.635
        20          0.024       -428.039
        20         0.0243       -430.695
        20         0.0246       -431.923
        20         0.0249       -431.977
        20         0.0252       -431.064
        20         0.0255       -429.348
        20         0.0258       -426.967
        20         0.0261       -424.033
        20         0.0264       -420.641
        20         0.0267       -416.869
        20          0.027       -412.784
        20         0.0273       -408.442
        20         0.0276       -403.892
        20         0.0279       -399.175
        20         0.0282       -394.325
        20         0.0285       -389.373
        20         0.0288       -384.345
        20         0.0291       -379.264
        20         0.0294        -374.15
        20         0.0297       -369.019
        20           0.03       -363.887
        20         0.0303       -358.766
        20         0.0306       -353.668
        20         0.0309       -348.602
        20         0.0312       -343.577
        20         0.0315       -338.601
        20         0.0318       -333.681
        20         0.0321       -328.821
        20         0.0324       -324.028
        20         0.0327       -319.306
        20          0.033       -314.658
        20         0.0333       -310.088
        20         0.0336       -305.599
        20         0.0339       -301.194
        20         0.0342       -296.874
        20         0.0345       -292.642
        20         0.0348       -288.499
        20         0.0351       -284.447
        20         0.0354       -280.487
        20         0.0357        -276.62
        20          0.036       -272.847
        20         0.0363       -269.169
        20         0.0366       -265.586
        20         0.0369       -262.099
        20         0.0372       -258.708
        20         0.0375       -255.414
        20         0.0378       -252.217
        20         0.0381       -249.117
        20         0.0384       -246.114
        20         0.0387       -243.207
        20          0.039       -240.399
        20         0.0393       -237.687
        20         0.0396       -235.073
        20         0.0399       -232.555
        20         0.0402       -230.135
        20         0.0405       -227.811
        20         0.0408       -225.584
        20         0.0411       -223.454
        20         0.0414       -221.419
        20         0.0417       -219.481
        20          0.042        -217.64
        20         0.0423       -215.893
        20         0.0426       -214.243
        20         0.0429       -212.688
        20         0.0432       -211.228
        20         0.0435       -209.863
        20         0.0438       -208.594
        20         0.0441       -207.419
        20         0.0444       -206.338
        20         0.0447       -205.352
        20          0.045       -204.461
        20         0.0453       -203.663
        20         0.0456        -202.96
        20         0.0459       -202.351
        20         0.0462       -201.835
        20         0.0465       -201.414
        20         0.0468       -201.086
        20         0.0471       -200.852
        20         0.0474       -200.711
        20         0.0477       -200.664
