# iteration    r (m)    potential (V)
         1        -0.0315       -36.9298
         1        -0.0312        -36.948
         1        -0.0309       -37.0027
         1        -0.0306       -37.0941
         1        -0.0303       -37.2225
         1          -0.03       -37.3882
         1        -0.0297       -37.5917
         1        -0.0294       -37.8335
         1        -0.0291       -38.1145
         1        -0.0288       -38.4354
         1        -0.0285       -38.7972
         1        -0.0282       -39.2009
         1        -0.0279       -39.6478
         1        -0.0276       -40.1393
         1        -0.0273       -40.6768
         1         -0.027        -41.262
         1        -0.0267       -41.8967
         1        -0.0264       -42.5829
         1        -0.0261       -43.3228
         1        -0.0258       -44.1188
         1        -0.0255       -44.9735
         1        -0.0252       -45.8896
         1        -0.0249       -46.8701
         1        -0.0246       -47.9184
         1        -0.0243       -49.0378
         1         -0.024       -50.2323
         1        -0.0237       -51.5058
         1        -0.0234       -52.8628
         1        -0.0231       -54.3078
         1        -0.0228       -55.8459
         1        -0.0225       -57.4823
         1        -0.0222       -59.2226
         1        -0.0219        -61.073
         1        -0.0216       -63.0396
         1        -0.0213       -65.1293
         1         -0.021       -67.3491
         1        -0.0207       -69.7064
         1        -0.0204       -72.2091
         1        -0.0201       -74.8654
         1        -0.0198       -77.6838
         1        -0.0195       -80.6734
         1        -0.0192       -83.8433
         1        -0.0189       -87.2034
         1        -0.0186       -90.7636
         1        -0.0183       -94.5345
         1         -0.018       -98.5268
         1        -0.0177       -102.752
         1        -0.0174       -107.221
         1        -0.0171       -111.947
         1        -0.0168       -116.943
         1        -0.0165       -122.221
         1        -0.0162       -127.795
         1        -0.0159       -133.679
         1        -0.0156        -139.89
         1        -0.0153       -146.444
         1         -0.015       -153.357
         1        -0.0147       -160.649
         1        -0.0144       -168.339
         1        -0.0141        -176.45
         1        -0.0138       -185.003
         1        -0.0135       -194.026
         1        -0.0132       -203.546
         1        -0.0129       -213.593
         1        -0.0126       -224.203
         1        -0.0123       -235.412
         1         -0.012       -247.263
         1        -0.0117       -259.802
         1        -0.0114       -273.083
         1        -0.0111       -287.163
         1        -0.0108       -302.111
         1        -0.0105       -318.001
         1        -0.0102        -334.92
         1        -0.0099       -352.968
         1        -0.0096       -372.259
         1        -0.0093       -392.926
         1         -0.009       -415.124
         1        -0.0087       -439.037
         1        -0.0084       -464.882
         1        -0.0081       -492.922
         1        -0.0078       -523.477
         1        -0.0075       -556.942
         1        -0.0072       -593.815
         1        -0.0069       -634.733
         1        -0.0066       -680.541
         1        -0.0063       -732.383
         1         -0.006       -791.899
         1        -0.0057       -861.601
         1        -0.0054       -946.001
         1        -0.0051          -1000
         1        -0.0048          -1000
         1        -0.0045          -1000
         1        -0.0042       -997.787
         1        -0.0039        -983.23
         1        -0.0036       -970.822
         1        -0.0033       -960.558
         1         -0.003       -952.305
         1        -0.0027       -945.851
         1        -0.0024       -940.952
         1        -0.0021       -937.366
         1        -0.0018       -934.859
         1        -0.0015       -933.209
         1        -0.0012       -932.209
         1        -0.0009       -931.673
         1        -0.0006       -931.436
         1        -0.0003       -931.365
         1              0       -931.361
         1         0.0003       -931.364
         1         0.0006        -931.36
         1         0.0009       -931.379
         1         0.0012       -931.493
         1         0.0015       -931.813
         1         0.0018       -932.484
         1         0.0021       -933.678
         1         0.0024       -935.589
         1         0.0027       -938.428
         1          0.003       -942.422
         1         0.0033       -947.807
         1         0.0036       -954.827
         1         0.0039       -963.717
         1         0.0042        -974.67
         1         0.0045       -987.778
         1         0.0048          -1000
         1         0.0051          -1000
         1         0.0054          -1000
         1         0.0057          -1000
         1          0.006       -916.459
         1         0.0063       -837.484
         1         0.0066       -771.399
         1         0.0069       -714.584
         1         0.0072       -664.862
         1         0.0075       -620.772
         1         0.0078       -581.274
         1         0.0081       -545.598
         1         0.0084       -513.154
         1         0.0087       -483.482
         1          0.009       -456.212
         1         0.0093       -431.045
         1         0.0096       -407.734
         1         0.0099       -386.074
         1         0.0102       -365.891
         1         0.0105       -347.038
         1         0.0108       -329.388
         1         0.0111       -312.832
         1         0.0114       -297.276
         1         0.0117       -282.637
         1          0.012       -268.842
         1         0.0123       -255.827
         1         0.0126       -243.535
         1         0.0129       -231.916
         1         0.0132       -220.925
         1         0.0135        -210.52
         1         0.0138       -200.667
         1         0.0141       -191.331
         1         0.0144       -182.483
         1         0.0147       -174.096
         1          0.015       -166.145
         1         0.0153       -158.607
         1         0.0156       -151.461
         1         0.0159       -144.689
         1         0.0162        -138.27
         1         0.0165       -132.189
         1         0.0168        -126.43
         1         0.0171       -120.978
         1         0.0174       -115.818
         1         0.0177       -110.936
         1          0.018       -106.321
         1         0.0183       -101.958
         1         0.0186       -97.8369
         1         0.0189       -93.9455
         1         0.0192       -90.2726
         1         0.0195       -86.8077
         1         0.0198       -83.5404
         1         0.0201       -80.4608
         1         0.0204       -77.5593
         1         0.0207       -74.8268
         1          0.021       -72.2544
         1         0.0213       -69.8338
         1         0.0216       -67.5568
         1         0.0219       -65.4158
         1         0.0222       -63.4034
         1         0.0225       -61.5128
         1         0.0228       -59.7374
         1         0.0231       -58.0709
         1         0.0234       -56.5076
         1         0.0237        -55.042
         1          0.024       -53.6688
         1         0.0243       -52.3833
         1         0.0246       -51.1809
         1         0.0249       -50.0576
         1         0.0252       -49.0092
         1         0.0255       -48.0323
         1         0.0258       -47.1234
         1         0.0261       -46.2794
         1         0.0264       -45.4976
         1         0.0267       -44.7751
         1          0.027       -44.1097
         1         0.0273       -43.4991
         1         0.0276       -42.9412
         1         0.0279       -42.4343
         1         0.0282       -41.9768
         1         0.0285       -41.5671
         1         0.0288       -41.2039
         1         0.0291       -40.8861
         1         0.0294       -40.6126
         1         0.0297       -40.3827
         1           0.03       -40.1955
         1         0.0303       -40.0505
         1         0.0306       -39.9473
         1         0.0309       -39.8855
         1         0.0312       -39.8649
         2        -0.0315       -690.214
         2        -0.0312       -690.332
         2        -0.0309       -690.688
         2        -0.0306       -691.281
         2        -0.0303       -692.113
         2          -0.03       -693.187
         2        -0.0297       -694.505
         2        -0.0294        -696.07
         2        -0.0291       -697.888
         2        -0.0288       -699.962
         2        -0.0285       -702.299
         2        -0.0282       -704.905
         2        -0.0279       -707.787
         2        -0.0276       -710.955
         2        -0.0273       -714.417
         2         -0.027       -718.184
         2        -0.0267       -722.269
         2        -0.0264       -726.684
         2        -0.0261       -731.444
         2        -0.0258       -736.566
         2        -0.0255       -742.066
         2        -0.0252       -747.965
         2        -0.0249       -754.284
         2        -0.0246       -761.045
         2        -0.0243       -768.275
         2         -0.024       -776.001
         2        -0.0237       -784.251
         2        -0.0234       -793.058
         2        -0.0231       -802.455
         2        -0.0228       -812.478
         2        -0.0225       -823.165
         2        -0.0222       -834.558
         2        -0.0219       -846.697
         2        -0.0216       -859.628
         2        -0.0213       -873.396
         2         -0.021       -888.048
         2        -0.0207       -903.633
         2        -0.0204       -920.199
         2        -0.0201       -937.796
         2        -0.0198       -956.473
         2        -0.0195       -976.277
         2        -0.0192       -997.255
         2        -0.0189       -1019.45
         2        -0.0186       -1042.91
         2        -0.0183       -1067.66
         2         -0.018       -1093.74
         2        -0.0177       -1121.19
         2        -0.0174       -1150.01
         2        -0.0171       -1180.23
         2        -0.0168       -1211.85
         2        -0.0165       -1244.88
         2        -0.0162        -1279.3
         2        -0.0159       -1315.11
         2        -0.0156       -1352.26
         2        -0.0153       -1390.72
         2         -0.015       -1430.45
         2        -0.0147       -1471.38
         2        -0.0144       -1513.44
         2        -0.0141       -1556.54
         2        -0.0138       -1600.58
         2        -0.0135       -1645.44
         2        -0.0132       -1690.99
         2        -0.0129       -1737.07
         2        -0.0126       -1783.52
         2        -0.0123       -1830.14
         2         -0.012       -1876.69
         2        -0.0117       -1922.92
         2        -0.0114       -1968.54
         2        -0.0111       -2013.21
         2        -0.0108       -2056.55
         2        -0.0105        -2098.1
         2        -0.0102       -2137.35
         2        -0.0099       -2173.68
         2        -0.0096       -2206.39
         2        -0.0093       -2234.62
         2         -0.009       -2257.39
         2        -0.0087       -2273.49
         2        -0.0084       -2281.48
         2        -0.0081       -2279.61
         2        -0.0078       -2265.75
         2        -0.0075       -2237.25
         2        -0.0072       -2190.85
         2        -0.0069       -2122.42
         2        -0.0066       -2026.73
         2        -0.0063       -1897.07
         2         -0.006       -1724.64
         2        -0.0057       -1497.64
         2        -0.0054       -1198.38
         2        -0.0051          -1000
         2        -0.0048          -1000
         2        -0.0045          -1000
         2        -0.0042       -1029.12
         2        -0.0039       -1220.96
         2        -0.0036       -1385.84
         2        -0.0033       -1523.55
         2         -0.003       -1635.19
         2        -0.0027       -1723.03
         2        -0.0024       -1789.85
         2        -0.0021       -1838.61
         2        -0.0018       -1872.31
         2        -0.0015       -1893.89
         2        -0.0012       -1906.15
         2        -0.0009       -1911.69
         2        -0.0006       -1912.82
         2        -0.0003       -1911.45
         2              0       -1909.04
         2         0.0003       -1906.49
         2         0.0006       -1904.09
         2         0.0009       -1901.55
         2         0.0012       -1897.94
         2         0.0015       -1891.83
         2         0.0018       -1881.29
         2         0.0021       -1864.04
         2         0.0024       -1837.48
         2         0.0027       -1798.85
         2          0.003       -1745.21
         2         0.0033       -1673.59
         2         0.0036       -1581.07
         2         0.0039       -1464.98
         2         0.0042       -1323.36
         2         0.0045       -1155.51
         2         0.0048          -1000
         2         0.0051          -1000
         2         0.0054          -1000
         2         0.0057          -1000
         2          0.006       -1285.92
         2         0.0063        -1541.1
         2         0.0066       -1734.24
         2         0.0069        -1879.6
         2         0.0072       -1987.36
         2         0.0075       -2065.21
         2         0.0078       -2119.09
         2         0.0081       -2153.61
         2         0.0084       -2172.43
         2         0.0087       -2178.44
         2          0.009       -2173.99
         2         0.0093       -2160.98
         2         0.0096       -2140.96
         2         0.0099        -2115.2
         2         0.0102       -2084.78
         2         0.0105       -2050.58
         2         0.0108       -2013.35
         2         0.0111       -1973.72
         2         0.0114       -1932.22
         2         0.0117       -1889.33
         2          0.012       -1845.42
         2         0.0123       -1800.86
         2         0.0126       -1755.92
         2         0.0129       -1710.88
         2         0.0132       -1665.95
         2         0.0135       -1621.33
         2         0.0138       -1577.19
         2         0.0141       -1533.68
         2         0.0144       -1490.94
         2         0.0147       -1449.08
         2          0.015        -1408.2
         2         0.0153       -1368.38
         2         0.0156       -1329.69
         2         0.0159       -1292.21
         2         0.0162       -1255.97
         2         0.0165       -1221.02
         2         0.0168       -1187.38
         2         0.0171       -1155.08
         2         0.0174       -1124.12
         2         0.0177       -1094.51
         2          0.018       -1066.24
         2         0.0183        -1039.3
         2         0.0186       -1013.68
         2         0.0189       -989.342
         2         0.0192       -966.265
         2         0.0195       -944.413
         2         0.0198       -923.749
         2         0.0201       -904.234
         2         0.0204       -885.824
         2         0.0207       -868.475
         2          0.021       -852.142
         2         0.0213       -836.779
         2         0.0216        -822.34
         2         0.0219       -808.779
         2         0.0222       -796.052
         2         0.0225       -784.115
         2         0.0228       -772.925
         2         0.0231       -762.443
         2         0.0234       -752.628
         2         0.0237       -743.444
         2          0.024       -734.857
         2         0.0243       -726.832
         2         0.0246        -719.34
         2         0.0249       -712.351
         2         0.0252       -705.838
         2         0.0255       -699.778
         2         0.0258       -694.146
         2         0.0261       -688.922
         2         0.0264       -684.086
         2         0.0267       -679.621
         2          0.027       -675.511
         2         0.0273       -671.741
         2         0.0276       -668.298
         2         0.0279       -665.171
         2         0.0282       -662.348
         2         0.0285        -659.82
         2         0.0288       -657.579
         2         0.0291       -655.618
         2         0.0294       -653.931
         2         0.0297       -652.512
         2           0.03       -651.357
         2         0.0303       -650.462
         2         0.0306       -649.825
         2         0.0309       -649.443
         2         0.0312       -649.316
         3        -0.0315       -177.069
         3        -0.0312       -177.113
         3        -0.0309       -177.245
         3        -0.0306       -177.464
         3        -0.0303        -177.77
         3          -0.03       -178.161
         3        -0.0297       -178.637
         3        -0.0294         -179.2
         3        -0.0291        -179.85
         3        -0.0288       -180.589
         3        -0.0285       -181.418
         3        -0.0282       -182.336
         3        -0.0279       -183.348
         3        -0.0276       -184.453
         3        -0.0273       -185.655
         3         -0.027       -186.957
         3        -0.0267        -188.36
         3        -0.0264       -189.869
         3        -0.0261       -191.488
         3        -0.0258       -193.219
         3        -0.0255       -195.066
         3        -0.0252       -197.036
         3        -0.0249       -199.132
         3        -0.0246       -201.362
         3        -0.0243       -203.732
         3         -0.024        -206.25
         3        -0.0237       -208.924
         3        -0.0234        -211.76
         3        -0.0231       -214.768
         3        -0.0228       -217.958
         3        -0.0225       -221.341
         3        -0.0222       -224.927
         3        -0.0219        -228.73
         3        -0.0216       -232.759
         3        -0.0213       -237.027
         3         -0.021       -241.546
         3        -0.0207       -246.331
         3        -0.0204       -251.399
         3        -0.0201       -256.765
         3        -0.0198       -262.445
         3        -0.0195       -268.457
         3        -0.0192       -274.818
         3        -0.0189       -281.545
         3        -0.0186       -288.655
         3        -0.0183       -296.167
         3         -0.018       -304.095
         3        -0.0177       -312.456
         3        -0.0174       -321.267
         3        -0.0171       -330.545
         3        -0.0168       -340.307
         3        -0.0165       -350.568
         3        -0.0162       -361.348
         3        -0.0159       -372.671
         3        -0.0156       -384.563
         3        -0.0153       -397.046
         3         -0.015       -410.139
         3        -0.0147       -423.858
         3        -0.0144       -438.224
         3        -0.0141       -453.249
         3        -0.0138       -468.948
         3        -0.0135       -485.342
         3        -0.0132       -502.467
         3        -0.0129       -520.357
         3        -0.0126       -539.036
         3        -0.0123       -558.491
         3         -0.012       -578.728
         3        -0.0117       -599.762
         3        -0.0114       -621.621
         3        -0.0111       -644.314
         3        -0.0108       -667.823
         3        -0.0105       -692.111
         3        -0.0102       -717.177
         3        -0.0099       -742.953
         3        -0.0096       -769.424
         3        -0.0093       -796.493
         3         -0.009       -824.012
         3        -0.0087       -851.433
         3        -0.0084       -878.615
         3        -0.0081       -905.364
         3        -0.0078       -930.859
         3        -0.0075       -954.079
         3        -0.0072       -974.928
         3        -0.0069        -993.23
         3        -0.0066       -1008.22
         3        -0.0063       -1018.85
         3         -0.006       -1023.72
         3        -0.0057        -1021.3
         3        -0.0054       -1009.84
         3        -0.0051          -1000
         3        -0.0048          -1000
         3        -0.0045          -1000
         3        -0.0042       -1040.29
         3        -0.0039       -1293.06
         3        -0.0036       -1505.44
         3        -0.0033       -1682.95
         3         -0.003       -1836.44
         3        -0.0027        -1963.8
         3        -0.0024       -2071.25
         3        -0.0021       -2160.28
         3        -0.0018       -2233.95
         3        -0.0015        -2294.2
         3        -0.0012       -2340.93
         3        -0.0009       -2378.16
         3        -0.0006       -2407.38
         3        -0.0003       -2427.32
         3              0       -2438.41
         3         0.0003       -2441.74
         3         0.0006       -2437.71
         3         0.0009       -2426.08
         3         0.0012       -2405.92
         3         0.0015       -2375.95
         3         0.0018       -2336.73
         3         0.0021       -2286.58
         3         0.0024       -2220.89
         3         0.0027       -2140.98
         3          0.003       -2046.19
         3         0.0033       -1930.42
         3         0.0036       -1795.53
         3         0.0039       -1633.79
         3         0.0042       -1444.21
         3         0.0045       -1218.14
         3         0.0048          -1000
         3         0.0051          -1000
         3         0.0054          -1000
         3         0.0057          -1000
         3          0.006       -1011.76
         3         0.0063        -1017.5
         3         0.0066       -1015.56
         3         0.0069       -1007.22
         3         0.0072       -994.163
         3         0.0075        -977.86
         3         0.0078       -958.935
         3         0.0081       -937.881
         3         0.0084        -915.26
         3         0.0087       -891.438
         3          0.009       -866.677
         3         0.0093       -841.283
         3         0.0096       -815.713
         3         0.0099       -790.261
         3         0.0102       -765.078
         3         0.0105       -740.244
         3         0.0108       -715.816
         3         0.0111        -691.99
         3         0.0114       -668.889
         3         0.0117       -646.514
         3          0.012       -624.815
         3         0.0123        -603.79
         3         0.0126       -583.477
         3         0.0129       -563.905
         3         0.0132       -545.082
         3         0.0135       -526.994
         3         0.0138       -509.624
         3         0.0141       -492.952
         3         0.0144       -476.964
         3         0.0147       -461.651
         3          0.015       -446.994
         3         0.0153       -432.974
         3         0.0156       -419.575
         3         0.0159       -406.771
         3         0.0162        -394.53
         3         0.0165       -382.825
         3         0.0168       -371.654
         3         0.0171       -361.008
         3         0.0174       -350.871
         3         0.0177       -341.223
         3          0.018       -332.055
         3         0.0183       -323.355
         3         0.0186       -315.109
         3         0.0189       -307.298
         3         0.0192       -299.901
         3         0.0195       -292.898
         3         0.0198       -286.271
         3         0.0201       -280.004
         3         0.0204       -274.082
         3         0.0207       -268.486
         3          0.021       -263.199
         3         0.0213       -258.206
         3         0.0216       -253.494
         3         0.0219       -249.048
         3         0.0222       -244.855
         3         0.0225       -240.903
         3         0.0228       -237.179
         3         0.0231        -233.67
         3         0.0234       -230.365
         3         0.0237       -227.253
         3          0.024       -224.322
         3         0.0243       -221.564
         3         0.0246       -218.971
         3         0.0249       -216.536
         3         0.0252        -214.25
         3         0.0255       -212.108
         3         0.0258       -210.102
         3         0.0261       -208.229
         3         0.0264       -206.483
         3         0.0267        -204.86
         3          0.027       -203.356
         3         0.0273       -201.966
         3         0.0276       -200.688
         3         0.0279       -199.518
         3         0.0282       -198.455
         3         0.0285       -197.495
         3         0.0288       -196.639
         3         0.0291       -195.885
         3         0.0294       -195.231
         3         0.0297       -194.677
         3           0.03       -194.224
         3         0.0303       -193.869
         3         0.0306       -193.613
         3         0.0309       -193.459
         3         0.0312       -193.407
         4        -0.0315       -640.106
         4        -0.0312       -640.194
         4        -0.0309       -640.458
         4        -0.0306       -640.895
         4        -0.0303       -641.505
         4          -0.03       -642.286
         4        -0.0297       -643.239
         4        -0.0294       -644.366
         4        -0.0291       -645.666
         4        -0.0288       -647.143
         4        -0.0285       -648.799
         4        -0.0282       -650.637
         4        -0.0279       -652.662
         4        -0.0276       -654.878
         4        -0.0273       -657.292
         4         -0.027       -659.908
         4        -0.0267       -662.735
         4        -0.0264       -665.782
         4        -0.0261       -669.056
         4        -0.0258       -672.569
         4        -0.0255       -676.332
         4        -0.0252       -680.358
         4        -0.0249       -684.661
         4        -0.0246       -689.256
         4        -0.0243        -694.16
         4         -0.024       -699.392
         4        -0.0237       -704.971
         4        -0.0234       -710.918
         4        -0.0231       -717.257
         4        -0.0228       -724.012
         4        -0.0225       -731.209
         4        -0.0222       -738.877
         4        -0.0219       -747.043
         4        -0.0216       -755.738
         4        -0.0213       -764.993
         4         -0.021       -774.842
         4        -0.0207       -785.317
         4        -0.0204       -796.453
         4        -0.0201       -808.285
         4        -0.0198       -820.847
         4        -0.0195       -834.173
         4        -0.0192       -848.295
         4        -0.0189       -863.245
         4        -0.0186       -879.055
         4        -0.0183       -895.755
         4         -0.018        -913.37
         4        -0.0177       -931.925
         4        -0.0174       -951.438
         4        -0.0171       -971.924
         4        -0.0168       -993.392
         4        -0.0165       -1015.85
         4        -0.0162       -1039.29
         4        -0.0159       -1063.72
         4        -0.0156       -1089.11
         4        -0.0153       -1115.45
         4         -0.015       -1142.72
         4        -0.0147       -1170.88
         4        -0.0144        -1199.9
         4        -0.0141       -1229.73
         4        -0.0138       -1260.31
         4        -0.0135       -1291.59
         4        -0.0132       -1323.48
         4        -0.0129       -1355.91
         4        -0.0126       -1388.77
         4        -0.0123       -1421.96
         4         -0.012       -1455.35
         4        -0.0117       -1488.78
         4        -0.0114       -1522.09
         4        -0.0111        -1555.1
         4        -0.0108       -1587.56
         4        -0.0105       -1619.24
         4        -0.0102       -1649.84
         4        -0.0099       -1678.99
         4        -0.0096       -1706.25
         4        -0.0093       -1731.09
         4         -0.009       -1752.88
         4        -0.0087       -1770.84
         4        -0.0084       -1784.14
         4        -0.0081       -1791.73
         4        -0.0078       -1792.21
         4        -0.0075        -1783.7
         4        -0.0072       -1763.95
         4        -0.0069       -1730.06
         4        -0.0066       -1678.08
         4        -0.0063       -1602.46
         4         -0.006       -1495.49
         4        -0.0057       -1346.79
         4        -0.0054       -1140.13
         4        -0.0051          -1000
         4        -0.0048          -1000
         4        -0.0045          -1000
         4        -0.0042       -1012.06
         4        -0.0039       -1091.33
         4        -0.0036       -1158.89
         4        -0.0033       -1214.77
         4         -0.003        -1259.7
         4        -0.0027       -1294.82
         4        -0.0024       -1321.43
         4        -0.0021       -1340.85
         4        -0.0018       -1354.35
         4        -0.0015       -1363.12
         4        -0.0012        -1368.3
         4        -0.0009        -1370.9
         4        -0.0006       -1371.82
         4        -0.0003       -1371.81
         4              0       -1371.42
         4         0.0003       -1370.98
         4         0.0006       -1370.59
         4         0.0009        -1370.1
         4         0.0012       -1369.13
         4         0.0015        -1367.1
         4         0.0018       -1363.24
         4         0.0021       -1356.62
         4         0.0024        -1346.2
         4         0.0027       -1330.83
         4          0.003       -1309.31
         4         0.0033       -1280.36
         4         0.0036       -1242.65
         4         0.0039       -1194.92
         4         0.0042       -1136.11
         4         0.0045        -1065.7
         4         0.0048          -1000
         4         0.0051          -1000
         4         0.0054          -1000
         4         0.0057          -1000
         4          0.006       -1215.83
         4         0.0063       -1401.88
         4         0.0066       -1535.75
         4         0.0069       -1631.93
         4         0.0072       -1699.74
         4         0.0075       -1745.89
         4         0.0078       -1775.21
         4         0.0081       -1791.23
         4         0.0084       -1796.69
         4         0.0087       -1793.66
         4          0.009       -1783.84
         4         0.0093       -1768.69
         4         0.0096       -1749.29
         4         0.0099       -1726.47
         4         0.0102       -1700.91
         4         0.0105       -1673.19
         4         0.0108       -1643.78
         4         0.0111       -1613.08
         4         0.0114        -1581.4
         4         0.0117       -1549.03
         4          0.012       -1516.22
         4         0.0123       -1483.17
         4         0.0126       -1450.06
         4         0.0129       -1417.04
         4         0.0132       -1384.26
         4         0.0135       -1351.84
         4         0.0138       -1319.91
         4         0.0141       -1288.54
         4         0.0144       -1257.82
         4         0.0147       -1227.81
         4          0.015       -1198.58
         4         0.0153       -1170.18
         4         0.0156       -1142.65
         4         0.0159       -1116.02
         4         0.0162       -1090.33
         4         0.0165        -1065.6
         4         0.0168       -1041.83
         4         0.0171       -1019.05
         4         0.0174       -997.241
         4         0.0177       -976.412
         4          0.018       -956.552
         4         0.0183       -937.652
         4         0.0186       -919.696
         4         0.0189       -902.664
         4         0.0192       -886.533
         4         0.0195       -871.278
         4         0.0198       -856.869
         4         0.0201       -843.274
         4         0.0204       -830.462
         4         0.0207         -818.4
         4          0.021       -807.054
         4         0.0213       -796.389
         4         0.0216        -786.37
         4         0.0219       -776.965
         4         0.0222       -768.141
         4         0.0225       -759.867
         4         0.0228       -752.112
         4         0.0231       -744.845
         4         0.0234       -738.039
         4         0.0237       -731.667
         4          0.024       -725.705
         4         0.0243       -720.128
         4         0.0246       -714.915
         4         0.0249       -710.045
         4         0.0252         -705.5
         4         0.0255       -701.262
         4         0.0258       -697.315
         4         0.0261       -693.645
         4         0.0264       -690.239
         4         0.0267       -687.084
         4          0.027        -684.17
         4         0.0273       -681.488
         4         0.0276       -679.031
         4         0.0279       -676.789
         4         0.0282       -674.758
         4         0.0285       -672.932
         4         0.0288       -671.305
         4         0.0291       -669.876
         4         0.0294       -668.641
         4         0.0297       -667.596
         4           0.03       -666.742
         4         0.0303       -666.076
         4         0.0306       -665.599
         4         0.0309       -665.311
         4         0.0312       -665.215
         5        -0.0315       -122.231
         5        -0.0312       -122.275
         5        -0.0309       -122.407
         5        -0.0306       -122.626
         5        -0.0303       -122.932
         5          -0.03       -123.326
         5        -0.0297       -123.808
         5        -0.0294       -124.379
         5        -0.0291        -125.04
         5        -0.0288       -125.792
         5        -0.0285       -126.637
         5        -0.0282       -127.576
         5        -0.0279       -128.612
         5        -0.0276       -129.746
         5        -0.0273       -130.983
         5         -0.027       -132.325
         5        -0.0267       -133.775
         5        -0.0264       -135.339
         5        -0.0261       -137.019
         5        -0.0258       -138.822
         5        -0.0255       -140.752
         5        -0.0252       -142.815
         5        -0.0249       -145.016
         5        -0.0246       -147.362
         5        -0.0243       -149.862
         5         -0.024       -152.522
         5        -0.0237       -155.353
         5        -0.0234       -158.363
         5        -0.0231       -161.563
         5        -0.0228       -164.962
         5        -0.0225       -168.572
         5        -0.0222       -172.404
         5        -0.0219       -176.471
         5        -0.0216       -180.786
         5        -0.0213       -185.363
         5         -0.021       -190.218
         5        -0.0207       -195.366
         5        -0.0204       -200.822
         5        -0.0201       -206.605
         5        -0.0198        -212.73
         5        -0.0195       -219.215
         5        -0.0192       -226.081
         5        -0.0189       -233.347
         5        -0.0186       -241.034
         5        -0.0183       -249.164
         5         -0.018       -257.756
         5        -0.0177       -266.831
         5        -0.0174        -276.41
         5        -0.0171       -286.519
         5        -0.0168       -297.179
         5        -0.0165       -308.416
         5        -0.0162       -320.255
         5        -0.0159       -332.722
         5        -0.0156       -345.841
         5        -0.0153       -359.638
         5         -0.015        -374.14
         5        -0.0147       -389.373
         5        -0.0144       -405.365
         5        -0.0141       -422.145
         5        -0.0138       -439.747
         5        -0.0135       -458.211
         5        -0.0132       -477.579
         5        -0.0129       -497.894
         5        -0.0126       -519.199
         5        -0.0123        -541.53
         5         -0.012        -564.93
         5        -0.0117       -589.446
         5        -0.0114       -615.121
         5        -0.0111       -642.001
         5        -0.0108       -670.146
         5        -0.0105       -699.592
         5        -0.0102       -730.372
         5        -0.0099       -762.528
         5        -0.0096       -796.071
         5        -0.0093       -830.973
         5         -0.009        -867.29
         5        -0.0087       -905.042
         5        -0.0084       -944.027
         5        -0.0081       -984.112
         5        -0.0078       -1025.25
         5        -0.0075        -1067.3
         5        -0.0072       -1109.94
         5        -0.0069       -1152.74
         5        -0.0066       -1183.89
         5        -0.0063       -1190.08
         5         -0.006       -1172.33
         5        -0.0057       -1129.24
         5        -0.0054       -1054.75
         5        -0.0051          -1000
         5        -0.0048          -1000
         5        -0.0045          -1000
         5        -0.0042       -1091.93
         5        -0.0039       -1669.48
         5        -0.0036       -2150.64
         5        -0.0033       -2551.55
         5         -0.003       -2890.28
         5        -0.0027        -3179.6
         5        -0.0024       -3424.47
         5        -0.0021       -3634.61
         5        -0.0018       -3806.54
         5        -0.0015       -3953.21
         5        -0.0012       -4072.58
         5        -0.0009       -4168.09
         5        -0.0006       -4245.64
         5        -0.0003        -4302.8
         5              0       -4339.05
         5         0.0003       -4354.46
         5         0.0006       -4345.69
         5         0.0009        -4313.6
         5         0.0012       -4257.89
         5         0.0015       -4175.56
         5         0.0018       -4070.32
         5         0.0021       -3942.78
         5         0.0024       -3784.23
         5         0.0027       -3598.49
         5          0.003       -3377.61
         5         0.0033       -3115.86
         5         0.0036       -2810.08
         5         0.0039       -2445.16
         5         0.0042       -2016.69
         5         0.0045       -1497.63
         5         0.0048          -1000
         5         0.0051          -1000
         5         0.0054          -1000
         5         0.0057          -1000
         5          0.006       -1090.29
         5         0.0063        -1160.9
         5         0.0066        -1201.1
         5         0.0069       -1215.97
         5         0.0072       -1206.89
         5         0.0075       -1174.74
         5         0.0078       -1131.69
         5         0.0081       -1088.07
         5         0.0084       -1045.63
         5         0.0087       -1004.43
         5          0.009       -964.612
         5         0.0093       -926.078
         5         0.0096       -888.805
         5         0.0099       -852.859
         5         0.0102       -818.213
         5         0.0105       -784.824
         5         0.0108       -752.698
         5         0.0111       -721.847
         5         0.0114        -692.25
         5         0.0117       -663.887
         5          0.012       -636.743
         5         0.0123       -610.786
         5         0.0126        -585.97
         5         0.0129       -562.248
         5         0.0132       -539.578
         5         0.0135       -517.917
         5         0.0138       -497.226
         5         0.0141       -477.467
         5         0.0144        -458.61
         5         0.0147       -440.627
         5          0.015       -423.489
         5         0.0153       -407.159
         5         0.0156        -391.61
         5         0.0159       -376.815
         5         0.0162       -362.741
         5         0.0165       -349.356
         5         0.0168       -336.632
         5         0.0171       -324.545
         5         0.0174       -313.071
         5         0.0177       -302.188
         5          0.018       -291.871
         5         0.0183       -282.099
         5         0.0186       -272.849
         5         0.0189       -264.099
         5         0.0192       -255.828
         5         0.0195       -248.013
         5         0.0198       -240.634
         5         0.0201       -233.668
         5         0.0204       -227.098
         5         0.0207       -220.903
         5          0.021       -215.065
         5         0.0213       -209.565
         5         0.0216       -204.385
         5         0.0219       -199.508
         5         0.0222       -194.918
         5         0.0225       -190.598
         5         0.0228       -186.536
         5         0.0231       -182.718
         5         0.0234       -179.128
         5         0.0237       -175.755
         5          0.024       -172.587
         5         0.0243       -169.616
         5         0.0246       -166.832
         5         0.0249       -164.225
         5         0.0252       -161.785
         5         0.0255       -159.507
         5         0.0258       -157.381
         5         0.0261       -155.403
         5         0.0264       -153.564
         5         0.0267       -151.861
         5          0.027       -150.287
         5         0.0273       -148.837
         5         0.0276       -147.507
         5         0.0279       -146.292
         5         0.0282       -145.191
         5         0.0285         -144.2
         5         0.0288       -143.319
         5         0.0291       -142.544
         5         0.0294       -141.873
         5         0.0297       -141.306
         5           0.03       -140.842
         5         0.0303       -140.481
         5         0.0306       -140.223
         5         0.0309       -140.067
         5         0.0312       -140.016
         6        -0.0315       -531.395
         6        -0.0312       -531.462
         6        -0.0309       -531.662
         6        -0.0306       -531.995
         6        -0.0303        -532.46
         6          -0.03       -533.058
         6        -0.0297       -533.788
         6        -0.0294       -534.652
         6        -0.0291       -535.649
         6        -0.0288       -536.782
         6        -0.0285       -538.053
         6        -0.0282       -539.463
         6        -0.0279       -541.016
         6        -0.0276       -542.715
         6        -0.0273       -544.565
         6         -0.027        -546.57
         6        -0.0267       -548.734
         6        -0.0264       -551.066
         6        -0.0261       -553.571
         6        -0.0258       -556.258
         6        -0.0255       -559.136
         6        -0.0252       -562.215
         6        -0.0249       -565.506
         6        -0.0246        -569.02
         6        -0.0243       -572.771
         6         -0.024       -576.774
         6        -0.0237       -581.044
         6        -0.0234       -585.599
         6        -0.0231       -590.456
         6        -0.0228       -595.637
         6        -0.0225       -601.162
         6        -0.0222       -607.051
         6        -0.0219       -613.329
         6        -0.0216       -620.019
         6        -0.0213       -627.147
         6         -0.021       -634.739
         6        -0.0207       -642.822
         6        -0.0204       -651.422
         6        -0.0201       -660.569
         6        -0.0198       -670.291
         6        -0.0195       -680.617
         6        -0.0192       -691.572
         6        -0.0189       -703.183
         6        -0.0186       -715.474
         6        -0.0183       -728.469
         6         -0.018       -742.188
         6        -0.0177       -756.651
         6        -0.0174       -771.874
         6        -0.0171        -787.87
         6        -0.0168       -804.646
         6        -0.0165       -822.208
         6        -0.0162       -840.557
         6        -0.0159       -859.691
         6        -0.0156       -879.605
         6        -0.0153        -900.29
         6         -0.015       -921.729
         6        -0.0147         -943.9
         6        -0.0144       -966.774
         6        -0.0141       -990.316
         6        -0.0138       -1014.49
         6        -0.0135       -1039.25
         6        -0.0132       -1064.55
         6        -0.0129       -1090.34
         6        -0.0126       -1116.53
         6        -0.0123       -1143.06
         6         -0.012       -1169.84
         6        -0.0117       -1196.76
         6        -0.0114        -1223.7
         6        -0.0111       -1250.51
         6        -0.0108       -1277.05
         6        -0.0105       -1303.16
         6        -0.0102       -1328.65
         6        -0.0099       -1353.28
         6        -0.0096       -1376.71
         6        -0.0093       -1398.61
         6         -0.009       -1418.52
         6        -0.0087       -1435.97
         6        -0.0084       -1450.37
         6        -0.0081       -1460.99
         6        -0.0078       -1466.94
         6        -0.0075       -1467.07
         6        -0.0072       -1459.87
         6        -0.0069       -1443.52
         6        -0.0066       -1415.59
         6        -0.0063       -1372.41
         6         -0.006       -1308.96
         6        -0.0057       -1218.56
         6        -0.0054       -1089.81
         6        -0.0051          -1000
         6        -0.0048          -1000
         6        -0.0045          -1000
         6        -0.0042       -1008.27
         6        -0.0039       -1062.64
         6        -0.0036       -1108.96
         6        -0.0033       -1147.27
         6         -0.003       -1178.06
         6        -0.0027       -1202.14
         6        -0.0024       -1220.39
         6        -0.0021       -1233.72
         6        -0.0018          -1243
         6        -0.0015       -1249.06
         6        -0.0012       -1252.68
         6        -0.0009       -1254.54
         6        -0.0006       -1255.28
         6        -0.0003       -1255.39
         6              0       -1255.24
         6         0.0003       -1255.08
         6         0.0006       -1254.95
         6         0.0009       -1254.75
         6         0.0012       -1254.22
         6         0.0015       -1252.96
         6         0.0018       -1250.41
         6         0.0021       -1245.96
         6         0.0024       -1238.86
         6         0.0027       -1228.34
         6          0.003       -1213.55
         6         0.0033        -1193.6
         6         0.0036       -1167.59
         6         0.0039       -1134.64
         6         0.0042       -1094.02
         6         0.0045       -1045.38
         6         0.0048          -1000
         6         0.0051          -1000
         6         0.0054          -1000
         6         0.0057          -1000
         6          0.006       -1135.84
         6         0.0063        -1249.8
         6         0.0066       -1329.82
         6         0.0069       -1384.71
         6         0.0072       -1421.28
         6         0.0075       -1444.07
         6         0.0078       -1456.26
         6         0.0081       -1460.11
         6         0.0084       -1457.32
         6         0.0087       -1449.24
         6          0.009        -1436.9
         6         0.0093       -1421.15
         6         0.0096       -1402.66
         6         0.0099       -1381.95
         6         0.0102       -1359.47
         6         0.0105        -1335.6
         6         0.0108       -1310.67
         6         0.0111       -1284.97
         6         0.0114       -1258.73
         6         0.0117       -1232.13
         6          0.012       -1205.34
         6         0.0123        -1178.5
         6         0.0126       -1151.74
         6         0.0129       -1125.17
         6         0.0132       -1098.88
         6         0.0135       -1072.95
         6         0.0138       -1047.46
         6         0.0141       -1022.48
         6         0.0144       -998.067
         6         0.0147       -974.262
         6          0.015       -951.107
         6         0.0153       -928.636
         6         0.0156       -906.878
         6         0.0159       -885.857
         6         0.0162       -865.592
         6         0.0165       -846.099
         6         0.0168       -827.391
         6         0.0171       -809.474
         6         0.0174       -792.348
         6         0.0177       -776.009
         6          0.018       -760.446
         6         0.0183        -745.65
         6         0.0186       -731.604
         6         0.0189       -718.294
         6         0.0192       -705.697
         6         0.0195       -693.793
         6         0.0198       -682.558
         6         0.0201       -671.968
         6         0.0204       -661.996
         6         0.0207       -652.617
         6          0.021       -643.802
         6         0.0213       -635.524
         6         0.0216       -627.756
         6         0.0219       -620.471
         6         0.0222       -613.643
         6         0.0225       -607.245
         6         0.0228       -601.253
         6         0.0231       -595.642
         6         0.0234       -590.391
         6         0.0237       -585.477
         6          0.024        -580.88
         6         0.0243       -576.581
         6         0.0246       -572.564
         6         0.0249       -568.813
         6         0.0252       -565.312
         6         0.0255       -562.049
         6         0.0258       -559.011
         6         0.0261       -556.186
         6         0.0264       -553.564
         6         0.0267       -551.136
         6          0.027       -548.892
         6         0.0273       -546.827
         6         0.0276       -544.933
         6         0.0279       -543.206
         6         0.0282        -541.64
         6         0.0285       -540.232
         6         0.0288       -538.978
         6         0.0291       -537.875
         6         0.0294       -536.922
         6         0.0297       -536.116
         6           0.03       -535.457
         6         0.0303       -534.944
         6         0.0306       -534.577
         6         0.0309       -534.355
         6         0.0312       -534.282
         7        -0.0315       -168.997
         7        -0.0312        -169.05
         7        -0.0309       -169.207
         7        -0.0306       -169.469
         7        -0.0303       -169.834
         7          -0.03       -170.303
         7        -0.0297       -170.876
         7        -0.0294       -171.553
         7        -0.0291       -172.336
         7        -0.0288       -173.225
         7        -0.0285       -174.222
         7        -0.0282       -175.329
         7        -0.0279       -176.548
         7        -0.0276       -177.882
         7        -0.0273       -179.334
         7         -0.027       -180.908
         7        -0.0267        -182.61
         7        -0.0264       -184.442
         7        -0.0261        -186.41
         7        -0.0258        -188.52
         7        -0.0255       -190.777
         7        -0.0252       -193.187
         7        -0.0249       -195.758
         7        -0.0246       -198.498
         7        -0.0243       -201.416
         7         -0.024       -204.521
         7        -0.0237       -207.823
         7        -0.0234       -211.333
         7        -0.0231       -215.062
         7        -0.0228       -219.023
         7        -0.0225       -223.229
         7        -0.0222       -227.694
         7        -0.0219       -232.431
         7        -0.0216       -237.458
         7        -0.0213       -242.791
         7         -0.021       -248.445
         7        -0.0207       -254.441
         7        -0.0204       -260.795
         7        -0.0201       -267.529
         7        -0.0198       -274.662
         7        -0.0195       -282.215
         7        -0.0192        -290.21
         7        -0.0189       -298.669
         7        -0.0186       -307.614
         7        -0.0183       -317.066
         7         -0.018       -327.049
         7        -0.0177       -337.587
         7        -0.0174       -348.705
         7        -0.0171       -360.428
         7        -0.0168       -372.781
         7        -0.0165       -385.788
         7        -0.0162       -399.475
         7        -0.0159       -413.864
         7        -0.0156       -428.982
         7        -0.0153       -444.857
         7         -0.015       -461.515
         7        -0.0147       -478.986
         7        -0.0144       -497.295
         7        -0.0141        -516.47
         7        -0.0138       -536.545
         7        -0.0135       -557.548
         7        -0.0132       -579.508
         7        -0.0129       -602.457
         7        -0.0126       -626.426
         7        -0.0123       -651.456
         7         -0.012       -677.587
         7        -0.0117       -704.869
         7        -0.0114       -733.339
         7        -0.0111       -763.037
         7        -0.0108       -793.973
         7        -0.0105        -826.17
         7        -0.0102       -859.628
         7        -0.0099       -894.331
         7        -0.0096       -930.243
         7        -0.0093       -967.385
         7         -0.009       -1005.74
         7        -0.0087       -1045.29
         7        -0.0084       -1085.96
         7        -0.0081       -1127.62
         7        -0.0078       -1170.07
         7        -0.0075       -1212.98
         7        -0.0072       -1255.38
         7        -0.0069       -1287.45
         7        -0.0066       -1296.74
         7        -0.0063       -1283.65
         7         -0.006       -1246.99
         7        -0.0057        -1180.6
         7        -0.0054       -1075.09
         7        -0.0051          -1000
         7        -0.0048          -1000
         7        -0.0045          -1000
         7        -0.0042       -1106.73
         7        -0.0039       -1776.61
         7        -0.0036       -2337.76
         7        -0.0033       -2804.64
         7         -0.003       -3200.27
         7        -0.0027       -3535.62
         7        -0.0024       -3817.49
         7        -0.0021       -4060.13
         7        -0.0018       -4256.12
         7        -0.0015       -4420.34
         7        -0.0012        -4551.8
         7        -0.0009       -4652.45
         7        -0.0006       -4730.76
         7        -0.0003       -4786.17
         7              0       -4816.69
         7         0.0003        -4824.5
         7         0.0006       -4810.63
         7         0.0009       -4774.57
         7         0.0012       -4714.34
         7         0.0015       -4626.83
         7         0.0018       -4514.37
         7         0.0021       -4372.63
         7         0.0024       -4191.85
         7         0.0027       -3980.06
         7          0.003       -3728.31
         7         0.0033       -3426.75
         7         0.0036       -3073.55
         7         0.0039        -2650.4
         7         0.0042       -2159.01
         7         0.0045        -1566.5
         7         0.0048          -1000
         7         0.0051          -1000
         7         0.0054          -1000
         7         0.0057          -1000
         7          0.006       -1120.64
         7         0.0063       -1217.74
         7         0.0066       -1278.31
         7         0.0069       -1309.89
         7         0.0072       -1317.53
         7         0.0075       -1303.32
         7         0.0078       -1269.28
         7         0.0081       -1226.55
         7         0.0084       -1183.02
         7         0.0087       -1140.22
         7          0.009        -1098.4
         7         0.0093       -1057.67
         7         0.0096          -1018
         7         0.0099       -979.451
         7         0.0102       -942.114
         7         0.0105       -906.046
         7         0.0108       -871.199
         7         0.0111       -837.571
         7         0.0114       -805.217
         7         0.0117       -774.129
         7          0.012       -744.296
         7         0.0123       -715.685
         7         0.0126       -688.266
         7         0.0129       -661.999
         7         0.0132       -636.844
         7         0.0135       -612.754
         7         0.0138       -589.689
         7         0.0141       -567.625
         7         0.0144        -546.52
         7         0.0147       -526.339
         7          0.015       -507.055
         7         0.0153       -488.645
         7         0.0156       -471.083
         7         0.0159       -454.339
         7         0.0162       -438.389
         7         0.0165       -423.207
         7         0.0168       -408.768
         7         0.0171       -395.043
         7         0.0174       -382.006
         7         0.0177       -369.633
         7          0.018       -357.898
         7         0.0183       -346.775
         7         0.0186       -336.239
         7         0.0189       -326.264
         7         0.0192       -316.829
         7         0.0195       -307.909
         7         0.0198       -299.483
         7         0.0201       -291.525
         7         0.0204       -284.012
         7         0.0207       -276.923
         7          0.021        -270.24
         7         0.0213       -263.942
         7         0.0216       -258.009
         7         0.0219       -252.423
         7         0.0222       -247.162
         7         0.0225       -242.212
         7         0.0228       -237.556
         7         0.0231       -233.178
         7         0.0234       -229.063
         7         0.0237       -225.198
         7          0.024       -221.569
         7         0.0243       -218.165
         7         0.0246       -214.974
         7         0.0249       -211.986
         7         0.0252       -209.189
         7         0.0255       -206.576
         7         0.0258       -204.137
         7         0.0261       -201.865
         7         0.0264       -199.752
         7         0.0267       -197.793
         7          0.027       -195.982
         7         0.0273       -194.313
         7         0.0276       -192.783
         7         0.0279       -191.386
         7         0.0282        -190.12
         7         0.0285       -188.981
         7         0.0288       -187.967
         7         0.0291       -187.076
         7         0.0294       -186.306
         7         0.0297       -185.656
         7           0.03       -185.125
         7         0.0303       -184.711
         7         0.0306       -184.416
         7         0.0309       -184.238
         7         0.0312       -184.179
         8        -0.0315       -491.138
         8        -0.0312       -491.203
         8        -0.0309       -491.395
         8        -0.0306       -491.716
         8        -0.0303       -492.165
         8          -0.03       -492.741
         8        -0.0297       -493.445
         8        -0.0294       -494.277
         8        -0.0291       -495.239
         8        -0.0288       -496.331
         8        -0.0285       -497.555
         8        -0.0282       -498.915
         8        -0.0279       -500.412
         8        -0.0276       -502.049
         8        -0.0273       -503.832
         8         -0.027       -505.765
         8        -0.0267       -507.853
         8        -0.0264       -510.101
         8        -0.0261       -512.517
         8        -0.0258       -515.109
         8        -0.0255       -517.885
         8        -0.0252       -520.854
         8        -0.0249       -524.026
         8        -0.0246       -527.414
         8        -0.0243       -531.031
         8         -0.024       -534.889
         8        -0.0237       -539.003
         8        -0.0234       -543.391
         8        -0.0231       -548.067
         8        -0.0228       -553.051
         8        -0.0225       -558.363
         8        -0.0222       -564.022
         8        -0.0219       -570.052
         8        -0.0216       -576.476
         8        -0.0213       -583.318
         8         -0.021       -590.604
         8        -0.0207       -598.357
         8        -0.0204       -606.606
         8        -0.0201       -615.375
         8        -0.0198       -624.692
         8        -0.0195       -634.583
         8        -0.0192       -645.074
         8        -0.0189       -656.191
         8        -0.0186       -667.955
         8        -0.0183       -680.389
         8         -0.018       -693.515
         8        -0.0177       -707.353
         8        -0.0174       -721.918
         8        -0.0171       -737.224
         8        -0.0168       -753.279
         8        -0.0165       -770.087
         8        -0.0162       -787.649
         8        -0.0159       -805.966
         8        -0.0156       -825.032
         8        -0.0153       -844.836
         8         -0.015       -865.365
         8        -0.0147       -886.601
         8        -0.0144       -908.523
         8        -0.0141       -931.106
         8        -0.0138       -954.317
         8        -0.0135       -978.112
         8        -0.0132       -1002.45
         8        -0.0129       -1027.27
         8        -0.0126       -1052.52
         8        -0.0123       -1078.12
         8         -0.012          -1104
         8        -0.0117       -1130.08
         8        -0.0114       -1156.24
         8        -0.0111       -1182.34
         8        -0.0108       -1208.27
         8        -0.0105       -1233.85
         8        -0.0102       -1258.91
         8        -0.0099       -1283.21
         8        -0.0096       -1306.49
         8        -0.0093       -1328.43
         8         -0.009       -1348.69
         8        -0.0087       -1366.81
         8        -0.0084       -1382.24
         8        -0.0081       -1394.32
         8        -0.0078        -1402.2
         8        -0.0075       -1404.84
         8        -0.0072       -1400.71
         8        -0.0069       -1388.05
         8        -0.0066       -1364.74
         8        -0.0063       -1327.72
         8         -0.006       -1272.75
         8        -0.0057       -1193.57
         8        -0.0054       -1079.86
         8        -0.0051          -1000
         8        -0.0048          -1000
         8        -0.0045          -1000
         8        -0.0042       -1007.56
         8        -0.0039       -1057.24
         8        -0.0036       -1099.58
         8        -0.0033        -1134.6
         8         -0.003       -1162.77
         8        -0.0027       -1184.79
         8        -0.0024       -1201.51
         8        -0.0021       -1213.74
         8        -0.0018       -1222.27
         8        -0.0015       -1227.87
         8        -0.0012       -1231.24
         8        -0.0009       -1233.02
         8        -0.0006       -1233.76
         8        -0.0003       -1233.93
         8              0       -1233.87
         8         0.0003       -1233.79
         8         0.0006       -1233.75
         8         0.0009       -1233.63
         8         0.0012       -1233.21
         8         0.0015        -1232.1
         8         0.0018       -1229.81
         8         0.0021       -1225.76
         8         0.0024       -1219.28
         8         0.0027       -1209.65
         8          0.003       -1196.09
         8         0.0033       -1177.79
         8         0.0036       -1153.92
         8         0.0039       -1123.66
         8         0.0042       -1086.36
         8         0.0045       -1041.69
         8         0.0048          -1000
         8         0.0051          -1000
         8         0.0054          -1000
         8         0.0057          -1000
         8          0.006        -1121.6
         8         0.0063        -1222.8
         8         0.0066       -1293.13
         8         0.0069       -1341.74
         8         0.0072       -1373.69
         8         0.0075       -1392.72
         8         0.0078       -1401.81
         8         0.0081       -1403.21
         8         0.0084       -1398.52
         8         0.0087       -1388.91
         8          0.009       -1375.38
         8         0.0093       -1358.76
         8         0.0096       -1339.67
         8         0.0099       -1318.61
         8         0.0102       -1296.03
         8         0.0105       -1272.27
         8         0.0108       -1247.63
         8         0.0111       -1222.36
         8         0.0114       -1196.66
         8         0.0117        -1170.7
         8          0.012       -1144.63
         8         0.0123       -1118.57
         8         0.0126       -1092.63
         8         0.0129       -1066.91
         8         0.0132       -1041.51
         8         0.0135       -1016.49
         8         0.0138       -991.924
         8         0.0141       -967.862
         8         0.0144       -944.356
         8         0.0147       -921.451
         8          0.015       -899.186
         8         0.0153       -877.592
         8         0.0156       -856.694
         8         0.0159       -836.511
         8         0.0162       -817.062
         8         0.0165       -798.354
         8         0.0168       -780.399
         8         0.0171       -763.199
         8         0.0174       -746.758
         8         0.0177       -731.073
         8          0.018       -716.137
         8         0.0183       -701.938
         8         0.0186       -688.461
         8         0.0189        -675.69
         8         0.0192       -663.605
         8         0.0195       -652.184
         8         0.0198       -641.406
         8         0.0201       -631.247
         8         0.0204       -621.682
         8         0.0207       -612.684
         8          0.021       -604.226
         8         0.0213       -596.282
         8         0.0216       -588.826
         8         0.0219       -581.834
         8         0.0222       -575.279
         8         0.0225       -569.136
         8         0.0228       -563.383
         8         0.0231       -557.996
         8         0.0234       -552.953
         8         0.0237       -548.234
         8          0.024        -543.82
         8         0.0243       -539.694
         8         0.0246       -535.839
         8         0.0249       -532.238
         8         0.0252       -528.878
         8         0.0255       -525.746
         8         0.0258       -522.831
         8         0.0261        -520.12
         8         0.0264       -517.605
         8         0.0267       -515.275
         8          0.027       -513.124
         8         0.0273       -511.145
         8         0.0276       -509.332
         8         0.0279       -507.678
         8         0.0282        -506.18
         8         0.0285       -504.834
         8         0.0288       -503.635
         8         0.0291       -502.581
         8         0.0294       -501.671
         8         0.0297       -500.901
         8           0.03       -500.272
         8         0.0303       -499.783
         8         0.0306       -499.433
         8         0.0309       -499.222
         8         0.0312       -499.152
         9        -0.0315       -182.193
         9        -0.0312       -182.246
         9        -0.0309       -182.406
         9        -0.0306       -182.672
         9        -0.0303       -183.046
         9          -0.03       -183.527
         9        -0.0297       -184.115
         9        -0.0294       -184.813
         9        -0.0291       -185.619
         9        -0.0288       -186.536
         9        -0.0285       -187.566
         9        -0.0282        -188.71
         9        -0.0279       -189.971
         9        -0.0276       -191.353
         9        -0.0273       -192.857
         9         -0.027       -194.489
         9        -0.0267       -196.252
         9        -0.0264       -198.151
         9        -0.0261       -200.191
         9        -0.0258       -202.379
         9        -0.0255       -204.719
         9        -0.0252        -207.22
         9        -0.0249       -209.889
         9        -0.0246       -212.735
         9        -0.0243       -215.765
         9         -0.024        -218.99
         9        -0.0237        -222.42
         9        -0.0234       -226.066
         9        -0.0231       -229.941
         9        -0.0228       -234.056
         9        -0.0225       -238.426
         9        -0.0222       -243.066
         9        -0.0219        -247.99
         9        -0.0216       -253.216
         9        -0.0213        -258.76
         9         -0.021        -264.64
         9        -0.0207       -270.876
         9        -0.0204       -277.486
         9        -0.0201       -284.492
         9        -0.0198       -291.914
         9        -0.0195       -299.772
         9        -0.0192       -308.089
         9        -0.0189       -316.887
         9        -0.0186        -326.19
         9        -0.0183       -336.022
         9         -0.018       -346.406
         9        -0.0177       -357.366
         9        -0.0174       -368.926
         9        -0.0171       -381.109
         9        -0.0168       -393.941
         9        -0.0165       -407.449
         9        -0.0162        -421.66
         9        -0.0159       -436.601
         9        -0.0156       -452.299
         9        -0.0153       -468.779
         9         -0.015       -486.071
         9        -0.0147       -504.204
         9        -0.0144       -523.204
         9        -0.0141       -543.099
         9        -0.0138       -563.922
         9        -0.0135       -585.697
         9        -0.0132       -608.452
         9        -0.0129       -632.221
         9        -0.0126       -657.042
         9        -0.0123       -682.957
         9         -0.012       -710.005
         9        -0.0117       -738.222
         9        -0.0114        -767.64
         9        -0.0111       -798.289
         9        -0.0108       -830.202
         9        -0.0105       -863.408
         9        -0.0102         -897.9
         9        -0.0099       -933.636
         9        -0.0096       -970.558
         9        -0.0093       -1008.63
         9         -0.009       -1047.91
         9        -0.0087       -1088.37
         9        -0.0084       -1129.98
         9        -0.0081       -1172.53
         9        -0.0078       -1215.67
         9        -0.0075       -1258.92
         9        -0.0072       -1298.52
         9        -0.0069       -1324.12
         9        -0.0066       -1328.71
         9        -0.0063       -1311.39
         9         -0.006          -1269
         9        -0.0057       -1195.43
         9        -0.0054          -1081
         9        -0.0051          -1000
         9        -0.0048          -1000
         9        -0.0045          -1000
         9        -0.0042       -1110.57
         9        -0.0039       -1804.75
         9        -0.0036       -2387.78
         9        -0.0033       -2872.83
         9         -0.003       -3282.15
         9        -0.0027       -3629.97
         9        -0.0024       -3921.55
         9        -0.0021       -4170.89
         9        -0.0018       -4370.81
         9        -0.0015       -4539.37
         9        -0.0012       -4672.15
         9        -0.0009       -4774.92
         9        -0.0006        -4855.4
         9        -0.0003          -4911
         9              0       -4942.52
         9         0.0003       -4951.74
         9         0.0006       -4936.01
         9         0.0009       -4897.71
         9         0.0012       -4835.63
         9         0.0015       -4744.33
         9         0.0018       -4627.95
         9         0.0021       -4482.49
         9         0.0024       -4295.52
         9         0.0027       -4076.35
         9          0.003       -3815.27
         9         0.0033       -3504.71
         9         0.0036       -3140.92
         9         0.0039       -2703.37
         9         0.0042       -2195.93
         9         0.0045        -1584.8
         9         0.0048          -1000
         9         0.0051          -1000
         9         0.0054          -1000
         9         0.0057          -1000
         9          0.006       -1126.07
         9         0.0063       -1228.29
         9         0.0066       -1292.75
         9         0.0069       -1326.94
         9         0.0072       -1336.15
         9         0.0075       -1323.67
         9         0.0078       -1292.51
         9         0.0081       -1251.35
         9         0.0084       -1208.04
         9         0.0087       -1165.07
         9          0.009       -1122.87
         9         0.0093       -1081.66
         9         0.0096        -1041.6
         9         0.0099       -1002.75
         9         0.0102       -965.089
         9         0.0105       -928.639
         9         0.0108        -893.43
         9         0.0111       -859.438
         9         0.0114       -826.665
         9         0.0117       -795.122
         9          0.012       -764.794
         9         0.0123       -735.666
         9         0.0126       -707.718
         9         0.0129       -680.914
         9         0.0132       -655.224
         9         0.0135       -630.615
         9         0.0138       -607.052
         9         0.0141       -584.498
         9         0.0144       -562.923
         9         0.0147       -542.297
         9          0.015       -522.594
         9         0.0153       -503.787
         9         0.0156       -485.845
         9         0.0159       -468.741
         9         0.0162       -452.444
         9         0.0165       -436.927
         9         0.0168       -422.162
         9         0.0171       -408.123
         9         0.0174       -394.782
         9         0.0177       -382.115
         9          0.018       -370.097
         9         0.0183       -358.703
         9         0.0186       -347.911
         9         0.0189       -337.695
         9         0.0192       -328.032
         9         0.0195       -318.898
         9         0.0198        -310.27
         9         0.0201       -302.126
         9         0.0204       -294.441
         9         0.0207       -287.193
         9          0.021       -280.358
         9         0.0213       -273.915
         9         0.0216       -267.846
         9         0.0219       -262.131
         9         0.0222        -256.75
         9         0.0225       -251.685
         9         0.0228       -246.919
         9         0.0231       -242.438
         9         0.0234       -238.228
         9         0.0237       -234.273
         9          0.024        -230.56
         9         0.0243       -227.075
         9         0.0246       -223.807
         9         0.0249       -220.745
         9         0.0252       -217.879
         9         0.0255       -215.201
         9         0.0258       -212.702
         9         0.0261       -210.374
         9         0.0264       -208.209
         9         0.0267       -206.202
         9          0.027       -204.346
         9         0.0273       -202.636
         9         0.0276       -201.066
         9         0.0279       -199.633
         9         0.0282       -198.334
         9         0.0285       -197.165
         9         0.0288       -196.124
         9         0.0291       -195.208
         9         0.0294       -194.416
         9         0.0297       -193.747
         9           0.03         -193.2
         9         0.0303       -192.774
         9         0.0306       -192.468
         9         0.0309       -192.285
         9         0.0312       -192.223
        10        -0.0315       -478.917
        10        -0.0312       -478.981
        10        -0.0309       -479.171
        10        -0.0306       -479.487
        10        -0.0303       -479.929
        10          -0.03       -480.497
        10        -0.0297       -481.191
        10        -0.0294       -482.011
        10        -0.0291       -482.959
        10        -0.0288       -484.035
        10        -0.0285       -485.242
        10        -0.0282       -486.581
        10        -0.0279       -488.056
        10        -0.0276        -489.67
        10        -0.0273       -491.427
        10         -0.027       -493.333
        10        -0.0267       -495.392
        10        -0.0264        -497.61
        10        -0.0261       -499.993
        10        -0.0258       -502.549
        10        -0.0255       -505.287
        10        -0.0252       -508.217
        10        -0.0249       -511.348
        10        -0.0246       -514.692
        10        -0.0243       -518.262
        10         -0.024       -522.072
        10        -0.0237       -526.135
        10        -0.0234       -530.467
        10        -0.0231       -535.087
        10        -0.0228       -540.013
        10        -0.0225       -545.263
        10        -0.0222       -550.859
        10        -0.0219       -556.822
        10        -0.0216       -563.176
        10        -0.0213       -569.944
        10         -0.021       -577.151
        10        -0.0207       -584.821
        10        -0.0204       -592.981
        10        -0.0201       -601.655
        10        -0.0198       -610.871
        10        -0.0195       -620.653
        10        -0.0192       -631.028
        10        -0.0189        -642.02
        10        -0.0186       -653.652
        10        -0.0183       -665.945
        10         -0.018        -678.92
        10        -0.0177       -692.595
        10        -0.0174       -706.987
        10        -0.0171        -722.11
        10        -0.0168       -737.974
        10        -0.0165       -754.588
        10        -0.0162       -771.954
        10        -0.0159       -790.073
        10        -0.0156        -808.94
        10        -0.0153       -828.547
        10         -0.015       -848.878
        10        -0.0147       -869.915
        10        -0.0144       -891.634
        10        -0.0141       -914.008
        10        -0.0138       -937.002
        10        -0.0135        -960.58
        10        -0.0132       -984.699
        10        -0.0129       -1009.31
        10        -0.0126       -1034.36
        10        -0.0123       -1059.78
        10         -0.012       -1085.48
        10        -0.0117       -1111.37
        10        -0.0114       -1137.36
        10        -0.0111       -1163.33
        10        -0.0108       -1189.14
        10        -0.0105       -1214.64
        10        -0.0102       -1239.66
        10        -0.0099       -1263.96
        10        -0.0096       -1287.29
        10        -0.0093       -1309.33
        10         -0.009       -1329.75
        10        -0.0087        -1348.1
        10        -0.0084       -1363.78
        10        -0.0081       -1376.11
        10        -0.0078       -1384.26
        10        -0.0075        -1387.3
        10        -0.0072       -1383.94
        10        -0.0069       -1372.34
        10        -0.0066       -1350.24
        10        -0.0063       -1314.96
        10         -0.006       -1262.26
        10        -0.0057       -1186.45
        10        -0.0054       -1077.11
        10        -0.0051          -1000
        10        -0.0048          -1000
        10        -0.0045          -1000
        10        -0.0042       -1007.39
        10        -0.0039          -1056
        10        -0.0036       -1097.43
        10        -0.0033       -1131.71
        10         -0.003       -1159.28
        10        -0.0027       -1180.86
        10        -0.0024       -1197.25
        10        -0.0021       -1209.25
        10        -0.0018       -1217.65
        10        -0.0015       -1223.17
        10        -0.0012       -1226.51
        10        -0.0009       -1228.29
        10        -0.0006       -1229.06
        10        -0.0003       -1229.28
        10              0       -1229.28
        10         0.0003       -1229.24
        10         0.0006       -1229.24
        10         0.0009       -1229.17
        10         0.0012       -1228.79
        10         0.0015       -1227.73
        10         0.0018        -1225.5
        10         0.0021       -1221.54
        10         0.0024       -1215.18
        10         0.0027       -1205.73
        10          0.003       -1192.41
        10         0.0033       -1174.44
        10         0.0036          -1151
        10         0.0039        -1121.3
        10         0.0042        -1084.7
        10         0.0045       -1040.88
        10         0.0048          -1000
        10         0.0051          -1000
        10         0.0054          -1000
        10         0.0057          -1000
        10          0.006       -1117.65
        10         0.0063       -1215.35
        10         0.0066       -1283.78
        10         0.0069       -1330.82
        10         0.0072       -1361.47
        10         0.0075       -1379.68
        10         0.0078       -1388.24
        10         0.0081       -1389.16
        10         0.0084        -1384.1
        10         0.0087       -1374.25
        10          0.009       -1360.67
        10         0.0093       -1344.08
        10         0.0096       -1325.05
        10         0.0099       -1304.08
        10         0.0102       -1281.61
        10         0.0105          -1258
        10         0.0108       -1233.54
        10         0.0111       -1208.45
        10         0.0114       -1182.92
        10         0.0117       -1157.12
        10          0.012        -1131.2
        10         0.0123       -1105.31
        10         0.0126       -1079.55
        10         0.0129       -1054.04
        10         0.0132       -1028.85
        10         0.0135       -1004.05
        10         0.0138         -979.7
        10         0.0141       -955.858
        10         0.0144       -932.571
        10         0.0147       -909.882
        10          0.015       -887.828
        10         0.0153       -866.442
        10         0.0156       -845.746
        10         0.0159       -825.764
        10         0.0162       -806.512
        10         0.0165       -788.005
        10         0.0168       -770.247
        10         0.0171       -753.239
        10         0.0174       -736.981
        10         0.0177       -721.467
        10          0.018       -706.691
        10         0.0183        -692.64
        10         0.0186       -679.303
        10         0.0189       -666.664
        10         0.0192       -654.705
        10         0.0195       -643.406
        10         0.0198       -632.743
        10         0.0201       -622.692
        10         0.0204       -613.229
        10         0.0207        -604.33
        10          0.021       -595.966
        10         0.0213       -588.114
        10         0.0216       -580.746
        10         0.0219       -573.836
        10         0.0222        -567.36
        10         0.0225       -561.292
        10         0.0228       -555.611
        10         0.0231       -550.292
        10         0.0234       -545.316
        10         0.0237       -540.662
        10          0.024        -536.31
        10         0.0243       -532.243
        10         0.0246       -528.444
        10         0.0249       -524.898
        10         0.0252       -521.591
        10         0.0255        -518.51
        10         0.0258       -515.643
        10         0.0261       -512.978
        10         0.0264       -510.505
        10         0.0267       -508.217
        10          0.027       -506.104
        10         0.0273       -504.159
        10         0.0276       -502.377
        10         0.0279       -500.754
        10         0.0282       -499.283
        10         0.0285       -497.961
        10         0.0288       -496.785
        10         0.0291       -495.752
        10         0.0294       -494.859
        10         0.0297       -494.105
        10           0.03       -493.488
        10         0.0303       -493.009
        10         0.0306       -492.666
        10         0.0309       -492.461
        10         0.0312       -492.392
        11        -0.0315       -189.136
        11        -0.0312       -189.192
        11        -0.0309        -189.36
        11        -0.0306       -189.638
        11        -0.0303       -190.026
        11          -0.03       -190.524
        11        -0.0297       -191.131
        11        -0.0294       -191.849
        11        -0.0291       -192.678
        11        -0.0288        -193.62
        11        -0.0285       -194.676
        11        -0.0282       -195.849
        11        -0.0279        -197.14
        11        -0.0276       -198.553
        11        -0.0273       -200.089
        11         -0.027       -201.753
        11        -0.0267       -203.549
        11        -0.0264       -205.481
        11        -0.0261       -207.557
        11        -0.0258       -209.782
        11        -0.0255       -212.162
        11        -0.0252       -214.705
        11        -0.0249       -217.417
        11        -0.0246       -220.306
        11        -0.0243       -223.382
        11         -0.024       -226.655
        11        -0.0237       -230.135
        11        -0.0234       -233.834
        11        -0.0231       -237.765
        11        -0.0228       -241.939
        11        -0.0225       -246.371
        11        -0.0222       -251.073
        11        -0.0219       -256.063
        11        -0.0216       -261.358
        11        -0.0213       -266.974
        11         -0.021       -272.931
        11        -0.0207       -279.247
        11        -0.0204        -285.94
        11        -0.0201       -293.032
        11        -0.0198       -300.544
        11        -0.0195       -308.498
        11        -0.0192       -316.918
        11        -0.0189       -325.827
        11        -0.0186       -335.248
        11        -0.0183       -345.206
        11         -0.018       -355.725
        11        -0.0177       -366.831
        11        -0.0174       -378.546
        11        -0.0171       -390.895
        11        -0.0168       -403.904
        11        -0.0165       -417.597
        11        -0.0162       -431.995
        11        -0.0159        -447.12
        11        -0.0156       -462.998
        11        -0.0153       -479.656
        11         -0.015       -497.126
        11        -0.0147       -515.434
        11        -0.0144       -534.605
        11        -0.0141       -554.668
        11        -0.0138       -575.657
        11        -0.0135       -597.601
        11        -0.0132       -620.536
        11        -0.0129       -644.497
        11        -0.0126       -669.514
        11        -0.0123       -695.621
        11         -0.012       -722.855
        11        -0.0117       -751.258
        11        -0.0114       -780.863
        11        -0.0111       -811.705
        11        -0.0108       -843.795
        11        -0.0105       -877.144
        11        -0.0102       -911.746
        11        -0.0099       -947.582
        11        -0.0096       -984.685
        11        -0.0093       -1023.03
        11         -0.009       -1062.58
        11        -0.0087       -1103.26
        11        -0.0084       -1144.99
        11        -0.0081       -1187.61
        11        -0.0078        -1230.8
        11        -0.0075       -1273.76
        11        -0.0072       -1311.28
        11        -0.0069       -1333.87
        11        -0.0066          -1335
        11        -0.0063       -1315.08
        11         -0.006       -1271.05
        11        -0.0057       -1196.22
        11        -0.0054       -1081.13
        11        -0.0051          -1000
        11        -0.0048          -1000
        11        -0.0045          -1000
        11        -0.0042       -1110.77
        11        -0.0039       -1804.39
        11        -0.0036       -2385.04
        11        -0.0033       -2868.92
        11         -0.003       -3277.16
        11        -0.0027       -3623.89
        11        -0.0024        -3917.4
        11        -0.0021       -4166.58
        11        -0.0018       -4366.22
        11        -0.0015       -4535.07
        11        -0.0012       -4669.64
        11        -0.0009       -4773.29
        11        -0.0006       -4852.42
        11        -0.0003       -4906.16
        11              0       -4936.44
        11         0.0003       -4944.89
        11         0.0006       -4930.66
        11         0.0009       -4894.61
        11         0.0012       -4835.86
        11         0.0015       -4748.77
        11         0.0018       -4633.98
        11         0.0021       -4490.11
        11         0.0024       -4305.54
        11         0.0027       -4087.17
        11          0.003       -3825.54
        11         0.0033       -3513.38
        11         0.0036       -3147.36
        11         0.0039       -2709.17
        11         0.0042       -2202.84
        11         0.0045        -1588.4
        11         0.0048          -1000
        11         0.0051          -1000
        11         0.0054          -1000
        11         0.0057          -1000
        11          0.006       -1127.69
        11         0.0063       -1231.67
        11         0.0066       -1297.31
        11         0.0069       -1332.34
        11         0.0072       -1343.37
        11         0.0075       -1333.37
        11         0.0078       -1302.65
        11         0.0081       -1260.41
        11         0.0084        -1216.3
        11         0.0087       -1172.67
        11          0.009       -1129.89
        11         0.0093       -1088.17
        11         0.0096       -1047.63
        11         0.0099       -1008.38
        11         0.0102       -970.408
        11         0.0105        -933.69
        11         0.0108       -898.247
        11         0.0111       -864.054
        11         0.0114       -831.092
        11         0.0117        -799.38
        11          0.012       -768.898
        11         0.0123        -739.62
        11         0.0126       -711.532
        11         0.0129       -684.612
        11         0.0132       -658.814
        11         0.0135       -634.101
        11         0.0138       -610.427
        11         0.0141        -587.77
        11         0.0144       -566.104
        11         0.0147       -545.399
        11          0.015       -525.623
        11         0.0153       -506.748
        11         0.0156       -488.747
        11         0.0159       -471.585
        11         0.0162       -455.232
        11         0.0165       -439.661
        11         0.0168       -424.844
        11         0.0171       -410.754
        11         0.0174       -397.366
        11         0.0177       -384.654
        11          0.018       -372.592
        11         0.0183       -361.157
        11         0.0186       -350.324
        11         0.0189        -340.07
        11         0.0192        -330.37
        11         0.0195       -321.203
        11         0.0198       -312.543
        11         0.0201       -304.367
        11         0.0204       -296.652
        11         0.0207       -289.375
        11          0.021       -282.514
        11         0.0213       -276.049
        11         0.0216       -269.959
        11         0.0219       -264.225
        11         0.0222       -258.827
        11         0.0225       -253.747
        11         0.0228       -248.971
        11         0.0231        -244.48
        11         0.0234       -240.259
        11         0.0237       -236.294
        11          0.024        -232.57
        11         0.0243       -229.076
        11         0.0246         -225.8
        11         0.0249       -222.732
        11         0.0252        -219.86
        11         0.0255       -217.176
        11         0.0258       -214.669
        11         0.0261       -212.335
        11         0.0264       -210.164
        11         0.0267        -208.15
        11          0.027       -206.288
        11         0.0273        -204.57
        11         0.0276       -202.994
        11         0.0279       -201.556
        11         0.0282       -200.251
        11         0.0285       -199.078
        11         0.0288       -198.033
        11         0.0291       -197.114
        11         0.0294       -196.319
        11         0.0297       -195.647
        11           0.03       -195.097
        11         0.0303       -194.669
        11         0.0306       -194.361
        11         0.0309       -194.177
        11         0.0312       -194.115
        12        -0.0315       -475.462
        12        -0.0312       -475.526
        12        -0.0309       -475.717
        12        -0.0306       -476.034
        12        -0.0303       -476.478
        12          -0.03       -477.048
        12        -0.0297       -477.744
        12        -0.0294       -478.568
        12        -0.0291       -479.519
        12        -0.0288         -480.6
        12        -0.0285       -481.812
        12        -0.0282       -483.157
        12        -0.0279       -484.638
        12        -0.0276       -486.257
        12        -0.0273       -488.021
        12         -0.027       -489.933
        12        -0.0267       -491.999
        12        -0.0264       -494.225
        12        -0.0261       -496.618
        12        -0.0258       -499.185
        12        -0.0255       -501.934
        12        -0.0252       -504.875
        12        -0.0249       -508.018
        12        -0.0246       -511.373
        12        -0.0243       -514.955
        12         -0.024       -518.777
        12        -0.0237       -522.853
        12        -0.0234       -527.198
        12        -0.0231       -531.831
        12        -0.0228       -536.769
        12        -0.0225       -542.032
        12        -0.0222        -547.64
        12        -0.0219       -553.615
        12        -0.0216       -559.981
        12        -0.0213       -566.759
        12         -0.021       -573.976
        12        -0.0207       -581.656
        12        -0.0204       -589.826
        12        -0.0201       -598.511
        12        -0.0198       -607.739
        12        -0.0195       -617.533
        12        -0.0192       -627.921
        12        -0.0189       -638.927
        12        -0.0186       -650.573
        12        -0.0183       -662.879
        12         -0.018       -675.868
        12        -0.0177       -689.556
        12        -0.0174       -703.958
        12        -0.0171       -719.089
        12        -0.0168       -734.958
        12        -0.0165       -751.573
        12        -0.0162       -768.936
        12        -0.0159       -787.048
        12        -0.0156       -805.905
        12        -0.0153       -825.502
        12         -0.015       -845.824
        12        -0.0147       -866.856
        12        -0.0144       -888.571
        12        -0.0141       -910.943
        12        -0.0138       -933.946
        12        -0.0135       -957.543
        12        -0.0132       -981.689
        12        -0.0129       -1006.33
        12        -0.0126        -1031.4
        12        -0.0123       -1056.84
        12         -0.012       -1082.56
        12        -0.0117       -1108.48
        12        -0.0114       -1134.49
        12        -0.0111       -1160.46
        12        -0.0108        -1186.3
        12        -0.0105       -1211.85
        12        -0.0102       -1236.92
        12        -0.0099       -1261.28
        12        -0.0096       -1284.68
        12        -0.0093       -1306.84
        12         -0.009       -1327.42
        12        -0.0087       -1345.95
        12        -0.0084        -1361.9
        12        -0.0081        -1374.6
        12        -0.0078       -1383.16
        12        -0.0075       -1386.51
        12        -0.0072       -1383.47
        12        -0.0069       -1372.36
        12        -0.0066       -1350.76
        12        -0.0063       -1315.54
        12         -0.006       -1262.66
        12        -0.0057       -1186.32
        12        -0.0054       -1076.97
        12        -0.0051          -1000
        12        -0.0048          -1000
        12        -0.0045          -1000
        12        -0.0042       -1007.37
        12        -0.0039       -1055.82
        12        -0.0036        -1097.1
        12        -0.0033       -1131.25
        12         -0.003       -1158.72
        12        -0.0027       -1180.21
        12        -0.0024       -1196.52
        12        -0.0021       -1208.46
        12        -0.0018        -1216.8
        12        -0.0015       -1222.28
        12        -0.0012       -1225.58
        12        -0.0009       -1227.32
        12        -0.0006       -1228.07
        12        -0.0003       -1228.25
        12              0       -1228.21
        12         0.0003       -1228.15
        12         0.0006       -1228.12
        12         0.0009       -1228.02
        12         0.0012       -1227.61
        12         0.0015       -1226.53
        12         0.0018        -1224.3
        12         0.0021       -1220.35
        12         0.0024       -1214.02
        12         0.0027       -1204.61
        12          0.003       -1191.37
        12         0.0033        -1173.5
        12         0.0036        -1150.2
        12         0.0039       -1120.67
        12         0.0042       -1084.26
        12         0.0045       -1040.67
        12         0.0048          -1000
        12         0.0051          -1000
        12         0.0054          -1000
        12         0.0057          -1000
        12          0.006       -1118.17
        12         0.0063        -1215.8
        12         0.0066       -1283.71
        12         0.0069       -1330.27
        12         0.0072       -1360.53
        12         0.0075       -1378.37
        12         0.0078       -1386.69
        12         0.0081        -1387.5
        12         0.0084        -1382.3
        12         0.0087       -1372.28
        12          0.009       -1358.44
        12         0.0093       -1341.65
        12         0.0096       -1322.51
        12         0.0099       -1301.49
        12         0.0102       -1278.98
        12         0.0105       -1255.32
        12         0.0108       -1230.81
        12         0.0111       -1205.69
        12         0.0114       -1180.15
        12         0.0117       -1154.36
        12          0.012       -1128.47
        12         0.0123       -1102.62
        12         0.0126        -1076.9
        12         0.0129       -1051.43
        12         0.0132       -1026.26
        12         0.0135       -1001.46
        12         0.0138       -977.115
        12         0.0141       -953.279
        12         0.0144       -930.003
        12         0.0147       -907.329
        12          0.015       -885.293
        12         0.0153       -863.925
        12         0.0156       -843.246
        12         0.0159       -823.279
        12         0.0162       -804.041
        12         0.0165       -785.544
        12         0.0168       -767.797
        12         0.0171       -750.802
        12         0.0174       -734.557
        12         0.0177       -719.056
        12          0.018       -704.292
        12         0.0183       -690.255
        12         0.0186       -676.933
        12         0.0189        -664.31
        12         0.0192       -652.368
        12         0.0195       -641.085
        12         0.0198       -630.438
        12         0.0201       -620.403
        12         0.0204       -610.955
        12         0.0207       -602.069
        12          0.021       -593.717
        12         0.0213       -585.874
        12         0.0216       -578.515
        12         0.0219       -571.613
        12         0.0222       -565.144
        12         0.0225       -559.084
        12         0.0228       -553.409
        12         0.0231       -548.097
        12         0.0234       -543.126
        12         0.0237       -538.477
        12          0.024        -534.13
        12         0.0243       -530.068
        12         0.0246       -526.274
        12         0.0249       -522.732
        12         0.0252       -519.429
        12         0.0255       -516.352
        12         0.0258       -513.488
        12         0.0261       -510.826
        12         0.0264       -508.358
        12         0.0267       -506.074
        12          0.027       -503.965
        12         0.0273       -502.025
        12         0.0276       -500.246
        12         0.0279       -498.624
        12         0.0282       -497.155
        12         0.0285       -495.833
        12         0.0288       -494.656
        12         0.0291       -493.621
        12         0.0294       -492.726
        12         0.0297        -491.97
        12           0.03       -491.352
        12         0.0303        -490.87
        12         0.0306       -490.525
        12         0.0309       -490.318
        12         0.0312       -490.248
        13        -0.0315       -189.076
        13        -0.0312       -189.132
        13        -0.0309       -189.298
        13        -0.0306       -189.573
        13        -0.0303       -189.959
        13          -0.03       -190.453
        13        -0.0297       -191.056
        13        -0.0294       -191.769
        13        -0.0291       -192.593
        13        -0.0288       -193.529
        13        -0.0285       -194.578
        13        -0.0282       -195.742
        13        -0.0279       -197.025
        13        -0.0276       -198.428
        13        -0.0273       -199.955
        13         -0.027        -201.61
        13        -0.0267       -203.398
        13        -0.0264       -205.324
        13        -0.0261       -207.392
        13        -0.0258       -209.609
        13        -0.0255       -211.981
        13        -0.0252       -214.515
        13        -0.0249       -217.218
        13        -0.0246       -220.099
        13        -0.0243       -223.167
        13         -0.024       -226.432
        13        -0.0237       -229.905
        13        -0.0234       -233.595
        13        -0.0231       -237.516
        13        -0.0228       -241.679
        13        -0.0225       -246.099
        13        -0.0222       -250.792
        13        -0.0219       -255.772
        13        -0.0216       -261.056
        13        -0.0213       -266.663
        13         -0.021       -272.609
        13        -0.0207       -278.916
        13        -0.0204       -285.602
        13        -0.0201       -292.688
        13        -0.0198       -300.196
        13        -0.0195       -308.149
        13        -0.0192       -316.568
        13        -0.0189       -325.476
        13        -0.0186       -334.896
        13        -0.0183       -344.851
        13         -0.018       -355.366
        13        -0.0177       -366.465
        13        -0.0174       -378.171
        13        -0.0171        -390.51
        13        -0.0168       -403.506
        13        -0.0165       -417.187
        13        -0.0162       -431.576
        13        -0.0159       -446.702
        13        -0.0156       -462.591
        13        -0.0153       -479.269
        13         -0.015       -496.762
        13        -0.0147       -515.095
        13        -0.0144       -534.302
        13        -0.0141       -554.417
        13        -0.0138       -575.472
        13        -0.0135       -597.495
        13        -0.0132       -620.521
        13        -0.0129        -644.58
        13        -0.0126       -669.698
        13        -0.0123       -695.918
        13         -0.012       -723.279
        13        -0.0117       -751.806
        13        -0.0114       -781.536
        13        -0.0111       -812.515
        13        -0.0108       -844.761
        13        -0.0105       -878.261
        13        -0.0102       -913.023
        13        -0.0099       -949.067
        13        -0.0096       -986.435
        13        -0.0093       -1025.08
        13         -0.009       -1064.98
        13        -0.0087       -1106.14
        13        -0.0084       -1148.44
        13        -0.0081       -1191.74
        13        -0.0078       -1235.85
        13        -0.0075          -1280
        13        -0.0072          -1319
        13        -0.0069       -1343.15
        13        -0.0066       -1345.61
        13        -0.0063       -1325.64
        13         -0.006       -1280.51
        13        -0.0057       -1202.92
        13        -0.0054       -1083.83
        13        -0.0051          -1000
        13        -0.0048          -1000
        13        -0.0045          -1000
        13        -0.0042       -1111.28
        13        -0.0039        -1809.7
        13        -0.0036       -2392.84
        13        -0.0033       -2877.03
        13         -0.003       -3288.24
        13        -0.0027       -3639.66
        13        -0.0024       -3935.89
        13        -0.0021       -4186.87
        13        -0.0018       -4386.73
        13        -0.0015       -4555.43
        13        -0.0012       -4689.78
        13        -0.0009       -4794.33
        13        -0.0006       -4878.44
        13        -0.0003       -4939.34
        13              0       -4975.86
        13         0.0003       -4986.62
        13         0.0006       -4971.71
        13         0.0009       -4932.94
        13         0.0012        -4871.3
        13         0.0015       -4781.68
        13         0.0018       -4664.75
        13         0.0021       -4517.85
        13         0.0024        -4330.4
        13         0.0027       -4109.28
        13          0.003        -3846.2
        13         0.0033          -3533
        13         0.0036       -3166.25
        13         0.0039       -2724.45
        13         0.0042       -2212.23
        13         0.0045       -1591.79
        13         0.0048          -1000
        13         0.0051          -1000
        13         0.0054          -1000
        13         0.0057          -1000
        13          0.006       -1127.86
        13         0.0063       -1231.81
        13         0.0066       -1297.48
        13         0.0069        -1332.4
        13         0.0072       -1342.49
        13         0.0075       -1331.63
        13         0.0078       -1300.91
        13         0.0081       -1259.69
        13         0.0084       -1216.73
        13         0.0087       -1174.08
        13          0.009       -1132.03
        13         0.0093       -1090.93
        13         0.0096       -1050.86
        13         0.0099       -1011.91
        13         0.0102       -974.178
        13         0.0105       -937.723
        13         0.0108       -902.515
        13         0.0111       -868.498
        13         0.0114       -835.659
        13         0.0117       -803.992
        13          0.012       -773.522
        13         0.0123       -744.255
        13         0.0126       -716.167
        13         0.0129       -689.228
        13         0.0132       -663.407
        13         0.0135       -638.676
        13         0.0138       -615.007
        13         0.0141       -592.365
        13         0.0144       -570.713
        13         0.0147       -550.014
        13          0.015       -530.236
        13         0.0153       -511.349
        13         0.0156       -493.324
        13         0.0159       -476.128
        13         0.0162       -459.731
        13         0.0165       -444.113
        13         0.0168        -429.25
        13         0.0171        -415.12
        13         0.0174       -401.696
        13         0.0177       -388.949
        13          0.018       -376.851
        13         0.0183       -365.377
        13         0.0186       -354.505
        13         0.0189       -344.212
        13         0.0192       -334.474
        13         0.0195       -325.267
        13         0.0198       -316.568
        13         0.0201       -308.355
        13         0.0204       -300.604
        13         0.0207       -293.293
        13          0.021       -286.398
        13         0.0213       -279.898
        13         0.0216       -273.774
        13         0.0219       -268.006
        13         0.0222       -262.577
        13         0.0225       -257.467
        13         0.0228       -252.661
        13         0.0231       -248.141
        13         0.0234        -243.89
        13         0.0237       -239.893
        13          0.024       -236.139
        13         0.0243       -232.616
        13         0.0246       -229.311
        13         0.0249       -226.214
        13         0.0252       -223.315
        13         0.0255       -220.603
        13         0.0258        -218.07
        13         0.0261        -215.71
        13         0.0264       -213.514
        13         0.0267       -211.476
        13          0.027       -209.591
        13         0.0273       -207.853
        13         0.0276       -206.259
        13         0.0279       -204.803
        13         0.0282       -203.482
        13         0.0285       -202.293
        13         0.0288       -201.234
        13         0.0291       -200.302
        13         0.0294       -199.495
        13         0.0297       -198.813
        13           0.03       -198.254
        13         0.0303       -197.818
        13         0.0306       -197.506
        13         0.0309       -197.318
        13         0.0312       -197.255
        14        -0.0315       -473.989
        14        -0.0312       -474.053
        14        -0.0309       -474.243
        14        -0.0306        -474.56
        14        -0.0303       -475.003
        14          -0.03       -475.571
        14        -0.0297       -476.266
        14        -0.0294       -477.086
        14        -0.0291       -478.034
        14        -0.0288       -479.112
        14        -0.0285       -480.321
        14        -0.0282       -481.663
        14        -0.0279       -483.141
        14        -0.0276        -484.76
        14        -0.0273       -486.522
        14         -0.027       -488.431
        14        -0.0267       -490.495
        14        -0.0264       -492.718
        14        -0.0261       -495.106
        14        -0.0258       -497.668
        14        -0.0255       -500.412
        14        -0.0252       -503.347
        14        -0.0249       -506.484
        14        -0.0246       -509.833
        14        -0.0243       -513.409
        14         -0.024       -517.223
        14        -0.0237        -521.29
        14        -0.0234       -525.626
        14        -0.0231       -530.248
        14        -0.0228       -535.174
        14        -0.0225       -540.423
        14        -0.0222       -546.019
        14        -0.0219       -551.981
        14        -0.0216       -558.333
        14        -0.0213       -565.098
        14         -0.021         -572.3
        14        -0.0207       -579.962
        14        -0.0204       -588.112
        14        -0.0201       -596.776
        14        -0.0198        -605.98
        14        -0.0195       -615.748
        14        -0.0192       -626.106
        14        -0.0189       -637.077
        14        -0.0186       -648.687
        14        -0.0183       -660.958
        14         -0.018       -673.909
        14        -0.0177       -687.559
        14        -0.0174       -701.924
        14        -0.0171       -717.017
        14        -0.0168       -732.847
        14        -0.0165       -749.423
        14        -0.0162       -766.746
        14        -0.0159       -784.815
        14        -0.0156       -803.627
        14        -0.0153       -823.172
        14         -0.015       -843.436
        14        -0.0147       -864.402
        14        -0.0144       -886.046
        14        -0.0141       -908.342
        14        -0.0138       -931.261
        14        -0.0135       -954.766
        14        -0.0132       -978.817
        14        -0.0129       -1003.37
        14        -0.0126       -1028.35
        14        -0.0123        -1053.7
        14         -0.012       -1079.34
        14        -0.0117       -1105.17
        14        -0.0114       -1131.08
        14        -0.0111       -1156.97