# iteration    r (m)    potential (V)
         1         -0.048              0
         1        -0.0477              0
         1        -0.0474              0
         1        -0.0471              0
         1        -0.0468              0
         1        -0.0465              0
         1        -0.0462              0
         1        -0.0459              0
         1        -0.0456              0
         1        -0.0453              0
         1         -0.045              0
         1        -0.0447              0
         1        -0.0444              0
         1        -0.0441              0
         1        -0.0438              0
         1        -0.0435              0
         1        -0.0432              0
         1        -0.0429              0
         1        -0.0426              0
         1        -0.0423              0
         1         -0.042              0
         1        -0.0417              0
         1        -0.0414              0
         1        -0.0411              0
         1        -0.0408              0
         1        -0.0405              0
         1        -0.0402              0
         1        -0.0399              0
         1        -0.0396              0
         1        -0.0393              0
         1         -0.039              0
         1        -0.0387              0
         1        -0.0384              0
         1        -0.0381              0
         1        -0.0378              0
         1        -0.0375              0
         1        -0.0372              0
         1        -0.0369              0
         1        -0.0366              0
         1        -0.0363              0
         1         -0.036              0
         1        -0.0357              0
         1        -0.0354              0
         1        -0.0351              0
         1        -0.0348              0
         1        -0.0345              0
         1        -0.0342              0
         1        -0.0339              0
         1        -0.0336              0
         1        -0.0333              0
         1         -0.033              0
         1        -0.0327              0
         1        -0.0324              0
         1        -0.0321              0
         1        -0.0318              0
         1        -0.0315              0
         1        -0.0312              0
         1        -0.0309              0
         1        -0.0306              0
         1        -0.0303              0
         1          -0.03       -0.39765
         1        -0.0297       -1.68882
         1        -0.0294       -2.99283
         1        -0.0291       -4.31099
         1        -0.0288        -5.6449
         1        -0.0285       -6.99639
         1        -0.0282       -8.36745
         1        -0.0279        -9.7602
         1        -0.0276       -11.1769
         1        -0.0273       -12.6198
         1         -0.027       -14.0916
         1        -0.0267       -15.5947
         1        -0.0264        -17.132
         1        -0.0261       -18.7064
         1        -0.0258        -20.321
         1        -0.0255        -21.979
         1        -0.0252       -23.6839
         1        -0.0249       -25.4394
         1        -0.0246       -27.2494
         1        -0.0243       -29.1179
         1         -0.024       -31.0495
         1        -0.0237       -33.0486
         1        -0.0234       -35.1203
         1        -0.0231       -37.2698
         1        -0.0228       -39.5024
         1        -0.0225       -41.8242
         1        -0.0222       -44.2412
         1        -0.0219       -46.7599
         1        -0.0216       -49.3873
         1        -0.0213       -52.1304
         1         -0.021       -54.9968
         1        -0.0207       -57.9945
         1        -0.0204       -61.1317
         1        -0.0201       -64.4171
         1        -0.0198       -67.8597
         1        -0.0195       -71.4689
         1        -0.0192       -75.2545
         1        -0.0189       -79.2266
         1        -0.0186       -83.3956
         1        -0.0183       -87.7726
         1         -0.018       -92.3688
         1        -0.0177       -97.1959
         1        -0.0174       -102.266
         1        -0.0171       -107.592
         1        -0.0168       -113.188
         1        -0.0165       -119.066
         1        -0.0162       -125.241
         1        -0.0159        -131.73
         1        -0.0156       -138.548
         1        -0.0153       -145.712
         1         -0.015       -153.241
         1        -0.0147       -161.155
         1        -0.0144       -169.475
         1        -0.0141       -178.224
         1        -0.0138       -187.429
         1        -0.0135       -197.116
         1        -0.0132       -207.316
         1        -0.0129       -218.063
         1        -0.0126       -229.394
         1        -0.0123       -241.351
         1         -0.012       -253.978
         1        -0.0117       -267.329
         1        -0.0114        -281.46
         1        -0.0111       -296.438
         1        -0.0108       -312.337
         1        -0.0105       -329.241
         1        -0.0102       -347.247
         1        -0.0099       -366.467
         1        -0.0096        -387.03
         1        -0.0093       -409.086
         1         -0.009       -432.814
         1        -0.0087       -458.423
         1        -0.0084       -486.166
         1        -0.0081       -516.351
         1        -0.0078       -549.355
         1        -0.0075       -585.651
         1        -0.0072        -625.84
         1        -0.0069       -670.709
         1        -0.0066       -721.303
         1        -0.0063       -779.036
         1         -0.006       -845.766
         1        -0.0057       -923.246
         1        -0.0054          -1000
         1        -0.0051          -1000
         1        -0.0048          -1000
         1        -0.0045       -998.322
         1        -0.0042       -984.726
         1        -0.0039       -972.217
         1        -0.0036       -961.696
         1        -0.0033       -953.188
         1         -0.003       -946.506
         1        -0.0027       -941.416
         1        -0.0024       -937.675
         1        -0.0021       -935.046
         1        -0.0018       -933.307
         1        -0.0015       -932.247
         1        -0.0012       -931.676
         1        -0.0009       -931.425
         1        -0.0006       -931.352
         1        -0.0003       -931.353
         1              0       -931.361
         1         0.0003       -931.353
         1         0.0006       -931.352
         1         0.0009       -931.423
         1         0.0012       -931.674
         1         0.0015       -932.245
         1         0.0018       -933.304
         1         0.0021       -935.042
         1         0.0024       -937.669
         1         0.0027        -941.41
         1          0.003       -946.498
         1         0.0033       -953.178
         1         0.0036       -961.685
         1         0.0039       -972.205
         1         0.0042       -984.714
         1         0.0045       -998.311
         1         0.0048          -1000
         1         0.0051          -1000
         1         0.0054          -1000
         1         0.0057       -923.371
         1          0.006       -845.859
         1         0.0063       -779.129
         1         0.0066       -721.398
         1         0.0069       -670.808
         1         0.0072       -625.944
         1         0.0075       -585.759
         1         0.0078       -549.469
         1         0.0081       -516.472
         1         0.0084       -486.296
         1         0.0087       -458.562
         1          0.009       -432.963
         1         0.0093       -409.247
         1         0.0096       -387.204
         1         0.0099       -366.655
         1         0.0102        -347.45
         1         0.0105        -329.46
         1         0.0108       -312.572
         1         0.0111       -296.691
         1         0.0114       -281.731
         1         0.0117       -267.619
         1          0.012       -254.288
         1         0.0123        -241.68
         1         0.0126       -229.744
         1         0.0129       -218.433
         1         0.0132       -207.707
         1         0.0135       -197.526
         1         0.0138       -187.859
         1         0.0141       -178.673
         1         0.0144       -169.942
         1         0.0147       -161.639
         1          0.015       -153.742
         1         0.0153       -146.227
         1         0.0156       -139.077
         1         0.0159        -132.27
         1         0.0162       -125.792
         1         0.0165       -119.624
         1         0.0168       -113.752
         1         0.0171       -108.161
         1         0.0174       -102.836
         1         0.0177       -97.7657
         1          0.018       -92.9363
         1         0.0183       -88.3359
         1         0.0186       -83.9528
         1         0.0189       -79.7757
         1         0.0192       -75.7941
         1         0.0195       -71.9974
         1         0.0198       -68.3756
         1         0.0201       -64.9193
         1         0.0204        -61.619
         1         0.0207       -58.4661
         1          0.021        -55.452
         1         0.0213       -52.5684
         1         0.0216       -49.8078
         1         0.0219       -47.1626
         1         0.0222       -44.6258
         1         0.0225       -42.1907
         1         0.0228       -39.8508
         1         0.0231          -37.6
         1         0.0234       -35.4327
         1         0.0237       -33.3434
         1          0.024       -31.3268
         1         0.0243       -29.3782
         1         0.0246       -27.4929
         1         0.0249       -25.6666
         1         0.0252       -23.8952
         1         0.0255       -22.1747
         1         0.0258       -20.5016
         1         0.0261       -18.8723
         1         0.0264       -17.2835
         1         0.0267       -15.7323
         1          0.027       -14.2155
         1         0.0273       -12.7305
         1         0.0276       -11.2746
         1         0.0279       -9.84534
         1         0.0282       -8.44026
         1         0.0285       -7.05712
         1         0.0288       -5.69379
         1         0.0291       -4.34826
         1         0.0294       -3.01867
         1         0.0297       -1.70338
         1           0.03      -0.401077
         1         0.0303              0
         1         0.0306              0
         1         0.0309              0
         1         0.0312              0
         1         0.0315              0
         1         0.0318              0
         1         0.0321              0
         1         0.0324              0
         1         0.0327              0
         1          0.033              0
         1         0.0333              0
         1         0.0336              0
         1         0.0339              0
         1         0.0342              0
         1         0.0345              0
         1         0.0348              0
         1         0.0351              0
         1         0.0354              0
         1         0.0357              0
         1          0.036              0
         1         0.0363              0
         1         0.0366              0
         1         0.0369              0
         1         0.0372              0
         1         0.0375              0
         1         0.0378              0
         1         0.0381              0
         1         0.0384              0
         1         0.0387              0
         1          0.039              0
         1         0.0393              0
         1         0.0396              0
         1         0.0399              0
         1         0.0402              0
         1         0.0405              0
         1         0.0408              0
         1         0.0411              0
         1         0.0414              0
         1         0.0417              0
         1          0.042              0
         1         0.0423              0
         1         0.0426              0
         1         0.0429              0
         1         0.0432              0
         1         0.0435              0
         1         0.0438              0
         1         0.0441              0
         1         0.0444              0
         1         0.0447              0
         1          0.045              0
         1         0.0453              0
         1         0.0456              0
         1         0.0459              0
         1         0.0462              0
         1         0.0465              0
         1         0.0468              0
         1         0.0471              0
         1         0.0474              0
         1         0.0477              0
         2         -0.048              0
         2        -0.0477              0
         2        -0.0474              0
         2        -0.0471              0
         2        -0.0468              0
         2        -0.0465              0
         2        -0.0462              0
         2        -0.0459              0
         2        -0.0456              0
         2        -0.0453              0
         2         -0.045              0
         2        -0.0447              0
         2        -0.0444              0
         2        -0.0441              0
         2        -0.0438              0
         2        -0.0435              0
         2        -0.0432              0
         2        -0.0429              0
         2        -0.0426              0
         2        -0.0423              0
         2         -0.042              0
         2        -0.0417              0
         2        -0.0414              0
         2        -0.0411              0
         2        -0.0408              0
         2        -0.0405              0
         2        -0.0402              0
         2        -0.0399              0
         2        -0.0396              0
         2        -0.0393              0
         2         -0.039              0
         2        -0.0387              0
         2        -0.0384              0
         2        -0.0381              0
         2        -0.0378              0
         2        -0.0375              0
         2        -0.0372              0
         2        -0.0369              0
         2        -0.0366              0
         2        -0.0363              0
         2         -0.036              0
         2        -0.0357              0
         2        -0.0354              0
         2        -0.0351              0
         2        -0.0348              0
         2        -0.0345              0
         2        -0.0342              0
         2        -0.0339              0
         2        -0.0336              0
         2        -0.0333              0
         2         -0.033              0
         2        -0.0327              0
         2        -0.0324              0
         2        -0.0321              0
         2        -0.0318              0
         2        -0.0315              0
         2        -0.0312              0
         2        -0.0309              0
         2        -0.0306              0
         2        -0.0303              0
         2          -0.03       -4.83895
         2        -0.0297        -20.548
         2        -0.0294       -36.3945
         2        -0.0291       -52.3795
         2        -0.0288       -68.5074
         2        -0.0285        -84.785
         2        -0.0282        -101.22
         2        -0.0279       -117.823
         2        -0.0276       -134.603
         2        -0.0273       -151.571
         2         -0.027       -168.739
         2        -0.0267       -186.122
         2        -0.0264       -203.732
         2        -0.0261       -221.586
         2        -0.0258         -239.7
         2        -0.0255       -258.091
         2        -0.0252       -276.781
         2        -0.0249        -295.79
         2        -0.0246        -315.14
         2        -0.0243       -334.857
         2         -0.024       -354.966
         2        -0.0237       -375.497
         2        -0.0234       -396.479
         2        -0.0231       -417.945
         2        -0.0228       -439.929
         2        -0.0225       -462.466
         2        -0.0222       -485.596
         2        -0.0219       -509.358
         2        -0.0216       -533.792
         2        -0.0213       -558.942
         2         -0.021       -584.852
         2        -0.0207       -611.564
         2        -0.0204       -639.125
         2        -0.0201       -667.579
         2        -0.0198       -696.968
         2        -0.0195       -727.337
         2        -0.0192       -758.726
         2        -0.0189       -791.172
         2        -0.0186       -824.712
         2        -0.0183       -859.375
         2         -0.018       -895.189
         2        -0.0177       -932.175
         2        -0.0174       -970.347
         2        -0.0171       -1009.71
         2        -0.0168       -1050.28
         2        -0.0165       -1092.03
         2        -0.0162       -1134.95
         2        -0.0159       -1179.03
         2        -0.0156       -1224.21
         2        -0.0153       -1270.46
         2         -0.015       -1317.73
         2        -0.0147       -1365.93
         2        -0.0144          -1415
         2        -0.0141       -1464.84
         2        -0.0138       -1515.33
         2        -0.0135       -1566.35
         2        -0.0132       -1617.77
         2        -0.0129       -1669.41
         2        -0.0126       -1721.09
         2        -0.0123       -1772.59
         2         -0.012       -1823.68
         2        -0.0117       -1874.08
         2        -0.0114       -1923.46
         2        -0.0111       -1971.46
         2        -0.0108       -2017.65
         2        -0.0105       -2061.54
         2        -0.0102       -2102.56
         2        -0.0099       -2140.02
         2        -0.0096       -2173.13
         2        -0.0093       -2200.93
         2         -0.009        -2222.3
         2        -0.0087       -2235.86
         2        -0.0084       -2239.95
         2        -0.0081       -2232.56
         2        -0.0078        -2211.2
         2        -0.0075       -2172.78
         2        -0.0072       -2113.41
         2        -0.0069       -2028.19
         2        -0.0066       -1910.86
         2        -0.0063       -1753.44
         2         -0.006       -1546.22
         2        -0.0057       -1280.49
         2        -0.0054          -1000
         2        -0.0051          -1000
         2        -0.0048          -1000
         2        -0.0045       -1022.18
         2        -0.0042       -1201.62
         2        -0.0039       -1367.65
         2        -0.0036       -1508.41
         2        -0.0033       -1623.15
         2         -0.003       -1713.78
         2        -0.0027       -1783.03
         2        -0.0024       -1833.87
         2        -0.0021        -1869.3
         2        -0.0018       -1892.27
         2        -0.0015       -1905.64
         2        -0.0012       -1912.03
         2        -0.0009       -1913.81
         2        -0.0006       -1912.98
         2        -0.0003       -1911.06
         2              0       -1909.04
         2         0.0003       -1907.31
         2         0.0006       -1905.62
         2         0.0009       -1903.14
         2         0.0012       -1898.46
         2         0.0015        -1889.7
         2         0.0018        -1874.6
         2         0.0021       -1850.57
         2         0.0024       -1814.85
         2         0.0027       -1764.48
         2          0.003       -1696.49
         2         0.0033        -1607.9
         2         0.0036       -1495.96
         2         0.0039        -1358.7
         2         0.0042       -1196.79
         2         0.0045       -1021.76
         2         0.0048          -1000
         2         0.0051          -1000
         2         0.0054          -1000
         2         0.0057       -1266.43
         2          0.006       -1519.06
         2         0.0063        -1715.4
         2         0.0066       -1863.86
         2         0.0069       -1973.82
         2         0.0072       -2052.96
         2         0.0075       -2107.34
         2         0.0078       -2141.71
         2         0.0081       -2159.81
         2         0.0084       -2164.64
         2         0.0087       -2158.59
         2          0.009       -2143.61
         2         0.0093        -2121.3
         2         0.0096       -2092.97
         2         0.0099       -2059.71
         2         0.0102       -2022.42
         2         0.0105       -1981.87
         2         0.0108       -1938.71
         2         0.0111       -1893.48
         2         0.0114       -1846.64
         2         0.0117        -1798.6
         2          0.012       -1749.71
         2         0.0123       -1700.25
         2         0.0126        -1650.5
         2         0.0129       -1600.67
         2         0.0132       -1550.95
         2         0.0135       -1501.52
         2         0.0138       -1452.53
         2         0.0141       -1404.11
         2         0.0144       -1356.36
         2         0.0147       -1309.38
         2          0.015       -1263.26
         2         0.0153       -1218.06
         2         0.0156       -1173.85
         2         0.0159       -1130.67
         2         0.0162       -1088.55
         2         0.0165       -1047.53
         2         0.0168       -1007.63
         2         0.0171       -968.852
         2         0.0174       -931.204
         2         0.0177       -894.683
         2          0.018        -859.28
         2         0.0183       -824.978
         2         0.0186       -791.758
         2         0.0189       -759.595
         2         0.0192       -728.459
         2         0.0195       -698.319
         2         0.0198       -669.141
         2         0.0201       -640.886
         2         0.0204       -613.516
         2         0.0207       -586.992
         2          0.021       -561.274
         2         0.0213       -536.321
         2         0.0216       -512.093
         2         0.0219        -488.55
         2         0.0222       -465.654
         2         0.0225       -443.367
         2         0.0228       -421.653
         2         0.0231       -400.477
         2         0.0234       -379.805
         2         0.0237       -359.606
         2          0.024       -339.849
         2         0.0243       -320.506
         2         0.0246        -301.55
         2         0.0249       -282.957
         2         0.0252       -264.702
         2         0.0255       -246.764
         2         0.0258       -229.122
         2         0.0261       -211.757
         2         0.0264       -194.651
         2         0.0267       -177.787
         2          0.027       -161.151
         2         0.0273       -144.728
         2         0.0276       -128.505
         2         0.0279       -112.468
         2         0.0282       -96.6076
         2         0.0285        -80.912
         2         0.0288       -65.3718
         2         0.0291       -49.9783
         2         0.0294       -34.7241
         2         0.0297       -19.6042
         2           0.03       -4.61663
         2         0.0303              0
         2         0.0306              0
         2         0.0309              0
         2         0.0312              0
         2         0.0315              0
         2         0.0318              0
         2         0.0321              0
         2         0.0324              0
         2         0.0327              0
         2          0.033              0
         2         0.0333              0
         2         0.0336              0
         2         0.0339              0
         2         0.0342              0
         2         0.0345              0
         2         0.0348              0
         2         0.0351              0
         2         0.0354              0
         2         0.0357              0
         2          0.036              0
         2         0.0363              0
         2         0.0366              0
         2         0.0369              0
         2         0.0372              0
         2         0.0375              0
         2         0.0378              0
         2         0.0381              0
         2         0.0384              0
         2         0.0387              0
         2          0.039              0
         2         0.0393              0
         2         0.0396              0
         2         0.0399              0
         2         0.0402              0
         2         0.0405              0
         2         0.0408              0
         2         0.0411              0
         2         0.0414              0
         2         0.0417              0
         2          0.042              0
         2         0.0423              0
         2         0.0426              0
         2         0.0429              0
         2         0.0432              0
         2         0.0435              0
         2         0.0438              0
         2         0.0441              0
         2         0.0444              0
         2         0.0447              0
         2          0.045              0
         2         0.0453              0
         2         0.0456              0
         2         0.0459              0
         2         0.0462              0
         2         0.0465              0
         2         0.0468              0
         2         0.0471              0
         2         0.0474              0
         2         0.0477              0
         3         -0.048              0
         3        -0.0477              0
         3        -0.0474              0
         3        -0.0471              0
         3        -0.0468              0
         3        -0.0465              0
         3        -0.0462              0
         3        -0.0459              0
         3        -0.0456              0
         3        -0.0453              0
         3         -0.045              0
         3        -0.0447              0
         3        -0.0444              0
         3        -0.0441              0
         3        -0.0438              0
         3        -0.0435              0
         3        -0.0432              0
         3        -0.0429              0
         3        -0.0426              0
         3        -0.0423              0
         3         -0.042              0
         3        -0.0417              0
         3        -0.0414              0
         3        -0.0411              0
         3        -0.0408              0
         3        -0.0405              0
         3        -0.0402              0
         3        -0.0399              0
         3        -0.0396              0
         3        -0.0393              0
         3         -0.039              0
         3        -0.0387              0
         3        -0.0384              0
         3        -0.0381              0
         3        -0.0378              0
         3        -0.0375              0
         3        -0.0372              0
         3        -0.0369              0
         3        -0.0366              0
         3        -0.0363              0
         3         -0.036              0
         3        -0.0357              0
         3        -0.0354              0
         3        -0.0351              0
         3        -0.0348              0
         3        -0.0345              0
         3        -0.0342              0
         3        -0.0339              0
         3        -0.0336              0
         3        -0.0333              0
         3         -0.033              0
         3        -0.0327              0
         3        -0.0324              0
         3        -0.0321              0
         3        -0.0318              0
         3        -0.0315              0
         3        -0.0312              0
         3        -0.0309              0
         3        -0.0306              0
         3        -0.0303              0
         3          -0.03       -1.70474
         3        -0.0297       -7.20625
         3        -0.0294       -12.7051
         3        -0.0291       -18.2021
         3        -0.0288       -23.6987
         3        -0.0285       -29.1968
         3        -0.0282       -34.6989
         3        -0.0279       -40.2081
         3        -0.0276       -45.7272
         3        -0.0273       -51.2595
         3         -0.027       -56.8091
         3        -0.0267       -62.3808
         3        -0.0264       -67.9793
         3        -0.0261       -73.6102
         3        -0.0258       -79.2795
         3        -0.0255       -84.9937
         3        -0.0252       -90.7593
         3        -0.0249       -96.5834
         3        -0.0246       -102.474
         3        -0.0243       -108.438
         3         -0.024       -114.486
         3        -0.0237       -120.627
         3        -0.0234        -126.87
         3        -0.0231       -133.226
         3        -0.0228       -139.705
         3        -0.0225        -146.32
         3        -0.0222       -153.084
         3        -0.0219       -160.007
         3        -0.0216       -167.105
         3        -0.0213        -174.39
         3         -0.021       -181.877
         3        -0.0207       -189.582
         3        -0.0204       -197.524
         3        -0.0201       -205.719
         3        -0.0198       -214.185
         3        -0.0195       -222.937
         3        -0.0192       -231.993
         3        -0.0189       -241.368
         3        -0.0186       -251.075
         3        -0.0183       -261.131
         3         -0.018       -271.552
         3        -0.0177       -282.357
         3        -0.0174       -293.563
         3        -0.0171       -305.195
         3        -0.0168       -317.273
         3        -0.0165       -329.812
         3        -0.0162        -342.83
         3        -0.0159       -356.353
         3        -0.0156       -370.408
         3        -0.0153       -385.008
         3         -0.015       -400.164
         3        -0.0147        -415.89
         3        -0.0144       -432.215
         3        -0.0141       -449.159
         3        -0.0138       -466.733
         3        -0.0135        -484.95
         3        -0.0132       -503.826
         3        -0.0129       -523.393
         3        -0.0126       -543.679
         3        -0.0123       -564.682
         3         -0.012       -586.364
         3        -0.0117       -608.704
         3        -0.0114       -631.736
         3        -0.0111       -655.487
         3        -0.0108       -679.915
         3        -0.0105       -704.985
         3        -0.0102       -730.703
         3        -0.0099       -757.033
         3        -0.0096       -783.841
         3        -0.0093       -811.043
         3         -0.009       -838.355
         3        -0.0087       -865.427
         3        -0.0084       -892.175
         3        -0.0081       -918.253
         3        -0.0078       -942.889
         3        -0.0075       -965.368
         3        -0.0072       -985.311
         3        -0.0069       -1001.99
         3        -0.0066       -1014.32
         3        -0.0063       -1020.98
         3         -0.006       -1021.05
         3        -0.0057        -1013.3
         3        -0.0054          -1000
         3        -0.0051          -1000
         3        -0.0048          -1000
         3        -0.0045       -1029.73
         3        -0.0042       -1263.14
         3        -0.0039       -1474.52
         3        -0.0036       -1654.89
         3        -0.0033        -1810.1
         3         -0.003       -1939.48
         3        -0.0027       -2050.71
         3        -0.0024        -2141.5
         3        -0.0021        -2218.4
         3        -0.0018       -2282.31
         3        -0.0015       -2332.28
         3        -0.0012        -2371.9
         3        -0.0009       -2401.61
         3        -0.0006       -2422.03
         3        -0.0003       -2434.14
         3              0       -2438.41
         3         0.0003       -2435.21
         3         0.0006       -2424.33
         3         0.0009        -2404.9
         3         0.0012       -2375.63
         3         0.0015       -2337.03
         3         0.0018       -2287.34
         3         0.0021       -2223.31
         3         0.0024       -2146.13
         3         0.0027       -2053.99
         3          0.003       -1943.13
         3         0.0033       -1813.57
         3         0.0036        -1657.3
         3         0.0039       -1476.36
         3         0.0042       -1263.85
         3         0.0045       -1029.99
         3         0.0048          -1000
         3         0.0051          -1000
         3         0.0054          -1000
         3         0.0057       -1010.63
         3          0.006       -1016.02
         3         0.0063       -1014.05
         3         0.0066        -1005.9
         3         0.0069       -992.846
         3         0.0072       -976.234
         3         0.0075       -956.579
         3         0.0078        -934.82
         3         0.0081       -911.608
         3         0.0084       -887.067
         3         0.0087       -861.578
         3          0.009        -835.65
         3         0.0093       -809.444
         3         0.0096       -783.236
         3         0.0099       -757.263
         3         0.0102       -731.686
         3         0.0105       -706.596
         3         0.0108       -682.039
         3         0.0111       -658.134
         3         0.0114       -634.875
         3         0.0117       -612.248
         3          0.012       -590.238
         3         0.0123       -568.812
         3         0.0126       -547.993
         3         0.0129       -527.834
         3         0.0132       -508.341
         3         0.0135       -489.511
         3         0.0138        -471.33
         3         0.0141       -453.794
         3         0.0144       -436.898
         3         0.0147       -420.624
         3          0.015       -404.939
         3         0.0153       -389.813
         3         0.0156       -375.223
         3         0.0159       -361.156
         3         0.0162         -347.6
         3         0.0165       -334.538
         3         0.0168       -321.957
         3         0.0171       -309.837
         3         0.0174       -298.155
         3         0.0177       -286.891
         3          0.018       -276.025
         3         0.0183       -265.542
         3         0.0186       -255.423
         3         0.0189       -245.652
         3         0.0192       -236.213
         3         0.0195       -227.089
         3         0.0198       -218.266
         3         0.0201       -209.725
         3         0.0204       -201.445
         3         0.0207       -193.407
         3          0.021       -185.599
         3         0.0213       -178.005
         3         0.0216       -170.613
         3         0.0219        -163.41
         3         0.0222       -156.379
         3         0.0225       -149.509
         3         0.0228       -142.784
         3         0.0231       -136.193
         3         0.0234       -129.725
         3         0.0237       -123.368
         3          0.024        -117.11
         3         0.0243       -110.944
         3         0.0246       -104.859
         3         0.0249       -98.8473
         3         0.0252       -92.9005
         3         0.0255       -87.0111
         3         0.0258       -81.1718
         3         0.0261       -75.3761
         3         0.0264       -69.6179
         3         0.0267       -63.8917
         3          0.027        -58.192
         3         0.0273       -52.5135
         3         0.0276        -46.851
         3         0.0279       -41.2006
         3         0.0282       -35.5583
         3         0.0285        -29.921
         3         0.0288       -24.2862
         3         0.0291       -18.6527
         3         0.0294       -13.0197
         3         0.0297       -7.38596
         3           0.03       -1.74872
         3         0.0303              0
         3         0.0306              0
         3         0.0309              0
         3         0.0312              0
         3         0.0315              0
         3         0.0318              0
         3         0.0321              0
         3         0.0324              0
         3         0.0327              0
         3          0.033              0
         3         0.0333              0
         3         0.0336              0
         3         0.0339              0
         3         0.0342              0
         3         0.0345              0
         3         0.0348              0
         3         0.0351              0
         3         0.0354              0
         3         0.0357              0
         3          0.036              0
         3         0.0363              0
         3         0.0366              0
         3         0.0369              0
         3         0.0372              0
         3         0.0375              0
         3         0.0378              0
         3         0.0381              0
         3         0.0384              0
         3         0.0387              0
         3          0.039              0
         3         0.0393              0
         3         0.0396              0
         3         0.0399              0
         3         0.0402              0
         3         0.0405              0
         3         0.0408              0
         3         0.0411              0
         3         0.0414              0
         3         0.0417              0
         3          0.042              0
         3         0.0423              0
         3         0.0426              0
         3         0.0429              0
         3         0.0432              0
         3         0.0435              0
         3         0.0438              0
         3         0.0441              0
         3         0.0444              0
         3         0.0447              0
         3          0.045              0
         3         0.0453              0
         3         0.0456              0
         3         0.0459              0
         3         0.0462              0
         3         0.0465              0
         3         0.0468              0
         3         0.0471              0
         3         0.0474              0
         3         0.0477              0
         4         -0.048              0
         4        -0.0477              0
         4        -0.0474              0
         4        -0.0471              0
         4        -0.0468              0
         4        -0.0465              0
         4        -0.0462              0
         4        -0.0459              0
         4        -0.0456              0
         4        -0.0453              0
         4         -0.045              0
         4        -0.0447              0
         4        -0.0444              0
         4        -0.0441              0
         4        -0.0438              0
         4        -0.0435              0
         4        -0.0432              0
         4        -0.0429              0
         4        -0.0426              0
         4        -0.0423              0
         4         -0.042              0
         4        -0.0417              0
         4        -0.0414              0
         4        -0.0411              0
         4        -0.0408              0
         4        -0.0405              0
         4        -0.0402              0
         4        -0.0399              0
         4        -0.0396              0
         4        -0.0393              0
         4         -0.039              0
         4        -0.0387              0
         4        -0.0384              0
         4        -0.0381              0
         4        -0.0378              0
         4        -0.0375              0
         4        -0.0372              0
         4        -0.0369              0
         4        -0.0366              0
         4        -0.0363              0
         4         -0.036              0
         4        -0.0357              0
         4        -0.0354              0
         4        -0.0351              0
         4        -0.0348              0
         4        -0.0345              0
         4        -0.0342              0
         4        -0.0339              0
         4        -0.0336              0
         4        -0.0333              0
         4         -0.033              0
         4        -0.0327              0
         4        -0.0324              0
         4        -0.0321              0
         4        -0.0318              0
         4        -0.0315              0
         4        -0.0312              0
         4        -0.0309              0
         4        -0.0306              0
         4        -0.0303              0
         4          -0.03       -4.70876
         4        -0.0297       -19.9179
         4        -0.0294       -35.1478
         4        -0.0291       -50.4021
         4        -0.0288       -65.6857
         4        -0.0285       -81.0043
         4        -0.0282       -96.3643
         4        -0.0279       -111.772
         4        -0.0276       -127.235
         4        -0.0273       -142.761
         4         -0.027       -158.357
         4        -0.0267       -174.032
         4        -0.0264       -189.797
         4        -0.0261       -205.659
         4        -0.0258       -221.632
         4        -0.0255       -237.724
         4        -0.0252       -253.951
         4        -0.0249       -270.326
         4        -0.0246       -286.864
         4        -0.0243       -303.584
         4         -0.024       -320.503
         4        -0.0237        -337.64
         4        -0.0234       -355.016
         4        -0.0231       -372.655
         4        -0.0228        -390.58
         4        -0.0225       -408.816
         4        -0.0222       -427.388
         4        -0.0219       -446.325
         4        -0.0216       -465.655
         4        -0.0213       -485.409
         4         -0.021       -505.617
         4        -0.0207       -526.309
         4        -0.0204       -547.516
         4        -0.0201       -569.272
         4        -0.0198       -591.607
         4        -0.0195       -614.551
         4        -0.0192       -638.136
         4        -0.0189       -662.389
         4        -0.0186       -687.336
         4        -0.0183           -713
         4         -0.018       -739.401
         4        -0.0177        -766.56
         4        -0.0174        -794.49
         4        -0.0171       -823.203
         4        -0.0168       -852.705
         4        -0.0165       -882.996
         4        -0.0162       -914.074
         4        -0.0159       -945.927
         4        -0.0156       -978.545
         4        -0.0153       -1011.91
         4         -0.015       -1045.98
         4        -0.0147       -1080.74
         4        -0.0144       -1116.14
         4        -0.0141       -1152.14
         4        -0.0138       -1188.66
         4        -0.0135       -1225.66
         4        -0.0132       -1263.04
         4        -0.0129       -1300.71
         4        -0.0126       -1338.57
         4        -0.0123       -1376.51
         4         -0.012       -1414.38
         4        -0.0117       -1452.03
         4        -0.0114       -1489.26
         4        -0.0111       -1525.86
         4        -0.0108       -1561.58
         4        -0.0105       -1596.15
         4        -0.0102       -1629.24
         4        -0.0099       -1660.42
         4        -0.0096       -1689.21
         4        -0.0093       -1715.01
         4         -0.009       -1737.11
         4        -0.0087       -1754.67
         4        -0.0084       -1766.62
         4        -0.0081       -1771.56
         4        -0.0078       -1767.72
         4        -0.0075       -1752.92
         4        -0.0072       -1724.28
         4        -0.0069        -1678.1
         4        -0.0066       -1609.52
         4        -0.0063       -1512.33
         4         -0.006       -1377.78
         4        -0.0057       -1196.51
         4        -0.0054          -1000
         4        -0.0051          -1000
         4        -0.0048          -1000
         4        -0.0045       -1009.18
         4        -0.0042       -1083.34
         4        -0.0039        -1151.4
         4        -0.0036        -1208.6
         4        -0.0033       -1254.85
         4         -0.003       -1291.15
         4        -0.0027       -1318.78
         4        -0.0024       -1339.04
         4        -0.0021       -1353.22
         4        -0.0018       -1362.51
         4        -0.0015       -1368.07
         4        -0.0012       -1370.93
         4        -0.0009       -1372.02
         4        -0.0006       -1372.11
         4        -0.0003       -1371.79
         4              0       -1371.42
         4         0.0003       -1371.14
         4         0.0006       -1370.85
         4         0.0009       -1370.19
         4         0.0012        -1368.6
         4         0.0015       -1365.33
         4         0.0018       -1359.48
         4         0.0021          -1350
         4         0.0024       -1335.79
         4         0.0027       -1315.62
         4          0.003       -1288.22
         4         0.0033        -1252.3
         4         0.0036       -1206.55
         4         0.0039       -1149.97
         4         0.0042        -1082.6
         4         0.0045       -1009.15
         4         0.0048          -1000
         4         0.0051          -1000
         4         0.0054          -1000
         4         0.0057       -1196.98
         4          0.006        -1380.1
         4         0.0063       -1515.69
         4         0.0066       -1613.22
         4         0.0069        -1681.7
         4         0.0072       -1727.97
         4         0.0075       -1757.02
         4         0.0078       -1772.51
         4         0.0081       -1777.13
         4         0.0084       -1772.92
         4         0.0087       -1761.59
         4          0.009       -1744.52
         4         0.0093       -1722.82
         4         0.0096       -1697.41
         4         0.0099       -1669.03
         4         0.0102       -1638.28
         4         0.0105       -1605.63
         4         0.0108       -1571.48
         4         0.0111       -1536.16
         4         0.0114       -1499.98
         4         0.0117       -1463.19
         4          0.012       -1425.99
         4         0.0123       -1388.57
         4         0.0126       -1351.08
         4         0.0129       -1313.65
         4         0.0132       -1276.41
         4         0.0135       -1239.45
         4         0.0138       -1202.86
         4         0.0141       -1166.71
         4         0.0144       -1131.08
         4         0.0147          -1096
         4          0.015       -1061.54
         4         0.0153       -1027.73
         4         0.0156       -994.602
         4         0.0159       -962.187
         4         0.0162       -930.503
         4         0.0165       -899.563
         4         0.0168       -869.376
         4         0.0171       -839.942
         4         0.0174       -811.259
         4         0.0177       -783.318
         4          0.018       -756.113
         4         0.0183       -729.631
         4         0.0186       -703.852
         4         0.0189       -678.756
         4         0.0192       -654.319
         4         0.0195       -630.516
         4         0.0198       -607.322
         4         0.0201       -584.711
         4         0.0204       -562.653
         4         0.0207       -541.121
         4          0.021       -520.085
         4         0.0213       -499.514
         4         0.0216        -479.38
         4         0.0219       -459.654
         4         0.0222       -440.307
         4         0.0225       -421.313
         4         0.0228       -402.644
         4         0.0231       -384.276
         4         0.0234       -366.186
         4         0.0237        -348.35
         4          0.024       -330.748
         4         0.0243       -313.358
         4         0.0246       -296.163
         4         0.0249       -279.145
         4         0.0252       -262.287
         4         0.0255       -245.575
         4         0.0258       -228.994
         4         0.0261       -212.532
         4         0.0264       -196.175
         4         0.0267       -179.913
         4          0.027       -163.735
         4         0.0273       -147.632
         4         0.0276       -131.596
         4         0.0279       -115.618
         4         0.0282       -99.6903
         4         0.0285       -83.8066
         4         0.0288       -67.9603
         4         0.0291       -52.1463
         4         0.0294       -36.3608
         4         0.0297       -20.6019
         4           0.03       -4.86987
         4         0.0303              0
         4         0.0306              0
         4         0.0309              0
         4         0.0312              0
         4         0.0315              0
         4         0.0318              0
         4         0.0321              0
         4         0.0324              0
         4         0.0327              0
         4          0.033              0
         4         0.0333              0
         4         0.0336              0
         4         0.0339              0
         4         0.0342              0
         4         0.0345              0
         4         0.0348              0
         4         0.0351              0
         4         0.0354              0
         4         0.0357              0
         4          0.036              0
         4         0.0363              0
         4         0.0366              0
         4         0.0369              0
         4         0.0372              0
         4         0.0375              0
         4         0.0378              0
         4         0.0381              0
         4         0.0384              0
         4         0.0387              0
         4          0.039              0
         4         0.0393              0
         4         0.0396              0
         4         0.0399              0
         4         0.0402              0
         4         0.0405              0
         4         0.0408              0
         4         0.0411              0
         4         0.0414              0
         4         0.0417              0
         4          0.042              0
         4         0.0423              0
         4         0.0426              0
         4         0.0429              0
         4         0.0432              0
         4         0.0435              0
         4         0.0438              0
         4         0.0441              0
         4         0.0444              0
         4         0.0447              0
         4          0.045              0
         4         0.0453              0
         4         0.0456              0
         4         0.0459              0
         4         0.0462              0
         4         0.0465              0
         4         0.0468              0
         4         0.0471              0
         4         0.0474              0
         4         0.0477              0
         5         -0.048              0
         5        -0.0477              0
         5        -0.0474              0
         5        -0.0471              0
         5        -0.0468              0
         5        -0.0465              0
         5        -0.0462              0
         5        -0.0459              0
         5        -0.0456              0
         5        -0.0453              0
         5         -0.045              0
         5        -0.0447              0
         5        -0.0444              0
         5        -0.0441              0
         5        -0.0438              0
         5        -0.0435              0
         5        -0.0432              0
         5        -0.0429              0
         5        -0.0426              0
         5        -0.0423              0
         5         -0.042              0
         5        -0.0417              0
         5        -0.0414              0
         5        -0.0411              0
         5        -0.0408              0
         5        -0.0405              0
         5        -0.0402              0
         5        -0.0399              0
         5        -0.0396              0
         5        -0.0393              0
         5         -0.039              0
         5        -0.0387              0
         5        -0.0384              0
         5        -0.0381              0
         5        -0.0378              0
         5        -0.0375              0
         5        -0.0372              0
         5        -0.0369              0
         5        -0.0366              0
         5        -0.0363              0
         5         -0.036              0
         5        -0.0357              0
         5        -0.0354              0
         5        -0.0351              0
         5        -0.0348              0
         5        -0.0345              0
         5        -0.0342              0
         5        -0.0339              0
         5        -0.0336              0
         5        -0.0333              0
         5         -0.033              0
         5        -0.0327              0
         5        -0.0324              0
         5        -0.0321              0
         5        -0.0318              0
         5        -0.0315              0
         5        -0.0312              0
         5        -0.0309              0
         5        -0.0306              0
         5        -0.0303              0
         5          -0.03       -1.32425
         5        -0.0297       -5.60209
         5        -0.0294       -9.88483
         5        -0.0291       -14.1735
         5        -0.0288       -18.4708
         5        -0.0285       -22.7808
         5        -0.0282       -27.1085
         5        -0.0279       -31.4587
         5        -0.0276       -35.8365
         5        -0.0273       -40.2475
         5         -0.027       -44.6977
         5        -0.0267       -49.1928
         5        -0.0264       -53.7395
         5        -0.0261       -58.3446
         5        -0.0258       -63.0152
         5        -0.0255       -67.7581
         5        -0.0252       -72.5808
         5        -0.0249       -77.4921
         5        -0.0246       -82.5015
         5        -0.0243       -87.6184
         5         -0.024       -92.8521
         5        -0.0237       -98.2128
         5        -0.0234       -103.712
         5        -0.0231        -109.36
         5        -0.0228        -115.17
         5        -0.0225       -121.154
         5        -0.0222       -127.325
         5        -0.0219       -133.696
         5        -0.0216       -140.283
         5        -0.0213       -147.102
         5         -0.021        -154.17
         5        -0.0207       -161.504
         5        -0.0204       -169.121
         5        -0.0201       -177.039
         5        -0.0198       -185.279
         5        -0.0195       -193.858
         5        -0.0192       -202.797
         5        -0.0189       -212.117
         5        -0.0186       -221.838
         5        -0.0183       -231.982
         5         -0.018       -242.573
         5        -0.0177       -253.631
         5        -0.0174       -265.176
         5        -0.0171       -277.229
         5        -0.0168       -289.816
         5        -0.0165       -302.967
         5        -0.0162       -316.707
         5        -0.0159       -331.061
         5        -0.0156       -346.057
         5        -0.0153       -361.721
         5         -0.015       -378.082
         5        -0.0147        -395.17
         5        -0.0144       -413.019
         5        -0.0141       -431.657
         5        -0.0138       -451.124
         5        -0.0135       -471.461
         5        -0.0132       -492.709
         5        -0.0129       -514.913
         5        -0.0126       -538.112
         5        -0.0123       -562.334
         5         -0.012       -587.618
         5        -0.0117       -614.012
         5        -0.0114       -641.559
         5        -0.0111       -670.334
         5        -0.0108       -700.399
         5        -0.0105       -731.783
         5        -0.0102       -764.503
         5        -0.0099       -798.558
         5        -0.0096       -833.937
         5        -0.0093       -870.646
         5         -0.009       -908.711
         5        -0.0087       -948.112
         5        -0.0084        -988.77
         5        -0.0081       -1030.53
         5        -0.0078       -1073.28
         5        -0.0075       -1116.84
         5        -0.0072       -1158.91
         5        -0.0069       -1189.17
         5        -0.0066       -1198.09
         5        -0.0063       -1184.68
         5         -0.006       -1146.12
         5        -0.0057       -1080.02
         5        -0.0054          -1000
         5        -0.0051          -1000
         5        -0.0048          -1000
         5        -0.0045       -1067.97
         5        -0.0042       -1598.37
         5        -0.0039       -2081.41
         5        -0.0036       -2488.33
         5        -0.0033       -2838.45
         5         -0.003       -3133.42
         5        -0.0027       -3385.76
         5        -0.0024       -3600.31
         5        -0.0021       -3779.83
         5        -0.0018       -3933.54
         5        -0.0015       -4055.16
         5        -0.0012       -4153.54
         5        -0.0009        -4231.7
         5        -0.0006       -4287.99
         5        -0.0003       -4324.81
         5              0       -4339.05
         5         0.0003        -4331.3
         5         0.0006        -4302.9
         5         0.0009       -4250.73
         5         0.0012       -4173.48
         5         0.0015       -4074.46
         5         0.0018       -3949.99
         5         0.0021       -3797.54
         5         0.0024       -3620.23
         5         0.0027       -3401.85
         5          0.003        -3145.7
         5         0.0033       -2847.32
         5         0.0036       -2495.04
         5         0.0039        -2084.2
         5         0.0042       -1599.44
         5         0.0045       -1068.39
         5         0.0048          -1000
         5         0.0051          -1000
         5         0.0054          -1000
         5         0.0057       -1084.36
         5          0.006       -1155.06
         5         0.0063       -1198.07
         5         0.0066       -1216.51
         5         0.0069       -1212.32
         5         0.0072       -1185.46
         5         0.0075       -1144.06
         5         0.0078       -1099.06
         5         0.0081       -1054.81
         5         0.0084       -1012.16
         5         0.0087       -970.857
         5          0.009       -930.852
         5         0.0093       -892.188
         5         0.0096       -854.899
         5         0.0099       -818.977
         5         0.0102        -784.38
         5         0.0105       -751.138
         5         0.0108       -719.261
         5         0.0111        -688.71
         5         0.0114       -659.433
         5         0.0117       -631.372
         5          0.012       -604.468
         5         0.0123        -578.68
         5         0.0126       -553.965
         5         0.0129       -530.286
         5         0.0132       -507.613
         5         0.0135         -485.9
         5         0.0138       -465.097
         5         0.0141       -445.158
         5         0.0144       -426.049
         5         0.0147        -407.74
         5          0.015         -390.2
         5         0.0153       -373.397
         5         0.0156       -357.302
         5         0.0159       -341.887
         5         0.0162       -327.126
         5         0.0165       -312.991
         5         0.0168       -299.453
         5         0.0171       -286.487
         5         0.0174       -274.068
         5         0.0177       -262.173
         5          0.018       -250.778
         5         0.0183       -239.858
         5         0.0186       -229.391
         5         0.0189       -219.355
         5         0.0192       -209.727
         5         0.0195       -200.488
         5         0.0198       -191.617
         5         0.0201       -183.093
         5         0.0204       -174.897
         5         0.0207       -167.011
         5          0.021       -159.416
         5         0.0213       -152.093
         5         0.0216       -145.027
         5         0.0219         -138.2
         5         0.0222       -131.597
         5         0.0225       -125.202
         5         0.0228       -119.002
         5         0.0231       -112.982
         5         0.0234        -107.13
         5         0.0237       -101.434
         5          0.024       -95.8832
         5         0.0243       -90.4652
         5         0.0246       -85.1699
         5         0.0249        -79.987
         5         0.0252        -74.907
         5         0.0255       -69.9209
         5         0.0258       -65.0198
         5         0.0261       -60.1958
         5         0.0264       -55.4412
         5         0.0267       -50.7483
         5          0.027       -46.1101
         5         0.0273       -41.5197
         5         0.0276       -36.9708
         5         0.0279       -32.4568
         5         0.0282       -27.9721
         5         0.0285       -23.5108
         5         0.0288       -19.0673
         5         0.0291       -14.6363
         5         0.0294       -10.2128
         5         0.0297       -5.79256
         5           0.03       -1.37154
         5         0.0303              0
         5         0.0306              0
         5         0.0309              0
         5         0.0312              0
         5         0.0315              0
         5         0.0318              0
         5         0.0321              0
         5         0.0324              0
         5         0.0327              0
         5          0.033              0
         5         0.0333              0
         5         0.0336              0
         5         0.0339              0
         5         0.0342              0
         5         0.0345              0
         5         0.0348              0
         5         0.0351              0
         5         0.0354              0
         5         0.0357              0
         5          0.036              0
         5         0.0363              0
         5         0.0366              0
         5         0.0369              0
         5         0.0372              0
         5         0.0375              0
         5         0.0378              0
         5         0.0381              0
         5         0.0384              0
         5         0.0387              0
         5          0.039              0
         5         0.0393              0
         5         0.0396              0
         5         0.0399              0
         5         0.0402              0
         5         0.0405              0
         5         0.0408              0
         5         0.0411              0
         5         0.0414              0
         5         0.0417              0
         5          0.042              0
         5         0.0423              0
         5         0.0426              0
         5         0.0429              0
         5         0.0432              0
         5         0.0435              0
         5         0.0438              0
         5         0.0441              0
         5         0.0444              0
         5         0.0447              0
         5          0.045              0
         5         0.0453              0
         5         0.0456              0
         5         0.0459              0
         5         0.0462              0
         5         0.0465              0
         5         0.0468              0
         5         0.0471              0
         5         0.0474              0
         5         0.0477              0
         6         -0.048              0
         6        -0.0477              0
         6        -0.0474              0
         6        -0.0471              0
         6        -0.0468              0
         6        -0.0465              0
         6        -0.0462              0
         6        -0.0459              0
         6        -0.0456              0
         6        -0.0453              0
         6         -0.045              0
         6        -0.0447              0
         6        -0.0444              0
         6        -0.0441              0
         6        -0.0438              0
         6        -0.0435              0
         6        -0.0432              0
         6        -0.0429              0
         6        -0.0426              0
         6        -0.0423              0
         6         -0.042              0
         6        -0.0417              0
         6        -0.0414              0
         6        -0.0411              0
         6        -0.0408              0
         6        -0.0405              0
         6        -0.0402              0
         6        -0.0399              0
         6        -0.0396              0
         6        -0.0393              0
         6         -0.039              0
         6        -0.0387              0
         6        -0.0384              0
         6        -0.0381              0
         6        -0.0378              0
         6        -0.0375              0
         6        -0.0372              0
         6        -0.0369              0
         6        -0.0366              0
         6        -0.0363              0
         6         -0.036              0
         6        -0.0357              0
         6        -0.0354              0
         6        -0.0351              0
         6        -0.0348              0
         6        -0.0345              0
         6        -0.0342              0
         6        -0.0339              0
         6        -0.0336              0
         6        -0.0333              0
         6         -0.033              0
         6        -0.0327              0
         6        -0.0324              0
         6        -0.0321              0
         6        -0.0318              0
         6        -0.0315              0
         6        -0.0312              0
         6        -0.0309              0
         6        -0.0306              0
         6        -0.0303              0
         6          -0.03       -3.78318
         6        -0.0297       -16.0498
         6        -0.0294       -28.3668
         6        -0.0291       -40.7188
         6        -0.0288       -53.0997
         6        -0.0285       -65.5081
         6        -0.0282       -77.9448
         6        -0.0279       -90.4124
         6        -0.0276       -102.914
         6        -0.0273       -115.455
         6         -0.027        -128.04
         6        -0.0267       -140.676
         6        -0.0264       -153.369
         6        -0.0261       -166.126
         6        -0.0258       -178.957
         6        -0.0255       -191.869
         6        -0.0252       -204.875
         6        -0.0249       -217.984
         6        -0.0246        -231.21
         6        -0.0243       -244.566
         6         -0.024       -258.067
         6        -0.0237       -271.726
         6        -0.0234       -285.561
         6        -0.0231       -299.589
         6        -0.0228       -313.829
         6        -0.0225       -328.301
         6        -0.0222       -343.026
         6        -0.0219       -358.026
         6        -0.0216       -373.324
         6        -0.0213       -388.943
         6         -0.021       -404.907
         6        -0.0207       -421.242
         6        -0.0204       -437.974
         6        -0.0201       -455.127
         6        -0.0198       -472.726
         6        -0.0195       -490.798
         6        -0.0192       -509.366
         6        -0.0189       -528.452
         6        -0.0186       -548.081
         6        -0.0183       -568.272
         6         -0.018       -589.042
         6        -0.0177       -610.409
         6        -0.0174       -632.384
         6        -0.0171       -654.978
         6        -0.0168       -678.197
         6        -0.0165        -702.04
         6        -0.0162       -726.507
         6        -0.0159       -751.594
         6        -0.0156       -777.294
         6        -0.0153       -803.593
         6         -0.015       -830.475
         6        -0.0147       -857.913
         6        -0.0144       -885.883
         6        -0.0141       -914.351
         6        -0.0138        -943.28
         6        -0.0135       -972.624
         6        -0.0132       -1002.33
         6        -0.0129       -1032.32
         6        -0.0126       -1062.54
         6        -0.0123        -1092.9
         6         -0.012        -1123.3
         6        -0.0117       -1153.64
         6        -0.0114        -1183.8
         6        -0.0111       -1213.65
         6        -0.0108       -1243.02
         6        -0.0105        -1271.7
         6        -0.0102       -1299.46
         6        -0.0099       -1326.01
         6        -0.0096       -1351.05
         6        -0.0093       -1374.19
         6         -0.009       -1394.98
         6        -0.0087       -1412.88
         6        -0.0084       -1427.17
         6        -0.0081       -1436.95
         6        -0.0078       -1441.16
         6        -0.0075       -1438.51
         6        -0.0072        -1427.1
         6        -0.0069       -1404.52
         6        -0.0066       -1367.65
         6        -0.0063       -1312.33
         6         -0.006       -1232.95
         6        -0.0057       -1123.15
         6        -0.0054          -1000
         6        -0.0051          -1000
         6        -0.0048          -1000
         6        -0.0045       -1006.27
         6        -0.0042       -1056.96
         6        -0.0039       -1103.56
         6        -0.0036       -1142.77
         6        -0.0033       -1174.52
         6         -0.003       -1199.48
         6        -0.0027       -1218.51
         6        -0.0024       -1232.49
         6        -0.0021        -1242.3
         6        -0.0018       -1248.76
         6        -0.0015       -1252.66
         6        -0.0012       -1254.69
         6        -0.0009       -1255.51
         6        -0.0006       -1255.63
         6        -0.0003       -1255.45
         6              0       -1255.24
         6         0.0003       -1255.09
         6         0.0006       -1254.91
         6         0.0009       -1254.46
         6         0.0012       -1253.37
         6         0.0015       -1251.11
         6         0.0018       -1247.06
         6         0.0021       -1240.52
         6         0.0024        -1230.7
         6         0.0027       -1216.79
         6          0.003       -1197.92
         6         0.0033       -1173.18
         6         0.0036       -1141.73
         6         0.0039       -1102.86
         6         0.0042       -1056.62
         6         0.0045       -1006.27
         6         0.0048          -1000
         6         0.0051          -1000
         6         0.0054          -1000
         6         0.0057       -1123.87
         6          0.006       -1234.12
         6         0.0063       -1313.18
         6         0.0066       -1368.02
         6         0.0069       -1404.58
         6         0.0072       -1426.77
         6         0.0075       -1437.84
         6         0.0078       -1440.24
         6         0.0081       -1435.82
         6         0.0084       -1425.92
         6         0.0087       -1411.54
         6          0.009       -1393.58
         6         0.0093       -1372.77
         6         0.0096       -1349.64
         6         0.0099       -1324.65
         6         0.0102       -1298.19
         6         0.0105       -1270.59
         6         0.0108        -1242.1
         6         0.0111       -1212.93
         6         0.0114       -1183.29
         6         0.0117       -1153.34
         6          0.012       -1123.23
         6         0.0123       -1093.09
         6         0.0126          -1063
         6         0.0129       -1033.05
         6         0.0132       -1003.33
         6         0.0135       -973.911
         6         0.0138       -944.854
         6         0.0141       -916.207
         6         0.0144       -888.012
         6         0.0147       -860.306
         6          0.015        -833.12
         6         0.0153       -806.481
         6         0.0156       -780.409
         6         0.0159       -754.921
         6         0.0162       -730.033
         6         0.0165       -705.751
         6         0.0168       -682.078
         6         0.0171       -659.014
         6         0.0174       -636.554
         6         0.0177       -614.689
         6          0.018        -593.41
         6         0.0183       -572.705
         6         0.0186       -552.558
         6         0.0189       -532.953
         6         0.0192        -513.87
         6         0.0195        -495.29
         6         0.0198       -477.189
         6         0.0201       -459.544
         6         0.0204       -442.333
         6         0.0207       -425.532
         6          0.021       -409.117
         6         0.0213       -393.064
         6         0.0216       -377.349
         6         0.0219       -361.949
         6         0.0222       -346.841
         6         0.0225       -332.003
         6         0.0228       -317.415
         6         0.0231       -303.055
         6         0.0234       -288.903
         6         0.0237        -274.94
         6          0.024       -261.151
         6         0.0243       -247.518
         6         0.0246       -234.027
         6         0.0249       -220.662
         6         0.0252       -207.412
         6         0.0255       -194.265
         6         0.0258       -181.209
         6         0.0261       -168.234
         6         0.0264       -155.331
         6         0.0267       -142.492
         6          0.027       -129.709
         6         0.0273       -116.975
         6         0.0276       -104.284
         6         0.0279         -91.63
         6         0.0282       -79.0087
         6         0.0285       -66.4164
         6         0.0288       -53.8505
         6         0.0291       -41.3101
         6         0.0294       -28.7953
         6         0.0297        -16.308
         6           0.03       -3.85203
         6         0.0303              0
         6         0.0306              0
         6         0.0309              0
         6         0.0312              0
         6         0.0315              0
         6         0.0318              0
         6         0.0321              0
         6         0.0324              0
         6         0.0327              0
         6          0.033              0
         6         0.0333              0
         6         0.0336              0
         6         0.0339              0
         6         0.0342              0
         6         0.0345              0
         6         0.0348              0
         6         0.0351              0
         6         0.0354              0
         6         0.0357              0
         6          0.036              0
         6         0.0363              0
         6         0.0366              0
         6         0.0369              0
         6         0.0372              0
         6         0.0375              0
         6         0.0378              0
         6         0.0381              0
         6         0.0384              0
         6         0.0387              0
         6          0.039              0
         6         0.0393              0
         6         0.0396              0
         6         0.0399              0
         6         0.0402              0
         6         0.0405              0
         6         0.0408              0
         6         0.0411              0
         6         0.0414              0
         6         0.0417              0
         6          0.042              0
         6         0.0423              0
         6         0.0426              0
         6         0.0429              0
         6         0.0432              0
         6         0.0435              0
         6         0.0438              0
         6         0.0441              0
         6         0.0444              0
         6         0.0447              0
         6          0.045              0
         6         0.0453              0
         6         0.0456              0
         6         0.0459              0
         6         0.0462              0
         6         0.0465              0
         6         0.0468              0
         6         0.0471              0
         6         0.0474              0
         6         0.0477              0
         7         -0.048              0
         7        -0.0477              0
         7        -0.0474              0
         7        -0.0471              0
         7        -0.0468              0
         7        -0.0465              0
         7        -0.0462              0
         7        -0.0459              0
         7        -0.0456              0
         7        -0.0453              0
         7         -0.045              0
         7        -0.0447              0
         7        -0.0444              0
         7        -0.0441              0
         7        -0.0438              0
         7        -0.0435              0
         7        -0.0432              0
         7        -0.0429              0
         7        -0.0426              0
         7        -0.0423              0
         7         -0.042              0
         7        -0.0417              0
         7        -0.0414              0
         7        -0.0411              0
         7        -0.0408              0
         7        -0.0405              0
         7        -0.0402              0
         7        -0.0399              0
         7        -0.0396              0
         7        -0.0393              0
         7         -0.039              0
         7        -0.0387              0
         7        -0.0384              0
         7        -0.0381              0
         7        -0.0378              0
         7        -0.0375              0
         7        -0.0372              0
         7        -0.0369              0
         7        -0.0366              0
         7        -0.0363              0
         7         -0.036              0
         7        -0.0357              0
         7        -0.0354              0
         7        -0.0351              0
         7        -0.0348              0
         7        -0.0345              0
         7        -0.0342              0
         7        -0.0339              0
         7        -0.0336              0
         7        -0.0333              0
         7         -0.033              0
         7        -0.0327              0
         7        -0.0324              0
         7        -0.0321              0
         7        -0.0318              0
         7        -0.0315              0
         7        -0.0312              0
         7        -0.0309              0
         7        -0.0306              0
         7        -0.0303              0
         7          -0.03       -1.76404
         7        -0.0297       -7.44306
         7        -0.0294       -13.1106
         7        -0.0291        -18.773
         7        -0.0288       -24.4359
         7        -0.0285        -30.105
         7        -0.0282       -35.7864
         7        -0.0279       -41.4862
         7        -0.0276       -47.2108
         7        -0.0273       -52.9665
         7         -0.027       -58.7597
         7        -0.0267        -64.597
         7        -0.0264       -70.4861
         7        -0.0261       -76.4348
         7        -0.0258       -82.4517
         7        -0.0255       -88.5463
         7        -0.0252       -94.7281
         7        -0.0249       -101.006
         7        -0.0246       -107.392
         7        -0.0243       -113.896
         7         -0.024       -120.529
         7        -0.0237       -127.303
         7        -0.0234       -134.231
         7        -0.0231       -141.325
         7        -0.0228       -148.599
         7        -0.0225        -156.07
         7        -0.0222       -163.751
         7        -0.0219        -171.66
         7        -0.0216       -179.814
         7        -0.0213       -188.229
         7         -0.021       -196.924
         7        -0.0207       -205.919
         7        -0.0204       -215.233
         7        -0.0201       -224.889
         7        -0.0198       -234.906
         7        -0.0195       -245.309
         7        -0.0192       -256.119
         7        -0.0189       -267.361
         7        -0.0186       -279.057
         7        -0.0183       -291.232
         7         -0.018       -303.911
         7        -0.0177       -317.117
         7        -0.0174       -330.877
         7        -0.0171       -345.216
         7        -0.0168        -360.16
         7        -0.0165       -375.732
         7        -0.0162       -391.955
         7        -0.0159       -408.857
         7        -0.0156       -426.465
         7        -0.0153       -444.805
         7         -0.015       -463.903
         7        -0.0147       -483.797
         7        -0.0144       -504.518
         7        -0.0141       -526.102
         7        -0.0138       -548.582
         7        -0.0135        -571.99
         7        -0.0132       -596.358
         7        -0.0129       -621.716
         7        -0.0126       -648.099
         7        -0.0123       -675.542
         7         -0.012       -704.093
         7        -0.0117       -733.782
         7        -0.0114       -764.638
         7        -0.0111       -796.688
         7        -0.0108       -829.961
         7        -0.0105       -864.487
         7        -0.0102       -900.305
         7        -0.0099       -937.453
         7        -0.0096       -975.894
         7        -0.0093       -1015.59
         7         -0.009       -1056.53
         7        -0.0087        -1098.7
         7        -0.0084       -1141.94
         7        -0.0081       -1185.95
         7        -0.0078       -1229.87
         7        -0.0075        -1270.6
         7        -0.0072       -1299.58
         7        -0.0069       -1310.84
         7        -0.0066       -1302.09
         7        -0.0063       -1268.89
         7         -0.006       -1206.86
         7        -0.0057       -1111.15
         7        -0.0054          -1000
         7        -0.0051          -1000
         7        -0.0048          -1000
         7        -0.0045       -1078.39
         7        -0.0042       -1690.47
         7        -0.0039       -2250.32
         7        -0.0036       -2720.76
         7        -0.0033       -3127.71
         7         -0.003        -3468.7
         7        -0.0027       -3761.13
         7        -0.0024       -4003.55
         7        -0.0021       -4204.71
         7        -0.0018       -4377.99
         7        -0.0015       -4517.61
         7        -0.0012       -4629.66
         7        -0.0009       -4714.31
         7        -0.0006       -4771.38
         7        -0.0003       -4805.16
         7              0       -4816.69
         7         0.0003       -4805.86
         7         0.0006       -4773.28
         7         0.0009       -4718.26
         7         0.0012       -4637.49
         7         0.0015          -4531
         7         0.0018       -4395.78
         7         0.0021       -4223.51
         7         0.0024       -4020.81
         7         0.0027        -3773.3
         7          0.003       -3479.41
         7         0.0033       -3135.26
         7         0.0036       -2726.23
         7         0.0039       -2253.43
         7         0.0042       -1692.81
         7         0.0045       -1079.17
         7         0.0048          -1000
         7         0.0051          -1000
         7         0.0054          -1000
         7         0.0057       -1113.29
         7          0.006       -1211.68
         7         0.0063       -1277.21
         7         0.0066       -1314.53
         7         0.0069       -1327.29
         7         0.0072       -1318.76
         7         0.0075       -1291.81
         7         0.0078       -1251.74
         7         0.0081       -1206.74
         7         0.0084       -1161.43
         7         0.0087       -1117.12
         7          0.009       -1073.98
         7         0.0093       -1032.17
         7         0.0096       -991.759
         7         0.0099       -952.786
         7         0.0102       -915.252
         7         0.0105       -879.097
         7         0.0108       -844.232
         7         0.0111       -810.621
         7         0.0114        -778.26
         7         0.0117       -747.116
         7          0.012       -717.133
         7         0.0123       -688.267
         7         0.0126       -660.488
         7         0.0129       -633.775
         7         0.0132       -608.099
         7         0.0135       -583.422
         7         0.0138       -559.699
         7         0.0141       -536.903
         7         0.0144       -515.007
         7         0.0147       -493.978
         7          0.015       -473.781
         7         0.0153       -454.378
         7         0.0156       -435.739
         7         0.0159       -417.839
         7         0.0162       -400.652
         7         0.0165       -384.152
         7         0.0168       -368.314
         7         0.0171       -353.111
         7         0.0174       -338.518
         7         0.0177       -324.507
         7          0.018       -311.052
         7         0.0183       -298.129
         7         0.0186       -285.713
         7         0.0189       -273.778
         7         0.0192       -262.299
         7         0.0195       -251.254
         7         0.0198       -240.619
         7         0.0201       -230.372
         7         0.0204       -220.491
         7         0.0207       -210.955
         7          0.021       -201.742
         7         0.0213       -192.834
         7         0.0216       -184.211
         7         0.0219       -175.856
         7         0.0222        -167.75
         7         0.0225       -159.876
         7         0.0228       -152.217
         7         0.0231        -144.76
         7         0.0234       -137.488
         7         0.0237       -130.388
         7          0.024       -123.447
         7         0.0243       -116.651
         7         0.0246       -109.988
         7         0.0249       -103.446
         7         0.0252        -97.014
         7         0.0255        -90.682
         7         0.0258         -84.44
         7         0.0261       -78.2787
         7         0.0264       -72.1891
         7         0.0267       -66.1624
         7          0.027       -60.1902
         7         0.0273       -54.2642
         7         0.0276       -48.3767
         7         0.0279       -42.5202
         7         0.0282       -36.6875
         7         0.0285       -30.8714
         7         0.0288       -25.0652
         7         0.0291       -19.2627
         7         0.0294       -13.4577
         7         0.0297       -7.64467
         7           0.03       -1.81508
         7         0.0303              0
         7         0.0306              0
         7         0.0309              0
         7         0.0312              0
         7         0.0315              0
         7         0.0318              0
         7         0.0321              0
         7         0.0324              0
         7         0.0327              0
         7          0.033              0
         7         0.0333              0
         7         0.0336              0
         7         0.0339              0
         7         0.0342              0
         7         0.0345              0
         7         0.0348              0
         7         0.0351              0
         7         0.0354              0
         7         0.0357              0
         7          0.036              0
         7         0.0363              0
         7         0.0366              0
         7         0.0369              0
         7         0.0372              0
         7         0.0375              0
         7         0.0378              0
         7         0.0381              0
         7         0.0384              0
         7         0.0387              0
         7          0.039              0
         7         0.0393              0
         7         0.0396              0
         7         0.0399              0
         7         0.0402              0
         7         0.0405              0
         7         0.0408              0
         7         0.0411              0
         7         0.0414              0
         7         0.0417              0
         7          0.042              0
         7         0.0423              0
         7         0.0426              0
         7         0.0429              0
         7         0.0432              0
         7         0.0435              0
         7         0.0438              0
         7         0.0441              0
         7         0.0444              0
         7         0.0447              0
         7          0.045              0
         7         0.0453              0
         7         0.0456              0
         7         0.0459              0
         7         0.0462              0
         7         0.0465              0
         7         0.0468              0
         7         0.0471              0
         7         0.0474              0
         7         0.0477              0
         8         -0.048              0
         8        -0.0477              0
         8        -0.0474              0
         8        -0.0471              0
         8        -0.0468              0
         8        -0.0465              0
         8        -0.0462              0
         8        -0.0459              0
         8        -0.0456              0
         8        -0.0453              0
         8         -0.045              0
         8        -0.0447              0
         8        -0.0444              0
         8        -0.0441              0
         8        -0.0438              0
         8        -0.0435              0
         8        -0.0432              0
         8        -0.0429              0
         8        -0.0426              0
         8        -0.0423              0
         8         -0.042              0
         8        -0.0417              0
         8        -0.0414              0
         8        -0.0411              0
         8        -0.0408              0
         8        -0.0405              0
         8        -0.0402              0
         8        -0.0399              0
         8        -0.0396              0
         8        -0.0393              0
         8         -0.039              0
         8        -0.0387              0
         8        -0.0384              0
         8        -0.0381              0
         8        -0.0378              0
         8        -0.0375              0
         8        -0.0372              0
         8        -0.0369              0
         8        -0.0366              0
         8        -0.0363              0
         8         -0.036              0
         8        -0.0357              0
         8        -0.0354              0
         8        -0.0351              0
         8        -0.0348              0
         8        -0.0345              0
         8        -0.0342              0
         8        -0.0339              0
         8        -0.0336              0
         8        -0.0333              0
         8         -0.033              0
         8        -0.0327              0
         8        -0.0324              0
         8        -0.0321              0
         8        -0.0318              0
         8        -0.0315              0
         8        -0.0312              0
         8        -0.0309              0
         8        -0.0306              0
         8        -0.0303              0
         8          -0.03       -3.52057
         8        -0.0297       -14.9134
         8        -0.0294       -26.3423
         8        -0.0291       -37.8008
         8        -0.0288       -49.2862
         8        -0.0285       -60.7988
         8        -0.0282       -72.3404
         8        -0.0279       -83.9143
         8        -0.0276       -95.5243
         8        -0.0273       -107.175
         8         -0.027       -118.872
         8        -0.0267       -130.621
         8        -0.0264       -142.429
         8        -0.0261       -154.303
         8        -0.0258       -166.252
         8        -0.0255       -178.284
         8        -0.0252        -190.41
         8        -0.0249        -202.64
         8        -0.0246       -214.987
         8        -0.0243       -227.464
         8         -0.024       -240.083
         8        -0.0237       -252.859
         8        -0.0234        -265.81
         8        -0.0231        -278.95
         8        -0.0228       -292.299
         8        -0.0225       -305.873
         8        -0.0222       -319.694
         8        -0.0219       -333.782
         8        -0.0216       -348.158
         8        -0.0213       -362.844
         8         -0.021       -377.863
         8        -0.0207       -393.241
         8        -0.0204       -409.001
         8        -0.0201       -425.167
         8        -0.0198       -441.765
         8        -0.0195        -458.82
         8        -0.0192       -476.353
         8        -0.0189       -494.388
         8        -0.0186       -512.946
         8        -0.0183       -532.046
         8         -0.018       -551.705
         8        -0.0177       -571.938
         8        -0.0174       -592.756
         8        -0.0171        -614.17
         8        -0.0168       -636.188
         8        -0.0165       -658.814
         8        -0.0162       -682.048
         8        -0.0159        -705.89
         8        -0.0156       -730.331
         8        -0.0153        -755.36
         8         -0.015        -780.96
         8        -0.0147       -807.107
         8        -0.0144       -833.774
         8        -0.0141       -860.927
         8        -0.0138       -888.533
         8        -0.0135       -916.555
         8        -0.0132       -944.947
         8        -0.0129       -973.649
         8        -0.0126        -1002.6
         8        -0.0123       -1031.74
         8         -0.012       -1060.97
         8        -0.0117       -1090.21
         8        -0.0114       -1119.35
         8        -0.0111       -1148.26
         8        -0.0108       -1176.79
         8        -0.0105       -1204.76
         8        -0.0102       -1231.97
         8        -0.0099       -1258.17
         8        -0.0096       -1283.07
         8        -0.0093       -1306.32
         8         -0.009       -1327.47
         8        -0.0087       -1346.03
         8        -0.0084       -1361.39
         8        -0.0081       -1372.72
         8        -0.0078       -1378.95
         8        -0.0075       -1378.85
         8        -0.0072       -1370.94
         8        -0.0069       -1353.16
         8        -0.0066       -1322.24
         8        -0.0063        -1274.6
         8         -0.006       -1205.45
         8        -0.0057       -1109.25
         8        -0.0054          -1000
         8        -0.0051          -1000
         8        -0.0048          -1000
         8        -0.0045       -1005.74
         8        -0.0042       -1052.14
         8        -0.0039       -1094.78
         8        -0.0036       -1130.65
         8        -0.0033       -1159.68
         8         -0.003       -1182.51
         8        -0.0027       -1199.91
         8        -0.0024       -1212.71
         8        -0.0021       -1221.69
         8        -0.0018       -1227.63
         8        -0.0015       -1231.23
         8        -0.0012       -1233.13
         8        -0.0009       -1233.93
         8        -0.0006        -1234.1
         8        -0.0003          -1234
         8              0       -1233.87
         8         0.0003       -1233.79
         8         0.0006       -1233.69
         8         0.0009       -1233.33
         8         0.0012       -1232.38
         8         0.0015       -1230.34
         8         0.0018       -1226.66
         8         0.0021       -1220.67
         8         0.0024       -1211.67
         8         0.0027       -1198.91
         8          0.003       -1181.59
         8         0.0033       -1158.88
         8         0.0036       -1130.01
         8         0.0039       -1094.34
         8         0.0042       -1051.93
         8         0.0045       -1005.75
         8         0.0048          -1000
         8         0.0051          -1000
         8         0.0054          -1000
         8         0.0057       -1109.54
         8          0.006       -1205.56
         8         0.0063       -1274.32
         8         0.0066       -1321.32
         8         0.0069       -1351.84
         8         0.0072       -1369.71
         8         0.0075       -1377.62
         8         0.0078       -1377.49
         8         0.0081       -1371.06
         8         0.0084       -1359.63
         8         0.0087       -1344.25
         8          0.009       -1325.74
         8         0.0093        -1304.7
         8         0.0096       -1281.57
         8         0.0099       -1256.79
         8         0.0102       -1230.71
         8         0.0105       -1203.64
         8         0.0108        -1175.8
         8         0.0111       -1147.39
         8         0.0114       -1118.61
         8         0.0117        -1089.6
         8          0.012        -1060.5
         8         0.0123       -1031.42
         8         0.0126       -1002.44
         8         0.0129        -973.65
         8         0.0132       -945.116
         8         0.0135       -916.903
         8         0.0138       -889.064
         8         0.0141       -861.648
         8         0.0144       -834.693
         8         0.0147       -808.232
         8          0.015        -782.29
         8         0.0153       -756.894
         8         0.0156        -732.06
         8         0.0159       -707.803
         8         0.0162       -684.133
         8         0.0165       -661.052
         8         0.0168       -638.563
         8         0.0171       -616.664
         8         0.0174       -595.349
         8         0.0177       -574.614
         8          0.018       -554.446
         8         0.0183       -534.833
         8         0.0186        -515.76
         8         0.0189       -497.212
         8         0.0192        -479.17
         8         0.0195       -461.614
         8         0.0198       -444.524
         8         0.0201       -427.878
         8         0.0204       -411.653
         8         0.0207       -395.824
         8          0.021        -380.37
         8         0.0213       -365.268
         8         0.0216       -350.496
         8         0.0219       -336.032
         8         0.0222       -321.854
         8         0.0225       -307.941
         8         0.0228       -294.273
         8         0.0231        -280.83
         8         0.0234       -267.595
         8         0.0237       -254.549
         8          0.024       -241.678
         8         0.0243       -228.965
         8         0.0246       -216.395
         8         0.0249       -203.956
         8         0.0252       -191.634
         8         0.0255       -179.419
         8         0.0258         -167.3
         8         0.0261       -155.267
         8         0.0264       -143.311
         8         0.0267       -131.423
         8          0.027       -119.598
         8         0.0273       -107.827
         8         0.0276        -96.104
         8         0.0279       -84.4241
         8         0.0282       -72.7823
         8         0.0285       -61.1743
         8         0.0288       -49.5965
         8         0.0291       -38.0462
         8         0.0294       -26.5216
         8         0.0297       -15.0226
         8           0.03       -3.55049
         8         0.0303              0
         8         0.0306              0
         8         0.0309              0
         8         0.0312              0
         8         0.0315              0
         8         0.0318              0
         8         0.0321              0
         8         0.0324              0
         8         0.0327              0
         8          0.033              0
         8         0.0333              0
         8         0.0336              0
         8         0.0339              0
         8         0.0342              0
         8         0.0345              0
         8         0.0348              0
         8         0.0351              0
         8         0.0354              0
         8         0.0357              0
         8          0.036              0
         8         0.0363              0
         8         0.0366              0
         8         0.0369              0
         8         0.0372              0
         8         0.0375              0
         8         0.0378              0
         8         0.0381              0
         8         0.0384              0
         8         0.0387              0
         8          0.039              0
         8         0.0393              0
         8         0.0396              0
         8         0.0399              0
         8         0.0402              0
         8         0.0405              0
         8         0.0408              0
         8         0.0411              0
         8         0.0414              0
         8         0.0417              0
         8          0.042              0
         8         0.0423              0
         8         0.0426              0
         8         0.0429              0
         8         0.0432              0
         8         0.0435              0
         8         0.0438              0
         8         0.0441              0
         8         0.0444              0
         8         0.0447              0
         8          0.045              0
         8         0.0453              0
         8         0.0456              0
         8         0.0459              0
         8         0.0462              0
         8         0.0465              0
         8         0.0468              0
         8         0.0471              0
         8         0.0474              0
         8         0.0477              0
         9         -0.048              0
         9        -0.0477              0
         9        -0.0474              0
         9        -0.0471              0
         9        -0.0468              0
         9        -0.0465              0
         9        -0.0462              0
         9        -0.0459              0
         9        -0.0456              0
         9        -0.0453              0
         9         -0.045              0
         9        -0.0447              0
         9        -0.0444              0
         9        -0.0441              0
         9        -0.0438              0
         9        -0.0435              0
         9        -0.0432              0
         9        -0.0429              0
         9        -0.0426              0
         9        -0.0423              0
         9         -0.042              0
         9        -0.0417              0
         9        -0.0414              0
         9        -0.0411              0
         9        -0.0408              0
         9        -0.0405              0
         9        -0.0402              0
         9        -0.0399              0
         9        -0.0396              0
         9        -0.0393              0
         9         -0.039              0
         9        -0.0387              0
         9        -0.0384              0
         9        -0.0381              0
         9        -0.0378              0
         9        -0.0375              0
         9        -0.0372              0
         9        -0.0369              0
         9        -0.0366              0
         9        -0.0363              0
         9         -0.036              0
         9        -0.0357              0
         9        -0.0354              0
         9        -0.0351              0
         9        -0.0348              0
         9        -0.0345              0
         9        -0.0342              0
         9        -0.0339              0
         9        -0.0336              0
         9        -0.0333              0
         9         -0.033              0
         9        -0.0327              0
         9        -0.0324              0
         9        -0.0321              0
         9        -0.0318              0
         9        -0.0315              0
         9        -0.0312              0
         9        -0.0309              0
         9        -0.0306              0
         9        -0.0303              0
         9          -0.03       -1.87447
         9        -0.0297       -7.91127
         9        -0.0294       -13.9377
         9        -0.0291       -19.9583
         9        -0.0288       -25.9779
         9        -0.0285       -32.0019
         9        -0.0282       -38.0365
         9        -0.0279       -44.0874
         9        -0.0276       -50.1613
         9        -0.0273       -56.2656
         9         -0.027       -62.4073
         9        -0.0267       -68.5942
         9        -0.0264       -74.8343
         9        -0.0261       -81.1359
         9        -0.0258       -87.5075
         9        -0.0255       -93.9583
         9        -0.0252       -100.498
         9        -0.0249       -107.135
         9        -0.0246       -113.881
         9        -0.0243       -120.745
         9         -0.024       -127.739
         9        -0.0237       -134.877
         9        -0.0234       -142.171
         9        -0.0231       -149.635
         9        -0.0228       -157.283
         9        -0.0225        -165.13
         9        -0.0222       -173.194
         9        -0.0219       -181.491
         9        -0.0216        -190.04
         9        -0.0213       -198.858
         9         -0.021       -207.965
         9        -0.0207       -217.382
         9        -0.0204       -227.127
         9        -0.0201       -237.223
         9        -0.0198       -247.693
         9        -0.0195       -258.561
         9        -0.0192       -269.849
         9        -0.0189        -281.58
         9        -0.0186       -293.778
         9        -0.0183       -306.469
         9         -0.018       -319.677
         9        -0.0177       -333.427
         9        -0.0174       -347.744
         9        -0.0171       -362.656
         9        -0.0168       -378.192
         9        -0.0165       -394.378
         9        -0.0162       -411.239
         9        -0.0159       -428.799
         9        -0.0156       -447.082
         9        -0.0153       -466.116
         9         -0.015       -485.932
         9        -0.0147       -506.557
         9        -0.0144       -528.029
         9        -0.0141       -550.385
         9        -0.0138       -573.657
         9        -0.0135       -597.881
         9        -0.0132       -623.093
         9        -0.0129       -649.328
         9        -0.0126       -676.609
         9        -0.0123       -704.958
         9         -0.012       -734.401
         9        -0.0117       -764.995
         9        -0.0114        -796.79
         9        -0.0111       -829.782
         9        -0.0108       -863.967
         9        -0.0105       -899.385
         9        -0.0102        -936.07
         9        -0.0099       -974.025
         9        -0.0096       -1013.21
         9        -0.0093       -1053.63
         9         -0.009       -1095.25
         9        -0.0087       -1137.99
         9        -0.0084       -1181.72
         9        -0.0081       -1226.03
         9        -0.0078        -1269.4
         9        -0.0075       -1307.08
         9        -0.0072       -1330.82
         9        -0.0069       -1337.46
         9        -0.0066       -1324.14
         9        -0.0063        -1286.2
         9         -0.006        -1218.7
         9        -0.0057       -1117.16
         9        -0.0054          -1000
         9        -0.0051          -1000
         9        -0.0048          -1000
         9        -0.0045       -1080.73
         9        -0.0042       -1711.55
         9        -0.0039        -2285.4
         9        -0.0036       -2769.99
         9        -0.0033       -3191.02
         9         -0.003       -3544.28
         9        -0.0027       -3846.95
         9        -0.0024       -4099.14
         9        -0.0021       -4308.21
         9        -0.0018       -4488.25
         9        -0.0015       -4632.22
         9        -0.0012       -4746.24
         9        -0.0009       -4833.25
         9        -0.0006       -4892.57
         9        -0.0003       -4929.05
         9              0       -4942.52
         9         0.0003       -4932.23
         9         0.0006       -4898.05
         9         0.0009       -4839.45
         9         0.0012       -4753.92
         9         0.0015       -4641.62
         9         0.0018        -4497.3
         9         0.0021        -4316.5
         9         0.0024       -4105.95
         9         0.0027       -3850.06
         9          0.003       -3546.58
         9         0.0033       -3195.08
         9         0.0036       -2773.99
         9         0.0039       -2287.89
         9         0.0042       -1711.23
         9         0.0045        -1081.2
         9         0.0048          -1000
         9         0.0051          -1000
         9         0.0054          -1000
         9         0.0057        -1117.7
         9          0.006       -1220.86
         9         0.0063       -1289.64
         9         0.0066        -1329.9
         9         0.0069       -1345.98
         9         0.0072       -1341.99
         9         0.0075       -1319.91
         9         0.0078          -1283
         9         0.0081       -1239.26
         9         0.0084       -1194.13
         9         0.0087       -1149.58
         9          0.009       -1106.13
         9         0.0093          -1064
         9         0.0096       -1023.25
         9         0.0099       -983.835
         9         0.0102       -945.691
         9         0.0105        -908.81
         9         0.0108       -873.165
         9         0.0111       -838.749
         9         0.0114       -805.575
         9         0.0117       -773.628
         9          0.012        -742.88
         9         0.0123       -713.281
         9         0.0126       -684.794
         9         0.0129       -657.384
         9         0.0132       -631.022
         9         0.0135       -605.671
         9         0.0138       -581.306
         9         0.0141       -557.896
         9         0.0144       -535.402
         9         0.0147       -513.787
         9          0.015       -493.016
         9         0.0153       -473.054
         9         0.0156       -453.873
         9         0.0159       -435.444
         9         0.0162       -417.741
         9         0.0165       -400.735
         9         0.0168         -384.4
         9         0.0171       -368.708
         9         0.0174       -353.632
         9         0.0177       -339.143
         9          0.018       -325.219
         9         0.0183       -311.834
         9         0.0186       -298.965
         9         0.0189       -286.587
         9         0.0192       -274.675
         9         0.0195       -263.204
         9         0.0198       -252.153
         9         0.0201       -241.497
         9         0.0204       -231.217
         9         0.0207       -221.289
         9          0.021       -211.693
         9         0.0213       -202.408
         9         0.0216       -193.413
         9         0.0219        -184.69
         9         0.0222        -176.22
         9         0.0225       -167.986
         9         0.0228       -159.971
         9         0.0231       -152.158
         9         0.0234       -144.534
         9         0.0237       -137.084
         9          0.024       -129.795
         9         0.0243       -122.653
         9         0.0246       -115.648
         9         0.0249       -108.766
         9         0.0252       -101.997
         9         0.0255       -95.3309
         9         0.0258       -88.7566
         9         0.0261       -82.2649
         9         0.0264       -75.8471
         9         0.0267       -69.4947
         9          0.027       -63.1996
         9         0.0273       -56.9543
         9         0.0276       -50.7512
         9         0.0279       -44.5829
         9         0.0282       -38.4427
         9         0.0285       -32.3241
         9         0.0288       -26.2209
         9         0.0291       -20.1279
         9         0.0294       -14.0405
         9         0.0297       -7.95669
         9           0.03       -1.87887
         9         0.0303              0
         9         0.0306              0
         9         0.0309              0
         9         0.0312              0
         9         0.0315              0
         9         0.0318              0
         9         0.0321              0
         9         0.0324              0
         9         0.0327              0
         9          0.033              0
         9         0.0333              0
         9         0.0336              0
         9         0.0339              0
         9         0.0342              0
         9         0.0345              0
         9         0.0348              0
         9         0.0351              0
         9         0.0354              0
         9         0.0357              0
         9          0.036              0
         9         0.0363              0
         9         0.0366              0
         9         0.0369              0
         9         0.0372              0
         9         0.0375              0
         9         0.0378              0
         9         0.0381              0
         9         0.0384              0
         9         0.0387              0
         9          0.039              0
         9         0.0393              0
         9         0.0396              0
         9         0.0399              0
         9         0.0402              0
         9         0.0405              0
         9         0.0408              0
         9         0.0411              0
         9         0.0414              0
         9         0.0417              0
         9          0.042              0
         9         0.0423              0
         9         0.0426              0
         9         0.0429              0
         9         0.0432              0
         9         0.0435              0
         9         0.0438              0
         9         0.0441              0
         9         0.0444              0
         9         0.0447              0
         9          0.045              0
         9         0.0453              0
         9         0.0456              0
         9         0.0459              0
         9         0.0462              0
         9         0.0465              0
         9         0.0468              0
         9         0.0471              0
         9         0.0474              0
         9         0.0477              0
        10         -0.048              0
        10        -0.0477              0
        10        -0.0474              0
        10        -0.0471              0
        10        -0.0468              0
        10        -0.0465              0
        10        -0.0462              0
        10        -0.0459              0
        10        -0.0456              0
        10        -0.0453              0
        10         -0.045              0
        10        -0.0447              0
        10        -0.0444              0
        10        -0.0441              0
        10        -0.0438              0
        10        -0.0435              0
        10        -0.0432              0
        10        -0.0429              0
        10        -0.0426              0
        10        -0.0423              0
        10         -0.042              0
        10        -0.0417              0
        10        -0.0414              0
        10        -0.0411              0
        10        -0.0408              0
        10        -0.0405              0
        10        -0.0402              0
        10        -0.0399              0
        10        -0.0396              0
        10        -0.0393              0
        10         -0.039              0
        10        -0.0387              0
        10        -0.0384              0
        10        -0.0381              0
        10        -0.0378              0
        10        -0.0375              0
        10        -0.0372              0
        10        -0.0369              0
        10        -0.0366              0
        10        -0.0363              0
        10         -0.036              0
        10        -0.0357              0
        10        -0.0354              0
        10        -0.0351              0
        10        -0.0348              0
        10        -0.0345              0
        10        -0.0342              0
        10        -0.0339              0
        10        -0.0336              0
        10        -0.0333              0
        10         -0.033              0
        10        -0.0327              0
        10        -0.0324              0
        10        -0.0321              0
        10        -0.0318              0
        10        -0.0315              0
        10        -0.0312              0
        10        -0.0309              0
        10        -0.0306              0
        10        -0.0303              0
        10          -0.03       -3.50032
        10        -0.0297       -14.8192
        10        -0.0294        -26.165
        10        -0.0291        -37.533
        10        -0.0288       -48.9222
        10        -0.0285        -60.334
        10        -0.0282       -71.7716
        10        -0.0279       -83.2387
        10        -0.0276       -94.7397
        10        -0.0273        -106.28
        10         -0.027       -117.864
        10        -0.0267         -129.5
        10        -0.0264       -141.193
        10        -0.0261       -152.951
        10        -0.0258       -164.782
        10        -0.0255       -176.695
        10        -0.0252       -188.701
        10        -0.0249       -200.811
        10        -0.0246       -213.036
        10        -0.0243       -225.387
        10         -0.024       -237.879
        10        -0.0237       -250.526
        10        -0.0234       -263.344
        10        -0.0231       -276.349
        10        -0.0228       -289.561
        10        -0.0225       -302.997
        10        -0.0222       -316.677
        10        -0.0219       -330.623
        10        -0.0216       -344.855
        10        -0.0213       -359.397
        10         -0.021       -374.272
        10        -0.0207       -389.502
        10        -0.0204       -405.113
        10        -0.0201       -421.128
        10        -0.0198       -437.571
        10        -0.0195       -454.463
        10        -0.0192        -471.83
        10        -0.0189       -489.692
        10        -0.0186       -508.069
        10        -0.0183       -526.979
        10         -0.018       -546.443
        10        -0.0177       -566.476
        10        -0.0174       -587.092
        10        -0.0171       -608.301
        10        -0.0168       -630.111
        10        -0.0165       -652.527
        10        -0.0162       -675.551
        10        -0.0159       -699.177
        10        -0.0156       -723.398
        10        -0.0153       -748.202
        10         -0.015       -773.572
        10        -0.0147       -799.492
        10        -0.0144       -825.939
        10        -0.0141       -852.886
        10        -0.0138       -880.298
        10        -0.0135        -908.13
        10        -0.0132       -936.335
        10        -0.0129       -964.855
        10        -0.0126       -993.633
        10        -0.0123        -1022.6
        10         -0.012       -1051.69
        10        -0.0117        -1080.8
        10        -0.0114       -1109.81
        10        -0.0111       -1138.61
        10        -0.0108       -1167.04
        10        -0.0105       -1194.93
        10        -0.0102       -1222.09
        10        -0.0099       -1248.28
        10        -0.0096        -1273.2
        10        -0.0093        -1296.5
        10         -0.009       -1317.78
        10        -0.0087       -1336.56
        10        -0.0084       -1352.21
        10        -0.0081       -1363.93
        10        -0.0078       -1370.78
        10        -0.0075       -1371.48
        10        -0.0072       -1364.39
        10        -0.0069       -1347.15
        10        -0.0066       -1316.88
        10        -0.0063       -1270.24
        10         -0.006       -1202.17
        10        -0.0057       -1107.62
        10        -0.0054          -1000
        10        -0.0051          -1000
        10        -0.0048          -1000
        10        -0.0045       -1005.63
        10        -0.0042       -1051.09
        10        -0.0039       -1092.86
        10        -0.0036       -1127.98
        10        -0.0033       -1156.41
        10         -0.003       -1178.75
        10        -0.0027       -1195.79
        10        -0.0024       -1208.32
        10        -0.0021       -1217.13
        10        -0.0018       -1222.96
        10        -0.0015        -1226.5
        10        -0.0012       -1228.39
        10        -0.0009       -1229.21
        10        -0.0006       -1229.41
        10        -0.0003       -1229.36
        10              0       -1229.28
        10         0.0003       -1229.24
        10         0.0006       -1229.19
        10         0.0009       -1228.89
        10         0.0012          -1228
        10         0.0015       -1226.05
        10         0.0018       -1222.48
        10         0.0021       -1216.65
        10         0.0024       -1207.85
        10         0.0027       -1195.35
        10          0.003       -1178.36
        10         0.0033       -1156.09
        10         0.0036       -1127.74
        10         0.0039        -1092.7
        10         0.0042       -1051.03
        10         0.0045       -1005.65
        10         0.0048          -1000
        10         0.0051          -1000
        10         0.0054          -1000
        10         0.0057       -1108.54
        10          0.006       -1203.37
        10         0.0063       -1270.62
        10         0.0066        -1316.8
        10         0.0069       -1346.45
        10         0.0072       -1363.25
        10         0.0075       -1370.32
        10         0.0078       -1369.71
        10         0.0081       -1362.94
        10         0.0084       -1351.27
        10         0.0087       -1335.66
        10          0.009       -1316.94
        10         0.0093       -1295.72
        10         0.0096       -1272.45
        10         0.0099       -1247.56
        10         0.0102       -1221.42
        10         0.0105       -1194.34
        10         0.0108       -1166.55
        10         0.0111       -1138.23
        10         0.0114       -1109.57
        10         0.0117       -1080.71
        10          0.012       -1051.78
        10         0.0123       -1022.88
        10         0.0126       -994.098
        10         0.0129       -965.503
        10         0.0132       -937.168
        10         0.0135       -909.156
        10         0.0138       -881.518
        10         0.0141       -854.298
        10         0.0144       -827.534
        10         0.0147       -801.258
        10          0.015         -775.5
        10         0.0153       -750.281
        10         0.0156        -725.62
        10         0.0159       -701.528
        10         0.0162       -678.016
        10         0.0165       -655.093
        10         0.0168       -632.761
        10         0.0171       -611.017
        10         0.0174       -589.858
        10         0.0177       -569.278
        10          0.018       -549.266
        10         0.0183        -529.81
        10         0.0186       -510.892
        10         0.0189       -492.497
        10         0.0192       -474.604
        10         0.0195       -457.195
        10         0.0198       -440.247
        10         0.0201       -423.739
        10         0.0204        -407.65
        10         0.0207       -391.958
        10          0.021       -376.639
        10         0.0213       -361.672
        10         0.0216       -347.032
        10         0.0219         -332.7
        10         0.0222       -318.653
        10         0.0225       -304.869
        10         0.0228       -291.328
        10         0.0231       -278.012
        10         0.0234       -264.903
        10         0.0237       -251.982
        10          0.024       -239.234
        10         0.0243       -226.643
        10         0.0246       -214.196
        10         0.0249       -201.878
        10         0.0252       -189.676
        10         0.0255       -177.581
        10         0.0258       -165.581
        10         0.0261       -153.667
        10         0.0264        -141.83
        10         0.0267       -130.062
        10          0.027       -118.356
        10         0.0273       -106.704
        10         0.0276       -95.0994
        10         0.0279       -83.5376
        10         0.0282       -72.0136
        10         0.0285       -60.5231
        10         0.0288       -49.0626
        10         0.0291       -37.6298
        10         0.0294       -26.2234
        10         0.0297       -14.8448
        10           0.03       -3.50164
        10         0.0303              0
        10         0.0306              0
        10         0.0309              0
        10         0.0312              0
        10         0.0315              0
        10         0.0318              0
        10         0.0321              0
        10         0.0324              0
        10         0.0327              0
        10          0.033              0
        10         0.0333              0
        10         0.0336              0
        10         0.0339              0
        10         0.0342              0
        10         0.0345              0
        10         0.0348              0
        10         0.0351              0
        10         0.0354              0
        10         0.0357              0
        10          0.036              0
        10         0.0363              0
        10         0.0366              0
        10         0.0369              0
        10         0.0372              0
        10         0.0375              0
        10         0.0378              0
        10         0.0381              0
        10         0.0384              0
        10         0.0387              0
        10          0.039              0
        10         0.0393              0
        10         0.0396              0
        10         0.0399              0
        10         0.0402              0
        10         0.0405              0
        10         0.0408              0
        10         0.0411              0
        10         0.0414              0
        10         0.0417              0
        10          0.042              0
        10         0.0423              0
        10         0.0426              0
        10         0.0429              0
        10         0.0432              0
        10         0.0435              0
        10         0.0438              0
        10         0.0441              0
        10         0.0444              0
        10         0.0447              0
        10          0.045              0
        10         0.0453              0
        10         0.0456              0
        10         0.0459              0
        10         0.0462              0
        10         0.0465              0
        10         0.0468              0
        10         0.0471              0
        10         0.0474              0
        10         0.0477              0
        11         -0.048              0
        11        -0.0477              0
        11        -0.0474              0
        11        -0.0471              0
        11        -0.0468              0
        11        -0.0465              0
        11        -0.0462              0
        11        -0.0459              0
        11        -0.0456              0
        11        -0.0453              0
        11         -0.045              0
        11        -0.0447              0
        11        -0.0444              0
        11        -0.0441              0
        11        -0.0438              0
        11        -0.0435              0
        11        -0.0432              0
        11        -0.0429              0
        11        -0.0426              0
        11        -0.0423              0
        11         -0.042              0
        11        -0.0417              0
        11        -0.0414              0
        11        -0.0411              0
        11        -0.0408              0
        11        -0.0405              0
        11        -0.0402              0
        11        -0.0399              0
        11        -0.0396              0
        11        -0.0393              0
        11         -0.039              0
        11        -0.0387              0
        11        -0.0384              0
        11        -0.0381              0
        11        -0.0378              0
        11        -0.0375              0
        11        -0.0372              0
        11        -0.0369              0
        11        -0.0366              0
        11        -0.0363              0
        11         -0.036              0
        11        -0.0357              0
        11        -0.0354              0
        11        -0.0351              0
        11        -0.0348              0
        11        -0.0345              0
        11        -0.0342              0
        11        -0.0339              0
        11        -0.0336              0
        11        -0.0333              0
        11         -0.033              0
        11        -0.0327              0
        11        -0.0324              0
        11        -0.0321              0
        11        -0.0318              0
        11        -0.0315              0
        11        -0.0312              0
        11        -0.0309              0
        11        -0.0306              0
        11        -0.0303              0
        11          -0.03       -1.85628
        11        -0.0297       -7.85618
        11        -0.0294       -13.8536
        11        -0.0291       -19.8483
        11        -0.0288       -25.8438
        11        -0.0285       -31.8455
        11        -0.0282       -37.8593
        11        -0.0279       -43.8915
        11        -0.0276       -49.9485
        11        -0.0273       -56.0374
        11         -0.027       -62.1656
        11        -0.0267        -68.341
        11        -0.0264       -74.5718
        11        -0.0261        -80.866
        11        -0.0258       -87.2319
        11        -0.0255       -93.6785
        11        -0.0252       -100.215
        11        -0.0249       -106.852
        11        -0.0246       -113.599
        11        -0.0243       -120.467
        11         -0.024       -127.469
        11        -0.0237       -134.618
        11        -0.0234       -141.925
        11        -0.0231       -149.404
        11        -0.0228       -157.071
        11        -0.0225       -164.941
        11        -0.0222       -173.029
        11        -0.0219       -181.353
        11        -0.0216        -189.93
        11        -0.0213       -198.781
        11         -0.021       -207.924
        11        -0.0207       -217.379
        11        -0.0204       -227.168
        11        -0.0201        -237.31
        11        -0.0198       -247.829
        11        -0.0195       -258.747
        11        -0.0192       -270.086
        11        -0.0189       -281.873
        11        -0.0186       -294.131
        11        -0.0183       -306.881
        11         -0.018        -320.15
        11        -0.0177       -333.963
        11        -0.0174       -348.345
        11        -0.0171       -363.323
        11        -0.0168       -378.925
        11        -0.0165       -395.175
        11        -0.0162       -412.099
        11        -0.0159       -429.727
        11        -0.0156       -448.087
        11        -0.0153       -467.208
        11         -0.015       -487.115
        11        -0.0147       -507.833
        11        -0.0144       -529.394
        11        -0.0141       -551.832
        11        -0.0138       -575.177
        11        -0.0135       -599.455
        11        -0.0132       -624.695
        11        -0.0129       -650.937
        11        -0.0126       -678.233
        11        -0.0123       -706.623
        11         -0.012       -736.134
        11        -0.0117       -766.792
        11        -0.0114       -798.625
        11        -0.0111       -831.688
        11        -0.0108       -866.027
        11        -0.0105       -901.657
        11        -0.0102       -938.574
        11        -0.0099       -976.778
        11        -0.0096       -1016.26
        11        -0.0093       -1057.02
        11         -0.009       -1099.07
        11        -0.0087       -1142.32
        11        -0.0084        -1186.6
        11        -0.0081       -1231.52
        11        -0.0078       -1275.37
        11        -0.0075       -1312.11
        11        -0.0072       -1334.25
        11        -0.0069       -1339.46
        11        -0.0066       -1324.88
        11        -0.0063       -1286.08
        11         -0.006       -1217.92
        11        -0.0057       -1116.32
        11        -0.0054          -1000
        11        -0.0051          -1000
        11        -0.0048          -1000
        11        -0.0045       -1081.11
        11        -0.0042       -1712.99
        11        -0.0039       -2292.96
        11        -0.0036       -2782.98
        11        -0.0033       -3205.83
        11         -0.003       -3558.08
        11        -0.0027       -3860.32
        11        -0.0024       -4111.87
        11        -0.0021       -4318.81
        11        -0.0018       -4497.41
        11        -0.0015       -4640.68
        11        -0.0012       -4751.93
        11        -0.0009       -4836.65
        11        -0.0006       -4893.99
        11        -0.0003       -4926.78
        11              0       -4936.44
        11         0.0003       -4924.28
        11         0.0006        -4890.6
        11         0.0009       -4833.62
        11         0.0012       -4749.82
        11         0.0015       -4640.44
        11         0.0018       -4499.52
        11         0.0021       -4325.52
        11         0.0024       -4120.18
        11         0.0027       -3866.89
        11          0.003       -3564.67
        11         0.0033       -3209.71
        11         0.0036       -2787.63
        11         0.0039       -2299.85
        11         0.0042        -1718.9
        11         0.0045       -1082.13
        11         0.0048          -1000
        11         0.0051          -1000
        11         0.0054          -1000
        11         0.0057       -1119.64
        11          0.006       -1224.38
        11         0.0063       -1294.93
        11         0.0066       -1335.77
        11         0.0069       -1351.41
        11         0.0072       -1346.21
        11         0.0075        -1323.3
        11         0.0078        -1286.1
        11         0.0081       -1242.02
        11         0.0084       -1196.85
        11         0.0087       -1152.39
        11          0.009       -1108.98
        11         0.0093       -1066.73
        11         0.0096        -1025.8
        11         0.0099       -986.191
        11         0.0102       -947.881
        11         0.0105       -910.865
        11         0.0108       -875.146
        11         0.0111       -840.688
        11         0.0114       -807.478
        11         0.0117       -775.489
        11          0.012       -744.695
        11         0.0123        -715.04
        11         0.0126       -686.477
        11         0.0129       -658.978
        11         0.0132       -632.515
        11         0.0135       -607.064
        11         0.0138       -582.594
        11         0.0141       -559.074
        11         0.0144       -536.473
        11         0.0147       -514.755
        11          0.015       -493.889
        11         0.0153       -473.842
        11         0.0156       -454.586
        11         0.0159       -436.089
        11         0.0162        -418.32
        11         0.0165       -401.252
        11         0.0168       -384.856
        11         0.0171       -369.107
        11         0.0174        -353.98
        11         0.0177       -339.448
        11          0.018       -325.488
        11         0.0183       -312.071
        11         0.0186       -299.173
        11         0.0189       -286.769
        11         0.0192       -274.834
        11         0.0195       -263.343
        11         0.0198       -252.275
        11         0.0201       -241.603
        11         0.0204       -231.307
        11         0.0207       -221.364
        11          0.021       -211.752
        11         0.0213       -202.453
        11         0.0216       -193.446
        11         0.0219       -184.712
        11         0.0222       -176.234
        11         0.0225       -167.994
        11         0.0228       -159.974
        11         0.0231       -152.159
        11         0.0234       -144.533
        11         0.0237       -137.082
        11          0.024       -129.792
        11         0.0243       -122.651
        11         0.0246       -115.644
        11         0.0249       -108.762
        11         0.0252       -101.993
        11         0.0255       -95.3272
        11         0.0258       -88.7536
        11         0.0261       -82.2632
        11         0.0264       -75.8468
        11         0.0267        -69.496
        11          0.027       -63.2026
        11         0.0273       -56.9592
        11         0.0276       -50.7582
        11         0.0279       -44.5925
        11         0.0282       -38.4553
        11         0.0285       -32.3402
        11         0.0288       -26.2407
        11         0.0291       -20.1511
        11         0.0294       -14.0656
        11         0.0297       -7.97905
        11           0.03       -1.88745
        11         0.0303              0
        11         0.0306              0
        11         0.0309              0
        11         0.0312              0
        11         0.0315              0
        11         0.0318              0
        11         0.0321              0
        11         0.0324              0
        11         0.0327              0
        11          0.033              0
        11         0.0333              0
        11         0.0336              0
        11         0.0339              0
        11         0.0342              0
        11         0.0345              0
        11         0.0348              0
        11         0.0351              0
        11         0.0354              0
        11         0.0357              0
        11          0.036              0
        11         0.0363              0
        11         0.0366              0
        11         0.0369              0
        11         0.0372              0
        11         0.0375              0
        11         0.0378              0
        11         0.0381              0
        11         0.0384              0
        11         0.0387              0
        11          0.039              0
        11         0.0393              0
        11         0.0396              0
        11         0.0399              0
        11         0.0402              0
        11         0.0405              0
        11         0.0408              0
        11         0.0411              0
        11         0.0414              0
        11         0.0417              0
        11          0.042              0
        11         0.0423              0
        11         0.0426              0
        11         0.0429              0
        11         0.0432              0
        11         0.0435              0
        11         0.0438              0
        11         0.0441              0
        11         0.0444              0
        11         0.0447              0
        11          0.045              0
        11         0.0453              0
        11         0.0456              0
        11         0.0459              0
        11         0.0462              0
        11         0.0465              0
        11         0.0468              0
        11         0.0471              0
        11         0.0474              0
        11         0.0477              0
        12         -0.048              0
        12        -0.0477              0
        12        -0.0474              0
        12        -0.0471              0
        12        -0.0468              0
        12        -0.0465              0
        12        -0.0462              0
        12        -0.0459              0
        12        -0.0456              0
        12        -0.0453              0
        12         -0.045              0
        12        -0.0447              0
        12        -0.0444              0
        12        -0.0441              0
        12        -0.0438              0
        12        -0.0435              0
        12        -0.0432              0
        12        -0.0429              0
        12        -0.0426              0
        12        -0.0423              0
        12         -0.042              0
        12        -0.0417              0
        12        -0.0414              0
        12        -0.0411              0
        12        -0.0408              0
        12        -0.0405              0
        12        -0.0402              0
        12        -0.0399              0
        12        -0.0396              0
        12        -0.0393              0
        12         -0.039              0
        12        -0.0387              0
        12        -0.0384              0
        12        -0.0381              0
        12        -0.0378              0
        12        -0.0375              0
        12        -0.0372              0
        12        -0.0369              0
        12        -0.0366              0
        12        -0.0363              0
        12         -0.036              0
        12        -0.0357              0
        12        -0.0354              0
        12        -0.0351              0
        12        -0.0348              0
        12        -0.0345              0
        12        -0.0342              0
        12        -0.0339              0
        12        -0.0336              0
        12        -0.0333              0
        12         -0.033              0
        12        -0.0327              0
        12        -0.0324              0
        12        -0.0321              0
        12        -0.0318              0
        12        -0.0315              0
        12        -0.0312              0
        12        -0.0309              0
        12        -0.0306              0
        12        -0.0303              0
        12          -0.03       -3.50935
        12        -0.0297       -14.8562
        12        -0.0294       -26.2308
        12        -0.0291       -37.6304
        12        -0.0288       -49.0541
        12        -0.0285       -60.5026
        12        -0.0282       -71.9776
        12        -0.0279       -83.4818
        12        -0.0276        -95.019
        12        -0.0273       -106.594
        12         -0.027       -118.212
        12        -0.0267       -129.879
        12        -0.0264       -141.601
        12        -0.0261       -153.386
        12        -0.0258       -165.242
        12        -0.0255       -177.177
        12        -0.0252       -189.202
        12        -0.0249       -201.328
        12        -0.0246       -213.566
        12        -0.0243       -225.929
        12         -0.024       -238.429
        12        -0.0237       -251.082
        12        -0.0234       -263.903
        12        -0.0231       -276.909
        12        -0.0228       -290.119
        12        -0.0225        -303.55
        12        -0.0222       -317.222
        12        -0.0219       -331.156
        12        -0.0216       -345.373
        12        -0.0213       -359.895
        12         -0.021       -374.747
        12        -0.0207       -389.952
        12        -0.0204       -405.533
        12        -0.0201       -421.514
        12        -0.0198       -437.922
        12        -0.0195       -454.777
        12        -0.0192       -472.104
        12        -0.0189       -489.924
        12        -0.0186       -508.259
        12        -0.0183       -527.128
        12         -0.018       -546.547
        12        -0.0177       -566.531
        12        -0.0174       -587.094
        12        -0.0171       -608.247
        12        -0.0168       -629.997
        12        -0.0165        -652.35
        12        -0.0162       -675.307
        12        -0.0159       -698.865
        12        -0.0156       -723.012
        12        -0.0153       -747.739
        12         -0.015       -773.029
        12        -0.0147       -798.864
        12        -0.0144       -825.219
        12        -0.0141       -852.065
        12        -0.0138        -879.37
        12        -0.0135       -907.092
        12        -0.0132       -935.188
        12        -0.0129       -963.601
        12        -0.0126       -992.269
        12        -0.0123       -1021.13
        12         -0.012       -1050.09
        12        -0.0117       -1079.07
        12        -0.0114       -1107.96
        12        -0.0111       -1136.65
        12        -0.0108       -1164.99
        12        -0.0105        -1192.8
        12        -0.0102       -1219.88
        12        -0.0099       -1246.02
        12        -0.0096       -1270.92
        12        -0.0093       -1294.23
        12         -0.009        -1315.5
        12        -0.0087       -1334.22
        12        -0.0084       -1349.73
        12        -0.0081       -1361.23
        12        -0.0078       -1367.88
        12        -0.0075       -1368.54
        12        -0.0072       -1361.46
        12        -0.0069       -1344.48
        12        -0.0066       -1314.84
        12        -0.0063       -1268.56
        12         -0.006        -1200.9
        12        -0.0057       -1106.83
        12        -0.0054          -1000
        12        -0.0051          -1000
        12        -0.0048          -1000
        12        -0.0045       -1005.58
        12        -0.0042       -1050.69
        12        -0.0039       -1092.15
        12        -0.0036       -1127.05
        12        -0.0033       -1155.32
        12         -0.003       -1177.55
        12        -0.0027       -1194.52
        12        -0.0024       -1207.01
        12        -0.0021       -1215.81
        12        -0.0018       -1221.65
        12        -0.0015       -1225.21
        12        -0.0012       -1227.14
        12        -0.0009          -1228
        12        -0.0006       -1228.25
        12        -0.0003       -1228.25
        12              0       -1228.21
        12         0.0003       -1228.23
        12         0.0006       -1228.22
        12         0.0009       -1227.98
        12         0.0012       -1227.14
        12         0.0015       -1225.24
        12         0.0018       -1221.72
        12         0.0021       -1215.95
        12         0.0024       -1207.22
        12         0.0027        -1194.8
        12          0.003        -1177.9
        12         0.0033       -1155.72
        12         0.0036       -1127.47
        12         0.0039       -1092.52
        12         0.0042       -1050.94
        12         0.0045       -1005.64
        12         0.0048          -1000
        12         0.0051          -1000
        12         0.0054          -1000
        12         0.0057       -1107.76
        12          0.006        -1202.5
        12         0.0063       -1270.15
        12         0.0066       -1316.41
        12         0.0069       -1346.03
        12         0.0072       -1363.15
        12         0.0075       -1370.48
        12         0.0078       -1370.07
        12         0.0081       -1363.45
        12         0.0084        -1351.9
        12         0.0087        -1336.4
        12          0.009       -1317.74
        12         0.0093       -1296.53
        12         0.0096       -1273.29
        12         0.0099       -1248.44
        12         0.0102       -1222.34
        12         0.0105       -1195.29
        12         0.0108       -1167.52
        12         0.0111       -1139.22
        12         0.0114       -1110.56
        12         0.0117        -1081.7
        12          0.012       -1052.75
        12         0.0123       -1023.84
        12         0.0126       -995.034
        12         0.0129       -966.422
        12         0.0132        -938.07
        12         0.0135       -910.043
        12         0.0138       -882.394
        12         0.0141       -855.169
        12         0.0144       -828.406
        12         0.0147       -802.132
        12          0.015        -776.38
        12         0.0153       -751.171
        12         0.0156       -726.522
        12         0.0159       -702.444
        12         0.0162       -678.947
        12         0.0165       -656.036
        12         0.0168       -633.714
        12         0.0171       -611.979
        12         0.0174       -590.826
        12         0.0177       -570.248
        12          0.018       -550.234
        12         0.0183       -530.772
        12         0.0186       -511.849
        12         0.0189       -493.448
        12         0.0192       -475.553
        12         0.0195       -458.142
        12         0.0198       -441.194
        12         0.0201       -424.687
        12         0.0204       -408.599
        12         0.0207       -392.906
        12          0.021       -377.585
        12         0.0213       -362.612
        12         0.0216       -347.963
        12         0.0219       -333.616
        12         0.0222       -319.551
        12         0.0225       -305.746
        12         0.0228       -292.183
        12         0.0231       -278.843
        12         0.0234       -265.709
        12         0.0237       -252.763
        12          0.024        -239.99
        12         0.0243       -227.374
        12         0.0246         -214.9
        12         0.0249       -202.555
        12         0.0252       -190.326
        12         0.0255       -178.202
        12         0.0258       -166.173
        12         0.0261       -154.229
        12         0.0264        -142.36
        12         0.0267       -130.558
        12          0.027       -118.816
        12         0.0273       -107.127
        12         0.0276       -95.4846
        12         0.0279       -83.8843
        12         0.0282       -72.3205
        12         0.0285        -60.789
        12         0.0288       -49.2861
        12         0.0291       -37.8089
        12         0.0294       -26.3556
        12         0.0297       -14.9263
        12           0.03       -3.52457
        12         0.0303              0
        12         0.0306              0
        12         0.0309              0
        12         0.0312              0
        12         0.0315              0
        12         0.0318              0
        12         0.0321              0
        12         0.0324              0
        12         0.0327              0
        12          0.033              0
        12         0.0333              0
        12         0.0336              0
        12         0.0339              0
        12         0.0342              0
        12         0.0345              0
        12         0.0348              0
        12         0.0351              0
        12         0.0354              0
        12         0.0357              0
        12          0.036              0
        12         0.0363              0
        12         0.0366              0
        12         0.0369              0
        12         0.0372              0
        12         0.0375              0
        12         0.0378              0
        12         0.0381              0
        12         0.0384              0
        12         0.0387              0
        12          0.039              0
        12         0.0393              0
        12         0.0396              0
        12         0.0399              0
        12         0.0402              0
        12         0.0405              0
        12         0.0408              0
        12         0.0411              0
        12         0.0414              0
        12         0.0417              0
        12          0.042              0
        12         0.0423              0
        12         0.0426              0
        12         0.0429              0
        12         0.0432              0
        12         0.0435              0
        12         0.0438              0
        12         0.0441              0
        12         0.0444              0
        12         0.0447              0
        12          0.045              0
        12         0.0453              0
        12         0.0456              0
        12         0.0459              0
        12         0.0462              0
        12         0.0465              0
        12         0.0468              0
        12         0.0471              0
        12         0.0474              0
        12         0.0477              0
        13         -0.048              0
        13        -0.0477              0
        13        -0.0474              0
        13        -0.0471              0
        13        -0.0468              0
        13        -0.0465              0
        13        -0.0462              0
        13        -0.0459              0
        13        -0.0456              0
        13        -0.0453              0
        13         -0.045              0
        13        -0.0447              0
        13        -0.0444              0
        13        -0.0441              0
        13        -0.0438              0
        13        -0.0435              0
        13        -0.0432              0
        13        -0.0429              0
        13        -0.0426              0
        13        -0.0423              0
        13         -0.042              0
        13        -0.0417              0
        13        -0.0414              0
        13        -0.0411              0
        13        -0.0408              0
        13        -0.0405              0
        13        -0.0402              0
        13        -0.0399              0
        13        -0.0396              0
        13        -0.0393              0
        13         -0.039              0
        13        -0.0387              0
        13        -0.0384              0
        13        -0.0381              0
        13        -0.0378              0
        13        -0.0375              0
        13        -0.0372              0
        13        -0.0369              0
        13        -0.0366              0
        13        -0.0363              0
        13         -0.036              0
        13        -0.0357              0
        13        -0.0354              0
        13        -0.0351              0
        13        -0.0348              0
        13        -0.0345              0
        13        -0.0342              0
        13        -0.0339              0
        13        -0.0336              0
        13        -0.0333              0
        13         -0.033              0
        13        -0.0327              0
        13        -0.0324              0
        13        -0.0321              0
        13        -0.0318              0
        13        -0.0315              0
        13        -0.0312              0
        13        -0.0309              0
        13        -0.0306              0
        13        -0.0303              0
        13          -0.03       -1.85393
        13        -0.0297       -7.84469
        13        -0.0294       -13.8384
        13        -0.0291       -19.8353
        13        -0.0288       -25.8387
        13        -0.0285       -31.8531
        13        -0.0282       -37.8836
        13        -0.0279       -43.9357
        13        -0.0276       -50.0156
        13        -0.0273       -56.1302
        13         -0.027       -62.2863
        13        -0.0267       -68.4911
        13        -0.0264       -74.7527
        13        -0.0261       -81.0787
        13        -0.0258       -87.4776
        13        -0.0255       -93.9582
        13        -0.0252        -100.53
        13        -0.0249       -107.201
        13        -0.0246       -113.984
        13        -0.0243       -120.889
        13         -0.024       -127.928
        13        -0.0237       -135.114
        13        -0.0234        -142.46
        13        -0.0231       -149.978
        13        -0.0228       -157.684
        13        -0.0225       -165.594
        13        -0.0222       -173.722
        13        -0.0219       -182.087
        13        -0.0216       -190.706
        13        -0.0213       -199.596
        13         -0.021       -208.777
        13        -0.0207        -218.27
        13        -0.0204       -228.096
        13        -0.0201       -238.276
        13        -0.0198       -248.831
        13        -0.0195       -259.786
        13        -0.0192       -271.164
        13        -0.0189       -282.987
        13        -0.0186       -295.282
        13        -0.0183       -308.074
        13         -0.018       -321.386
        13        -0.0177       -335.246
        13        -0.0174       -349.679
        13        -0.0171       -364.712
        13        -0.0168       -380.372
        13        -0.0165       -396.685
        13        -0.0162        -413.68
        13        -0.0159       -431.381
        13        -0.0156       -449.816
        13        -0.0153       -469.012
        13         -0.015       -489.002
        13        -0.0147       -509.821
        13        -0.0144       -531.502
        13        -0.0141        -554.07
        13        -0.0138       -577.554
        13        -0.0135       -601.988
        13        -0.0132       -627.399
        13        -0.0129       -653.817
        13        -0.0126       -681.279
        13        -0.0123       -709.827
        13         -0.012         -739.5
        13        -0.0117       -770.335
        13        -0.0114       -802.346
        13        -0.0111       -835.559
        13        -0.0108       -869.994
        13        -0.0105       -905.682
        13        -0.0102       -942.661
        13        -0.0099       -980.951
        13        -0.0096       -1020.54
        13        -0.0093       -1061.35
        13         -0.009       -1103.36
        13        -0.0087       -1146.55
        13        -0.0084       -1190.74
        13        -0.0081       -1235.54
        13        -0.0078        -1279.3
        13        -0.0075       -1316.23
        13        -0.0072       -1339.06
        13        -0.0069       -1344.53
        13        -0.0066       -1330.11
        13        -0.0063       -1291.33
        13         -0.006       -1222.79
        13        -0.0057       -1119.27
        13        -0.0054          -1000
        13        -0.0051          -1000
        13        -0.0048          -1000
        13        -0.0045        -1082.1
        13        -0.0042       -1720.58
        13        -0.0039       -2303.32
        13        -0.0036       -2794.45
        13        -0.0033       -3220.76
        13         -0.003       -3577.42
        13        -0.0027       -3881.16
        13        -0.0024       -4135.59
        13        -0.0021       -4345.51
        13        -0.0018       -4524.76
        13        -0.0015       -4667.54
        13        -0.0012       -4780.31
        13        -0.0009       -4866.34
        13        -0.0006       -4925.84
        13        -0.0003       -4962.46
        13              0       -4975.86
        13         0.0003       -4965.05
        13         0.0006       -4931.61
        13         0.0009       -4873.89
        13         0.0012       -4788.72
        13         0.0015       -4677.17
        13         0.0018       -4531.51
        13         0.0021       -4350.04
        13         0.0024       -4138.77
        13         0.0027       -3881.03
        13          0.003       -3575.18
        13         0.0033       -3217.48
        13         0.0036        -2792.4
        13         0.0039       -2303.05
        13         0.0042       -1721.15
        13         0.0045       -1082.59
        13         0.0048          -1000
        13         0.0051          -1000
        13         0.0054          -1000
        13         0.0057       -1118.96
        13          0.006          -1223
        13         0.0063       -1292.58
        13         0.0066       -1331.55
        13         0.0069       -1345.47
        13         0.0072       -1339.09
        13         0.0075        -1314.6
        13         0.0078       -1276.57
        13         0.0081        -1233.2
        13         0.0084       -1188.75
        13         0.0087       -1144.86
        13          0.009       -1101.88
        13         0.0093       -1060.04
        13         0.0096       -1019.47
        13         0.0099       -980.195
        13         0.0102        -942.22
        13         0.0105       -905.541
        13         0.0108       -870.119
        13         0.0111       -835.885
        13         0.0114       -802.812
        13         0.0117        -770.91
        13          0.012       -740.164
        13         0.0123       -710.557
        13         0.0126       -682.058
        13         0.0129       -654.629
        13         0.0132       -628.243
        13         0.0135       -602.873
        13         0.0138       -578.475
        13         0.0141       -555.026
        13         0.0144         -532.5
        13         0.0147        -510.87
        13          0.015       -490.101
        13         0.0153       -470.158
        13         0.0156       -451.008
        13         0.0159       -432.616
        13         0.0162        -414.95
        13         0.0165       -397.983
        13         0.0168       -381.684
        13         0.0171       -366.026
        13         0.0174       -350.987
        13         0.0177       -336.542
        13          0.018       -322.664
        13         0.0183       -309.328
        13         0.0186       -296.511
        13         0.0189       -284.184
        13         0.0192       -272.321
        13         0.0195       -260.899
        13         0.0198       -249.897
        13         0.0201       -239.293
        13         0.0204       -229.064
        13         0.0207       -219.189
        13          0.021       -209.645
        13         0.0213       -200.414
        13         0.0216       -191.474
        13         0.0219       -182.807
        13         0.0222       -174.395
        13         0.0225        -166.22
        13         0.0228       -158.266
        13         0.0231       -150.518
        13         0.0234       -142.958
        13         0.0237       -135.572
        13          0.024       -128.348
        13         0.0243       -121.272
        13         0.0246       -114.333
        13         0.0249       -107.517
        13         0.0252       -100.815
        13         0.0255       -94.2168
        13         0.0258       -87.7113
        13         0.0261       -81.2897
        13         0.0264       -74.9427
        13         0.0267       -68.6618
        13          0.027       -62.4387
        13         0.0273       -56.2658
        13         0.0276       -50.1358
        13         0.0279       -44.0416
        13         0.0282       -37.9767
        13         0.0285       -31.9347
        13         0.0288       -25.9095
        13         0.0291       -19.8953
        13         0.0294       -13.8872
        13         0.0297       -7.88006
        13           0.03       -1.86733
        13         0.0303              0
        13         0.0306              0
        13         0.0309              0
        13         0.0312              0
        13         0.0315              0
        13         0.0318              0
        13         0.0321              0
        13         0.0324              0
        13         0.0327              0
        13          0.033              0
        13         0.0333              0
        13         0.0336              0
        13         0.0339              0
        13         0.0342              0
        13         0.0345              0
        13         0.0348              0
        13         0.0351              0
        13         0.0354              0
        13         0.0357              0
        13          0.036              0
        13         0.0363              0
        13         0.0366              0
        13         0.0369              0
        13         0.0372              0
        13         0.0375              0
        13         0.0378              0
        13         0.0381              0
        13         0.0384              0
        13         0.0387              0
        13          0.039              0
        13         0.0393              0
        13         0.0396              0
        13         0.0399              0
        13         0.0402              0
        13         0.0405              0
        13         0.0408              0
        13         0.0411              0
        13         0.0414              0
        13         0.0417              0
        13          0.042              0
        13         0.0423              0
        13         0.0426              0
        13         0.0429              0
        13         0.0432              0
        13         0.0435              0
        13         0.0438              0
        13         0.0441              0
        13         0.0444              0
        13         0.0447              0
        13          0.045              0
        13         0.0453              0
        13         0.0456              0
        13         0.0459              0
        13         0.0462              0
        13         0.0465              0
        13         0.0468              0
        13         0.0471              0
        13         0.0474              0
        13         0.0477              0
        14         -0.048              0
        14        -0.0477              0
        14        -0.0474              0
        14        -0.0471              0
        14        -0.0468              0
        14        -0.0465              0
        14        -0.0462              0
        14        -0.0459              0
        14        -0.0456              0
        14        -0.0453              0
        14         -0.045              0
        14        -0.0447              0
        14        -0.0444              0
        14        -0.0441              0
        14        -0.0438              0
        14        -0.0435              0
        14        -0.0432              0
        14        -0.0429              0
        14        -0.0426              0
        14        -0.0423              0
        14         -0.042              0
        14        -0.0417              0
        14        -0.0414              0
        14        -0.0411              0
        14        -0.0408              0
        14        -0.0405              0
        14        -0.0402              0
        14        -0.0399              0
        14        -0.0396              0
        14        -0.0393              0
        14         -0.039              0
        14        -0.0387              0
        14        -0.0384              0
        14        -0.0381              0
        14        -0.0378              0
        14        -0.0375              0
        14        -0.0372              0
        14        -0.0369              0
        14        -0.0366              0
        14        -0.0363              0
        14         -0.036              0
        14        -0.0357              0
        14        -0.0354              0
        14        -0.0351              0
        14        -0.0348              0
        14        -0.0345              0
        14        -0.0342              0
        14        -0.0339              0
        14        -0.0336              0
        14        -0.0333              0
        14         -0.033              0
        14        -0.0327              0
        14        -0.0324              0
        14        -0.0321              0
        14        -0.0318              0
        14        -0.0315              0
        14        -0.0312              0
        14        -0.0309              0
        14        -0.0306              0
        14        -0.0303              0
        14          -0.03       -3.51255
        14        -0.0297        -14.866
        14        -0.0294       -26.2361
        14        -0.0291        -37.621
        14        -0.0288       -49.0222
        14        -0.0285        -60.442
        14        -0.0282       -71.8844
        14        -0.0279       -83.3537
        14        -0.0276       -94.8541
        14        -0.0273       -106.391
        14         -0.027        -117.97
        14        -0.0267       -129.598
        14        -0.0264        -141.28
        14        -0.0261       -153.025
        14        -0.0258       -164.842
        14        -0.0255       -176.739
        14        -0.0252       -188.727
        14        -0.0249       -200.816
        14        -0.0246       -213.018
        14        -0.0243       -225.345
        14         -0.024       -237.811
        14        -0.0237        -250.43
        14        -0.0234       -263.218
        14        -0.0231       -276.192
        14        -0.0228        -289.37
        14        -0.0225        -302.77
        14        -0.0222       -316.413
        14        -0.0219       -330.319
        14        -0.0216       -344.511
        14        -0.0213        -359.01
        14         -0.021       -373.839
        14        -0.0207       -389.023
        14        -0.0204       -404.585
        14        -0.0201        -420.55
        14        -0.0198        -436.94
        14        -0.0195       -453.778
        14        -0.0192       -471.087
        14        -0.0189        -488.89
        14        -0.0186       -507.206
        14        -0.0183       -526.055
        14         -0.018       -545.456
        14        -0.0177       -565.425
        14        -0.0174       -585.976
        14        -0.0171       -607.119
        14        -0.0168        -628.86
        14        -0.0165       -651.204
        14        -0.0162       -674.151
        14        -0.0159       -697.698
        14        -0.0156       -721.837
        14        -0.0153       -746.558
        14         -0.015       -771.846
        14        -0.0147       -797.679
        14        -0.0144       -824.035
        14        -0.0141       -850.888
        14        -0.0138       -878.203
        14        -0.0135       -905.937
        14        -0.0132       -934.041
        14        -0.0129       -962.464
        14        -0.0126       -991.152
        14        -0.0123       -1020.04
        14         -0.012       -1049.02
        14        -0.0117       -1078.02
        14        -0.0114       -1106.92
        14        -0.0111        -1135.6
        14        -0.0108       -1163.92
        14        -0.0105       -1191.72
        14        -0.0102        -1218.8
        14        -0.0099       -1244.89
        14        -0.0096       -1269.73
        14        -0.0093       -1292.96
        14         -0.009        -1314.2
        14        -0.0087       -1332.91
        14        -0.0084       -1348.52
        14        -0.0081       -1360.29
        14        -0.0078       -1367.31
        14        -0.0075       -1368.23
        14        -0.0072       -1361.31
        14        -0.0069       -1344.43
        14        -0.0066       -1314.93
        14        -0.0063       -1268.85
        14         -0.006        -1201.5
        14        -0.0057       -1107.36
        14        -0.0054          -1000
        14        -0.0051          -1000
        14        -0.0048          -1000
        14        -0.0045       -1005.59
        14        -0.0042       -1050.81
        14        -0.0039       -1092.34
        14        -0.0036       -1127.26
        14        -0.0033       -1155.52
        14         -0.003       -1177.73
        14        -0.0027       -1194.65
        14        -0.0024        -1207.1
        14        -0.0021       -1215.83
        14        -0.0018       -1221.61
        14        -0.0015        -1225.1
        14        -0.0012       -1226.96
        14        -0.0009       -1227.74
        14        -0.0006       -1227.92
        14        -0.0003       -1227.84
        14              0       -1227.73
        14         0.0003       -1227.66
        14         0.0006       -1227.58
        14         0.0009       -1227.25
        14         0.0012       -1226.34
        14         0.0015       -1224.37
        14         0.0018        -1220.8
        14         0.0021       -1214.98
        14         0.0024       -1206.23
        14         0.0027       -1193.81
        14          0.003       -1176.94
        14         0.0033       -1154.82
        14         0.0036       -1126.69
        14         0.0039       -1091.93
        14         0.0042        -1050.6
        14         0.0045        -1005.6
        14         0.0048          -1000
        14         0.0051          -1000
        14         0.0054          -1000
        14         0.0057       -1106.61
        14          0.006       -1199.84
        14         0.0063       -1266.34
        14         0.0066       -1311.95
        14         0.0069        -1341.2
        14         0.0072       -1357.82
        14         0.0075       -1364.73
        14         0.0078       -1364.08
        14         0.0081       -1357.31
        14         0.0084       -1345.65
        14         0.0087        -1330.1
        14          0.009       -1311.45
        14         0.0093       -1290.28
        14         0.0096       -1267.12
        14         0.0099       -1242.37
        14         0.0102       -1216.39
        14         0.0105       -1189.45
        14         0.0108        -1161.8
        14         0.0111       -1133.64
        14         0.0114       -1105.12
        14         0.0117        -1076.4
        14          0.012       -1047.61
        14         0.0123       -1018.85
        14         0.0126       -990.207
        14         0.0129       -961.751
        14         0.0132       -933.555
        14         0.0135       -905.678
        14         0.0138       -878.171
        14         0.0141       -851.079
        14         0.0144       -824.442
        14         0.0147       -798.291
        14          0.015       -772.655
        14         0.0153       -747.555
        14         0.0156       -723.009
        14         0.0159       -699.031
        14         0.0162       -675.629
        14         0.0165       -652.811
        14         0.0168       -630.579
        14         0.0171       -608.932
        14         0.0174       -587.866
        14         0.0177       -567.375
        14          0.018       -547.448
        14         0.0183       -528.074
        14         0.0186       -509.237
        14         0.0189        -490.92
        14         0.0192       -473.105
        14         0.0195        -455.77
        14         0.0198       -438.896
        14         0.0201       -422.461
        14         0.0204       -406.443
        14         0.0207       -390.817
        14          0.021       -375.561
        14         0.0213       -360.653
        14         0.0216        -346.07
        14         0.0219       -331.792
        14         0.0222       -317.795
        14         0.0225       -304.061
        14         0.0228       -290.568
        14         0.0231       -277.299
        14         0.0234       -264.234