# iteration    r (m)    potential (V)
         1        -0.0315              0
         1        -0.0312              0
         1        -0.0309              0
         1        -0.0306              0
         1        -0.0303              0
         1          -0.03              0
         1        -0.0297      -0.395164
         1        -0.0294       -1.20887
         1        -0.0291       -2.03269
         1        -0.0288       -2.86378
         1        -0.0285       -3.70077
         1        -0.0282       -4.54259
         1        -0.0279       -5.38819
         1        -0.0276       -6.23638
         1        -0.0273        -7.0858
         1         -0.027       -7.93487
         1        -0.0267       -8.78172
         1        -0.0264       -9.62415
         1        -0.0261       -10.4595
         1        -0.0258       -11.2847
         1        -0.0255        -12.096
         1        -0.0252       -12.8887
         1        -0.0249       -13.6575
         1        -0.0246       -14.3955
         1        -0.0243       -15.0946
         1         -0.024       -15.7445
         1        -0.0237       -16.3326
         1        -0.0234       -16.8429
         1        -0.0231       -17.2548
         1        -0.0228        -17.542
         1        -0.0225       -17.6696
         1        -0.0222       -17.5909
         1        -0.0219       -17.2413
         1        -0.0216       -16.5291
         1        -0.0213       -15.3184
         1         -0.021       -13.3981
         1        -0.0207       -10.4181
         1        -0.0204       -5.74991
         1        -0.0201              0
         1        -0.0198              0
         1        -0.0195              0
         1        -0.0192       -1.82918
         1        -0.0189       -18.2469
         1        -0.0186       -30.9087
         1        -0.0183        -41.616
         1         -0.018       -51.2037
         1        -0.0177        -60.114
         1        -0.0174       -68.6079
         1        -0.0171       -76.8535
         1        -0.0168        -84.967
         1        -0.0165        -93.034
         1        -0.0162       -101.121
         1        -0.0159       -109.281
         1        -0.0156       -117.562
         1        -0.0153       -126.002
         1         -0.015        -134.64
         1        -0.0147       -143.511
         1        -0.0144       -152.647
         1        -0.0141       -162.083
         1        -0.0138       -171.853
         1        -0.0135       -181.991
         1        -0.0132       -192.534
         1        -0.0129       -203.521
         1        -0.0126       -214.991
         1        -0.0123        -226.99
         1         -0.012       -239.565
         1        -0.0117       -252.768
         1        -0.0114       -266.658
         1        -0.0111       -281.297
         1        -0.0108       -296.756
         1        -0.0105       -313.117
         1        -0.0102       -330.469
         1        -0.0099       -348.914
         1        -0.0096       -368.572
         1        -0.0093       -389.577
         1         -0.009       -412.088
         1        -0.0087       -436.291
         1        -0.0084       -462.407
         1        -0.0081       -490.701
         1        -0.0078       -521.495
         1        -0.0075       -555.187
         1        -0.0072       -592.278
         1        -0.0069        -633.41
         1        -0.0066       -679.427
         1        -0.0063       -731.483
         1         -0.006       -791.219
         1        -0.0057        -861.16
         1        -0.0054       -945.831
         1        -0.0051          -1000
         1        -0.0048          -1000
         1        -0.0045          -1000
         1        -0.0042       -997.785
         1        -0.0039       -983.217
         1        -0.0036         -970.8
         1        -0.0033        -960.53
         1         -0.003       -952.275
         1        -0.0027       -945.819
         1        -0.0024       -940.921
         1        -0.0021       -937.338
         1        -0.0018       -934.833
         1        -0.0015       -933.187
         1        -0.0012       -932.191
         1        -0.0009       -931.659
         1        -0.0006       -931.427
         1        -0.0003       -931.361
         1              0       -931.361
         1         0.0003       -931.368
         1         0.0006       -931.369
         1         0.0009       -931.391
         1         0.0012       -931.509
         1         0.0015       -931.832
         1         0.0018       -932.505
         1         0.0021       -933.701
         1         0.0024       -935.613
         1         0.0027       -938.452
         1          0.003       -942.445
         1         0.0033       -947.828
         1         0.0036       -954.845
         1         0.0039       -963.732
         1         0.0042       -974.681
         1         0.0045       -987.782
         1         0.0048          -1000
         1         0.0051          -1000
         1         0.0054          -1000
         1         0.0057          -1000
         1          0.006       -916.382
         1         0.0063       -837.326
         1         0.0066       -771.161
         1         0.0069       -714.263
         1         0.0072       -664.452
         1         0.0075       -620.263
         1         0.0078       -580.656
         1         0.0081       -544.857
         1         0.0084       -512.276
         1         0.0087       -482.449
         1          0.009       -455.006
         1         0.0093       -429.645
         1         0.0096       -406.118
         1         0.0099       -384.215
         1         0.0102       -363.762
         1         0.0105       -344.607
         1         0.0108       -326.621
         1         0.0111       -309.692
         1         0.0114       -293.721
         1         0.0117       -278.622
         1          0.012       -264.317
         1         0.0123       -250.738
         1         0.0126       -237.824
         1         0.0129       -225.517
         1         0.0132       -213.767
         1         0.0135       -202.528
         1         0.0138       -191.756
         1         0.0141        -181.41
         1         0.0144       -171.453
         1         0.0147       -161.847
         1          0.015       -152.557
         1         0.0153        -143.55
         1         0.0156       -134.789
         1         0.0159        -126.24
         1         0.0162       -117.864
         1         0.0165       -109.623
         1         0.0168       -101.472
         1         0.0171       -93.3576
         1         0.0174       -85.2196
         1         0.0177         -76.98
         1          0.018       -68.5371
         1         0.0183       -59.7493
         1         0.0186       -50.4081
         1         0.0189       -40.1816
         1         0.0192       -28.4928
         1         0.0195        -14.216
         1         0.0198              0
         1         0.0201              0
         1         0.0204              0
         1         0.0207       -1.36932
         1          0.021        -9.5814
         1         0.0213       -14.9067
         1         0.0216       -18.5362
         1         0.0219       -21.0831
         1         0.0222       -22.8944
         1         0.0225       -24.1826
         1         0.0228       -25.0857
         1         0.0231       -25.6983
         1         0.0234       -26.0874
         1         0.0237       -26.3019
         1          0.024       -26.3786
         1         0.0243       -26.3458
         1         0.0246       -26.2252
         1         0.0249       -26.0341
         1         0.0252       -25.7864
         1         0.0255       -25.4932
         1         0.0258       -25.1635
         1         0.0261       -24.8047
         1         0.0264       -24.4231
         1         0.0267       -24.0236
         1          0.027       -23.6104
         1         0.0273       -23.1872
         1         0.0276       -22.7569
         1         0.0279        -22.322
         1         0.0282       -21.8846
         1         0.0285       -21.4465
         1         0.0288       -21.0091
         1         0.0291       -20.5737
         1         0.0294       -20.1414
         1         0.0297       -19.7132
         1           0.03       -19.2896
         1         0.0303       -18.8716
         1         0.0306       -18.4594
         1         0.0309       -18.0536
         1         0.0312       -17.6546
         1         0.0315       -17.2627
         1         0.0318       -16.8781
         1         0.0321       -16.5011
         1         0.0324       -16.1317
         1         0.0327       -15.7702
         1          0.033       -15.4166
         1         0.0333       -15.0709
         1         0.0336       -14.7334
         1         0.0339       -14.4039
         1         0.0342       -14.0825
         1         0.0345       -13.7692
         1         0.0348        -13.464
         1         0.0351       -13.1669
         1         0.0354       -12.8778
         1         0.0357       -12.5966
         1          0.036       -12.3234
         1         0.0363       -12.0581
         1         0.0366       -11.8007
         1         0.0369        -11.551
         1         0.0372       -11.3091
         1         0.0375       -11.0748
         1         0.0378       -10.8482
         1         0.0381       -10.6291
         1         0.0384       -10.4175
         1         0.0387       -10.2133
         1          0.039       -10.0164
         1         0.0393       -9.82688
         1         0.0396       -9.64458
         1         0.0399       -9.46945
         1         0.0402       -9.30143
         1         0.0405       -9.14048
         1         0.0408       -8.98654
         1         0.0411       -8.83955
         1         0.0414       -8.69946
         1         0.0417       -8.56622
         1          0.042       -8.43978
         1         0.0423        -8.3201
         1         0.0426       -8.20714
         1         0.0429       -8.10085
         1         0.0432        -8.0012
         1         0.0435       -7.90815
         1         0.0438       -7.82166
         1         0.0441        -7.7417
         1         0.0444       -7.66824
         1         0.0447       -7.60126
         1          0.045       -7.54074
         1         0.0453       -7.48664
         1         0.0456       -7.43895
         1         0.0459       -7.39766
         1         0.0462       -7.36274
         1         0.0465       -7.33418
         1         0.0468       -7.31198
         1         0.0471       -7.29612
         1         0.0474       -7.28661
         1         0.0477       -7.28342
         2        -0.0315              0
         2        -0.0312              0
         2        -0.0309              0
         2        -0.0306              0
         2        -0.0303              0
         2          -0.03              0
         2        -0.0297       -5.51658
         2        -0.0294        -16.873
         2        -0.0291       -28.3575
         2        -0.0288       -39.9213
         2        -0.0285        -51.536
         2        -0.0282       -63.1773
         2        -0.0279       -74.8205
         2        -0.0276       -86.4396
         2        -0.0273        -98.006
         2         -0.027       -109.488
         2        -0.0267        -120.85
         2        -0.0264       -132.052
         2        -0.0261       -143.049
         2        -0.0258       -153.789
         2        -0.0255       -164.214
         2        -0.0252       -174.254
         2        -0.0249       -183.829
         2        -0.0246       -192.843
         2        -0.0243       -201.186
         2         -0.024       -208.721
         2        -0.0237       -215.283
         2        -0.0234       -220.671
         2        -0.0231       -224.633
         2        -0.0228       -226.845
         2        -0.0225       -226.894
         2        -0.0222       -224.228
         2        -0.0219       -218.094
         2        -0.0216       -207.432
         2        -0.0213        -190.68
         2         -0.021        -165.41
         2        -0.0207        -127.59
         2        -0.0204       -69.9036
         2        -0.0201              0
         2        -0.0198              0
         2        -0.0195              0
         2        -0.0192       -18.6573
         2        -0.0189       -184.248
         2        -0.0186       -309.649
         2        -0.0183       -413.467
         2         -0.018       -504.303
         2        -0.0177       -586.682
         2        -0.0174       -663.233
         2        -0.0171       -735.608
         2        -0.0168       -804.901
         2        -0.0165       -871.875
         2        -0.0162       -937.074
         2        -0.0159        -1000.9
         2        -0.0156       -1063.65
         2        -0.0153       -1125.54
         2         -0.015       -1186.74
         2        -0.0147       -1247.37
         2        -0.0144       -1307.51
         2        -0.0141       -1367.21
         2        -0.0138       -1426.48
         2        -0.0135       -1485.33
         2        -0.0132       -1543.71
         2        -0.0129       -1601.56
         2        -0.0126       -1658.79
         2        -0.0123        -1715.3
         2         -0.012       -1770.91
         2        -0.0117       -1825.45
         2        -0.0114       -1878.69
         2        -0.0111       -1930.35
         2        -0.0108        -1980.1
         2        -0.0105       -2027.54
         2        -0.0102       -2072.22
         2        -0.0099       -2113.56
         2        -0.0096       -2150.91
         2        -0.0093       -2183.46
         2         -0.009       -2210.25
         2        -0.0087       -2230.13
         2        -0.0084        -2241.7
         2        -0.0081       -2243.24
         2        -0.0078       -2232.68
         2        -0.0075       -2207.41
         2        -0.0072        -2164.2
         2        -0.0069       -2099.01
         2        -0.0066       -2006.67
         2        -0.0063       -1880.54
         2         -0.006       -1711.97
         2        -0.0057        -1489.3
         2        -0.0054       -1195.15
         2        -0.0051          -1000
         2        -0.0048          -1000
         2        -0.0045          -1000
         2        -0.0042       -1029.02
         2        -0.0039       -1220.18
         2        -0.0036       -1384.54
         2        -0.0033       -1521.89
         2         -0.003       -1633.33
         2        -0.0027        -1721.1
         2        -0.0024       -1787.94
         2        -0.0021       -1836.81
         2        -0.0018       -1870.69
         2        -0.0015       -1892.48
         2        -0.0012          -1905
         2        -0.0009       -1910.81
         2        -0.0006       -1912.22
         2        -0.0003       -1911.15
         2              0       -1909.04
         2         0.0003       -1906.79
         2         0.0006       -1904.69
         2         0.0009       -1902.43
         2         0.0012       -1899.09
         2         0.0015       -1893.22
         2         0.0018        -1882.9
         2         0.0021       -1865.83
         2         0.0024       -1839.41
         2         0.0027       -1800.85
         2          0.003       -1747.21
         2         0.0033       -1675.51
         2         0.0036        -1582.8
         2         0.0039       -1466.43
         2         0.0042       -1324.39
         2         0.0045       -1156.02
         2         0.0048          -1000
         2         0.0051          -1000
         2         0.0054          -1000
         2         0.0057          -1000
         2          0.006       -1289.05
         2         0.0063       -1547.07
         2         0.0066       -1742.47
         2         0.0069       -1889.63
         2         0.0072       -1998.83
         2         0.0075       -2077.79
         2         0.0078       -2132.48
         2         0.0081       -2167.52
         2         0.0084       -2186.58
         2         0.0087       -2192.54
         2          0.009       -2187.75
         2         0.0093       -2174.08
         2         0.0096       -2153.06
         2         0.0099       -2125.97
         2         0.0102       -2093.82
         2         0.0105       -2057.48
         2         0.0108       -2017.67
         2         0.0111       -1974.96
         2         0.0114       -1929.86
         2         0.0117       -1882.78
         2          0.012       -1834.06
         2         0.0123       -1783.98
         2         0.0126       -1732.79
         2         0.0129       -1680.67
         2         0.0132       -1627.77
         2         0.0135       -1574.21
         2         0.0138       -1520.08
         2         0.0141       -1465.44
         2         0.0144       -1410.31
         2         0.0147        -1354.7
         2          0.015       -1298.58
         2         0.0153        -1241.9
         2         0.0156       -1184.55
         2         0.0159       -1126.43
         2         0.0162       -1067.35
         2         0.0165       -1007.09
         2         0.0168       -945.339
         2         0.0171        -881.71
         2         0.0174       -815.671
         2         0.0177       -746.501
         2          0.018       -673.194
         2         0.0183       -594.291
         2         0.0186       -507.579
         2         0.0189       -409.481
         2         0.0192       -293.738
         2         0.0195        -148.17
         2         0.0198              0
         2         0.0201              0
         2         0.0204              0
         2         0.0207       -19.0987
         2          0.021       -135.277
         2         0.0213       -213.409
         2         0.0216       -269.308
         2         0.0219       -310.949
         2         0.0222       -342.783
         2         0.0225       -367.517
         2         0.0228       -386.908
         2         0.0231       -402.159
         2         0.0234       -414.127
         2         0.0237       -423.446
         2          0.024       -430.595
         2         0.0243       -435.945
         2         0.0246        -439.79
         2         0.0249       -442.364
         2         0.0252       -443.859
         2         0.0255       -444.434
         2         0.0258        -444.22
         2         0.0261       -443.326
         2         0.0264       -441.846
         2         0.0267       -439.861
         2          0.027       -437.439
         2         0.0273       -434.638
         2         0.0276       -431.511
         2         0.0279       -428.102
         2         0.0282       -424.451
         2         0.0285       -420.593
         2         0.0288       -416.559
         2         0.0291       -412.376
         2         0.0294       -408.068
         2         0.0297       -403.656
         2           0.03       -399.162
         2         0.0303       -394.601
         2         0.0306        -389.99
         2         0.0309       -385.344
         2         0.0312       -380.674
         2         0.0315       -375.993
         2         0.0318        -371.31
         2         0.0321       -366.637
         2         0.0324       -361.981
         2         0.0327        -357.35
         2          0.033       -352.752
         2         0.0333       -348.194
         2         0.0336        -343.68
         2         0.0339       -339.218
         2         0.0342       -334.811
         2         0.0345       -330.465
         2         0.0348       -326.184
         2         0.0351       -321.971
         2         0.0354       -317.831
         2         0.0357       -313.765
         2          0.036       -309.779
         2         0.0363       -305.873
         2         0.0366       -302.051
         2         0.0369       -298.315
         2         0.0372       -294.667
         2         0.0375       -291.109
         2         0.0378       -287.642
         2         0.0381       -284.268
         2         0.0384       -280.989
         2         0.0387       -277.806
         2          0.039        -274.72
         2         0.0393       -271.732
         2         0.0396       -268.843
         2         0.0399       -266.054
         2         0.0402       -263.366
         2         0.0405       -260.779
         2         0.0408       -258.295
         2         0.0411       -255.914
         2         0.0414       -253.635
         2         0.0417       -251.461
         2          0.042        -249.39
         2         0.0423       -247.424
         2         0.0426       -245.563
         2         0.0429       -243.808
         2         0.0432       -242.157
         2         0.0435       -240.612
         2         0.0438       -239.174
         2         0.0441       -237.841
         2         0.0444       -236.614
         2         0.0447       -235.493
         2          0.045       -234.479
         2         0.0453       -233.572
         2         0.0456       -232.771
         2         0.0459       -232.077
         2         0.0462       -231.489
         2         0.0465       -231.008
         2         0.0468       -230.634
         2         0.0471       -230.367
         2         0.0474       -230.207
         2         0.0477       -230.154
         3        -0.0315              0
         3        -0.0312              0
         3        -0.0309              0
         3        -0.0306              0
         3        -0.0303              0
         3          -0.03              0
         3        -0.0297       -1.87365
         3        -0.0294       -5.65967
         3        -0.0291       -9.41627
         3        -0.0288       -13.1344
         3        -0.0285       -16.8072
         3        -0.0282       -20.4298
         3        -0.0279       -23.9969
         3        -0.0276       -27.5028
         3        -0.0273       -30.9405
         3         -0.027       -34.3033
         3        -0.0267       -37.5838
         3        -0.0264       -40.7723
         3        -0.0261       -43.8573
         3        -0.0258       -46.8249
         3        -0.0255        -49.659
         3        -0.0252       -52.3454
         3        -0.0249       -54.8659
         3        -0.0246       -57.1975
         3        -0.0243       -59.3123
         3         -0.024        -61.176
         3        -0.0237       -62.7464
         3        -0.0234       -63.9718
         3        -0.0231       -64.7854
         3        -0.0228       -65.1014
         3        -0.0225        -64.808
         3        -0.0222       -63.7572
         3        -0.0219       -61.7469
         3        -0.0216       -58.4903
         3        -0.0213       -53.5632
         3         -0.021       -46.3027
         3        -0.0207       -35.6022
         3        -0.0204       -19.4491
         3        -0.0201              0
         3        -0.0198              0
         3        -0.0195              0
         3        -0.0192       -5.14783
         3        -0.0189       -50.9544
         3        -0.0186       -85.7288
         3        -0.0183       -114.609
         3         -0.018       -139.983
         3        -0.0177       -163.116
         3        -0.0174       -184.752
         3        -0.0171       -205.361
         3        -0.0168        -225.26
         3        -0.0165        -244.68
         3        -0.0162       -263.792
         3        -0.0159       -282.732
         3        -0.0156       -301.613
         3        -0.0153       -320.523
         3         -0.015       -339.538
         3        -0.0147       -358.728
         3        -0.0144        -378.15
         3        -0.0141       -397.848
         3        -0.0138        -417.88
         3        -0.0135       -438.308
         3        -0.0132       -459.184
         3        -0.0129       -480.545
         3        -0.0126       -502.423
         3        -0.0123       -524.863
         3         -0.012         -547.9
         3        -0.0117       -571.562
         3        -0.0114       -595.894
         3        -0.0111       -620.932
         3        -0.0108       -646.693
         3        -0.0105       -673.125
         3        -0.0102       -700.093
         3        -0.0099       -727.482
         3        -0.0096       -755.338
         3        -0.0093       -783.582
         3         -0.009       -811.951
         3        -0.0087       -840.261
         3        -0.0084       -868.358
         3        -0.0081       -895.837
         3        -0.0078       -921.625
         3        -0.0075       -945.336
         3        -0.0072       -967.238
         3        -0.0069       -986.716
         3        -0.0066       -1002.92
         3        -0.0063       -1014.56
         3         -0.006       -1020.31
         3        -0.0057       -1018.94
         3        -0.0054       -1008.94
         3        -0.0051          -1000
         3        -0.0048          -1000
         3        -0.0045          -1000
         3        -0.0042       -1040.32
         3        -0.0039       -1293.73
         3        -0.0036       -1506.36
         3        -0.0033       -1683.64
         3         -0.003       -1837.14
         3        -0.0027       -1964.35
         3        -0.0024       -2072.91
         3        -0.0021       -2162.63
         3        -0.0018       -2236.62
         3        -0.0015        -2297.9
         3        -0.0012       -2344.95
         3        -0.0009       -2381.54
         3        -0.0006       -2409.11
         3        -0.0003       -2427.61
         3              0       -2438.41
         3         0.0003        -2441.5
         3         0.0006       -2436.62
         3         0.0009       -2423.75
         3         0.0012       -2402.59
         3         0.0015       -2371.62
         3         0.0018       -2331.55
         3         0.0021       -2281.11
         3         0.0024       -2216.02
         3         0.0027       -2136.83
         3          0.003       -2042.85
         3         0.0033       -1927.57
         3         0.0036       -1793.13
         3         0.0039        -1631.9
         3         0.0042        -1443.2
         3         0.0045       -1217.47
         3         0.0048          -1000
         3         0.0051          -1000
         3         0.0054          -1000
         3         0.0057          -1000
         3          0.006       -1011.72
         3         0.0063       -1017.66
         3         0.0066       -1015.87
         3         0.0069       -1007.73
         3         0.0072       -994.712
         3         0.0075         -978.2
         3         0.0078       -958.734
         3         0.0081       -936.867
         3         0.0084       -913.311
         3         0.0087       -888.426
         3          0.009       -862.701
         3         0.0093       -836.416
         3         0.0096        -809.93
         3         0.0099       -783.501
         3         0.0102       -757.268
         3         0.0105       -731.344
         3         0.0108       -705.838
         3         0.0111       -680.759
         3         0.0114       -656.146
         3         0.0117       -632.108
         3          0.012       -608.623
         3         0.0123       -585.605
         3         0.0126       -563.051
         3         0.0129       -540.985
         3         0.0132       -519.415
         3         0.0135       -498.329
         3         0.0138       -477.693
         3         0.0141       -457.468
         3         0.0144       -437.593
         3         0.0147       -417.991
         3          0.015       -398.618
         3         0.0153       -379.433
         3         0.0156       -360.388
         3         0.0159       -341.417
         3         0.0162        -322.43
         3         0.0165       -303.328
         3         0.0168       -283.998
         3         0.0171       -264.296
         3         0.0174       -244.043
         3         0.0177           -223
         3          0.018       -200.844
         3         0.0183       -177.126
         3         0.0186       -151.173
         3         0.0189       -121.898
         3         0.0192       -87.4196
         3         0.0195       -44.0932
         3         0.0198              0
         3         0.0201              0
         3         0.0204              0
         3         0.0207       -5.82014
         3          0.021        -41.406
         3         0.0213       -65.5755
         3         0.0216        -83.094
         3         0.0219       -96.3615
         3         0.0222       -106.714
         3         0.0225       -114.961
         3         0.0228       -121.627
         3         0.0231        -127.07
         3         0.0234       -131.545
         3         0.0237       -135.239
         3          0.024       -138.296
         3         0.0243       -140.824
         3         0.0246        -142.91
         3         0.0249       -144.622
         3         0.0252       -146.016
         3         0.0255       -147.138
         3         0.0258       -148.026
         3         0.0261        -148.71
         3         0.0264       -149.217
         3         0.0267        -149.57
         3          0.027       -149.789
         3         0.0273       -149.891
         3         0.0276       -149.891
         3         0.0279       -149.799
         3         0.0282       -149.625
         3         0.0285       -149.376
         3         0.0288       -149.064
         3         0.0291       -148.698
         3         0.0294       -148.284
         3         0.0297       -147.828
         3           0.03       -147.333
         3         0.0303       -146.805
         3         0.0306       -146.246
         3         0.0309       -145.662
         3         0.0312       -145.056
         3         0.0315       -144.432
         3         0.0318       -143.793
         3         0.0321       -143.142
         3         0.0324       -142.481
         3         0.0327       -141.811
         3          0.033       -141.133
         3         0.0333       -140.452
         3         0.0336       -139.767
         3         0.0339        -139.08
         3         0.0342       -138.393
         3         0.0345       -137.704
         3         0.0348       -137.017
         3         0.0351       -136.333
         3         0.0354       -135.654
         3         0.0357        -134.98
         3          0.036       -134.312
         3         0.0363       -133.652
         3         0.0366           -133
         3         0.0369       -132.356
         3         0.0372       -131.722
         3         0.0375       -131.098
         3         0.0378       -130.483
         3         0.0381       -129.881
         3         0.0384       -129.289
         3         0.0387       -128.708
         3          0.039       -128.139
         3         0.0393       -127.582
         3         0.0396       -127.039
         3         0.0399        -126.51
         3         0.0402       -125.995
         3         0.0405       -125.495
         3         0.0408        -125.01
         3         0.0411        -124.54
         3         0.0414       -124.087
         3         0.0417       -123.652
         3          0.042       -123.233
         3         0.0423       -122.833
         3         0.0426        -122.45
         3         0.0429       -122.086
         3         0.0432        -121.74
         3         0.0435       -121.413
         3         0.0438       -121.105
         3         0.0441       -120.817
         3         0.0444        -120.55
         3         0.0447       -120.303
         3          0.045       -120.077
         3         0.0453       -119.874
         3         0.0456       -119.693
         3         0.0459       -119.534
         3         0.0462       -119.399
         3         0.0465       -119.287
         3         0.0468       -119.199
         3         0.0471       -119.136
         3         0.0474       -119.097
         3         0.0477       -119.085
         4        -0.0315              0
         4        -0.0312              0
         4        -0.0309              0
         4        -0.0306              0
         4        -0.0303              0
         4          -0.03              0
         4        -0.0297       -5.39208
         4        -0.0294       -16.3883
         4        -0.0291       -27.3822
         4        -0.0288       -38.3348
         4        -0.0285       -49.2243
         4        -0.0282       -60.0309
         4        -0.0279       -70.7343
         4        -0.0276       -81.3123
         4        -0.0273       -91.7408
         4         -0.027       -101.993
         4        -0.0267       -112.039
         4        -0.0264       -121.844
         4        -0.0261       -131.371
         4        -0.0258       -140.575
         4        -0.0255       -149.406
         4        -0.0252       -157.807
         4        -0.0249       -165.711
         4        -0.0246       -173.038
         4        -0.0243       -179.696
         4         -0.024       -185.573
         4        -0.0237       -190.532
         4        -0.0234       -194.407
         4        -0.0231       -196.991
         4        -0.0228       -198.022
         4        -0.0225        -197.16
         4        -0.0222       -193.954
         4        -0.0219       -187.788
         4        -0.0216       -177.797
         4        -0.0213         -162.7
         4         -0.021       -140.508
         4        -0.0207       -107.906
         4        -0.0204       -58.8663
         4        -0.0201              0
         4        -0.0198              0
         4        -0.0195              0
         4        -0.0192       -14.8221
         4        -0.0189        -146.17
         4        -0.0186       -245.173
         4        -0.0183       -326.674
         4         -0.018       -397.563
         4        -0.0177       -461.479
         4        -0.0174       -520.543
         4        -0.0171       -576.089
         4        -0.0168       -629.007
         4        -0.0165       -679.916
         4        -0.0162       -729.267
         4        -0.0159       -777.391
         4        -0.0156        -824.54
         4        -0.0153       -870.908
         4         -0.015       -916.642
         4        -0.0147       -961.855
         4        -0.0144       -1006.63
         4        -0.0141       -1051.03
         4        -0.0138       -1095.09
         4        -0.0135       -1138.84
         4        -0.0132       -1182.27
         4        -0.0129       -1225.38
         4        -0.0126       -1268.14
         4        -0.0123       -1310.49
         4         -0.012       -1352.36
         4        -0.0117       -1393.67
         4        -0.0114       -1434.28
         4        -0.0111       -1474.06
         4        -0.0108       -1512.81
         4        -0.0105       -1550.33
         4        -0.0102       -1586.36
         4        -0.0099       -1620.57
         4        -0.0096       -1652.56
         4        -0.0093       -1681.88
         4         -0.009       -1707.93
         4        -0.0087       -1729.96
         4        -0.0084       -1747.06
         4        -0.0081       -1758.12
         4        -0.0078       -1761.76
         4        -0.0075       -1756.29
         4        -0.0072       -1739.39
         4        -0.0069       -1708.22
         4        -0.0066       -1658.96
         4        -0.0063       -1586.39
         4         -0.006       -1483.52
         4        -0.0057       -1339.68
         4        -0.0054       -1137.63
         4        -0.0051          -1000
         4        -0.0048          -1000
         4        -0.0045          -1000
         4        -0.0042       -1012.01
         4        -0.0039          -1091
         4        -0.0036       -1158.31
         4        -0.0033       -1213.98
         4         -0.003       -1258.76
         4        -0.0027       -1293.79
         4        -0.0024       -1320.37
         4        -0.0021       -1339.81
         4        -0.0018       -1353.37
         4        -0.0015       -1362.24
         4        -0.0012       -1367.54
         4        -0.0009        -1370.3
         4        -0.0006       -1371.41
         4        -0.0003        -1371.6
         4              0       -1371.42
         4         0.0003        -1371.2
         4         0.0006       -1371.02
         4         0.0009       -1370.75
         4         0.0012          -1370
         4         0.0015       -1368.16
         4         0.0018       -1364.47
         4         0.0021       -1357.99
         4         0.0024       -1347.68
         4         0.0027       -1332.38
         4          0.003       -1310.87
         4         0.0033       -1281.86
         4         0.0036       -1244.02
         4         0.0039       -1196.07
         4         0.0042       -1136.94
         4         0.0045       -1066.11
         4         0.0048          -1000
         4         0.0051          -1000
         4         0.0054          -1000
         4         0.0057          -1000
         4          0.006       -1216.53
         4         0.0063       -1403.74
         4         0.0066       -1538.85
         4         0.0069       -1635.93
         4         0.0072       -1704.18
         4         0.0075       -1750.68
         4         0.0078       -1780.14
         4         0.0081       -1796.15
         4         0.0084       -1801.51
         4         0.0087       -1798.17
         4          0.009       -1787.78
         4         0.0093       -1771.69
         4         0.0096       -1750.97
         4         0.0099       -1726.45
         4         0.0102       -1698.79
         4         0.0105       -1668.52
         4         0.0108       -1636.09
         4         0.0111       -1601.88
         4         0.0114       -1566.21
         4         0.0117       -1529.35
         4          0.012       -1491.49
         4         0.0123       -1452.81
         4         0.0126       -1413.43
         4         0.0129       -1373.45
         4         0.0132       -1332.93
         4         0.0135       -1291.93
         4         0.0138       -1250.48
         4         0.0141       -1208.58
         4         0.0144       -1166.23
         4         0.0147       -1123.39
         4          0.015       -1080.02
         4         0.0153       -1036.03
         4         0.0156        -991.34
         4         0.0159         -945.8
         4         0.0162       -899.242
         4         0.0165       -851.444
         4         0.0168       -802.125
         4         0.0171       -750.912
         4         0.0174       -697.315
         4         0.0177       -640.668
         4          0.018        -580.05
         4         0.0183       -514.133
         4         0.0186       -440.911
         4         0.0189        -357.15
         4         0.0192       -257.219
         4         0.0195       -130.226
         4         0.0198              0
         4         0.0201              0
         4         0.0204              0
         4         0.0207       -18.7502
         4          0.021       -133.768
         4         0.0213       -212.445
         4         0.0216        -269.94
         4         0.0219       -313.859
         4         0.0222       -348.427
         4         0.0225       -376.203
         4         0.0228       -398.843
         4         0.0231       -417.479
         4         0.0234       -432.918
         4         0.0237       -445.754
         4          0.024       -456.435
         4         0.0243       -465.309
         4         0.0246       -472.655
         4         0.0249       -478.693
         4         0.0252       -483.604
         4         0.0255       -487.538
         4         0.0258        -490.62
         4         0.0261       -492.955
         4         0.0264       -494.631
         4         0.0267       -495.728
         4          0.027       -496.314
         4         0.0273       -496.444
         4         0.0276       -496.172
         4         0.0279       -495.541
         4         0.0282        -494.59
         4         0.0285       -493.354
         4         0.0288       -491.863
         4         0.0291       -490.145
         4         0.0294       -488.222
         4         0.0297        -486.12
         4           0.03       -483.857
         4         0.0303       -481.453
         4         0.0306       -478.925
         4         0.0309       -476.288
         4         0.0312       -473.556
         4         0.0315       -470.744
         4         0.0318       -467.862
         4         0.0321       -464.921
         4         0.0324       -461.931
         4         0.0327       -458.902
         4          0.033       -455.844
         4         0.0333       -452.763
         4         0.0336       -449.667
         4         0.0339       -446.563
         4         0.0342       -443.456
         4         0.0345       -440.353
         4         0.0348       -437.259
         4         0.0351       -434.181
         4         0.0354       -431.123
         4         0.0357       -428.091
         4          0.036       -425.088
         4         0.0363       -422.119
         4         0.0366       -419.189
         4         0.0369       -416.301
         4         0.0372       -413.457
         4         0.0375       -410.661
         4         0.0378       -407.915
         4         0.0381       -405.222
         4         0.0384       -402.587
         4         0.0387        -400.01
         4          0.039       -397.494
         4         0.0393       -395.043
         4         0.0396       -392.657
         4         0.0399        -390.34
         4         0.0402       -388.094
         4         0.0405       -385.919
         4         0.0408       -383.818
         4         0.0411       -381.793
         4         0.0414       -379.845
         4         0.0417       -377.976
         4          0.042       -376.187
         4         0.0423        -374.48
         4         0.0426       -372.856
         4         0.0429       -371.317
         4         0.0432       -369.863
         4         0.0435       -368.496
         4         0.0438       -367.217
         4         0.0441       -366.027
         4         0.0444       -364.928
         4         0.0447       -363.919
         4          0.045       -363.002
         4         0.0453       -362.179
         4         0.0456       -361.449
         4         0.0459       -360.814
         4         0.0462       -360.274
         4         0.0465        -359.83
         4         0.0468       -359.484
         4         0.0471       -359.235
         4         0.0474       -359.085
         4         0.0477       -359.035
         5        -0.0315              0
         5        -0.0312              0
         5        -0.0309              0
         5        -0.0306              0
         5        -0.0303              0
         5          -0.03              0
         5        -0.0297        -1.4991
         5        -0.0294       -4.53603
         5        -0.0291       -7.55192
         5        -0.0288       -10.5379
         5        -0.0285       -13.4897
         5        -0.0282       -16.4041
         5        -0.0279       -19.2793
         5        -0.0276       -22.1132
         5        -0.0273        -24.903
         5         -0.027       -27.6445
         5        -0.0267       -30.3324
         5        -0.0264       -32.9603
         5        -0.0261       -35.5205
         5        -0.0258       -38.0043
         5        -0.0255       -40.4019
         5        -0.0252        -42.699
         5        -0.0249       -44.8783
         5        -0.0246       -46.9182
         5        -0.0243       -48.7936
         5         -0.024       -50.4776
         5        -0.0237       -51.9368
         5        -0.0234       -53.1256
         5        -0.0231       -53.9846
         5        -0.0228       -54.4395
         5        -0.0225       -54.3918
         5        -0.0222        -53.713
         5        -0.0219       -52.2221
         5        -0.0216       -49.6626
         5        -0.0213       -45.6561
         5         -0.021       -39.6124
         5        -0.0207        -30.559
         5        -0.0204       -16.7364
         5        -0.0201              0
         5        -0.0198              0
         5        -0.0195              0
         5        -0.0192       -4.78623
         5        -0.0189       -47.6187
         5        -0.0186       -80.3785
         5        -0.0183         -107.8
         5         -0.018       -132.089
         5        -0.0177        -154.41
         5        -0.0174       -175.455
         5        -0.0171       -195.669
         5        -0.0168       -215.355
         5        -0.0165       -234.733
         5        -0.0162       -253.971
         5        -0.0159       -273.199
         5        -0.0156       -292.522
         5        -0.0153       -312.027
         5         -0.015       -331.793
         5        -0.0147       -351.899
         5        -0.0144       -372.415
         5        -0.0141       -393.408
         5        -0.0138       -414.936
         5        -0.0135       -437.061
         5        -0.0132        -459.84
         5        -0.0129       -483.333
         5        -0.0126       -507.603
         5        -0.0123       -532.705
         5         -0.012       -558.694
         5        -0.0117       -585.618
         5        -0.0114       -613.548
         5        -0.0111       -642.564
         5        -0.0108        -672.73
         5        -0.0105       -704.052
         5        -0.0102       -736.562
         5        -0.0099       -770.331
         5        -0.0096        -805.41
         5        -0.0093        -841.84
         5         -0.009       -879.636
         5        -0.0087       -918.756
         5        -0.0084       -959.082
         5        -0.0081       -1000.55
         5        -0.0078        -1043.2
         5        -0.0075       -1086.85
         5        -0.0072       -1131.31
         5        -0.0069       -1172.41
         5        -0.0066       -1196.91
         5        -0.0063       -1198.23
         5         -0.006        -1177.6
         5        -0.0057        -1131.9
         5        -0.0054        -1055.4
         5        -0.0051          -1000
         5        -0.0048          -1000
         5        -0.0045          -1000
         5        -0.0042          -1092
         5        -0.0039       -1669.69
         5        -0.0036       -2152.33
         5        -0.0033       -2553.13
         5         -0.003       -2892.82
         5        -0.0027       -3183.89
         5        -0.0024       -3431.98
         5        -0.0021        -3644.2
         5        -0.0018       -3816.69
         5        -0.0015       -3964.84
         5        -0.0012       -4084.24
         5        -0.0009       -4178.72
         5        -0.0006       -4254.47
         5        -0.0003       -4307.82
         5              0       -4339.05
         5         0.0003       -4349.45
         5         0.0006       -4336.25
         5         0.0009       -4299.49
         5         0.0012       -4240.69
         5         0.0015       -4158.31
         5         0.0018       -4054.72
         5         0.0021       -3927.23
         5         0.0024       -3767.49
         5         0.0027       -3581.42
         5          0.003       -3361.47
         5         0.0033       -3100.41
         5         0.0036       -2795.25
         5         0.0039       -2431.05
         5         0.0042       -2006.35
         5         0.0045       -1492.97
         5         0.0048          -1000
         5         0.0051          -1000
         5         0.0054          -1000
         5         0.0057          -1000
         5          0.006       -1086.57
         5         0.0063       -1153.84
         5         0.0066       -1190.88
         5         0.0069       -1202.56
         5         0.0072        -1190.3
         5         0.0075        -1154.8
         5         0.0078       -1109.93
         5         0.0081       -1065.81
         5         0.0084       -1023.05
         5         0.0087       -981.605
         5          0.009       -941.429
         5         0.0093       -902.394
         5         0.0096       -864.561
         5         0.0099       -828.007
         5         0.0102       -792.726
         5         0.0105       -758.729
         5         0.0108       -725.963
         5         0.0111       -694.397
         5         0.0114       -664.023
         5         0.0117       -634.792
         5          0.012       -606.648
         5         0.0123       -579.542
         5         0.0126       -553.405
         5         0.0129       -528.188
         5         0.0132        -503.84
         5         0.0135       -480.294
         5         0.0138       -457.487
         5         0.0141       -435.363
         5         0.0144       -413.864
         5         0.0147       -392.928
         5          0.015       -372.492
         5         0.0153       -352.486
         5         0.0156       -332.839
         5         0.0159       -313.477
         5         0.0162       -294.323
         5         0.0165       -275.286
         5         0.0168       -256.258
         5         0.0171       -237.111
         5         0.0174       -217.685
         5         0.0177       -197.777
         5          0.018       -177.112
         5         0.0183       -155.311
         5         0.0186       -131.803
         5         0.0189       -105.681
         5         0.0192       -75.3667
         5         0.0195       -37.8025
         5         0.0198              0
         5         0.0201              0
         5         0.0204              0
         5         0.0207       -4.31872
         5          0.021       -30.5708
         5         0.0213        -48.112
         5         0.0216       -60.5539
         5         0.0219       -69.7372
         5         0.0222       -76.6964
         5         0.0225       -82.0595
         5         0.0228       -86.2336
         5         0.0231       -89.4969
         5         0.0234       -92.0447
         5         0.0237       -94.0208
         5          0.024       -95.5366
         5         0.0243       -96.6767
         5         0.0246       -97.5073
         5         0.0249       -98.0807
         5         0.0252        -98.441
         5         0.0255       -98.6235
         5         0.0258       -98.6562
         5         0.0261       -98.5619
         5         0.0264       -98.3584
         5         0.0267       -98.0606
         5          0.027       -97.6825
         5         0.0273       -97.2343
         5         0.0276       -96.7266
         5         0.0279       -96.1721
         5         0.0282       -95.5789
         5         0.0285       -94.9491
         5         0.0288       -94.2877
         5         0.0291        -93.601
         5         0.0294       -92.8952
         5         0.0297       -92.1745
         5           0.03       -91.4426
         5         0.0303       -90.7025
         5         0.0306       -89.9553
         5         0.0309       -89.2035
         5         0.0312       -88.4502
         5         0.0315       -87.6981
         5         0.0318       -86.9484
         5         0.0321       -86.2018
         5         0.0324       -85.4598
         5         0.0327       -84.7234
         5          0.033       -83.9928
         5         0.0333       -83.2679
         5         0.0336       -82.5496
         5         0.0339         -81.84
         5         0.0342       -81.1401
         5         0.0345       -80.4507
         5         0.0348       -79.7723
         5         0.0351       -79.1054
         5         0.0354       -78.4508
         5         0.0357       -77.8089
         5          0.036       -77.1799
         5         0.0363       -76.5639
         5         0.0366       -75.9615
         5         0.0369       -75.3728
         5         0.0372       -74.7979
         5         0.0375       -74.2366
         5         0.0378       -73.6886
         5         0.0381       -73.1539
         5         0.0384        -72.632
         5         0.0387       -72.1231
         5          0.039       -71.6281
         5         0.0393        -71.147
         5         0.0396       -70.6797
         5         0.0399       -70.2259
         5         0.0402       -69.7851
         5         0.0405        -69.358
         5         0.0408        -68.945
         5         0.0411       -68.5464
         5         0.0414       -68.1632
         5         0.0417       -67.7954
         5          0.042       -67.4432
         5         0.0423       -67.1077
         5         0.0426       -66.7888
         5         0.0429       -66.4861
         5         0.0432       -66.1999
         5         0.0435       -65.9302
         5         0.0438       -65.6768
         5         0.0441       -65.4402
         5         0.0444       -65.2206
         5         0.0447       -65.0185
         5          0.045        -64.834
         5         0.0453       -64.6672
         5         0.0456       -64.5188
         5         0.0459       -64.3892
         5         0.0462       -64.2783
         5         0.0465       -64.1864
         5         0.0468       -64.1139
         5         0.0471       -64.0613
         5         0.0474       -64.0291
         5         0.0477       -64.0181
         6        -0.0315              0
         6        -0.0312              0
         6        -0.0309              0
         6        -0.0306              0
         6        -0.0303              0
         6          -0.03              0
         6        -0.0297       -4.30035
         6        -0.0294       -13.1117
         6        -0.0291       -21.9552
         6        -0.0288       -30.7885
         6        -0.0285       -39.5865
         6        -0.0282       -48.3281
         6        -0.0279       -56.9929
         6        -0.0276       -65.5595
         6        -0.0273       -74.0056
         6         -0.027       -82.3067
         6        -0.0267       -90.4365
         6        -0.0264       -98.3654
         6        -0.0261       -106.062
         6        -0.0258       -113.489
         6        -0.0255       -120.607
         6        -0.0252       -127.369
         6        -0.0249        -133.72
         6        -0.0246       -139.597
         6        -0.0243       -144.925
         6         -0.024       -149.615
         6        -0.0237       -153.557
         6        -0.0234       -156.621
         6        -0.0231       -158.639
         6        -0.0228       -159.403
         6        -0.0225       -158.639
         6        -0.0222       -155.987
         6        -0.0219       -150.956
         6        -0.0216       -142.852
         6        -0.0213       -130.652
         6         -0.021       -112.765
         6        -0.0207       -86.5437
         6        -0.0204       -47.1739
         6        -0.0201              0
         6        -0.0198              0
         6        -0.0195              0
         6        -0.0192       -11.7887
         6        -0.0189       -116.308
         6        -0.0186       -195.092
         6        -0.0183       -259.935
         6         -0.018       -316.314
         6        -0.0177       -367.124
         6        -0.0174       -414.055
         6        -0.0171       -458.169
         6        -0.0168       -500.178
         6        -0.0165       -540.579
         6        -0.0162       -579.733
         6        -0.0159       -617.905
         6        -0.0156       -655.299
         6        -0.0153       -692.071
         6         -0.015       -728.341
         6        -0.0147       -764.208
         6        -0.0144       -799.744
         6        -0.0141       -835.006
         6        -0.0138       -870.028
         6        -0.0135       -904.833
         6        -0.0132        -939.43
         6        -0.0129       -973.818
         6        -0.0126       -1007.98
         6        -0.0123       -1041.91
         6         -0.012       -1075.54
         6        -0.0117       -1108.84
         6        -0.0114       -1141.73
         6        -0.0111        -1174.1
         6        -0.0108       -1205.84
         6        -0.0105       -1236.81
         6        -0.0102       -1266.84
         6        -0.0099       -1295.72
         6        -0.0096       -1323.19
         6        -0.0093       -1348.91
         6         -0.009       -1372.49
         6        -0.0087       -1393.49
         6        -0.0084       -1411.31
         6        -0.0081       -1425.24
         6        -0.0078       -1434.38
         6        -0.0075       -1437.57
         6        -0.0072       -1433.43
         6        -0.0069       -1420.26
         6        -0.0066       -1395.54
         6        -0.0063       -1355.83
         6         -0.006       -1296.27
         6        -0.0057       -1210.15
         6        -0.0054       -1086.52
         6        -0.0051          -1000
         6        -0.0048          -1000
         6        -0.0045          -1000
         6        -0.0042       -1008.22
         6        -0.0039       -1062.31
         6        -0.0036       -1108.41
         6        -0.0033       -1146.57
         6         -0.003       -1177.28
         6        -0.0027       -1201.32
         6        -0.0024       -1219.57
         6        -0.0021       -1232.95
         6        -0.0018        -1242.3
         6        -0.0015       -1248.46
         6        -0.0012       -1252.18
         6        -0.0009       -1254.16
         6        -0.0006       -1255.02
         6        -0.0003       -1255.26
         6              0       -1255.24
         6         0.0003        -1255.2
         6         0.0006       -1255.19
         6         0.0009       -1255.11
         6         0.0012       -1254.68
         6         0.0015        -1253.5
         6         0.0018       -1251.03
         6         0.0021       -1246.63
         6         0.0024       -1239.56
         6         0.0027       -1229.05
         6          0.003       -1214.24
         6         0.0033       -1194.24
         6         0.0036       -1168.15
         6         0.0039       -1135.09
         6         0.0042       -1094.33
         6         0.0045       -1045.53
         6         0.0048          -1000
         6         0.0051          -1000
         6         0.0054          -1000
         6         0.0057          -1000
         6          0.006       -1136.32
         6         0.0063       -1250.35
         6         0.0066       -1330.51
         6         0.0069       -1385.89
         6         0.0072       -1423.22
         6         0.0075       -1446.58
         6         0.0078       -1458.96
         6         0.0081       -1462.77
         6         0.0084        -1459.8
         6         0.0087        -1451.3
         6          0.009        -1438.3
         6         0.0093       -1421.65
         6         0.0096       -1401.99
         6         0.0099       -1379.85
         6         0.0102       -1355.69
         6         0.0105       -1329.87
         6         0.0108       -1302.65
         6         0.0111       -1274.29
         6         0.0114       -1245.01
         6         0.0117       -1214.96
         6          0.012       -1184.28
         6         0.0123       -1153.08
         6         0.0126       -1121.43
         6         0.0129       -1089.41
         6         0.0132       -1057.04
         6         0.0135       -1024.38
         6         0.0138       -991.415
         6         0.0141       -958.153
         6         0.0144       -924.572
         6         0.0147        -890.64
         6          0.015       -856.309
         6         0.0153       -821.512
         6         0.0156       -786.163
         6         0.0159       -750.151
         6         0.0162       -713.336
         6         0.0165       -675.536
         6         0.0168       -636.517
         6         0.0171       -595.983
         6         0.0174       -553.547
         6         0.0177        -508.68
         6          0.018       -460.647
         6         0.0183       -408.387
         6         0.0186       -350.298
         6         0.0189       -283.805
         6         0.0192       -204.428
         6         0.0195       -103.503
         6         0.0198              0
         6         0.0201              0
         6         0.0204              0
         6         0.0207       -15.0354
         6          0.021       -107.322
         6         0.0213        -170.51
         6         0.0216       -216.739
         6         0.0219       -252.098
         6         0.0222       -279.969
         6         0.0225         -302.4
         6         0.0228       -320.718
         6         0.0231       -335.828
         6         0.0234       -348.375
         6         0.0237       -358.833
         6          0.024       -367.565
         6         0.0243       -374.849
         6         0.0246       -380.907
         6         0.0249       -385.916
         6         0.0252       -390.022
         6         0.0255       -393.345
         6         0.0258       -395.984
         6         0.0261       -398.025
         6         0.0264       -399.538
         6         0.0267       -400.586
         6          0.027       -401.223
         6         0.0273       -401.494
         6         0.0276        -401.44
         6         0.0279       -401.097
         6         0.0282       -400.497
         6         0.0285       -399.666
         6         0.0288        -398.63
         6         0.0291        -397.41
         6         0.0294       -396.026
         6         0.0297       -394.498
         6           0.03        -392.84
         6         0.0303       -391.067
         6         0.0306       -389.192
         6         0.0309       -387.229
         6         0.0312       -385.187
         6         0.0315       -383.077
         6         0.0318        -380.91
         6         0.0321       -378.693
         6         0.0324       -376.436
         6         0.0327       -374.145
         6          0.033       -371.828
         6         0.0333        -369.49
         6         0.0336       -367.138
         6         0.0339       -364.777
         6         0.0342       -362.413
         6         0.0345       -360.049
         6         0.0348       -357.692
         6         0.0351       -355.344
         6         0.0354        -353.01
         6         0.0357       -350.693
         6          0.036       -348.398
         6         0.0363       -346.126
         6         0.0366       -343.883
         6         0.0369       -341.669
         6         0.0372       -339.489
         6         0.0375       -337.344
         6         0.0378       -335.236
         6         0.0381        -333.17
         6         0.0384       -331.145
         6         0.0387       -329.166
         6          0.039       -327.232
         6         0.0393       -325.347
         6         0.0396       -323.513
         6         0.0399        -321.73
         6         0.0402       -320.001
         6         0.0405       -318.328
         6         0.0408        -316.71
         6         0.0411       -315.151
         6         0.0414       -313.651
         6         0.0417        -312.21
         6          0.042       -310.831
         6         0.0423       -309.514
         6         0.0426       -308.262
         6         0.0429       -307.074
         6         0.0432       -305.952
         6         0.0435       -304.897
         6         0.0438       -303.909
         6         0.0441       -302.991
         6         0.0444       -302.142
         6         0.0447       -301.363
         6          0.045       -300.656
         6         0.0453        -300.02
         6         0.0456       -299.458
         6         0.0459       -298.968
         6         0.0462       -298.553
         6         0.0465       -298.212
         6         0.0468       -297.946
         6         0.0471       -297.755
         6         0.0474       -297.641
         6         0.0477       -297.602
         7        -0.0315              0
         7        -0.0312              0
         7        -0.0309              0
         7        -0.0306              0
         7        -0.0303              0
         7          -0.03              0
         7        -0.0297       -2.02151
         7        -0.0294       -6.13069
         7        -0.0291       -10.2049
         7        -0.0288       -14.2271
         7        -0.0285       -18.1916
         7        -0.0282       -22.0954
         7        -0.0279       -25.9347
         7        -0.0276       -29.7061
         7        -0.0273       -33.4059
         7         -0.027        -37.029
         7        -0.0267       -40.5694
         7        -0.0264       -44.0187
         7        -0.0261       -47.3648
         7        -0.0258       -50.5948
         7        -0.0255        -53.695
         7        -0.0252       -56.6502
         7        -0.0249         -59.44
         7        -0.0246       -62.0384
         7        -0.0243       -64.4137
         7         -0.024       -66.5274
         7        -0.0237       -68.3337
         7        -0.0234       -69.7759
         7        -0.0231       -70.7799
         7        -0.0228       -71.2497
         7        -0.0225       -71.0604
         7        -0.0222       -70.0443
         7        -0.0219        -67.973
         7        -0.0216       -64.5221
         7        -0.0213       -59.2108
         7         -0.021       -51.2892
         7        -0.0207       -39.5089
         7        -0.0204       -21.6129
         7        -0.0201              0
         7        -0.0198              0
         7        -0.0195              0
         7        -0.0192       -5.98178
         7        -0.0189       -59.3079
         7        -0.0186       -99.9075
         7        -0.0183       -133.745
         7         -0.018        -163.59
         7        -0.0177       -190.909
         7        -0.0174       -216.562
         7        -0.0171       -241.099
         7        -0.0168       -264.898
         7        -0.0165        -288.23
         7        -0.0162       -311.298
         7        -0.0159       -334.264
         7        -0.0156       -357.259
         7        -0.0153       -380.391
         7         -0.015       -403.754
         7        -0.0147       -427.435
         7        -0.0144       -451.511
         7        -0.0141       -476.046
         7        -0.0138       -501.103
         7        -0.0135       -526.744
         7        -0.0132       -553.034
         7        -0.0129       -580.036
         7        -0.0126       -607.807
         7        -0.0123       -636.408
         7         -0.012       -665.908
         7        -0.0117       -696.366
         7        -0.0114       -727.824
         7        -0.0111        -760.31
         7        -0.0108       -793.843
         7        -0.0105       -828.457
         7        -0.0102       -864.213
         7        -0.0099       -901.161
         7        -0.0096       -939.316
         7        -0.0093       -978.662
         7         -0.009       -1019.24
         7        -0.0087       -1060.97
         7        -0.0084       -1103.81
         7        -0.0081       -1147.63
         7        -0.0078       -1192.13
         7        -0.0075       -1236.68
         7        -0.0072       -1276.26
         7        -0.0069       -1302.84
         7        -0.0066       -1309.64
         7        -0.0063       -1294.21
         7         -0.006       -1254.19
         7        -0.0057        -1184.3
         7        -0.0054       -1076.42
         7        -0.0051          -1000
         7        -0.0048          -1000
         7        -0.0045          -1000
         7        -0.0042       -1106.75
         7        -0.0039       -1775.83
         7        -0.0036       -2336.53
         7        -0.0033       -2803.32
         7         -0.003       -3198.91
         7        -0.0027       -3536.97
         7        -0.0024       -3821.89
         7        -0.0021       -4063.01
         7        -0.0018       -4256.16
         7        -0.0015       -4419.64
         7        -0.0012       -4548.53
         7        -0.0009       -4649.28
         7        -0.0006       -4728.93
         7        -0.0003       -4784.07
         7              0       -4816.69
         7         0.0003       -4826.48
         7         0.0006       -4812.99
         7         0.0009       -4776.63
         7         0.0012       -4716.84
         7         0.0015        -4628.2
         7         0.0018       -4513.41
         7         0.0021       -4371.78
         7         0.0024       -4193.01
         7         0.0027       -3981.85
         7          0.003       -3730.37
         7         0.0033       -3430.63
         7         0.0036       -3079.49
         7         0.0039       -2658.13
         7         0.0042       -2167.19
         7         0.0045       -1570.66
         7         0.0048          -1000
         7         0.0051          -1000
         7         0.0054          -1000
         7         0.0057          -1000
         7          0.006       -1118.21
         7         0.0063       -1213.26
         7         0.0066        -1272.2
         7         0.0069       -1301.57
         7         0.0072       -1306.59
         7         0.0075       -1289.16
         7         0.0078       -1253.25
         7         0.0081       -1209.89
         7         0.0084       -1165.81
         7         0.0087       -1122.25
         7          0.009       -1079.73
         7         0.0093       -1038.36
         7         0.0096       -997.997
         7         0.0099       -958.667
         7         0.0102       -920.509
         7         0.0105       -883.536
         7         0.0108       -847.757
         7         0.0111       -813.174
         7         0.0114       -779.773
         7         0.0117       -747.491
         7          0.012       -716.258
         7         0.0123       -686.037
         7         0.0126       -656.768
         7         0.0129       -628.387
         7         0.0132       -600.842
         7         0.0135       -574.085
         7         0.0138       -548.059
         7         0.0141       -522.712
         7         0.0144       -497.991
         7         0.0147       -473.828
         7          0.015       -450.152
         7         0.0153       -426.886
         7         0.0156       -403.953
         7         0.0159       -381.267
         7         0.0162       -358.731
         7         0.0165       -336.233
         7         0.0168       -313.645
         7         0.0171       -290.809
         7         0.0174       -267.533
         7         0.0177       -243.565
         7          0.018       -218.564
         7         0.0183       -192.052
         7         0.0186       -163.312
         7         0.0189       -131.204
         7         0.0192       -93.7464
         7         0.0195       -47.1033
         7         0.0198              0
         7         0.0201              0
         7         0.0204              0
         7         0.0207       -5.69974
         7          0.021        -40.473
         7         0.0213       -63.8912
         7         0.0216       -80.6687
         7         0.0219       -93.1995
         7         0.0222       -102.824
         7         0.0225       -110.358
         7         0.0228       -116.334
         7         0.0231       -121.112
         7         0.0234       -124.947
         7         0.0237       -128.028
         7          0.024       -130.494
         7         0.0243       -132.447
         7         0.0246       -133.969
         7         0.0249       -135.134
         7         0.0252       -135.999
         7         0.0255       -136.606
         7         0.0258       -136.993
         7         0.0261       -137.192
         7         0.0264       -137.227
         7         0.0267       -137.123
         7          0.027       -136.901
         7         0.0273       -136.579
         7         0.0276       -136.169
         7         0.0279       -135.686
         7         0.0282        -135.14
         7         0.0285        -134.54
         7         0.0288       -133.894
         7         0.0291       -133.209
         7         0.0294       -132.489
         7         0.0297       -131.741
         7           0.03       -130.967
         7         0.0303       -130.173
         7         0.0306       -129.363
         7         0.0309       -128.541
         7         0.0312        -127.71
         7         0.0315        -126.87
         7         0.0318       -126.025
         7         0.0321       -125.176
         7         0.0324       -124.324
         7         0.0327       -123.471
         7          0.033        -122.62
         7         0.0333       -121.774
         7         0.0336       -120.934
         7         0.0339       -120.103
         7         0.0342       -119.281
         7         0.0345       -118.468
         7         0.0348       -117.664
         7         0.0351       -116.867
         7         0.0354       -116.079
         7         0.0357       -115.298
         7          0.036       -114.529
         7         0.0363       -113.771
         7         0.0366       -113.025
         7         0.0369       -112.291
         7         0.0372       -111.571
         7         0.0375       -110.866
         7         0.0378       -110.176
         7         0.0381       -109.502
         7         0.0384       -108.844
         7         0.0387         -108.2
         7          0.039       -107.573
         7         0.0393       -106.963
         7         0.0396       -106.371
         7         0.0399       -105.797
         7         0.0402       -105.242
         7         0.0405       -104.705
         7         0.0408       -104.186
         7         0.0411       -103.688
         7         0.0414       -103.208
         7         0.0417       -102.747
         7          0.042       -102.306
         7         0.0423       -101.884
         7         0.0426       -101.483
         7         0.0429         -101.1
         7         0.0432       -100.739
         7         0.0435       -100.397
         7         0.0438       -100.077
         7         0.0441       -99.7784
         7         0.0444       -99.5014
         7         0.0447       -99.2463
         7          0.045       -99.0132
         7         0.0453       -98.8028
         7         0.0456       -98.6158
         7         0.0459       -98.4524
         7         0.0462       -98.3129
         7         0.0465        -98.198
         7         0.0468       -98.1082
         7         0.0471       -98.0438
         7         0.0474       -98.0052
         7         0.0477       -97.9924
         8        -0.0315              0
         8        -0.0312              0
         8        -0.0309              0
         8        -0.0306              0
         8        -0.0303              0
         8          -0.03              0
         8        -0.0297        -3.9666
         8        -0.0294       -12.1038
         8        -0.0291       -20.2767
         8        -0.0288       -28.4434
         8        -0.0285       -36.5796
         8        -0.0282       -44.6658
         8        -0.0279       -52.6829
         8        -0.0276       -60.6118
         8        -0.0273       -68.4321
         8         -0.027       -76.1219
         8        -0.0267       -83.6567
         8        -0.0264       -91.0098
         8        -0.0261       -98.1517
         8        -0.0258       -105.049
         8        -0.0255       -111.665
         8        -0.0252       -117.954
         8        -0.0249       -123.867
         8        -0.0246       -129.344
         8        -0.0243       -134.316
         8         -0.024       -138.699
         8        -0.0237       -142.394
         8        -0.0234       -145.276
         8        -0.0231        -147.19
         8        -0.0228        -147.94
         8        -0.0225       -147.274
         8        -0.0222       -144.854
         8        -0.0219       -140.222
         8        -0.0216       -132.732
         8        -0.0213        -121.43
         8         -0.021       -104.834
         8        -0.0207       -80.4761
         8        -0.0204       -43.8746
         8        -0.0201              0
         8        -0.0198              0
         8        -0.0195              0
         8        -0.0192       -11.0296
         8        -0.0189       -108.858
         8        -0.0186       -182.657
         8        -0.0183       -243.449
         8         -0.018       -296.357
         8        -0.0177       -344.084
         8        -0.0174        -388.21
         8        -0.0171        -429.73
         8        -0.0168       -469.309
         8        -0.0165       -507.414
         8        -0.0162        -544.38
         8        -0.0159       -580.459
         8        -0.0156       -615.841
         8        -0.0153       -650.675
         8         -0.015       -685.077
         8        -0.0147       -719.137
         8        -0.0144       -752.924
         8        -0.0141       -786.485
         8        -0.0138       -819.858
         8        -0.0135       -853.068
         8        -0.0132       -886.126
         8        -0.0129       -919.035
         8        -0.0126       -951.786
         8        -0.0123       -984.359
         8         -0.012       -1016.71
         8        -0.0117       -1048.81
         8        -0.0114       -1080.57
         8        -0.0111       -1111.92
         8        -0.0108       -1142.76
         8        -0.0105       -1172.95
         8        -0.0102       -1202.35
         8        -0.0099       -1230.77
         8        -0.0096       -1257.98
         8        -0.0093       -1283.68
         8         -0.009        -1307.5
         8        -0.0087       -1329.01
         8        -0.0084       -1347.72
         8        -0.0081       -1363.02
         8        -0.0078       -1374.04
         8        -0.0075       -1379.66
         8        -0.0072       -1378.49
         8        -0.0069       -1368.85
         8        -0.0066       -1348.52
         8        -0.0063        -1314.6
         8         -0.006        -1262.9
         8        -0.0057       -1187.22
         8        -0.0054       -1077.42
         8        -0.0051          -1000
         8        -0.0048          -1000
         8        -0.0045          -1000
         8        -0.0042       -1007.52
         8        -0.0039       -1056.99
         8        -0.0036       -1099.17
         8        -0.0033       -1134.08
         8         -0.003       -1162.18
         8        -0.0027       -1184.19
         8        -0.0024       -1200.91
         8        -0.0021       -1213.17
         8        -0.0018       -1221.76
         8        -0.0015       -1227.43
         8        -0.0012       -1230.87
         8        -0.0009       -1232.73
         8        -0.0006       -1233.56
         8        -0.0003       -1233.83
         8              0       -1233.87
         8         0.0003       -1233.89
         8         0.0006       -1233.94
         8         0.0009       -1233.92
         8         0.0012       -1233.59
         8         0.0015       -1232.57
         8         0.0018       -1230.35
         8         0.0021       -1226.36
         8         0.0024       -1219.93
         8         0.0027       -1210.32
         8          0.003       -1196.76
         8         0.0033       -1178.43
         8         0.0036        -1154.5
         8         0.0039       -1124.15
         8         0.0042       -1086.71
         8         0.0045       -1041.86
         8         0.0048          -1000
         8         0.0051          -1000
         8         0.0054          -1000
         8         0.0057          -1000
         8          0.006       -1122.82
         8         0.0063        -1225.1
         8         0.0066       -1296.29
         8         0.0069       -1344.87
         8         0.0072       -1376.61
         8         0.0075       -1395.47
         8         0.0078       -1404.46
         8         0.0081       -1405.63
         8         0.0084       -1400.58
         8         0.0087       -1390.48
         8          0.009       -1376.25
         8         0.0093       -1358.69
         8         0.0096        -1338.5
         8         0.0099       -1316.15
         8         0.0102       -1292.04
         8         0.0105       -1266.46
         8         0.0108       -1239.69
         8         0.0111       -1211.95
         8         0.0114       -1183.43
         8         0.0117       -1154.23
         8          0.012       -1124.49
         8         0.0123       -1094.31
         8         0.0126       -1063.75
         8         0.0129       -1032.88
         8         0.0132       -1001.73
         8         0.0135       -970.319
         8         0.0138       -938.666
         8         0.0141       -906.762
         8         0.0144       -874.591
         8         0.0147       -842.125
         8          0.015       -809.316
         8         0.0153       -776.102
         8         0.0156       -742.399
         8         0.0159       -708.098
         8         0.0162       -673.066
         8         0.0165       -637.137
         8         0.0168       -600.096
         8         0.0171       -561.664
         8         0.0174       -521.468
         8         0.0177       -479.013
         8          0.018       -433.609
         8         0.0183       -384.262
         8         0.0186       -329.471
         8         0.0189       -266.822
         8         0.0192       -192.114
         8         0.0195       -97.2261
         8         0.0198              0
         8         0.0201              0
         8         0.0204              0
         8         0.0207       -14.0296
         8          0.021       -100.143
         8         0.0213       -159.075
         8         0.0216       -202.157
         8         0.0219       -235.078
         8         0.0222       -260.998
         8         0.0225       -281.833
         8         0.0228       -298.823
         8         0.0231       -312.814
         8         0.0234       -324.411
         8         0.0237       -334.059
         8          0.024       -342.096
         8         0.0243       -348.783
         8         0.0246       -354.327
         8         0.0249       -358.896
         8         0.0252       -362.624
         8         0.0255       -365.623
         8         0.0258       -367.988
         8         0.0261       -369.797
         8         0.0264       -371.117
         8         0.0267       -372.005
         8          0.027       -372.509
         8         0.0273       -372.674
         8         0.0276       -372.535
         8         0.0279       -372.127
         8         0.0282       -371.478
         8         0.0285       -370.615
         8         0.0288       -369.562
         8         0.0291       -368.339
         8         0.0294       -366.965
         8         0.0297       -365.458
         8           0.03       -363.832
         8         0.0303         -362.1
         8         0.0306       -360.276
         8         0.0309       -358.371
         8         0.0312       -356.395
         8         0.0315       -354.358
         8         0.0318       -352.268
         8         0.0321       -350.133
         8         0.0324       -347.962
         8         0.0327        -345.76
         8          0.033       -343.534
         8         0.0333       -341.291
         8         0.0336       -339.035
         8         0.0339       -336.772
         8         0.0342       -334.506
         8         0.0345       -332.243
         8         0.0348       -329.985
         8         0.0351       -327.737
         8         0.0354       -325.502
         8         0.0357       -323.285
         8          0.036       -321.088
         8         0.0363       -318.915
         8         0.0366       -316.768
         8         0.0369       -314.651
         8         0.0372       -312.565
         8         0.0375       -310.513
         8         0.0378       -308.497
         8         0.0381        -306.52
         8         0.0384       -304.584
         8         0.0387        -302.69
         8          0.039       -300.841
         8         0.0393       -299.039
         8         0.0396       -297.284
         8         0.0399        -295.58
         8         0.0402       -293.927
         8         0.0405       -292.326
         8         0.0408       -290.778
         8         0.0411       -289.285
         8         0.0414       -287.847
         8         0.0417       -286.468
         8          0.042       -285.146
         8         0.0423       -283.885
         8         0.0426       -282.683
         8         0.0429       -281.544
         8         0.0432       -280.466
         8         0.0435       -279.453
         8         0.0438       -278.504
         8         0.0441       -277.622
         8         0.0444       -276.806
         8         0.0447       -276.057
         8          0.045       -275.377
         8         0.0453       -274.765
         8         0.0456       -274.223
         8         0.0459       -273.751
         8         0.0462       -273.351
         8         0.0465       -273.022
         8         0.0468       -272.765
         8         0.0471        -272.58
         8         0.0474       -272.468
         8         0.0477       -272.431
         9        -0.0315              0
         9        -0.0312              0
         9        -0.0309              0
         9        -0.0306              0
         9        -0.0303              0
         9          -0.03              0
         9        -0.0297       -2.26165
         9        -0.0294        -6.8089
         9        -0.0291       -11.2768
         9        -0.0288       -15.6619
         9        -0.0285       -19.9661
         9        -0.0282       -24.1903
         9        -0.0279       -28.3353
         9        -0.0276       -32.3998
         9        -0.0273       -36.3811
         9         -0.027       -40.2741
         9        -0.0267       -44.0723
         9        -0.0264       -47.7678
         9        -0.0261       -51.3513
         9        -0.0258        -54.811
         9        -0.0255       -58.1317
         9        -0.0252        -61.294
         9        -0.0249       -64.2739
         9        -0.0246       -67.0441
         9        -0.0243       -69.5732
         9         -0.024       -71.8204
         9        -0.0237       -73.7341
         9        -0.0234       -75.2506
         9        -0.0231       -76.2906
         9        -0.0228       -76.7538
         9        -0.0225       -76.5073
         9        -0.0222       -75.3741
         9        -0.0219         -73.11
         9        -0.0216       -69.3679
         9        -0.0213       -63.6332
         9         -0.021       -55.1027
         9        -0.0207       -42.4379
         9        -0.0204       -23.2148
         9        -0.0201              0
         9        -0.0198              0
         9        -0.0195              0
         9        -0.0192       -6.38317
         9        -0.0189       -63.2325
         9        -0.0186        -106.46
         9        -0.0183       -142.437
         9         -0.018       -174.126
         9        -0.0177       -203.092
         9        -0.0174        -230.26
         9        -0.0171        -256.22
         9        -0.0168       -281.373
         9        -0.0165       -306.007
         9        -0.0162       -330.339
         9        -0.0159        -354.54
         9        -0.0156       -378.748
         9        -0.0153       -403.075
         9         -0.015       -427.618
         9        -0.0147       -452.462
         9        -0.0144       -477.686
         9        -0.0141       -503.359
         9        -0.0138       -529.547
         9        -0.0135       -556.314
         9        -0.0132       -583.721
         9        -0.0129        -611.82
         9        -0.0126       -640.679
         9        -0.0123        -670.37
         9         -0.012       -700.954
         9        -0.0117       -732.477
         9        -0.0114       -764.988
         9        -0.0111        -798.52
         9        -0.0108       -833.117
         9        -0.0105       -868.805
         9        -0.0102       -905.636
         9        -0.0099       -943.659
         9        -0.0096       -982.908
         9        -0.0093       -1023.42
         9         -0.009        -1065.2
         9        -0.0087       -1108.22
         9        -0.0084       -1152.31
         9        -0.0081       -1197.27
         9        -0.0078       -1242.95
         9        -0.0075       -1286.98
         9        -0.0072       -1322.71
         9        -0.0069       -1343.91
         9        -0.0066        -1345.2
         9        -0.0063       -1324.48
         9         -0.006       -1278.66
         9        -0.0057       -1201.04
         9        -0.0054       -1082.73
         9        -0.0051          -1000
         9        -0.0048          -1000
         9        -0.0045          -1000
         9        -0.0042       -1110.11
         9        -0.0039       -1800.07
         9        -0.0036       -2377.44
         9        -0.0033       -2856.16
         9         -0.003       -3263.43
         9        -0.0027       -3610.64
         9        -0.0024        -3904.4
         9        -0.0021       -4153.43
         9        -0.0018       -4353.69
         9        -0.0015       -4523.61
         9        -0.0012       -4660.06
         9        -0.0009       -4765.94
         9        -0.0006       -4850.04
         9        -0.0003       -4908.94
         9              0       -4942.52
         9         0.0003       -4951.72
         9         0.0006       -4936.71
         9         0.0009        -4898.4
         9         0.0012       -4836.46
         9         0.0015       -4746.57
         9         0.0018       -4630.65
         9         0.0021       -4483.74
         9         0.0024       -4298.14
         9         0.0027       -4081.06
         9          0.003       -3823.01
         9         0.0033       -3511.73
         9         0.0036       -3145.81
         9         0.0039       -2708.43
         9         0.0042       -2200.77
         9         0.0045        -1586.8
         9         0.0048          -1000
         9         0.0051          -1000
         9         0.0054          -1000
         9         0.0057          -1000
         9          0.006       -1124.79
         9         0.0063       -1225.38
         9         0.0066       -1287.42
         9         0.0069       -1318.69
         9         0.0072       -1325.59
         9         0.0075        -1310.8
         9         0.0078       -1277.65
         9         0.0081       -1235.84
         9         0.0084       -1192.66
         9         0.0087       -1149.77
         9          0.009       -1107.56
         9         0.0093       -1066.18
         9         0.0096       -1025.67
         9         0.0099       -986.207
         9         0.0102        -947.88
         9         0.0105       -910.672
         9         0.0108       -874.519
         9         0.0111       -839.425
         9         0.0114        -805.37
         9         0.0117       -772.365
         9          0.012       -740.389
         9         0.0123       -709.387
         9         0.0126        -679.33
         9         0.0129       -650.183
         9         0.0132       -621.905
         9         0.0135       -594.444
         9         0.0138       -567.739
         9         0.0141       -541.725
         9         0.0144       -516.337
         9         0.0147         -491.5
         9          0.015       -467.145
         9         0.0153       -443.194
         9         0.0156       -419.568
         9         0.0159       -396.181
         9         0.0162       -372.935
         9         0.0165       -349.715
         9         0.0168       -326.384
         9         0.0171       -302.781
         9         0.0174       -278.697
         9         0.0177        -253.87
         9          0.018       -227.944
         9         0.0183       -200.416
         9         0.0186       -170.535
         9         0.0189       -137.106
         9         0.0192       -98.0468
         9         0.0195       -49.3187
         9         0.0198              0
         9         0.0201              0
         9         0.0204              0
         9         0.0207        -6.0229
         9          0.021       -42.7522
         9         0.0213          -67.5
         9         0.0216        -85.248
         9         0.0219       -98.5221
         9         0.0222       -108.737
         9         0.0225       -116.752
         9         0.0228       -123.122
         9         0.0231       -128.226
         9         0.0234       -132.331
         9         0.0237       -135.633
         9          0.024       -138.278
         9         0.0243       -140.384
         9         0.0246       -142.046
         9         0.0249       -143.335
         9         0.0252       -144.305
         9         0.0255       -145.006
         9         0.0258       -145.476
         9         0.0261        -145.75
         9         0.0264       -145.859
         9         0.0267       -145.825
         9          0.027       -145.667
         9         0.0273         -145.4
         9         0.0276       -145.034
         9         0.0279       -144.581
         9         0.0282       -144.052
         9         0.0285       -143.457
         9         0.0288       -142.808
         9         0.0291       -142.114
         9         0.0294       -141.385
         9         0.0297       -140.626
         9           0.03        -139.84
         9         0.0303       -139.031
         9         0.0306       -138.202
         9         0.0309       -137.352
         9         0.0312       -136.487
         9         0.0315       -135.614
         9         0.0318       -134.737
         9         0.0321       -133.856
         9         0.0324       -132.971
         9         0.0327       -132.083
         9          0.033       -131.197
         9         0.0333       -130.314
         9         0.0336       -129.436
         9         0.0339       -128.561
         9         0.0342       -127.695
         9         0.0345       -126.837
         9         0.0348        -125.99
         9         0.0351       -125.154
         9         0.0354        -124.33
         9         0.0357       -123.518
         9          0.036       -122.719
         9         0.0363        -121.93
         9         0.0366       -121.155
         9         0.0369       -120.394
         9         0.0372       -119.647
         9         0.0375       -118.914
         9         0.0378       -118.198
         9         0.0381       -117.498
         9         0.0384       -116.815
         9         0.0387       -116.148
         9          0.039       -115.497
         9         0.0393       -114.863
         9         0.0396       -114.246
         9         0.0399       -113.647
         9         0.0402       -113.067
         9         0.0405       -112.507
         9         0.0408       -111.965
         9         0.0411       -111.443
         9         0.0414       -110.941
         9         0.0417        -110.46
         9          0.042           -110
         9         0.0423       -109.561
         9         0.0426       -109.142
         9         0.0429       -108.745
         9         0.0432       -108.368
         9         0.0435       -108.013
         9         0.0438        -107.68
         9         0.0441       -107.369
         9         0.0444        -107.08
         9         0.0447       -106.813
         9          0.045       -106.569
         9         0.0453       -106.349
         9         0.0456       -106.153
         9         0.0459       -105.981
         9         0.0462       -105.835
         9         0.0465       -105.714
         9         0.0468       -105.619
         9         0.0471       -105.551
         9         0.0474       -105.509
         9         0.0477       -105.495
        10        -0.0315              0
        10        -0.0312              0
        10        -0.0309              0
        10        -0.0306              0
        10        -0.0303              0
        10          -0.03              0
        10        -0.0297       -3.88137
        10        -0.0294       -11.8412
        10        -0.0291       -19.8375
        10        -0.0288       -27.8294
        10        -0.0285       -35.7922
        10        -0.0282        -43.707
        10        -0.0279        -51.555
        10        -0.0276       -59.3174
        10        -0.0273       -66.9744
        10         -0.027       -74.5046
        10        -0.0267       -81.8847
        10        -0.0264       -89.0885
        10        -0.0261        -96.087
        10        -0.0258       -102.847
        10        -0.0255       -109.332
        10        -0.0252       -115.499
        10        -0.0249         -121.3
        10        -0.0246       -126.676
        10        -0.0243       -131.559
        10         -0.024       -135.867
        10        -0.0237       -139.501
        10        -0.0234       -142.338
        10        -0.0231       -144.228
        10        -0.0228       -144.978
        10        -0.0225       -144.338
        10        -0.0222        -141.98
        10        -0.0219       -137.454
        10        -0.0216       -130.125
        10        -0.0213       -119.058
        10         -0.021       -102.799
        10        -0.0207       -78.9241
        10        -0.0204       -43.0358
        10        -0.0201              0
        10        -0.0198              0
        10        -0.0195              0
        10        -0.0192       -10.8337
        10        -0.0189       -106.941
        10        -0.0186       -179.463
        10        -0.0183       -239.221
        10         -0.018       -291.242
        10        -0.0177       -338.184
        10        -0.0174       -381.597
        10        -0.0171       -422.457
        10        -0.0168       -461.416
        10        -0.0165       -498.933
        10        -0.0162       -535.337
        10        -0.0159       -570.874
        10        -0.0156       -605.732
        10        -0.0153       -640.055
        10         -0.015        -673.96
        10        -0.0147       -707.534
        10        -0.0144       -740.844
        10        -0.0141       -773.943
        10        -0.0138       -806.863
        10        -0.0135       -839.633
        10        -0.0132       -872.269
        10        -0.0129        -904.77
        10        -0.0126       -937.123
        10        -0.0123       -969.301
        10         -0.012       -1001.27
        10        -0.0117       -1032.99
        10        -0.0114       -1064.41
        10        -0.0111       -1095.45
        10        -0.0108       -1126.01
        10        -0.0105       -1155.97
        10        -0.0102       -1185.17
        10        -0.0099       -1213.43
        10        -0.0096       -1240.52
        10        -0.0093       -1266.14
        10         -0.009       -1289.95
        10        -0.0087       -1311.54
        10        -0.0084       -1330.45
        10        -0.0081       -1346.03
        10        -0.0078       -1357.43
        10        -0.0075       -1363.59
        10        -0.0072       -1363.26
        10        -0.0069       -1354.81
        10        -0.0066       -1335.98
        10        -0.0063       -1303.75
        10         -0.006       -1254.19
        10        -0.0057       -1181.43
        10        -0.0054       -1075.42
        10        -0.0051          -1000
        10        -0.0048          -1000
        10        -0.0045          -1000
        10        -0.0042       -1007.38
        10        -0.0039       -1055.91
        10        -0.0036       -1097.26
        10        -0.0033       -1131.48
        10         -0.003       -1159.01
        10        -0.0027       -1180.57
        10        -0.0024       -1196.95
        10        -0.0021       -1208.95
        10        -0.0018       -1217.36
        10        -0.0015       -1222.91
        10        -0.0012       -1226.29
        10        -0.0009       -1228.12
        10        -0.0006       -1228.95
        10        -0.0003       -1229.22
        10              0       -1229.28
        10         0.0003       -1229.31
        10         0.0006       -1229.36
        10         0.0009       -1229.35
        10         0.0012       -1229.02
        10         0.0015       -1228.01
        10         0.0018       -1225.82
        10         0.0021       -1221.88
        10         0.0024       -1215.54
        10         0.0027       -1206.09
        10          0.003       -1192.76
        10         0.0033       -1174.77
        10         0.0036       -1151.29
        10         0.0039       -1121.53
        10         0.0042       -1084.86
        10         0.0045       -1040.96
        10         0.0048          -1000
        10         0.0051          -1000
        10         0.0054          -1000
        10         0.0057          -1000
        10          0.006          -1119
        10         0.0063       -1217.91
        10         0.0066       -1286.58
        10         0.0069       -1333.55
        10         0.0072        -1364.1
        10         0.0075       -1382.11
        10         0.0078       -1390.45
        10         0.0081       -1391.17
        10         0.0084       -1385.66
        10         0.0087       -1375.12
        10          0.009       -1360.62
        10         0.0093       -1342.96
        10         0.0096       -1322.73
        10         0.0099        -1300.4
        10         0.0102       -1276.33
        10         0.0105       -1250.85
        10         0.0108       -1224.21
        10         0.0111       -1196.63
        10         0.0114       -1168.29
        10         0.0117       -1139.31
        10          0.012       -1109.79
        10         0.0123       -1079.84
        10         0.0126       -1049.53
        10         0.0129       -1018.93
        10         0.0132       -988.061
        10         0.0135       -956.947
        10         0.0138         -925.6
        10         0.0141       -894.021
        10         0.0144       -862.192
        10         0.0147       -830.078
        10          0.015       -797.635
        10         0.0153       -764.804
        10         0.0156       -731.505
        10         0.0159       -697.633
        10         0.0162       -663.055
        10         0.0165       -627.604
        10         0.0168       -591.065
        10         0.0171        -553.16
        10         0.0174       -513.527
        10         0.0177       -471.676
        10          0.018       -426.929
        10         0.0183       -378.307
        10         0.0186       -324.332
        10         0.0189       -262.631
        10         0.0192        -189.07
        10         0.0195       -95.6678
        10         0.0198              0
        10         0.0201              0
        10         0.0204              0
        10         0.0207       -13.7588
        10          0.021       -98.2358
        10         0.0213       -156.048
        10         0.0216       -198.302
        10         0.0219       -230.579
        10         0.0222       -255.983
        10         0.0225       -276.393
        10         0.0228       -293.029
        10         0.0231       -306.723
        10         0.0234       -318.068
        10         0.0237         -327.5
        10          0.024       -335.352
        10         0.0243       -341.881
        10         0.0246       -347.288
        10         0.0249       -351.738
        10         0.0252       -355.364
        10         0.0255       -358.276
        10         0.0258       -360.565
        10         0.0261       -362.309
        10         0.0264       -363.573
        10         0.0267       -364.414
        10          0.027       -364.879
        10         0.0273       -365.012
        10         0.0276        -364.85
        10         0.0279       -364.425
        10         0.0282       -363.765
        10         0.0285       -362.897
        10         0.0288       -361.843
        10         0.0291       -360.623
        10         0.0294       -359.255
        10         0.0297       -357.758
        10           0.03       -356.146
        10         0.0303        -354.43
        10         0.0306       -352.625
        10         0.0309       -350.741
        10         0.0312        -348.79
        10         0.0315       -346.779
        10         0.0318       -344.718
        10         0.0321       -342.614
        10         0.0324       -340.476
        10         0.0327       -338.309
        10          0.033        -336.12
        10         0.0333       -333.913
        10         0.0336       -331.695
        10         0.0339       -329.471
        10         0.0342       -327.245
        10         0.0345       -325.021
        10         0.0348       -322.804
        10         0.0351       -320.598
        10         0.0354       -318.406
        10         0.0357       -316.233
        10          0.036        -314.08
        10         0.0363       -311.953
        10         0.0366       -309.852
        10         0.0369        -307.78
        10         0.0372       -305.741
        10         0.0375       -303.736
        10         0.0378       -301.768
        10         0.0381       -299.838
        10         0.0384       -297.949
        10         0.0387       -296.103
        10          0.039       -294.301
        10         0.0393       -292.545
        10         0.0396       -290.836
        10         0.0399       -289.176
        10         0.0402       -287.566
        10         0.0405       -286.008
        10         0.0408       -284.502
        10         0.0411        -283.05
        10         0.0414       -281.654
        10         0.0417       -280.314
        10          0.042       -279.032
        10         0.0423       -277.808
        10         0.0426       -276.644
        10         0.0429        -275.54
        10         0.0432       -274.497
        10         0.0435       -273.517
        10         0.0438       -272.599
        10         0.0441       -271.746
        10         0.0444       -270.958
        10         0.0447       -270.234
        10          0.045       -269.576
        10         0.0453       -268.984
        10         0.0456        -268.46
        10         0.0459       -268.003
        10         0.0462       -267.615
        10         0.0465       -267.296
        10         0.0468       -267.047
        10         0.0471       -266.868
        10         0.0474        -266.76
        10         0.0477       -266.723
        11        -0.0315              0
        11        -0.0312              0
        11        -0.0309              0
        11        -0.0306              0
        11        -0.0303              0
        11          -0.03              0
        11        -0.0297       -2.19757
        11        -0.0294       -6.63543
        11        -0.0291       -11.0183
        11        -0.0288       -15.3367
        11        -0.0285       -19.5893
        11        -0.0282       -23.7752
        11        -0.0279       -27.8936
        11        -0.0276       -31.9413
        11        -0.0273       -35.9135
        11         -0.027       -39.8037
        11        -0.0267       -43.6048
        11        -0.0264       -47.3067
        11        -0.0261       -50.8981
        11        -0.0258       -54.3657
        11        -0.0255       -57.6937
        11        -0.0252       -60.8649
        11        -0.0249       -63.8568
        11        -0.0246       -66.6423
        11        -0.0243       -69.1884
        11         -0.024       -71.4553
        11        -0.0237       -73.3915
        11        -0.0234        -74.932
        11        -0.0231       -75.9968
        11        -0.0228       -76.4853
        11        -0.0225       -76.2642
        11        -0.0222       -75.1552
        11        -0.0219       -72.9133
        11        -0.0216       -69.1914
        11        -0.0213       -63.4753
        11         -0.021       -54.9638
        11        -0.0207       -42.3227
        11        -0.0204       -23.1405
        11        -0.0201              0
        11        -0.0198              0
        11        -0.0195              0
        11        -0.0192       -6.36498
        11        -0.0189       -63.1748
        11        -0.0186       -106.432
        11        -0.0183       -142.461
        11         -0.018       -174.209
        11        -0.0177        -203.24
        11        -0.0174       -230.473
        11        -0.0171       -256.494
        11        -0.0168         -281.7
        11        -0.0165       -306.381
        11        -0.0162       -330.752
        11        -0.0159       -354.982
        11        -0.0156       -379.212
        11        -0.0153       -403.557
        11         -0.015       -428.113
        11        -0.0147        -452.97
        11        -0.0144       -478.201
        11        -0.0141        -503.88
        11        -0.0138       -530.074
        11        -0.0135       -556.852
        11        -0.0132       -584.282
        11        -0.0129       -612.428
        11        -0.0126       -641.345
        11        -0.0123       -671.085
        11         -0.012       -701.697
        11        -0.0117       -733.231
        11        -0.0114       -765.746
        11        -0.0111       -799.286
        11        -0.0108       -833.895
        11        -0.0105       -869.611
        11        -0.0102       -906.474
        11        -0.0099       -944.505
        11        -0.0096       -983.736
        11        -0.0093       -1024.19
        11         -0.009       -1065.81
        11        -0.0087       -1108.51
        11        -0.0084       -1152.12
        11        -0.0081       -1196.54
        11        -0.0078       -1241.38
        11        -0.0075       -1283.66
        11        -0.0072        -1317.2
        11        -0.0069       -1336.17
        11        -0.0066       -1335.67
        11        -0.0063       -1315.16
        11         -0.006       -1270.95
        11        -0.0057       -1195.99
        11        -0.0054       -1080.88
        11        -0.0051          -1000
        11        -0.0048          -1000
        11        -0.0045          -1000
        11        -0.0042       -1109.81
        11        -0.0039       -1797.91
        11        -0.0036       -2376.37
        11        -0.0033       -2859.25
        11         -0.003       -3270.14
        11        -0.0027       -3616.59
        11        -0.0024       -3908.19
        11        -0.0021       -4155.04
        11        -0.0018       -4353.57
        11        -0.0015       -4523.62
        11        -0.0012       -4659.75
        11        -0.0009       -4764.62
        11        -0.0006       -4846.56
        11        -0.0003       -4903.33
        11              0       -4936.44
        11         0.0003       -4947.27
        11         0.0006       -4934.77
        11         0.0009        -4899.9
        11         0.0012       -4841.94
        11         0.0015       -4755.18
        11         0.0018       -4641.39
        11         0.0021       -4498.15
        11         0.0024       -4314.46
        11         0.0027       -4096.74
        11          0.003       -3835.99
        11         0.0033       -3522.77
        11         0.0036       -3157.95
        11         0.0039       -2720.29
        11         0.0042       -2210.64
        11         0.0045       -1592.46
        11         0.0048          -1000
        11         0.0051          -1000
        11         0.0054          -1000
        11         0.0057          -1000
        11          0.006       -1127.03
        11         0.0063       -1229.27
        11         0.0066       -1293.65
        11         0.0069        -1327.2
        11         0.0072       -1335.93
        11         0.0075       -1323.79
        11         0.0078       -1292.74
        11         0.0081       -1251.21
        11         0.0084        -1207.3
        11         0.0087       -1163.63
        11          0.009       -1120.61
        11         0.0093       -1078.47
        11         0.0096       -1037.44
        11         0.0099       -997.568
        11         0.0102       -958.853
        11         0.0105        -921.31
        11         0.0108       -884.952
        11         0.0111       -849.725
        11         0.0114        -815.54
        11         0.0117       -782.349
        11          0.012       -750.159
        11         0.0123       -718.949
        11         0.0126       -688.691
        11         0.0129       -659.323
        11         0.0132       -630.794
        11         0.0135        -603.07
        11         0.0138       -576.099
        11         0.0141       -549.824
        11         0.0144       -524.175
        11         0.0147        -499.08
        11          0.015       -474.466
        11         0.0153       -450.255
        11         0.0156       -426.367
        11         0.0159       -402.708
        11         0.0162       -379.176
        11         0.0165       -355.652
        11         0.0168       -331.995
        11         0.0171       -308.039
        11         0.0174       -283.582
        11         0.0177       -258.359
        11          0.018       -232.007
        11         0.0183       -204.015
        11         0.0186       -173.617
        11         0.0189       -139.593
        11         0.0192       -99.8227
        11         0.0195       -50.2006
        11         0.0198              0
        11         0.0201              0
        11         0.0204              0
        11         0.0207       -6.18693
        11          0.021       -43.9307
        11         0.0213       -69.3853
        11         0.0216       -87.6649
        11         0.0219        -101.36
        11         0.0222       -111.919
        11         0.0225       -120.224
        11         0.0228       -126.847
        11         0.0231       -132.175
        11         0.0234       -136.476
        11         0.0237       -139.945
        11          0.024       -142.741
        11         0.0243       -144.976
        11         0.0246       -146.744
        11         0.0249       -148.122
        11         0.0252       -149.173
        11         0.0255       -149.946
        11         0.0258       -150.482
        11         0.0261       -150.815
        11         0.0264       -150.975
        11         0.0267       -150.985
        11          0.027       -150.865
        11         0.0273       -150.629
        11         0.0276       -150.288
        11         0.0279       -149.853
        11         0.0282       -149.336
        11         0.0285        -148.75
        11         0.0288       -148.104
        11         0.0291       -147.408
        11         0.0294       -146.672
        11         0.0297       -145.902
        11           0.03       -145.102
        11         0.0303       -144.273
        11         0.0306       -143.421
        11         0.0309       -142.552
        11         0.0312       -141.669
        11         0.0315       -140.774
        11         0.0318       -139.867
        11         0.0321       -138.953
        11         0.0324       -138.034
        11         0.0327       -137.115
        11          0.033       -136.198
        11         0.0333       -135.283
        11         0.0336       -134.373
        11         0.0339       -133.471
        11         0.0342       -132.576
        11         0.0345        -131.69
        11         0.0348       -130.813
        11         0.0351       -129.946
        11         0.0354       -129.091
        11         0.0357       -128.249
        11          0.036       -127.421
        11         0.0363       -126.607
        11         0.0366       -125.806
        11         0.0369       -125.019
        11         0.0372       -124.247
        11         0.0375        -123.49
        11         0.0378       -122.748
        11         0.0381       -122.021
        11         0.0384        -121.31
        11         0.0387       -120.614
        11          0.039       -119.934
        11         0.0393       -119.273
        11         0.0396       -118.632
        11         0.0399        -118.01
        11         0.0402       -117.406
        11         0.0405       -116.823
        11         0.0408       -116.261
        11         0.0411       -115.719
        11         0.0414       -115.198
        11         0.0417       -114.698
        11          0.042       -114.219
        11         0.0423       -113.761
        11         0.0426       -113.325
        11         0.0429        -112.91
        11         0.0432       -112.519
        11         0.0435       -112.149
        11         0.0438       -111.801
        11         0.0441       -111.475
        11         0.0444       -111.174
        11         0.0447       -110.897
        11          0.045       -110.645
        11         0.0453       -110.415
        11         0.0456        -110.21
        11         0.0459        -110.03
        11         0.0462       -109.877
        11         0.0465       -109.751
        11         0.0468       -109.653
        11         0.0471       -109.582
        11         0.0474        -109.54
        11         0.0477       -109.526
        12        -0.0315              0
        12        -0.0312              0
        12        -0.0309              0
        12        -0.0306              0
        12        -0.0303              0
        12          -0.03              0
        12        -0.0297       -3.91104
        12        -0.0294       -11.9154
        12        -0.0291       -19.9493
        12        -0.0288       -27.9753
        12        -0.0285       -35.9705
        12        -0.0282       -43.9161
        12        -0.0279       -51.7943
        12        -0.0276       -59.5863
        12        -0.0273       -67.2725
        12         -0.027       -74.8313
        12        -0.0267       -82.2385
        12        -0.0264       -89.4676
        12        -0.0261       -96.4893
        12        -0.0258       -103.271
        12        -0.0255       -109.777
        12        -0.0252       -115.963
        12        -0.0249        -121.78
        12        -0.0246        -127.17
        12        -0.0243       -132.065
        12         -0.024       -136.382
        12        -0.0237       -140.022
        12        -0.0234       -142.862
        12        -0.0231       -144.751
        12        -0.0228       -145.496
        12        -0.0225       -144.848
        12        -0.0222       -142.475
        12        -0.0219       -137.927
        12        -0.0216       -130.567
        12        -0.0213       -119.457
        12         -0.021       -103.138
        12        -0.0207       -79.1816
        12        -0.0204       -43.1749
        12        -0.0201              0
        12        -0.0198              0
        12        -0.0195              0
        12        -0.0192        -10.845
        12        -0.0189        -107.08
        12        -0.0186       -179.715
        12        -0.0183       -239.574
        12         -0.018       -291.687
        12        -0.0177       -338.712
        12        -0.0174         -382.2
        12        -0.0171       -423.131
        12        -0.0168       -462.157
        12        -0.0165       -499.736
        12        -0.0162         -536.2
        12        -0.0159       -571.795
        12        -0.0156       -606.709
        12        -0.0153       -641.089
        12         -0.015        -675.05
        12        -0.0147        -708.68
        12        -0.0144       -742.046
        12        -0.0141       -775.201
        12        -0.0138       -808.181
        12        -0.0135       -841.017
        12        -0.0132       -873.721
        12        -0.0129       -906.295
        12        -0.0126       -938.733
        12        -0.0123       -971.014
        12         -0.012        -1003.1
        12        -0.0117       -1034.94
        12        -0.0114       -1066.47
        12        -0.0111       -1097.61
        12        -0.0108       -1128.26
        12        -0.0105       -1158.31
        12        -0.0102       -1187.59
        12        -0.0099       -1215.93
        12        -0.0096       -1243.09
        12        -0.0093       -1268.82
        12         -0.009       -1292.77
        12        -0.0087       -1314.52
        12        -0.0084       -1333.51
        12        -0.0081       -1349.11
        12        -0.0078       -1360.57
        12        -0.0075       -1366.86
        12        -0.0072       -1366.55
        12        -0.0069       -1358.03
        12        -0.0066       -1339.05
        12        -0.0063       -1306.54
        12         -0.006       -1256.57
        12        -0.0057       -1182.96
        12        -0.0054       -1075.85
        12        -0.0051          -1000
        12        -0.0048          -1000
        12        -0.0045          -1000
        12        -0.0042       -1007.34
        12        -0.0039       -1055.58
        12        -0.0036       -1096.69
        12        -0.0033       -1130.71
        12         -0.003       -1158.09
        12        -0.0027       -1179.53
        12        -0.0024       -1195.84
        12        -0.0021        -1207.8
        12        -0.0018       -1216.18
        12        -0.0015       -1221.73
        12        -0.0012       -1225.12
        12        -0.0009       -1226.97
        12        -0.0006       -1227.82
        12        -0.0003       -1228.13
        12              0       -1228.21
        12         0.0003       -1228.28
        12         0.0006       -1228.36
        12         0.0009       -1228.38
        12         0.0012       -1228.09
        12         0.0015       -1227.11
        12         0.0018       -1224.97
        12         0.0021       -1221.08
        12         0.0024       -1214.79
        12         0.0027        -1205.4
        12          0.003       -1192.15
        12         0.0033       -1174.24
        12         0.0036       -1150.85
        12         0.0039        -1121.2
        12         0.0042       -1084.64
        12         0.0045       -1040.86
        12         0.0048          -1000
        12         0.0051          -1000
        12         0.0054          -1000
        12         0.0057          -1000
        12          0.006       -1118.31
        12         0.0063       -1216.31
        12         0.0066       -1284.78
        12         0.0069       -1331.57
        12         0.0072       -1361.93
        12         0.0075       -1379.77
        12         0.0078       -1387.97
        12         0.0081       -1388.56
        12         0.0084       -1382.98
        12         0.0087       -1372.54
        12          0.009       -1358.17
        12         0.0093       -1340.54
        12         0.0096       -1320.27
        12         0.0099       -1297.87
        12         0.0102       -1273.76
        12         0.0105       -1248.25
        12         0.0108       -1221.57
        12         0.0111       -1193.93
        12         0.0114       -1165.52
        12         0.0117       -1136.49
        12          0.012       -1106.93
        12         0.0123       -1076.96
        12         0.0126       -1046.64
        12         0.0129       -1016.03
        12         0.0132       -985.159
        12         0.0135       -954.061
        12         0.0138       -922.742
        12         0.0141       -891.195
        12         0.0144       -859.402
        12         0.0147       -827.333
        12          0.015       -794.941
        12         0.0153       -762.167
        12         0.0156       -728.929
        12         0.0159       -695.124
        12         0.0162        -660.62
        12         0.0165       -625.248
        12         0.0168       -588.796
        12         0.0171       -550.989
        12         0.0174       -511.466
        12         0.0177       -469.739
        12          0.018       -425.135
        12         0.0183       -376.683
        12         0.0186       -322.909
        12         0.0189       -261.454
        12         0.0192       -188.205
        12         0.0195        -95.222
        12         0.0198              0
        12         0.0201              0
        12         0.0204              0
        12         0.0207       -13.6871
        12          0.021        -97.714
        12         0.0213       -155.214
        12         0.0216       -197.239
        12         0.0219       -229.339
        12         0.0222       -254.603
        12         0.0225         -274.9
        12         0.0228       -291.442
        12         0.0231       -305.057
        12         0.0234       -316.335
        12         0.0237       -325.711
        12          0.024       -333.513
        12         0.0243       -339.998
        12         0.0246       -345.368
        12         0.0249       -349.785
        12         0.0252        -353.38
        12         0.0255       -356.264
        12         0.0258       -358.528
        12         0.0261       -360.248
        12         0.0264        -361.49
        12         0.0267        -362.31
        12          0.027       -362.758
        12         0.0273       -362.876
        12         0.0276       -362.701
        12         0.0279       -362.265
        12         0.0282       -361.595
        12         0.0285       -360.718
        12         0.0288       -359.655
        12         0.0291       -358.428
        12         0.0294       -357.054
        12         0.0297       -355.549
        12           0.03       -353.928
        12         0.0303       -352.205
        12         0.0306       -350.391
        12         0.0309       -348.498
        12         0.0312       -346.536
        12         0.0315       -344.514
        12         0.0318       -342.442
        12         0.0321       -340.326
        12         0.0324       -338.176
        12         0.0327       -335.998
        12          0.033       -333.797
        12         0.0333       -331.581
        12         0.0336       -329.353
        12         0.0339       -327.119
        12         0.0342       -324.884
        12         0.0345       -322.652
        12         0.0348       -320.427
        12         0.0351       -318.212
        12         0.0354       -316.012
        12         0.0357        -313.83
        12          0.036        -311.67
        12         0.0363       -309.533
        12         0.0366       -307.422
        12         0.0369       -305.341
        12         0.0372       -303.291
        12         0.0375       -301.275
        12         0.0378       -299.295
        12         0.0381       -297.353
        12         0.0384       -295.451
        12         0.0387        -293.59
        12          0.039       -291.774
        12         0.0393       -290.004
        12         0.0396       -288.281
        12         0.0399       -286.608
        12         0.0402       -284.984
        12         0.0405       -283.413
        12         0.0408       -281.895
        12         0.0411       -280.431
        12         0.0414       -279.023
        12         0.0417       -277.672
        12          0.042       -276.379
        12         0.0423       -275.146
        12         0.0426       -273.972
        12         0.0429        -272.86
        12         0.0432        -271.81
        12         0.0435       -270.822
        12         0.0438       -269.898
        12         0.0441       -269.039
        12         0.0444       -268.245
        12         0.0447       -267.516
        12          0.045       -266.855
        12         0.0453       -266.261
        12         0.0456       -265.734
        12         0.0459       -265.276
        12         0.0462       -264.888
        12         0.0465       -264.569
        12         0.0468        -264.32
        12         0.0471       -264.142
        12         0.0474       -264.034
        12         0.0477       -263.999
        13        -0.0315              0
        13        -0.0312              0
        13        -0.0309              0
        13        -0.0306              0
        13        -0.0303              0
        13          -0.03              0
        13        -0.0297       -2.23676
        13        -0.0294       -6.73356
        13        -0.0291       -11.1549
        13        -0.0288       -15.4985
        13        -0.0285       -19.7667
        13        -0.0282       -23.9617
        13        -0.0279       -28.0838
        13        -0.0276       -32.1323
        13        -0.0273       -36.1029
        13         -0.027       -39.9896
        13        -0.0267       -43.7868
        13        -0.0264       -47.4863
        13        -0.0261       -51.0777
        13        -0.0258       -54.5473
        13        -0.0255       -57.8787
        13        -0.0252       -61.0523
        13        -0.0249       -64.0437
        13        -0.0246       -66.8244
        13        -0.0243       -69.3592
        13         -0.024       -71.6103
        13        -0.0237       -73.5295
        13        -0.0234       -75.0535
        13        -0.0231       -76.1039
        13        -0.0228       -76.5797
        13        -0.0225       -76.3477
        13        -0.0222       -75.2302
        13        -0.0219       -72.9818
        13        -0.0216       -69.2549
        13        -0.0213        -63.535
        13         -0.021        -55.019
        13        -0.0207       -42.3707
        13        -0.0204       -23.1725
        13        -0.0201              0
        13        -0.0198              0
        13        -0.0195              0
        13        -0.0192       -6.37992
        13        -0.0189       -63.2819
        13        -0.0186       -106.592
        13        -0.0183       -142.662
        13         -0.018       -174.447
        13        -0.0177       -203.513
        13        -0.0174        -230.78
        13        -0.0171       -256.838
        13        -0.0168       -282.087
        13        -0.0165       -306.817
        13        -0.0162       -331.245
        13        -0.0159       -355.541
        13        -0.0156       -379.843
        13        -0.0153       -404.265
        13         -0.015       -428.908
        13        -0.0147       -453.861
        13        -0.0144       -479.203
        13        -0.0141       -505.002
        13        -0.0138       -531.319
        13        -0.0135       -558.219
        13        -0.0132       -585.768
        13        -0.0129       -614.032
        13        -0.0126       -643.074
        13        -0.0123       -672.955
        13         -0.012       -703.728
        13        -0.0117       -735.433
        13        -0.0114       -768.127
        13        -0.0111       -801.856
        13        -0.0108       -836.657
        13        -0.0105       -872.555
        13        -0.0102       -909.554
        13        -0.0099       -947.711
        13        -0.0096       -987.045
        13        -0.0093       -1027.53
        13         -0.009       -1069.16
        13        -0.0087       -1111.95
        13        -0.0084       -1155.79
        13        -0.0081       -1200.56
        13        -0.0078       -1245.91
        13        -0.0075       -1289.43
        13        -0.0072       -1324.83
        13        -0.0069        -1344.6
        13        -0.0066       -1344.29
        13        -0.0063       -1322.99
        13         -0.006       -1277.31
        13        -0.0057       -1200.41
        13        -0.0054       -1082.66
        13        -0.0051          -1000
        13        -0.0048          -1000
        13        -0.0045          -1000
        13        -0.0042       -1110.69
        13        -0.0039       -1806.07
        13        -0.0036       -2390.86
        13        -0.0033       -2876.79
        13         -0.003       -3289.05
        13        -0.0027       -3640.33
        13        -0.0024       -3936.02
        13        -0.0021       -4188.06
        13        -0.0018       -4391.69
        13        -0.0015       -4563.35
        13        -0.0012       -4698.56
        13        -0.0009       -4802.43
        13        -0.0006       -4885.32
        13        -0.0003       -4943.29
        13              0       -4975.86
        13         0.0003        -4984.4
        13         0.0006       -4968.68
        13         0.0009       -4930.61
        13         0.0012       -4869.93
        13         0.0015        -4781.3
        13         0.0018       -4665.79
        13         0.0021        -4522.3
        13         0.0024       -4338.11
        13         0.0027       -4118.18
        13          0.003       -3854.09
        13         0.0033       -3538.33
        13         0.0036       -3169.15
        13         0.0039        -2726.1
        13         0.0042       -2213.16
        13         0.0045       -1593.22
        13         0.0048          -1000
        13         0.0051          -1000
        13         0.0054          -1000
        13         0.0057          -1000
        13          0.006       -1128.97
        13         0.0063       -1232.88
        13         0.0066       -1298.36
        13         0.0069       -1332.09
        13         0.0072       -1340.66
        13         0.0075       -1326.93
        13         0.0078       -1293.81
        13         0.0081       -1251.32
        13         0.0084       -1207.41
        13         0.0087       -1163.76
        13          0.009       -1120.77
        13         0.0093       -1078.74
        13         0.0096       -1037.79
        13         0.0099       -997.843
        13         0.0102       -958.981
        13         0.0105       -921.265
        13         0.0108       -884.701
        13         0.0111       -849.248
        13         0.0114       -814.887
        13         0.0117       -781.591
        13          0.012       -749.338
        13         0.0123       -718.097
        13         0.0126       -687.831
        13         0.0129       -658.486
        13         0.0132       -630.002
        13         0.0135       -602.324
        13         0.0138       -575.393
        13         0.0141       -549.146
        13         0.0144       -523.521
        13         0.0147       -498.445
        13          0.015       -473.843
        13         0.0153       -449.642
        13         0.0156       -425.759
        13         0.0159       -402.102
        13         0.0162       -378.568
        13         0.0165       -355.044
        13         0.0168       -331.398
        13         0.0171       -307.464
        13         0.0174       -283.036
        13         0.0177       -257.842
        13          0.018       -231.523
        13         0.0183       -203.568
        13         0.0186       -173.215
        13         0.0189       -139.247
        13         0.0192       -99.5537
        13         0.0195        -50.049
        13         0.0198              0
        13         0.0201              0
        13         0.0204              0
        13         0.0207       -6.16061
        13          0.021       -43.7528
        13         0.0213       -69.1089
        13         0.0216       -87.3178
        13         0.0219       -100.957
        13         0.0222        -111.47
        13         0.0225        -119.73
        13         0.0228       -126.304
        13         0.0231       -131.577
        13         0.0234       -135.827
        13         0.0237        -139.26
        13          0.024       -142.026
        13         0.0243       -144.241
        13         0.0246       -145.989
        13         0.0249       -147.341
        13         0.0252       -148.358
        13         0.0255       -149.097
        13         0.0258       -149.605
        13         0.0261       -149.913
        13         0.0264       -150.049
        13         0.0267       -150.037
        13          0.027       -149.897
        13         0.0273       -149.644
        13         0.0276       -149.291
        13         0.0279       -148.849
        13         0.0282       -148.331
        13         0.0285       -147.746
        13         0.0288       -147.102
        13         0.0291        -146.41
        13         0.0294       -145.675
        13         0.0297       -144.904
        13           0.03       -144.101
        13         0.0303       -143.269
        13         0.0306       -142.411
        13         0.0309       -141.534
        13         0.0312       -140.645
        13         0.0315       -139.748
        13         0.0318       -138.844
        13         0.0321       -137.936
        13         0.0324       -137.026
        13         0.0327       -136.115
        13          0.033       -135.207
        13         0.0333       -134.301
        13         0.0336         -133.4
        13         0.0339       -132.506
        13         0.0342       -131.617
        13         0.0345       -130.736
        13         0.0348       -129.864
        13         0.0351       -129.003
        13         0.0354       -128.152
        13         0.0357       -127.311
        13          0.036       -126.483
        13         0.0363       -125.667
        13         0.0366       -124.866
        13         0.0369        -124.08
        13         0.0372        -123.31
        13         0.0375       -122.555
        13         0.0378       -121.817
        13         0.0381       -121.095
        13         0.0384       -120.391
        13         0.0387       -119.704
        13          0.039       -119.036
        13         0.0393       -118.385
        13         0.0396       -117.752
        13         0.0399       -117.134
        13         0.0402       -116.533
        13         0.0405       -115.952
        13         0.0408        -115.39
        13         0.0411       -114.849
        13         0.0414       -114.328
        13         0.0417       -113.828
        13          0.042        -113.35
        13         0.0423       -112.893
        13         0.0426       -112.458
        13         0.0429       -112.046
        13         0.0432       -111.657
        13         0.0435       -111.291
        13         0.0438       -110.949
        13         0.0441       -110.629
        13         0.0444       -110.334
        13         0.0447       -110.063
        13          0.045       -109.818
        13         0.0453       -109.597
        13         0.0456       -109.401
        13         0.0459       -109.231
        13         0.0462       -109.086
        13         0.0465       -108.968
        13         0.0468       -108.875
        13         0.0471       -108.808
        13         0.0474       -108.768
        13         0.0477       -108.754
        14        -0.0315              0
        14        -0.0312              0
        14        -0.0309              0
        14        -0.0306              0
        14        -0.0303              0
        14          -0.03              0
        14        -0.0297       -3.86858
        14        -0.0294        -11.796
        14        -0.0291       -19.7547
        14        -0.0288       -27.7058
        14        -0.0285       -35.6264
        14        -0.0282       -43.4976
        14        -0.0279       -51.3014
        14        -0.0276       -59.0195
        14        -0.0273        -66.632
        14         -0.027       -74.1179
        14        -0.0267       -81.4536
        14        -0.0264        -88.614
        14        -0.0261       -95.5702
        14        -0.0258        -102.29
        14        -0.0255       -108.737
        14        -0.0252       -114.868
        14        -0.0249       -120.636
        14        -0.0246       -125.981
        14        -0.0243       -130.836
        14         -0.024       -135.121
        14        -0.0237       -138.735
        14        -0.0234       -141.558
        14        -0.0231       -143.439
        14        -0.0228       -144.185
        14        -0.0225       -143.552
        14        -0.0222       -141.209
        14        -0.0219       -136.711
        14        -0.0216       -129.425
        14        -0.0213       -118.421
        14         -0.021       -102.252
        14        -0.0207       -78.5077
        14        -0.0204       -42.8106
        14        -0.0201              0
        14        -0.0198              0
        14        -0.0195              0
        14        -0.0192       -10.7673
        14        -0.0189       -106.329
        14        -0.0186       -178.466
        14        -0.0183       -237.921
        14         -0.018       -289.691
        14        -0.0177       -336.413
        14        -0.0174       -379.631
        14        -0.0171       -420.315
        14        -0.0168       -459.113
        14        -0.0165       -496.478
        14        -0.0162       -532.738
        14        -0.0159       -568.139
        14        -0.0156        -602.87
        14        -0.0153       -637.074
        14         -0.015       -670.862
        14        -0.0147       -704.323
        14        -0.0144       -737.524
        14        -0.0141       -770.517
        14        -0.0138        -803.34
        14        -0.0135       -836.019
        14        -0.0132       -868.566
        14        -0.0129       -900.986
        14        -0.0126       -933.273
        14        -0.0123       -965.411
        14         -0.012       -997.367
        14        -0.0117       -1029.09
        14        -0.0114       -1060.53
        14        -0.0111       -1091.59
        14        -0.0108       -1122.17
        14        -0.0105       -1152.15
        14        -0.0102       -1181.38
        14        -0.0099       -1209.66
        14        -0.0096       -1236.76
        14        -0.0093       -1262.42
        14         -0.009       -1286.31
        14        -0.0087       -1308.02
        14        -0.0084       -1327.02
        14        -0.0081       -1342.68
        14        -0.0078       -1354.23
        14        -0.0075       -1360.69
        14        -0.0072       -1360.76
        14        -0.0069       -1352.69
        14        -0.0066       -1334.24
        14        -0.0063       -1302.47
        14         -0.006       -1253.44
        14        -0.0057       -1180.72
        14        -0.0054       -1074.88
        14        -0.0051          -1000
        14        -0.0048          -1000
        14        -0.0045          -1000
        14        -0.0042       -1007.32
        14        -0.0039       -1055.45
        14        -0.0036       -1096.47
        14        -0.0033       -1130.43
        14         -0.003       -1157.75
        14        -0.0027       -1179.16
        14        -0.0024       -1195.43
        14        -0.0021       -1207.37
        14        -0.0018       -1215.74
        14        -0.0015       -1221.27
        14        -0.0012       -1224.65
        14        -0.0009       -1226.49
        14        -0.0006       -1227.34
        14        -0.0003       -1227.64
        14              0       -1227.73
        14         0.0003       -1227.79
        14         0.0006       -1227.87
        14         0.0009       -1227.89
        14         0.0012       -1227.61
        14         0.0015       -1226.64
        14         0.0018       -1224.51
        14         0.0021       -1220.64
        14         0.0024       -1214.38
        14         0.0027       -1205.02
        14          0.003       -1191.81
        14         0.0033       -1173.95
        14         0.0036       -1150.61
        14         0.0039       -1121.02
        14         0.0042       -1084.52
        14         0.0045        -1040.8
        14         0.0048          -1000
        14         0.0051          -1000
        14         0.0054          -1000
        14         0.0057          -1000
        14          0.006       -1118.19
        14         0.0063       -1216.43
        14         0.0066       -1285.26
        14         0.0069        -1332.4
        14         0.0072       -1362.81
        14         0.0075       -1380.61
        14         0.0078       -1388.63
        14         0.0081       -1388.98
        14         0.0084       -1383.34
        14         0.0087       -1372.89
        14          0.009       -1358.47
        14         0.0093       -1340.76
        14         0.0096       -1320.42
        14         0.0099       -1297.96
        14         0.0102       -1273.82
        14         0.0105        -1248.3
        14         0.0108       -1221.65
        14         0.0111       -1194.07
        14         0.0114       -1165.71
        14         0.0117       -1136.73
        14          0.012       -1107.24
        14         0.0123       -1077.33
        14         0.0126       -1047.08
        14         0.0129       -1016.53
        14         0.0132       -985.728
        14         0.0135       -954.685
        14         0.0138       -923.407
        14         0.0141       -891.886
        14         0.0144       -860.105