# iteration    r (m)    potential (V)
         1         -0.048              0
         1        -0.0477              0
         1        -0.0474              0
         1        -0.0471              0
         1        -0.0468              0
         1        -0.0465              0
         1        -0.0462              0
         1        -0.0459              0
         1        -0.0456              0
         1        -0.0453              0
         1         -0.045              0
         1        -0.0447              0
         1        -0.0444              0
         1        -0.0441              0
         1        -0.0438              0
         1        -0.0435              0
         1        -0.0432              0
         1        -0.0429              0
         1        -0.0426              0
         1        -0.0423              0
         1         -0.042              0
         1        -0.0417              0
         1        -0.0414              0
         1        -0.0411              0
         1        -0.0408              0
         1        -0.0405              0
         1        -0.0402              0
         1        -0.0399              0
         1        -0.0396              0
         1        -0.0393              0
         1         -0.039              0
         1        -0.0387              0
         1        -0.0384              0
         1        -0.0381              0
         1        -0.0378              0
         1        -0.0375              0
         1        -0.0372              0
         1        -0.0369              0
         1        -0.0366              0
         1        -0.0363              0
         1         -0.036              0
         1        -0.0357              0
         1        -0.0354              0
         1        -0.0351              0
         1        -0.0348              0
         1        -0.0345              0
         1        -0.0342              0
         1        -0.0339              0
         1        -0.0336              0
         1        -0.0333              0
         1         -0.033              0
         1        -0.0327              0
         1        -0.0324              0
         1        -0.0321              0
         1        -0.0318              0
         1        -0.0315              0
         1        -0.0312              0
         1        -0.0309              0
         1        -0.0306              0
         1        -0.0303              0
         1          -0.03       -1.98891
         1        -0.0297       -8.44695
         1        -0.0294       -14.9694
         1        -0.0291        -21.563
         1        -0.0288       -28.2359
         1        -0.0285        -34.997
         1        -0.0282       -41.8564
         1        -0.0279       -48.8243
         1        -0.0276       -55.9118
         1        -0.0273       -63.1304
         1         -0.027       -70.4925
         1        -0.0267       -78.0111
         1        -0.0264       -85.7001
         1        -0.0261       -93.5741
         1        -0.0258       -101.649
         1        -0.0255       -109.941
         1        -0.0252       -118.467
         1        -0.0249       -127.247
         1        -0.0246       -136.299
         1        -0.0243       -145.645
         1         -0.024       -155.306
         1        -0.0237       -165.305
         1        -0.0234       -175.667
         1        -0.0231       -186.417
         1        -0.0228       -197.583
         1        -0.0225       -209.194
         1        -0.0222        -221.28
         1        -0.0219       -233.876
         1        -0.0216       -247.014
         1        -0.0213       -260.731
         1         -0.021       -275.065
         1        -0.0207       -290.055
         1        -0.0204       -305.744
         1        -0.0201       -322.174
         1        -0.0198       -339.389
         1        -0.0195       -357.438
         1        -0.0192       -376.368
         1        -0.0189        -396.23
         1        -0.0186       -417.077
         1        -0.0183       -438.964
         1         -0.018       -461.946
         1        -0.0177       -486.082
         1        -0.0174       -511.435
         1        -0.0171       -538.066
         1        -0.0168       -566.044
         1        -0.0165       -595.436
         1        -0.0162       -626.316
         1        -0.0159       -658.761
         1        -0.0156       -692.851
         1        -0.0153       -728.673
         1         -0.015       -766.319
         1        -0.0147       -805.889
         1        -0.0144        -847.49
         1        -0.0141       -891.239
         1        -0.0138       -937.262
         1        -0.0135       -985.698
         1        -0.0132        -1036.7
         1        -0.0129       -1090.43
         1        -0.0126       -1147.09
         1        -0.0123       -1206.87
         1         -0.012       -1270.01
         1        -0.0117       -1336.76
         1        -0.0114       -1407.42
         1        -0.0111       -1482.31
         1        -0.0108        -1561.8
         1        -0.0105       -1646.32
         1        -0.0102       -1736.35
         1        -0.0099       -1832.45
         1        -0.0096       -1935.26
         1        -0.0093       -2045.54
         1         -0.009       -2164.17
         1        -0.0087       -2292.21
         1        -0.0084       -2430.93
         1        -0.0081       -2581.85
         1        -0.0078       -2746.86
         1        -0.0075       -2928.33
         1        -0.0072       -3129.28
         1        -0.0069       -3353.61
         1        -0.0066       -3606.57
         1        -0.0063       -3895.23
         1         -0.006       -4228.86
         1        -0.0057       -4616.24
         1        -0.0054          -5000
         1        -0.0051          -5000
         1        -0.0048          -5000
         1        -0.0045       -4991.61
         1        -0.0042       -4923.63
         1        -0.0039       -4861.09
         1        -0.0036       -4808.49
         1        -0.0033       -4765.95
         1         -0.003       -4732.55
         1        -0.0027        -4707.1
         1        -0.0024       -4688.39
         1        -0.0021       -4675.25
         1        -0.0018       -4666.55
         1        -0.0015       -4661.26
         1        -0.0012        -4658.4
         1        -0.0009       -4657.14
         1        -0.0006       -4656.78
         1        -0.0003       -4656.79
         1              0       -4656.82
         1         0.0003       -4656.78
         1         0.0006       -4656.78
         1         0.0009       -4657.14
         1         0.0012       -4658.39
         1         0.0015       -4661.25
         1         0.0018       -4666.54
         1         0.0021       -4675.23
         1         0.0024       -4688.37
         1         0.0027       -4707.07
         1          0.003       -4732.51
         1         0.0033        -4765.9
         1         0.0036       -4808.44
         1         0.0039       -4861.03
         1         0.0042       -4923.57
         1         0.0045       -4991.56
         1         0.0048          -5000
         1         0.0051          -5000
         1         0.0054          -5000
         1         0.0057       -4616.87
         1          0.006       -4229.33
         1         0.0063       -3895.69
         1         0.0066       -3607.05
         1         0.0069       -3354.11
         1         0.0072       -3129.79
         1         0.0075       -2928.87
         1         0.0078       -2747.43
         1         0.0081       -2582.45
         1         0.0084       -2431.57
         1         0.0087       -2292.91
         1          0.009       -2164.92
         1         0.0093       -2046.34
         1         0.0096       -1936.13
         1         0.0099       -1833.39
         1         0.0102       -1737.36
         1         0.0105       -1647.41
         1         0.0108       -1562.98
         1         0.0111       -1483.57
         1         0.0114       -1408.77
         1         0.0117       -1338.21
         1          0.012       -1271.55
         1         0.0123       -1208.52
         1         0.0126       -1148.84
         1         0.0129       -1092.28
         1         0.0132       -1038.65
         1         0.0135       -987.748
         1         0.0138        -939.41
         1         0.0141       -893.483
         1         0.0144       -849.826
         1         0.0147       -808.311
         1          0.015       -768.821
         1         0.0153       -731.249
         1         0.0156       -695.493
         1         0.0159       -661.461
         1         0.0162       -629.065
         1         0.0165       -598.225
         1         0.0168       -568.863
         1         0.0171       -540.905
         1         0.0174       -514.283
         1         0.0177       -488.929
         1          0.018       -464.781
         1         0.0183       -441.778
         1         0.0186       -419.861
         1         0.0189       -398.975
         1         0.0192       -379.064
         1         0.0195       -360.078
         1         0.0198       -341.967
         1         0.0201       -324.683
         1         0.0204       -308.179
         1         0.0207       -292.412
         1          0.021       -277.339
         1         0.0213        -262.92
         1         0.0216       -249.115
         1         0.0219       -235.888
         1         0.0222       -223.202
         1         0.0225       -211.025
         1         0.0228       -199.323
         1         0.0231       -188.067
         1         0.0234       -177.228
         1         0.0237       -166.778
         1          0.024       -156.692
         1         0.0243       -146.946
         1         0.0246       -137.516
         1         0.0249       -128.382
         1         0.0252       -119.523
         1         0.0255       -110.919
         1         0.0258       -102.551
         1         0.0261       -94.4027
         1         0.0264        -86.457
         1         0.0267       -78.6982
         1          0.027       -71.1116
         1         0.0273       -63.6832
         1         0.0276          -56.4
         1         0.0279       -49.2494
         1         0.0282       -42.2199
         1         0.0285       -35.3002
         1         0.0288       -28.4799
         1         0.0291        -21.749
         1         0.0294       -15.0983
         1         0.0297       -8.51958
         1           0.03       -2.00599
         1         0.0303              0
         1         0.0306              0
         1         0.0309              0
         1         0.0312              0
         1         0.0315              0
         1         0.0318              0
         1         0.0321              0
         1         0.0324              0
         1         0.0327              0
         1          0.033              0
         1         0.0333              0
         1         0.0336              0
         1         0.0339              0
         1         0.0342              0
         1         0.0345              0
         1         0.0348              0
         1         0.0351              0
         1         0.0354              0
         1         0.0357              0
         1          0.036              0
         1         0.0363              0
         1         0.0366              0
         1         0.0369              0
         1         0.0372              0
         1         0.0375              0
         1         0.0378              0
         1         0.0381              0
         1         0.0384              0
         1         0.0387              0
         1          0.039              0
         1         0.0393              0
         1         0.0396              0
         1         0.0399              0
         1         0.0402              0
         1         0.0405              0
         1         0.0408              0
         1         0.0411              0
         1         0.0414              0
         1         0.0417              0
         1          0.042              0
         1         0.0423              0
         1         0.0426              0
         1         0.0429              0
         1         0.0432              0
         1         0.0435              0
         1         0.0438              0
         1         0.0441              0
         1         0.0444              0
         1         0.0447              0
         1          0.045              0
         1         0.0453              0
         1         0.0456              0
         1         0.0459              0
         1         0.0462              0
         1         0.0465              0
         1         0.0468              0
         1         0.0471              0
         1         0.0474              0
         1         0.0477              0
         2         -0.048              0
         2        -0.0477              0
         2        -0.0474              0
         2        -0.0471              0
         2        -0.0468              0
         2        -0.0465              0
         2        -0.0462              0
         2        -0.0459              0
         2        -0.0456              0
         2        -0.0453              0
         2         -0.045              0
         2        -0.0447              0
         2        -0.0444              0
         2        -0.0441              0
         2        -0.0438              0
         2        -0.0435              0
         2        -0.0432              0
         2        -0.0429              0
         2        -0.0426              0
         2        -0.0423              0
         2         -0.042              0
         2        -0.0417              0
         2        -0.0414              0
         2        -0.0411              0
         2        -0.0408              0
         2        -0.0405              0
         2        -0.0402              0
         2        -0.0399              0
         2        -0.0396              0
         2        -0.0393              0
         2         -0.039              0
         2        -0.0387              0
         2        -0.0384              0
         2        -0.0381              0
         2        -0.0378              0
         2        -0.0375              0
         2        -0.0372              0
         2        -0.0369              0
         2        -0.0366              0
         2        -0.0363              0
         2         -0.036              0
         2        -0.0357              0
         2        -0.0354              0
         2        -0.0351              0
         2        -0.0348              0
         2        -0.0345              0
         2        -0.0342              0
         2        -0.0339              0
         2        -0.0336              0
         2        -0.0333              0
         2         -0.033              0
         2        -0.0327              0
         2        -0.0324              0
         2        -0.0321              0
         2        -0.0318              0
         2        -0.0315              0
         2        -0.0312              0
         2        -0.0309              0
         2        -0.0306              0
         2        -0.0303              0
         2          -0.03       -1.76533
         2        -0.0297       -7.49743
         2        -0.0294       -13.2869
         2        -0.0291       -19.1399
         2        -0.0288       -25.0638
         2        -0.0285       -31.0671
         2        -0.0282        -37.159
         2        -0.0279       -43.3492
         2        -0.0276       -49.6482
         2        -0.0273       -56.0667
         2         -0.027       -62.6165
         2        -0.0267       -69.3096
         2        -0.0264        -76.159
         2        -0.0261       -83.1783
         2        -0.0258       -90.3821
         2        -0.0255       -97.7858
         2        -0.0252       -105.406
         2        -0.0249       -113.259
         2        -0.0246       -121.365
         2        -0.0243       -129.743
         2         -0.024       -138.414
         2        -0.0237       -147.399
         2        -0.0234       -156.723
         2        -0.0231        -166.41
         2        -0.0228       -176.488
         2        -0.0225       -186.989
         2        -0.0222       -197.937
         2        -0.0219       -209.361
         2        -0.0216       -221.304
         2        -0.0213       -233.802
         2         -0.021       -246.886
         2        -0.0207       -260.599
         2        -0.0204       -274.975
         2        -0.0201       -290.057
         2        -0.0198        -305.94
         2        -0.0195       -322.794
         2        -0.0192       -340.587
         2        -0.0189       -359.352
         2        -0.0186        -379.13
         2        -0.0183       -399.968
         2         -0.018       -421.918
         2        -0.0177       -445.037
         2        -0.0174       -469.385
         2        -0.0171       -495.023
         2        -0.0168       -522.012
         2        -0.0165       -550.426
         2        -0.0162       -580.343
         2        -0.0159       -611.841
         2        -0.0156           -645
         2        -0.0153       -679.907
         2         -0.015        -716.66
         2        -0.0147        -755.36
         2        -0.0144       -796.119
         2        -0.0141       -839.063
         2        -0.0138       -884.325
         2        -0.0135       -932.051
         2        -0.0132       -982.396
         2        -0.0129       -1035.54
         2        -0.0126       -1091.68
         2        -0.0123       -1151.03
         2         -0.012       -1213.81
         2        -0.0117       -1280.31
         2        -0.0114       -1350.81
         2        -0.0111       -1425.65
         2        -0.0108       -1505.23
         2        -0.0105       -1589.98
         2        -0.0102       -1680.39
         2        -0.0099       -1777.04
         2        -0.0096       -1880.58
         2        -0.0093        -1991.8
         2         -0.009        -2111.6
         2        -0.0087       -2241.07
         2        -0.0084       -2381.52
         2        -0.0081       -2534.52
         2        -0.0078       -2701.99
         2        -0.0075       -2886.36
         2        -0.0072       -3090.71
         2        -0.0069       -3319.08
         2        -0.0066       -3576.83
         2        -0.0063       -3871.23
         2         -0.006       -4211.84
         2        -0.0057       -4607.65
         2        -0.0054          -5000
         2        -0.0051          -5000
         2        -0.0048          -5000
         2        -0.0045       -4990.91
         2        -0.0042       -4917.18
         2        -0.0039        -4848.9
         2        -0.0036       -4790.79
         2        -0.0033       -4742.96
         2         -0.003       -4704.44
         2        -0.0027       -4674.05
         2        -0.0024       -4650.54
         2        -0.0021        -4632.7
         2        -0.0018       -4619.45
         2        -0.0015       -4609.85
         2        -0.0012       -4603.06
         2        -0.0009       -4598.32
         2        -0.0006       -4595.14
         2        -0.0003       -4593.25
         2              0       -4592.66
         2         0.0003       -4593.52
         2         0.0006       -4595.66
         2         0.0009       -4599.06
         2         0.0012       -4603.98
         2         0.0015       -4610.86
         2         0.0018       -4620.53
         2         0.0021       -4633.77
         2         0.0024       -4651.58
         2         0.0027       -4675.01
         2          0.003       -4705.25
         2         0.0033       -4743.56
         2         0.0036        -4791.2
         2         0.0039       -4849.15
         2         0.0042       -4917.28
         2         0.0045       -4990.87
         2         0.0048          -5000
         2         0.0051          -5000
         2         0.0054          -5000
         2         0.0057       -4607.94
         2          0.006       -4211.82
         2         0.0063       -3871.19
         2         0.0066       -3576.81
         2         0.0069       -3319.11
         2         0.0072       -3090.81
         2         0.0075       -2886.54
         2         0.0078       -2702.28
         2         0.0081       -2534.93
         2         0.0084       -2382.07
         2         0.0087       -2241.75
         2          0.009       -2112.39
         2         0.0093       -1992.69
         2         0.0096       -1881.57
         2         0.0099       -1778.11
         2         0.0102       -1681.54
         2         0.0105       -1591.19
         2         0.0108       -1506.49
         2         0.0111       -1426.96
         2         0.0114       -1352.16
         2         0.0117        -1281.7
         2          0.012       -1215.24
         2         0.0123       -1152.48
         2         0.0126       -1093.16
         2         0.0129       -1037.04
         2         0.0132       -983.926
         2         0.0135       -933.623
         2         0.0138       -885.948
         2         0.0141       -840.737
         2         0.0144       -797.845
         2         0.0147       -757.137
         2          0.015        -718.49
         2         0.0153       -681.792
         2         0.0156       -646.937
         2         0.0159       -613.821
         2         0.0162       -582.356
         2         0.0165       -552.461
         2         0.0168       -524.057
         2         0.0171       -497.063
         2         0.0174       -471.416
         2         0.0177       -447.053
         2          0.018       -423.907
         2         0.0183       -401.917
         2         0.0186       -381.028
         2         0.0189       -361.185
         2         0.0192       -342.342
         2         0.0195       -324.459
         2         0.0198       -307.525
         2         0.0201       -291.592
         2         0.0204        -276.47
         2         0.0207       -262.048
         2          0.021       -248.285
         2         0.0213       -235.147
         2         0.0216       -222.606
         2         0.0219       -210.622
         2         0.0222       -199.155
         2         0.0225        -188.17
         2         0.0228       -177.632
         2         0.0231       -167.508
         2         0.0234       -157.773
         2         0.0237       -148.402
         2          0.024       -139.369
         2         0.0243        -130.65
         2         0.0246       -122.223
         2         0.0249       -114.067
         2         0.0252       -106.162
         2         0.0255       -98.4911
         2         0.0258        -91.036
         2         0.0261       -83.7812
         2         0.0264       -76.7114
         2         0.0267       -69.8123
         2          0.027       -63.0704
         2         0.0273       -56.4728
         2         0.0276       -50.0074
         2         0.0279       -43.6625
         2         0.0282       -37.4272
         2         0.0285        -31.291
         2         0.0288       -25.2442
         2         0.0291       -19.2775
         2         0.0294       -13.3824
         2         0.0297       -7.55123
         2           0.03       -1.77798
         2         0.0303              0
         2         0.0306              0
         2         0.0309              0
         2         0.0312              0
         2         0.0315              0
         2         0.0318              0
         2         0.0321              0
         2         0.0324              0
         2         0.0327              0
         2          0.033              0
         2         0.0333              0
         2         0.0336              0
         2         0.0339              0
         2         0.0342              0
         2         0.0345              0
         2         0.0348              0
         2         0.0351              0
         2         0.0354              0
         2         0.0357              0
         2          0.036              0
         2         0.0363              0
         2         0.0366              0
         2         0.0369              0
         2         0.0372              0
         2         0.0375              0
         2         0.0378              0
         2         0.0381              0
         2         0.0384              0
         2         0.0387              0
         2          0.039              0
         2         0.0393              0
         2         0.0396              0
         2         0.0399              0
         2         0.0402              0
         2         0.0405              0
         2         0.0408              0
         2         0.0411              0
         2         0.0414              0
         2         0.0417              0
         2          0.042              0
         2         0.0423              0
         2         0.0426              0
         2         0.0429              0
         2         0.0432              0
         2         0.0435              0
         2         0.0438              0
         2         0.0441              0
         2         0.0444              0
         2         0.0447              0
         2          0.045              0
         2         0.0453              0
         2         0.0456              0
         2         0.0459              0
         2         0.0462              0
         2         0.0465              0
         2         0.0468              0
         2         0.0471              0
         2         0.0474              0
         2         0.0477              0
         3         -0.048              0
         3        -0.0477              0
         3        -0.0474              0
         3        -0.0471              0
         3        -0.0468              0
         3        -0.0465              0
         3        -0.0462              0
         3        -0.0459              0
         3        -0.0456              0
         3        -0.0453              0
         3         -0.045              0
         3        -0.0447              0
         3        -0.0444              0
         3        -0.0441              0
         3        -0.0438              0
         3        -0.0435              0
         3        -0.0432              0
         3        -0.0429              0
         3        -0.0426              0
         3        -0.0423              0
         3         -0.042              0
         3        -0.0417              0
         3        -0.0414              0
         3        -0.0411              0
         3        -0.0408              0
         3        -0.0405              0
         3        -0.0402              0
         3        -0.0399              0
         3        -0.0396              0
         3        -0.0393              0
         3         -0.039              0
         3        -0.0387              0
         3        -0.0384              0
         3        -0.0381              0
         3        -0.0378              0
         3        -0.0375              0
         3        -0.0372              0
         3        -0.0369              0
         3        -0.0366              0
         3        -0.0363              0
         3         -0.036              0
         3        -0.0357              0
         3        -0.0354              0
         3        -0.0351              0
         3        -0.0348              0
         3        -0.0345              0
         3        -0.0342              0
         3        -0.0339              0
         3        -0.0336              0
         3        -0.0333              0
         3         -0.033              0
         3        -0.0327              0
         3        -0.0324              0
         3        -0.0321              0
         3        -0.0318              0
         3        -0.0315              0
         3        -0.0312              0
         3        -0.0309              0
         3        -0.0306              0
         3        -0.0303              0
         3          -0.03         -1.751
         3        -0.0297       -7.43658
         3        -0.0294       -13.1789
         3        -0.0291        -18.984
         3        -0.0288       -24.8592
         3        -0.0285       -30.8126
         3        -0.0282       -36.8534
         3        -0.0279       -42.9915
         3        -0.0276       -49.2388
         3        -0.0273       -55.6046
         3         -0.027       -62.0995
         3        -0.0267       -68.7354
         3        -0.0264       -75.5247
         3        -0.0261       -82.4804
         3        -0.0258       -89.6162
         3        -0.0255       -96.9517
         3        -0.0252       -104.502
         3        -0.0249       -112.281
         3        -0.0246       -120.306
         3        -0.0243       -128.598
         3         -0.024       -137.175
         3        -0.0237       -146.062
         3        -0.0234       -155.282
         3        -0.0231       -164.859
         3        -0.0228       -174.819
         3        -0.0225       -185.189
         3        -0.0222           -196
         3        -0.0219       -207.289
         3        -0.0216       -219.084
         3        -0.0213       -231.425
         3         -0.021       -244.347
         3        -0.0207       -257.889
         3        -0.0204       -272.092
         3        -0.0201       -287.004
         3        -0.0198       -302.717
         3        -0.0195       -319.351
         3        -0.0192       -336.924
         3        -0.0189        -355.47
         3        -0.0186       -375.028
         3        -0.0183       -395.644
         3         -0.018        -417.37
         3        -0.0177       -440.261
         3        -0.0174       -464.378
         3        -0.0171       -489.783
         3        -0.0168       -516.543
         3        -0.0165       -544.727
         3        -0.0162       -574.409
         3        -0.0159       -605.667
         3        -0.0156       -638.584
         3        -0.0153       -673.255
         3         -0.015       -709.772
         3        -0.0147       -748.239
         3        -0.0144       -788.767
         3        -0.0141       -831.476
         3        -0.0138       -876.501
         3        -0.0135       -923.992
         3        -0.0132       -974.107
         3        -0.0129       -1027.02
         3        -0.0126       -1082.93
         3        -0.0123       -1142.05
         3         -0.012       -1204.64
         3        -0.0117       -1270.97
         3        -0.0114       -1341.33
         3        -0.0111       -1416.05
         3        -0.0108       -1495.54
         3        -0.0105       -1580.24
         3        -0.0102       -1670.64
         3        -0.0099       -1767.31
         3        -0.0096       -1870.92
         3        -0.0093       -1982.24
         3         -0.009       -2102.17
         3        -0.0087       -2231.83
         3        -0.0084       -2372.52
         3        -0.0081       -2525.82
         3        -0.0078       -2693.69
         3        -0.0075       -2878.55
         3        -0.0072        -3083.5
         3        -0.0069       -3312.59
         3        -0.0066       -3571.22
         3        -0.0063       -3866.69
         3         -0.006       -4208.59
         3        -0.0057       -4605.98
         3        -0.0054          -5000
         3        -0.0051          -5000
         3        -0.0048          -5000
         3        -0.0045       -4990.69
         3        -0.0042       -4915.18
         3        -0.0039          -4845
         3        -0.0036       -4784.93
         3        -0.0033       -4735.05
         3         -0.003       -4694.39
         3        -0.0027       -4661.72
         3        -0.0024       -4635.66
         3        -0.0021       -4614.91
         3        -0.0018       -4598.39
         3        -0.0015        -4584.9
         3        -0.0012       -4573.36
         3        -0.0009       -4563.02
         3        -0.0006       -4554.46
         3        -0.0003       -4549.01
         3              0       -4547.79
         3         0.0003       -4551.16
         3         0.0006       -4558.24
         3         0.0009       -4567.47
         3         0.0012       -4577.57
         3         0.0015       -4588.71
         3         0.0018       -4601.83
         3         0.0021          -4618
         3         0.0024       -4638.25
         3         0.0027       -4663.78
         3          0.003       -4695.96
         3         0.0033       -4736.18
         3         0.0036       -4785.69
         3         0.0039       -4845.43
         3         0.0042       -4915.36
         3         0.0045       -4990.66
         3         0.0048          -5000
         3         0.0051          -5000
         3         0.0054          -5000
         3         0.0057       -4606.43
         3          0.006       -4208.79
         3         0.0063       -3866.86
         3         0.0066       -3571.41
         3         0.0069       -3312.83
         3         0.0072       -3083.81
         3         0.0075       -2878.95
         3         0.0078        -2694.2
         3         0.0081       -2526.45
         3         0.0084       -2373.26
         3         0.0087       -2232.66
         3          0.009       -2103.08
         3         0.0093        -1983.2
         3         0.0096       -1871.95
         3         0.0099       -1768.39
         3         0.0102       -1671.77
         3         0.0105       -1581.42
         3         0.0108       -1496.76
         3         0.0111        -1417.3
         3         0.0114       -1342.58
         3         0.0117       -1272.23
         3          0.012       -1205.91
         3         0.0123       -1143.33
         3         0.0126       -1084.23
         3         0.0129       -1028.35
         3         0.0132       -975.491
         3         0.0135       -925.433
         3         0.0138       -878.005
         3         0.0141       -833.047
         3         0.0144       -790.409
         3         0.0147       -749.952
         3          0.015        -711.55
         3         0.0153       -675.092
         3         0.0156       -640.478
         3         0.0159       -607.607
         3         0.0162       -576.388
         3         0.0165       -546.737
         3         0.0168       -518.574
         3         0.0171       -491.828
         3         0.0174       -466.428
         3         0.0177       -442.308
         3          0.018       -419.406
         3         0.0183       -397.665
         3         0.0186       -377.024
         3         0.0189       -357.431
         3         0.0192        -338.84
         3         0.0195       -321.215
         3         0.0198       -304.527
         3         0.0201       -288.779
         3         0.0204       -273.826
         3         0.0207       -259.575
         3          0.021       -245.993
         3         0.0213       -233.032
         3         0.0216       -220.644
         3         0.0219        -208.79
         3         0.0222       -197.452
         3         0.0225       -186.591
         3         0.0228       -176.171
         3         0.0231       -166.158
         3         0.0234       -156.524
         3         0.0237       -147.243
         3          0.024       -138.291
         3         0.0243       -129.648
         3         0.0246       -121.294
         3         0.0249       -113.209
         3         0.0252        -105.37
         3         0.0255       -97.7617
         3         0.0258       -90.3663
         3         0.0261       -83.1683
         3         0.0264       -76.1529
         3         0.0267        -69.306
         3          0.027       -62.6143
         3         0.0273       -56.0653
         3         0.0276       -49.6472
         3         0.0279       -43.3486
         3         0.0282       -37.1586
         3         0.0285       -31.0668
         3         0.0288       -25.0636
         3         0.0291       -19.1397
         3         0.0294       -13.2868
         3         0.0297       -7.49732
         3           0.03       -1.76529
         3         0.0303              0
         3         0.0306              0
         3         0.0309              0
         3         0.0312              0
         3         0.0315              0
         3         0.0318              0
         3         0.0321              0
         3         0.0324              0
         3         0.0327              0
         3          0.033              0
         3         0.0333              0
         3         0.0336              0
         3         0.0339              0
         3         0.0342              0
         3         0.0345              0
         3         0.0348              0
         3         0.0351              0
         3         0.0354              0
         3         0.0357              0
         3          0.036              0
         3         0.0363              0
         3         0.0366              0
         3         0.0369              0
         3         0.0372              0
         3         0.0375              0
         3         0.0378              0
         3         0.0381              0
         3         0.0384              0
         3         0.0387              0
         3          0.039              0
         3         0.0393              0
         3         0.0396              0
         3         0.0399              0
         3         0.0402              0
         3         0.0405              0
         3         0.0408              0
         3         0.0411              0
         3         0.0414              0
         3         0.0417              0
         3          0.042              0
         3         0.0423              0
         3         0.0426              0
         3         0.0429              0
         3         0.0432              0
         3         0.0435              0
         3         0.0438              0
         3         0.0441              0
         3         0.0444              0
         3         0.0447              0
         3          0.045              0
         3         0.0453              0
         3         0.0456              0
         3         0.0459              0
         3         0.0462              0
         3         0.0465              0
         3         0.0468              0
         3         0.0471              0
         3         0.0474              0
         3         0.0477              0
         4         -0.048              0
         4        -0.0477              0
         4        -0.0474              0
         4        -0.0471              0
         4        -0.0468              0
         4        -0.0465              0
         4        -0.0462              0
         4        -0.0459              0
         4        -0.0456              0
         4        -0.0453              0
         4         -0.045              0
         4        -0.0447              0
         4        -0.0444              0
         4        -0.0441              0
         4        -0.0438              0
         4        -0.0435              0
         4        -0.0432              0
         4        -0.0429              0
         4        -0.0426              0
         4        -0.0423              0
         4         -0.042              0
         4        -0.0417              0
         4        -0.0414              0
         4        -0.0411              0
         4        -0.0408              0
         4        -0.0405              0
         4        -0.0402              0
         4        -0.0399              0
         4        -0.0396              0
         4        -0.0393              0
         4         -0.039              0
         4        -0.0387              0
         4        -0.0384              0
         4        -0.0381              0
         4        -0.0378              0
         4        -0.0375              0
         4        -0.0372              0
         4        -0.0369              0
         4        -0.0366              0
         4        -0.0363              0
         4         -0.036              0
         4        -0.0357              0
         4        -0.0354              0
         4        -0.0351              0
         4        -0.0348              0
         4        -0.0345              0
         4        -0.0342              0
         4        -0.0339              0
         4        -0.0336              0
         4        -0.0333              0
         4         -0.033              0
         4        -0.0327              0
         4        -0.0324              0
         4        -0.0321              0
         4        -0.0318              0
         4        -0.0315              0
         4        -0.0312              0
         4        -0.0309              0
         4        -0.0306              0
         4        -0.0303              0
         4          -0.03       -1.70999
         4        -0.0297       -7.26237
         4        -0.0294       -12.8702
         4        -0.0291       -18.5394
         4        -0.0288       -24.2769
         4        -0.0285       -30.0909
         4        -0.0282       -35.9903
         4        -0.0279       -41.9844
         4        -0.0276       -48.0832
         4        -0.0273       -54.2971
         4         -0.027       -60.6375
         4        -0.0267       -67.1159
         4        -0.0264       -73.7451
         4        -0.0261       -80.5386
         4        -0.0258        -87.512
         4        -0.0255       -94.6795
         4        -0.0252       -102.056
         4        -0.0249       -109.659
         4        -0.0246       -117.505
         4        -0.0243       -125.614
         4         -0.024       -134.007
         4        -0.0237       -142.704
         4        -0.0234        -151.73
         4        -0.0231       -161.108
         4        -0.0228       -170.865
         4        -0.0225        -181.03
         4        -0.0222       -191.633
         4        -0.0219       -202.706
         4        -0.0216       -214.284
         4        -0.0213       -226.401
         4         -0.021       -239.095
         4        -0.0207       -252.401
         4        -0.0204       -266.361
         4        -0.0201       -281.014
         4        -0.0198       -296.456
         4        -0.0195       -312.844
         4        -0.0192       -330.166
         4        -0.0189       -348.452
         4        -0.0186       -367.741
         4        -0.0183       -388.085
         4         -0.018       -409.539
         4        -0.0177       -432.151
         4        -0.0174       -455.981
         4        -0.0171       -481.093
         4        -0.0168       -507.556
         4        -0.0165       -535.439
         4        -0.0162       -564.814
         4        -0.0159       -595.762
         4        -0.0156       -628.368
         4        -0.0153       -662.723
         4         -0.015       -698.923
         4        -0.0147       -737.079
         4        -0.0144       -777.308
         4        -0.0141       -819.733
         4        -0.0138       -864.481
         4        -0.0135       -911.702
         4        -0.0132       -961.556
         4        -0.0129       -1014.22
         4        -0.0126       -1069.92
         4        -0.0123       -1128.86
         4         -0.012       -1191.29
         4        -0.0117       -1257.47
         4        -0.0114       -1327.71
         4        -0.0111       -1402.34
         4        -0.0108       -1481.76
         4        -0.0105       -1566.42
         4        -0.0102       -1656.82
         4        -0.0099       -1753.54
         4        -0.0096       -1857.25
         4        -0.0093       -1968.73
         4         -0.009        -2088.9
         4        -0.0087       -2218.85
         4        -0.0084       -2359.93
         4        -0.0081       -2513.73
         4        -0.0078       -2682.18
         4        -0.0075       -2867.75
         4        -0.0072       -3073.55
         4        -0.0069       -3303.67
         4        -0.0066       -3563.53
         4        -0.0063       -3860.48
         4         -0.006       -4204.18
         4        -0.0057       -4603.75
         4        -0.0054          -5000
         4        -0.0051          -5000
         4        -0.0048          -5000
         4        -0.0045       -4990.45
         4        -0.0042       -4912.98
         4        -0.0039       -4840.78
         4        -0.0036       -4778.76
         4        -0.0033       -4727.04
         4         -0.003       -4684.67
         4        -0.0027       -4650.44
         4        -0.0024       -4622.95
         4        -0.0021       -4601.03
         4        -0.0018       -4583.62
         4        -0.0015       -4569.77
         4        -0.0012       -4558.83
         4        -0.0009       -4550.52
         4        -0.0006       -4544.72
         4        -0.0003       -4541.49
         4              0       -4540.75
         4         0.0003       -4542.39
         4         0.0006       -4546.23
         4         0.0009        -4552.5
         4         0.0012       -4561.25
         4         0.0015       -4572.61
         4         0.0018       -4586.75
         4         0.0021       -4604.33
         4         0.0024       -4626.18
         4         0.0027       -4653.39
         4          0.003       -4687.25
         4         0.0033       -4729.14
         4         0.0036       -4780.37
         4         0.0039       -4841.87
         4         0.0042       -4913.52
         4         0.0045       -4990.47
         4         0.0048          -5000
         4         0.0051          -5000
         4         0.0054          -5000
         4         0.0057       -4604.51
         4          0.006       -4204.93
         4         0.0063       -3861.38
         4         0.0066       -3564.57
         4         0.0069       -3304.85
         4         0.0072       -3074.87
         4         0.0075        -2869.2
         4         0.0078       -2683.78
         4         0.0081       -2515.47
         4         0.0084       -2361.82
         4         0.0087       -2220.85
         4          0.009       -2090.98
         4         0.0093       -1970.89
         4         0.0096       -1859.49
         4         0.0099       -1755.84
         4         0.0102       -1659.17
         4         0.0105       -1568.81
         4         0.0108       -1484.18
         4         0.0111       -1404.79
         4         0.0114       -1330.18
         4         0.0117       -1259.97
         4          0.012       -1193.81
         4         0.0123        -1131.4
         4         0.0126       -1072.48
         4         0.0129        -1016.8
         4         0.0132       -964.149
         4         0.0135       -914.325
         4         0.0138       -867.143
         4         0.0141       -822.437
         4         0.0144       -780.059
         4         0.0147        -739.87
         4          0.015       -701.743
         4         0.0153       -665.565
         4         0.0156       -631.228
         4         0.0159       -598.634
         4         0.0162       -567.691
         4         0.0165       -538.314
         4         0.0168       -510.423
         4         0.0171       -483.943
         4         0.0174       -458.803
         4         0.0177        -434.94
         4          0.018       -412.285
         4         0.0183       -390.781
         4         0.0186       -370.373
         4         0.0189       -351.005
         4         0.0192       -332.627
         4         0.0195         -315.2
         4         0.0198       -298.694
         4         0.0201       -283.128
         4         0.0204       -268.371
         4         0.0207       -254.326
         4          0.021        -240.95
         4         0.0213       -228.193
         4         0.0216       -216.011
         4         0.0219       -204.368
         4         0.0222       -193.226
         4         0.0225       -182.547
         4         0.0228       -172.303
         4         0.0231       -162.466
         4         0.0234       -153.008
         4         0.0237       -143.909
         4          0.024       -135.139
         4         0.0243       -126.676
         4         0.0246       -118.498
         4         0.0249       -110.585
         4         0.0252       -102.918
         4         0.0255       -95.4783
         4         0.0258       -88.2501
         4         0.0261       -81.2169
         4         0.0264       -74.3639
         4         0.0267       -67.6766
         4          0.027       -61.1419
         4         0.0273        -54.747
         4         0.0276         -48.48
         4         0.0279       -42.3297
         4         0.0282       -36.2854
         4         0.0285        -30.337
         4         0.0288        -24.475
         4         0.0291       -18.6903
         4         0.0294       -12.9749
         4         0.0297       -7.32136
         4           0.03       -1.72388
         4         0.0303              0
         4         0.0306              0
         4         0.0309              0
         4         0.0312              0
         4         0.0315              0
         4         0.0318              0
         4         0.0321              0
         4         0.0324              0
         4         0.0327              0
         4          0.033              0
         4         0.0333              0
         4         0.0336              0
         4         0.0339              0
         4         0.0342              0
         4         0.0345              0
         4         0.0348              0
         4         0.0351              0
         4         0.0354              0
         4         0.0357              0
         4          0.036              0
         4         0.0363              0
         4         0.0366              0
         4         0.0369              0
         4         0.0372              0
         4         0.0375              0
         4         0.0378              0
         4         0.0381              0
         4         0.0384              0
         4         0.0387              0
         4          0.039              0
         4         0.0393              0
         4         0.0396              0
         4         0.0399              0
         4         0.0402              0
         4         0.0405              0
         4         0.0408              0
         4         0.0411              0
         4         0.0414              0
         4         0.0417              0
         4          0.042              0
         4         0.0423              0
         4         0.0426              0
         4         0.0429              0
         4         0.0432              0
         4         0.0435              0
         4         0.0438              0
         4         0.0441              0
         4         0.0444              0
         4         0.0447              0
         4          0.045              0
         4         0.0453              0
         4         0.0456              0
         4         0.0459              0
         4         0.0462              0
         4         0.0465              0
         4         0.0468              0
         4         0.0471              0
         4         0.0474              0
         4         0.0477              0
         5         -0.048              0
         5        -0.0477              0
         5        -0.0474              0
         5        -0.0471              0
         5        -0.0468              0
         5        -0.0465              0
         5        -0.0462              0
         5        -0.0459              0
         5        -0.0456              0
         5        -0.0453              0
         5         -0.045              0
         5        -0.0447              0
         5        -0.0444              0
         5        -0.0441              0
         5        -0.0438              0
         5        -0.0435              0
         5        -0.0432              0
         5        -0.0429              0
         5        -0.0426              0
         5        -0.0423              0
         5         -0.042              0
         5        -0.0417              0
         5        -0.0414              0
         5        -0.0411              0
         5        -0.0408              0
         5        -0.0405              0
         5        -0.0402              0
         5        -0.0399              0
         5        -0.0396              0
         5        -0.0393              0
         5         -0.039              0
         5        -0.0387              0
         5        -0.0384              0
         5        -0.0381              0
         5        -0.0378              0
         5        -0.0375              0
         5        -0.0372              0
         5        -0.0369              0
         5        -0.0366              0
         5        -0.0363              0
         5         -0.036              0
         5        -0.0357              0
         5        -0.0354              0
         5        -0.0351              0
         5        -0.0348              0
         5        -0.0345              0
         5        -0.0342              0
         5        -0.0339              0
         5        -0.0336              0
         5        -0.0333              0
         5         -0.033              0
         5        -0.0327              0
         5        -0.0324              0
         5        -0.0321              0
         5        -0.0318              0
         5        -0.0315              0
         5        -0.0312              0
         5        -0.0309              0
         5        -0.0306              0
         5        -0.0303              0
         5          -0.03       -1.73259
         5        -0.0297       -7.35845
         5        -0.0294        -13.041
         5        -0.0291       -18.7864
         5        -0.0288       -24.6022
         5        -0.0285       -30.4971
         5        -0.0282       -36.4802
         5        -0.0279       -42.5613
         5        -0.0276       -48.7508
         5        -0.0273       -55.0595
         5         -0.027        -61.499
         5        -0.0267       -68.0812
         5        -0.0264       -74.8189
         5        -0.0261       -81.7253
         5        -0.0258       -88.8153
         5        -0.0255       -96.1052
         5        -0.0252       -103.611
         5        -0.0249       -111.349
         5        -0.0246       -119.338
         5        -0.0243       -127.595
         5         -0.024       -136.142
         5        -0.0237       -145.002
         5        -0.0234       -154.195
         5        -0.0231       -163.748
         5        -0.0228       -173.687
         5        -0.0225        -184.04
         5        -0.0222       -194.837
         5        -0.0219       -206.109
         5        -0.0216       -217.889
         5        -0.0213       -230.214
         5         -0.021       -243.121
         5        -0.0207       -256.641
         5        -0.0204       -270.814
         5        -0.0201       -285.674
         5        -0.0198       -301.336
         5        -0.0195       -317.989
         5        -0.0192       -335.592
         5        -0.0189       -354.169
         5        -0.0186       -373.762
         5        -0.0183       -394.415
         5         -0.018       -416.185
         5        -0.0177       -439.126
         5        -0.0174       -463.294
         5        -0.0171       -488.758
         5        -0.0168       -515.582
         5        -0.0165       -543.835
         5        -0.0162       -573.593
         5        -0.0159       -604.935
         5        -0.0156       -637.943
         5        -0.0153       -672.705
         5         -0.015       -709.318
         5        -0.0147       -747.887
         5        -0.0144       -788.521
         5        -0.0141       -831.338
         5        -0.0138       -876.475
         5        -0.0135       -924.073
         5        -0.0132       -974.299
         5        -0.0129       -1027.33
         5        -0.0126       -1083.37
         5        -0.0123       -1142.64
         5         -0.012       -1205.37
         5        -0.0117       -1271.83
         5        -0.0114       -1342.32
         5        -0.0111       -1417.18
         5        -0.0108       -1496.79
         5        -0.0105       -1581.59
         5        -0.0102        -1672.1
         5        -0.0099       -1768.89
         5        -0.0096       -1872.61
         5        -0.0093       -1984.04
         5         -0.009       -2104.09
         5        -0.0087       -2233.84
         5        -0.0084        -2374.6
         5        -0.0081       -2527.94
         5        -0.0078        -2695.8
         5        -0.0075       -2880.62
         5        -0.0072       -3085.49
         5        -0.0069       -3314.45
         5        -0.0066       -3572.89
         5        -0.0063       -3868.09
         5         -0.006       -4209.62
         5        -0.0057       -4606.53
         5        -0.0054          -5000
         5        -0.0051          -5000
         5        -0.0048          -5000
         5        -0.0045       -4990.82
         5        -0.0042       -4916.39
         5        -0.0039       -4847.35
         5        -0.0036       -4788.49
         5        -0.0033       -4739.93
         5         -0.003       -4700.71
         5        -0.0027       -4669.57
         5        -0.0024       -4645.22
         5        -0.0021       -4626.43
         5        -0.0018       -4612.02
         5        -0.0015       -4600.85
         5        -0.0012       -4591.79
         5        -0.0009        -4583.9
         5        -0.0006       -4576.69
         5        -0.0003       -4570.67
         5              0       -4568.64
         5         0.0003       -4572.47
         5         0.0006       -4579.09
         5         0.0009       -4586.25
         5         0.0012       -4593.92
         5         0.0015        -4602.8
         5         0.0018       -4613.84
         5         0.0021       -4628.09
         5         0.0024       -4646.69
         5         0.0027        -4670.8
         5          0.003       -4701.69
         5         0.0033        -4740.7
         5         0.0036       -4789.07
         5         0.0039       -4847.73
         5         0.0042       -4916.56
         5         0.0045       -4990.79
         5         0.0048          -5000
         5         0.0051          -5000
         5         0.0054          -5000
         5         0.0057          -4607
         5          0.006       -4209.87
         5         0.0063       -3868.34
         5         0.0066       -3573.18
         5         0.0069       -3314.81
         5         0.0072       -3085.92
         5         0.0075       -2881.13
         5         0.0078       -2696.42
         5         0.0081       -2528.67
         5         0.0084       -2375.46
         5         0.0087       -2234.84
         5          0.009       -2105.21
         5         0.0093       -1985.27
         5         0.0096       -1873.94
         5         0.0099        -1770.3
         5         0.0102       -1673.57
         5         0.0105        -1583.1
         5         0.0108       -1498.33
         5         0.0111       -1418.74
         5         0.0114        -1343.9
         5         0.0117       -1273.44
         5          0.012       -1207.01
         5         0.0123       -1144.32
         5         0.0126        -1085.1
         5         0.0129       -1029.12
         5         0.0132        -976.14
         5         0.0135       -925.964
         5         0.0138       -878.418
         5         0.0141       -833.339
         5         0.0144       -790.583
         5         0.0147       -750.017
         5          0.015       -711.513
         5         0.0153        -674.96
         5         0.0156       -640.249
         5         0.0159       -607.285
         5         0.0162       -575.978
         5         0.0165       -546.244
         5         0.0168       -518.006
         5         0.0171       -491.189
         5         0.0174       -465.723
         5         0.0177       -441.548
         5          0.018       -418.593
         5         0.0183       -396.796
         5         0.0186       -376.101
         5         0.0189       -356.466
         5         0.0192       -337.838
         5         0.0195       -320.174
         5         0.0198       -303.446
         5         0.0201       -287.678
         5         0.0204       -272.709
         5         0.0207        -258.44
         5          0.021       -244.831
         5         0.0213       -231.843
         5         0.0216       -219.438
         5         0.0219       -207.579
         5         0.0222       -196.233
         5         0.0225       -185.364
         5         0.0228       -174.939
         5         0.0231       -164.931
         5         0.0234       -155.313
         5         0.0237       -146.055
         5          0.024       -137.134
         5         0.0243       -128.526
         5         0.0246       -120.208
         5         0.0249       -112.161
         5         0.0252       -104.365
         5         0.0255       -96.8045
         5         0.0258        -89.459
         5         0.0261       -82.3134
         5         0.0264       -75.3529
         5         0.0267       -68.5641
         5          0.027        -61.933
         5         0.0273       -55.4468
         5         0.0276        -49.093
         5         0.0279       -42.8596
         5         0.0282       -36.7355
         5         0.0285       -30.7102
         5         0.0288       -24.7738
         5         0.0291       -18.9172
         5         0.0294       -13.1317
         5         0.0297       -7.40955
         5           0.03        -1.7446
         5         0.0303              0
         5         0.0306              0
         5         0.0309              0
         5         0.0312              0
         5         0.0315              0
         5         0.0318              0
         5         0.0321              0
         5         0.0324              0
         5         0.0327              0
         5          0.033              0
         5         0.0333              0
         5         0.0336              0
         5         0.0339              0
         5         0.0342              0
         5         0.0345              0
         5         0.0348              0
         5         0.0351              0
         5         0.0354              0
         5         0.0357              0
         5          0.036              0
         5         0.0363              0
         5         0.0366              0
         5         0.0369              0
         5         0.0372              0
         5         0.0375              0
         5         0.0378              0
         5         0.0381              0
         5         0.0384              0
         5         0.0387              0
         5          0.039              0
         5         0.0393              0
         5         0.0396              0
         5         0.0399              0
         5         0.0402              0
         5         0.0405              0
         5         0.0408              0
         5         0.0411              0
         5         0.0414              0
         5         0.0417              0
         5          0.042              0
         5         0.0423              0
         5         0.0426              0
         5         0.0429              0
         5         0.0432              0
         5         0.0435              0
         5         0.0438              0
         5         0.0441              0
         5         0.0444              0
         5         0.0447              0
         5          0.045              0
         5         0.0453              0
         5         0.0456              0
         5         0.0459              0
         5         0.0462              0
         5         0.0465              0
         5         0.0468              0
         5         0.0471              0
         5         0.0474              0
         5         0.0477              0
         6         -0.048              0
         6        -0.0477              0
         6        -0.0474              0
         6        -0.0471              0
         6        -0.0468              0
         6        -0.0465              0
         6        -0.0462              0
         6        -0.0459              0
         6        -0.0456              0
         6        -0.0453              0
         6         -0.045              0
         6        -0.0447              0
         6        -0.0444              0
         6        -0.0441              0
         6        -0.0438              0
         6        -0.0435              0
         6        -0.0432              0
         6        -0.0429              0
         6        -0.0426              0
         6        -0.0423              0
         6         -0.042              0
         6        -0.0417              0
         6        -0.0414              0
         6        -0.0411              0
         6        -0.0408              0
         6        -0.0405              0
         6        -0.0402              0
         6        -0.0399              0
         6        -0.0396              0
         6        -0.0393              0
         6         -0.039              0
         6        -0.0387              0
         6        -0.0384              0
         6        -0.0381              0
         6        -0.0378              0
         6        -0.0375              0
         6        -0.0372              0
         6        -0.0369              0
         6        -0.0366              0
         6        -0.0363              0
         6         -0.036              0
         6        -0.0357              0
         6        -0.0354              0
         6        -0.0351              0
         6        -0.0348              0
         6        -0.0345              0
         6        -0.0342              0
         6        -0.0339              0
         6        -0.0336              0
         6        -0.0333              0
         6         -0.033              0
         6        -0.0327              0
         6        -0.0324              0
         6        -0.0321              0
         6        -0.0318              0
         6        -0.0315              0
         6        -0.0312              0
         6        -0.0309              0
         6        -0.0306              0
         6        -0.0303              0
         6          -0.03       -1.75052
         6        -0.0297       -7.43453
         6        -0.0294       -13.1754
         6        -0.0291       -18.9793
         6        -0.0288       -24.8535
         6        -0.0285       -30.8066
         6        -0.0282       -36.8478
         6        -0.0279       -42.9871
         6        -0.0276       -49.2344
         6        -0.0273          -55.6
         6         -0.027       -62.0948
         6        -0.0267       -68.7297
         6        -0.0264       -75.5244
         6        -0.0261        -82.488
         6        -0.0258       -89.6323
         6        -0.0255       -96.9726
         6        -0.0252       -104.525
         6        -0.0249       -112.308
         6        -0.0246       -120.338
         6        -0.0243       -128.635
         6         -0.024        -137.22
         6        -0.0237       -146.114
         6        -0.0234       -155.339
         6        -0.0231       -164.921
         6        -0.0228       -174.884
         6        -0.0225       -185.258
         6        -0.0222       -196.073
         6        -0.0219       -207.361
         6        -0.0216       -219.155
         6        -0.0213       -231.489
         6         -0.021       -244.397
         6        -0.0207        -257.92
         6        -0.0204         -272.1
         6        -0.0201       -286.988
         6        -0.0198       -302.679
         6        -0.0195       -319.298
         6        -0.0192       -336.865
         6        -0.0189       -355.406
         6        -0.0186       -374.961
         6        -0.0183       -395.573
         6         -0.018       -417.296
         6        -0.0177       -440.185
         6        -0.0174       -464.305
         6        -0.0171       -489.712
         6        -0.0168       -516.473
         6        -0.0165       -544.661
         6        -0.0162       -574.346
         6        -0.0159       -605.607
         6        -0.0156       -638.529
         6        -0.0153       -673.202
         6         -0.015       -709.721
         6        -0.0147       -748.192
         6        -0.0144       -788.722
         6        -0.0141       -831.435
         6        -0.0138       -876.463
         6        -0.0135       -923.955
         6        -0.0132       -974.071
         6        -0.0129       -1026.99
         6        -0.0126       -1082.91
         6        -0.0123       -1142.06
         6         -0.012       -1204.67
         6        -0.0117       -1271.01
         6        -0.0114       -1341.39
         6        -0.0111       -1416.14
         6        -0.0108       -1495.66
         6        -0.0105       -1580.38
         6        -0.0102        -1670.8
         6        -0.0099       -1767.49
         6        -0.0096       -1871.12
         6        -0.0093       -1982.46
         6         -0.009       -2102.42
         6        -0.0087        -2232.1
         6        -0.0084       -2372.79
         6        -0.0081        -2526.1
         6        -0.0078       -2693.96
         6        -0.0075       -2878.81
         6        -0.0072       -3083.75
         6        -0.0069       -3312.82
         6        -0.0066       -3571.42
         6        -0.0063       -3866.85
         6         -0.006        -4208.7
         6        -0.0057       -4606.04
         6        -0.0054          -5000
         6        -0.0051          -5000
         6        -0.0048          -5000
         6        -0.0045       -4990.66
         6        -0.0042       -4914.88
         6        -0.0039        -4844.4
         6        -0.0036       -4784.04
         6        -0.0033       -4733.85
         6         -0.003       -4692.87
         6        -0.0027       -4659.87
         6        -0.0024       -4633.58
         6        -0.0021       -4612.72
         6        -0.0018       -4596.14
         6        -0.0015       -4582.83
         6        -0.0012       -4571.92
         6        -0.0009       -4562.84
         6        -0.0006       -4555.29
         6        -0.0003       -4549.79
         6              0        -4547.8
         6         0.0003       -4550.41
         6         0.0006        -4556.6
         6         0.0009       -4564.44
         6         0.0012       -4573.78
         6         0.0015       -4584.89
         6         0.0018       -4598.26
         6         0.0021       -4614.82
         6         0.0024       -4635.58
         6         0.0027       -4661.66
         6          0.003       -4694.35
         6         0.0033          -4735
         6         0.0036       -4784.86
         6         0.0039       -4844.92
         6         0.0042       -4915.12
         6         0.0045       -4990.64
         6         0.0048          -5000
         6         0.0051          -5000
         6         0.0054          -5000
         6         0.0057        -4606.6
         6          0.006       -4209.13
         6         0.0063       -3867.36
         6         0.0066       -3572.05
         6         0.0069       -3313.59
         6         0.0072       -3084.67
         6         0.0075        -2879.9
         6         0.0078       -2695.22
         6         0.0081       -2527.53
         6         0.0084       -2374.39
         6         0.0087       -2233.83
         6          0.009       -2104.28
         6         0.0093       -1984.43
         6         0.0096       -1873.21
         6         0.0099       -1769.69
         6         0.0102       -1673.09
         6         0.0105       -1582.75
         6         0.0108        -1498.1
         6         0.0111       -1418.65
         6         0.0114       -1343.95
         6         0.0117       -1273.61
         6          0.012        -1207.3
         6         0.0123       -1144.73
         6         0.0126       -1085.62
         6         0.0129       -1029.75
         6         0.0132       -976.884
         6         0.0135       -926.822
         6         0.0138        -879.39
         6         0.0141       -834.422
         6         0.0144       -791.768
         6         0.0147       -751.295
         6          0.015        -712.88
         6         0.0153       -676.409
         6         0.0156       -641.775
         6         0.0159        -608.88
         6         0.0162       -577.635
         6         0.0165       -547.961
         6         0.0168       -519.776
         6         0.0171       -493.006
         6         0.0174       -467.579
         6         0.0177        -443.43
         6          0.018       -420.495
         6         0.0183       -398.716
         6         0.0186       -378.045
         6         0.0189       -358.422
         6         0.0192       -339.799
         6         0.0195       -322.144
         6         0.0198       -305.414
         6         0.0201       -289.649
         6         0.0204       -274.674
         6         0.0207       -260.398
         6          0.021        -246.79
         6         0.0213       -233.798
         6         0.0216       -221.378
         6         0.0219         -209.5
         6         0.0222        -198.13
         6         0.0225       -187.229
         6         0.0228       -176.767
         6         0.0231       -166.715
         6         0.0234       -157.045
         6         0.0237       -147.731
         6          0.024       -138.746
         6         0.0243        -130.07
         6         0.0246       -121.682
         6         0.0249       -113.561
         6         0.0252       -105.689
         6         0.0255       -98.0494
         6         0.0258       -90.6246
         6         0.0261       -83.3996
         6         0.0264       -76.3591
         6         0.0267       -69.4883
         6          0.027       -62.7755
         6         0.0273       -56.2075
         6         0.0276       -49.7713
         6         0.0279       -43.4554
         6         0.0282       -37.2489
         6         0.0285       -31.1414
         6         0.0288        -25.123
         6         0.0291       -19.1847
         6         0.0294       -13.3177
         6         0.0297        -7.5147
         6           0.03       -1.76938
         6         0.0303              0
         6         0.0306              0
         6         0.0309              0
         6         0.0312              0
         6         0.0315              0
         6         0.0318              0
         6         0.0321              0
         6         0.0324              0
         6         0.0327              0
         6          0.033              0
         6         0.0333              0
         6         0.0336              0
         6         0.0339              0
         6         0.0342              0
         6         0.0345              0
         6         0.0348              0
         6         0.0351              0
         6         0.0354              0
         6         0.0357              0
         6          0.036              0
         6         0.0363              0
         6         0.0366              0
         6         0.0369              0
         6         0.0372              0
         6         0.0375              0
         6         0.0378              0
         6         0.0381              0
         6         0.0384              0
         6         0.0387              0
         6          0.039              0
         6         0.0393              0
         6         0.0396              0
         6         0.0399              0
         6         0.0402              0
         6         0.0405              0
         6         0.0408              0
         6         0.0411              0
         6         0.0414              0
         6         0.0417              0
         6          0.042              0
         6         0.0423              0
         6         0.0426              0
         6         0.0429              0
         6         0.0432              0
         6         0.0435              0
         6         0.0438              0
         6         0.0441              0
         6         0.0444              0
         6         0.0447              0
         6          0.045              0
         6         0.0453              0
         6         0.0456              0
         6         0.0459              0
         6         0.0462              0
         6         0.0465              0
         6         0.0468              0
         6         0.0471              0
         6         0.0474              0
         6         0.0477              0
         7         -0.048              0
         7        -0.0477              0
         7        -0.0474              0
         7        -0.0471              0
         7        -0.0468              0
         7        -0.0465              0
         7        -0.0462              0
         7        -0.0459              0
         7        -0.0456              0
         7        -0.0453              0
         7         -0.045              0
         7        -0.0447              0
         7        -0.0444              0
         7        -0.0441              0
         7        -0.0438              0
         7        -0.0435              0
         7        -0.0432              0
         7        -0.0429              0
         7        -0.0426              0
         7        -0.0423              0
         7         -0.042              0
         7        -0.0417              0
         7        -0.0414              0
         7        -0.0411              0
         7        -0.0408              0
         7        -0.0405              0
         7        -0.0402              0
         7        -0.0399              0
         7        -0.0396              0
         7        -0.0393              0
         7         -0.039              0
         7        -0.0387              0
         7        -0.0384              0
         7        -0.0381              0
         7        -0.0378              0
         7        -0.0375              0
         7        -0.0372              0
         7        -0.0369              0
         7        -0.0366              0
         7        -0.0363              0
         7         -0.036              0
         7        -0.0357              0
         7        -0.0354              0
         7        -0.0351              0
         7        -0.0348              0
         7        -0.0345              0
         7        -0.0342              0
         7        -0.0339              0
         7        -0.0336              0
         7        -0.0333              0
         7         -0.033              0
         7        -0.0327              0
         7        -0.0324              0
         7        -0.0321              0
         7        -0.0318              0
         7        -0.0315              0
         7        -0.0312              0
         7        -0.0309              0
         7        -0.0306              0
         7        -0.0303              0
         7          -0.03       -1.73723
         7        -0.0297       -7.37811
         7        -0.0294       -13.0756
         7        -0.0291       -18.8357
         7        -0.0288        -24.666
         7        -0.0285       -30.5749
         7        -0.0282       -36.5713
         7        -0.0279       -42.6652
         7        -0.0276       -48.8666
         7        -0.0273       -55.1862
         7         -0.027       -61.6351
         7        -0.0267       -68.2288
         7        -0.0264       -74.9823
         7        -0.0261       -81.9036
         7        -0.0258       -89.0086
         7        -0.0255       -96.3145
         7        -0.0252       -103.837
         7        -0.0249       -111.591
         7        -0.0246       -119.596
         7        -0.0243       -127.872
         7         -0.024       -136.439
         7        -0.0237        -145.32
         7        -0.0234       -154.539
         7        -0.0231        -164.12
         7        -0.0228       -174.091
         7        -0.0225       -184.481
         7        -0.0222       -195.321
         7        -0.0219       -206.643
         7        -0.0216       -218.477
         7        -0.0213       -230.858
         7         -0.021       -243.821
         7        -0.0207       -257.408
         7        -0.0204       -271.664
         7        -0.0201       -286.632
         7        -0.0198       -302.405
         7        -0.0195       -319.139
         7        -0.0192       -336.825
         7        -0.0189       -355.488
         7        -0.0186       -375.167
         7        -0.0183       -395.909
         7         -0.018       -417.764
         7        -0.0177       -440.794
         7        -0.0174       -465.053
         7        -0.0171         -490.6
         7        -0.0168       -517.503
         7        -0.0165       -545.831
         7        -0.0162       -575.658
         7        -0.0159       -607.065
         7        -0.0156       -640.135
         7        -0.0153       -674.954
         7         -0.015        -711.62
         7        -0.0147       -750.237
         7        -0.0144        -790.92
         7        -0.0141       -833.789
         7        -0.0138       -878.972
         7        -0.0135       -926.615
         7        -0.0132       -976.887
         7        -0.0129       -1029.96
         7        -0.0126       -1086.03
         7        -0.0123       -1145.31
         7         -0.012       -1208.06
         7        -0.0117       -1274.53
         7        -0.0114       -1345.02
         7        -0.0111       -1419.87
         7        -0.0108       -1499.47
         7        -0.0105       -1584.25
         7        -0.0102       -1674.73
         7        -0.0099       -1771.47
         7        -0.0096       -1875.14
         7        -0.0093        -1986.5
         7         -0.009       -2106.46
         7        -0.0087       -2236.12
         7        -0.0084       -2376.76
         7        -0.0081       -2529.99
         7        -0.0078       -2697.72
         7        -0.0075        -2882.4
         7        -0.0072        -3087.1
         7        -0.0069       -3315.86
         7        -0.0066       -3574.08
         7        -0.0063       -3869.02
         7         -0.006       -4210.25
         7        -0.0057       -4606.83
         7        -0.0054          -5000
         7        -0.0051          -5000
         7        -0.0048          -5000
         7        -0.0045       -4990.86
         7        -0.0042       -4916.76
         7        -0.0039       -4848.04
         7        -0.0036        -4789.5
         7        -0.0033       -4741.26
         7         -0.003       -4702.38
         7        -0.0027       -4671.64
         7        -0.0024       -4647.78
         7        -0.0021        -4629.6
         7        -0.0018       -4615.97
         7        -0.0015        -4605.9
         7        -0.0012       -4598.57
         7        -0.0009       -4593.33
         7        -0.0006       -4590.08
         7        -0.0003       -4588.59
         7              0       -4588.13
         7         0.0003       -4588.68
         7         0.0006       -4590.83
         7         0.0009       -4594.63
         7         0.0012       -4600.19
         7         0.0015        -4607.6
         7         0.0018       -4617.61
         7         0.0021       -4631.12
         7         0.0024       -4649.18
         7         0.0027       -4672.87
         7          0.003       -4703.38
         7         0.0033       -4742.01
         7         0.0036       -4790.04
         7         0.0039       -4848.38
         7         0.0042       -4916.89
         7         0.0045       -4990.83
         7         0.0048          -5000
         7         0.0051          -5000
         7         0.0054          -5000
         7         0.0057       -4607.34
         7          0.006       -4210.58
         7         0.0063       -3869.39
         7         0.0066       -3574.52
         7         0.0069        -3316.4
         7         0.0072       -3087.75
         7         0.0075       -2883.16
         7         0.0078       -2698.63
         7         0.0081       -2531.04
         7         0.0084       -2377.95
         7         0.0087       -2237.43
         7          0.009       -2107.89
         7         0.0093       -1988.04
         7         0.0096       -1876.78
         7         0.0099        -1773.2
         7         0.0102       -1676.54
         7         0.0105       -1586.12
         7         0.0108       -1501.38
         7         0.0111       -1421.83
         7         0.0114       -1347.03
         7         0.0117       -1276.58
         7          0.012       -1210.17
         7         0.0123       -1147.47
         7         0.0126       -1088.23
         7         0.0129       -1032.21
         7         0.0132         -979.2
         7         0.0135       -928.986
         7         0.0138         -881.4
         7         0.0141       -836.284
         7         0.0144       -793.486
         7         0.0147       -752.869
         7          0.015       -714.309
         7         0.0153       -677.697
         7         0.0156       -642.931
         7         0.0159       -609.908
         7         0.0162       -578.537
         7         0.0165       -548.736
         7         0.0168       -520.425
         7         0.0171       -493.531
         7         0.0174       -467.985
         7         0.0177       -443.722
         7          0.018       -420.676
         7         0.0183       -398.791
         7         0.0186        -378.01
         7         0.0189       -358.279
         7         0.0192       -339.553
         7         0.0195       -321.792
         7         0.0198       -304.973
         7         0.0201       -289.096
         7         0.0204       -274.026
         7         0.0207        -259.67
         7          0.021       -245.983
         7         0.0213       -232.934
         7         0.0216       -220.466
         7         0.0219       -208.549
         7         0.0222       -197.145
         7         0.0225       -186.216
         7         0.0228       -175.733
         7         0.0231       -165.669
         7         0.0234       -155.994
         7         0.0237       -146.682
         7          0.024        -137.71
         7         0.0243       -129.059
         7         0.0246       -120.707
         7         0.0249       -112.629
         7         0.0252       -104.803
         7         0.0255       -97.2122
         7         0.0258       -89.8386
         7         0.0261       -82.6659
         7         0.0264       -75.6789
         7         0.0267        -68.863
         7          0.027       -62.2046
         7         0.0273       -55.6906
         7         0.0276       -49.3091
         7         0.0279       -43.0491
         7         0.0282        -36.899
         7         0.0285       -30.8479
         7         0.0288       -24.8857
         7         0.0291       -19.0032
         7         0.0294       -13.1916
         7         0.0297       -7.44345
         7           0.03        -1.7526
         7         0.0303              0
         7         0.0306              0
         7         0.0309              0
         7         0.0312              0
         7         0.0315              0
         7         0.0318              0
         7         0.0321              0
         7         0.0324              0
         7         0.0327              0
         7          0.033              0
         7         0.0333              0
         7         0.0336              0
         7         0.0339              0
         7         0.0342              0
         7         0.0345              0
         7         0.0348              0
         7         0.0351              0
         7         0.0354              0
         7         0.0357              0
         7          0.036              0
         7         0.0363              0
         7         0.0366              0
         7         0.0369              0
         7         0.0372              0
         7         0.0375              0
         7         0.0378              0
         7         0.0381              0
         7         0.0384              0
         7         0.0387              0
         7          0.039              0
         7         0.0393              0
         7         0.0396              0
         7         0.0399              0
         7         0.0402              0
         7         0.0405              0
         7         0.0408              0
         7         0.0411              0
         7         0.0414              0
         7         0.0417              0
         7          0.042              0
         7         0.0423              0
         7         0.0426              0
         7         0.0429              0
         7         0.0432              0
         7         0.0435              0
         7         0.0438              0
         7         0.0441              0
         7         0.0444              0
         7         0.0447              0
         7          0.045              0
         7         0.0453              0
         7         0.0456              0
         7         0.0459              0
         7         0.0462              0
         7         0.0465              0
         7         0.0468              0
         7         0.0471              0
         7         0.0474              0
         7         0.0477              0
         8         -0.048              0
         8        -0.0477              0
         8        -0.0474              0
         8        -0.0471              0
         8        -0.0468              0
         8        -0.0465              0
         8        -0.0462              0
         8        -0.0459              0
         8        -0.0456              0
         8        -0.0453              0
         8         -0.045              0
         8        -0.0447              0
         8        -0.0444              0
         8        -0.0441              0
         8        -0.0438              0
         8        -0.0435              0
         8        -0.0432              0
         8        -0.0429              0
         8        -0.0426              0
         8        -0.0423              0
         8         -0.042              0
         8        -0.0417              0
         8        -0.0414              0
         8        -0.0411              0
         8        -0.0408              0
         8        -0.0405              0
         8        -0.0402              0
         8        -0.0399              0
         8        -0.0396              0
         8        -0.0393              0
         8         -0.039              0
         8        -0.0387              0
         8        -0.0384              0
         8        -0.0381              0
         8        -0.0378              0
         8        -0.0375              0
         8        -0.0372              0
         8        -0.0369              0
         8        -0.0366              0
         8        -0.0363              0
         8         -0.036              0
         8        -0.0357              0
         8        -0.0354              0
         8        -0.0351              0
         8        -0.0348              0
         8        -0.0345              0
         8        -0.0342              0
         8        -0.0339              0
         8        -0.0336              0
         8        -0.0333              0
         8         -0.033              0
         8        -0.0327              0
         8        -0.0324              0
         8        -0.0321              0
         8        -0.0318              0
         8        -0.0315              0
         8        -0.0312              0
         8        -0.0309              0
         8        -0.0306              0
         8        -0.0303              0
         8          -0.03       -1.75459
         8        -0.0297        -7.4518
         8        -0.0294       -13.2058
         8        -0.0291       -19.0226
         8        -0.0288       -24.9092
         8        -0.0285        -30.874
         8        -0.0282        -36.926
         8        -0.0279       -43.0746
         8        -0.0276       -49.3299
         8        -0.0273       -55.7025
         8         -0.027       -62.2038
         8        -0.0267       -68.8455
         8        -0.0264       -75.6402
         8        -0.0261       -82.6016
         8        -0.0258       -89.7447
         8        -0.0255       -97.0837
         8        -0.0252       -104.634
         8        -0.0249       -112.411
         8        -0.0246        -120.43
         8        -0.0243       -128.724
         8         -0.024        -137.31
         8        -0.0237         -146.2
         8        -0.0234        -155.42
         8        -0.0231       -164.995
         8        -0.0228       -174.952
         8        -0.0225       -185.319
         8        -0.0222       -196.126
         8        -0.0219       -207.404
         8        -0.0216       -219.192
         8        -0.0213       -231.528
         8         -0.021       -244.443
         8        -0.0207       -257.973
         8        -0.0204       -272.155
         8        -0.0201       -287.025
         8        -0.0198       -302.689
         8        -0.0195       -319.322
         8        -0.0192       -336.894
         8        -0.0189       -355.428
         8        -0.0186       -374.964
         8        -0.0183       -395.551
         8         -0.018       -417.243
         8        -0.0177       -440.093
         8        -0.0174       -464.164
         8        -0.0171        -489.52
         8        -0.0168       -516.222
         8        -0.0165       -544.343
         8        -0.0162        -573.96
         8        -0.0159       -605.152
         8        -0.0156       -638.003
         8        -0.0153       -672.606
         8         -0.015       -709.052
         8        -0.0147       -747.444
         8        -0.0144       -787.895
         8        -0.0141       -830.527
         8        -0.0138       -875.472
         8        -0.0135       -922.877
         8        -0.0132       -972.909
         8        -0.0129       -1025.75
         8        -0.0126        -1081.6
         8        -0.0123       -1140.67
         8         -0.012        -1203.2
         8        -0.0117       -1269.46
         8        -0.0114       -1339.77
         8        -0.0111       -1414.46
         8        -0.0108       -1493.91
         8        -0.0105       -1578.57
         8        -0.0102       -1668.94
         8        -0.0099       -1765.59
         8        -0.0096       -1869.19
         8        -0.0093        -1980.5
         8         -0.009       -2100.45
         8        -0.0087       -2230.13
         8        -0.0084       -2370.84
         8        -0.0081       -2524.18
         8        -0.0078       -2692.09
         8        -0.0075       -2877.02
         8        -0.0072       -3082.06
         8        -0.0069       -3311.27
         8        -0.0066       -3570.06
         8        -0.0063       -3865.73
         8         -0.006       -4207.89
         8        -0.0057       -4605.62
         8        -0.0054          -5000
         8        -0.0051          -5000
         8        -0.0048          -5000
         8        -0.0045       -4990.59
         8        -0.0042       -4914.21
         8        -0.0039       -4843.11
         8        -0.0036       -4782.12
         8        -0.0033       -4731.32
         8         -0.003       -4689.71
         8        -0.0027       -4656.06
         8        -0.0024       -4628.99
         8        -0.0021       -4607.13
         8        -0.0018       -4589.22
         8        -0.0015       -4573.87
         8        -0.0012       -4559.74
         8        -0.0009       -4545.79
         8        -0.0006       -4531.93
         8        -0.0003       -4520.04
         8              0       -4516.21
         8         0.0003       -4524.54
         8         0.0006       -4538.12
         8         0.0009       -4551.65
         8         0.0012       -4564.73
         8         0.0015       -4578.13
         8         0.0018       -4592.99
         8         0.0021       -4610.51
         8         0.0024       -4631.95
         8         0.0027       -4658.56
         8          0.003        -4691.7
         8         0.0033       -4732.83
         8         0.0036        -4783.2
         8         0.0039       -4843.78
         8         0.0042       -4914.52
         8         0.0045       -4990.58
         8         0.0048          -5000
         8         0.0051          -5000
         8         0.0054          -5000
         8         0.0057       -4606.15
         8          0.006       -4208.21
         8         0.0063       -3866.04
         8         0.0066        -3570.4
         8         0.0069       -3311.66
         8         0.0072       -3082.51
         8         0.0075       -2877.56
         8         0.0078       -2692.73
         8         0.0081       -2524.93
         8         0.0084        -2371.7
         8         0.0087       -2231.07
         8          0.009       -2101.47
         8         0.0093       -1981.59
         8         0.0096       -1870.34
         8         0.0099       -1766.81
         8         0.0102        -1670.2
         8         0.0105       -1579.88
         8         0.0108       -1495.25
         8         0.0111       -1415.83
         8         0.0114       -1341.16
         8         0.0117       -1270.87
         8          0.012       -1204.62
         8         0.0123        -1142.1
         8         0.0126       -1083.07
         8         0.0129       -1027.26
         8         0.0132       -974.461
         8         0.0135       -924.481
         8         0.0138        -877.14
         8         0.0141       -832.266
         8         0.0144       -789.707
         8         0.0147       -749.324
         8          0.015       -710.993
         8         0.0153       -674.604
         8         0.0156       -640.052
         8         0.0159       -607.239
         8         0.0162       -576.076
         8         0.0165       -546.478
         8         0.0168       -518.368
         8         0.0171       -491.672
         8         0.0174       -466.319
         8         0.0177       -442.242
         8          0.018       -419.376
         8         0.0183       -397.668
         8         0.0186       -377.059
         8         0.0189       -357.496
         8         0.0192        -338.93
         8         0.0195       -321.321
         8         0.0198       -304.644
         8         0.0201       -288.921
         8         0.0204       -273.996
         8         0.0207       -259.765
         8          0.021       -246.186
         8         0.0213       -233.222
         8         0.0216       -220.832
         8         0.0219        -208.98
         8         0.0222       -197.628
         8         0.0225       -186.749
         8         0.0228       -176.312
         8         0.0231       -166.285
         8         0.0234       -156.637
         8         0.0237       -147.348
         8          0.024       -138.394
         8         0.0243       -129.748
         8         0.0246       -121.391
         8         0.0249       -113.301
         8         0.0252       -105.458
         8         0.0255        -97.844
         8         0.0258        -90.443
         8         0.0261       -83.2405
         8         0.0264       -76.2231
         8         0.0267        -69.375
         8          0.027       -62.6813
         8         0.0273       -56.1292
         8         0.0276       -49.7068
         8         0.0279       -43.4028
         8         0.0282       -37.2066
         8         0.0285        -31.108
         8         0.0288       -25.0975
         8         0.0291        -19.166
         8         0.0294       -13.3053
         8         0.0297       -7.50781
         8           0.03       -1.76778
         8         0.0303              0
         8         0.0306              0
         8         0.0309              0
         8         0.0312              0
         8         0.0315              0
         8         0.0318              0
         8         0.0321              0
         8         0.0324              0
         8         0.0327              0
         8          0.033              0
         8         0.0333              0
         8         0.0336              0
         8         0.0339              0
         8         0.0342              0
         8         0.0345              0
         8         0.0348              0
         8         0.0351              0
         8         0.0354              0
         8         0.0357              0
         8          0.036              0
         8         0.0363              0
         8         0.0366              0
         8         0.0369              0
         8         0.0372              0
         8         0.0375              0
         8         0.0378              0
         8         0.0381              0
         8         0.0384              0
         8         0.0387              0
         8          0.039              0
         8         0.0393              0
         8         0.0396              0
         8         0.0399              0
         8         0.0402              0
         8         0.0405              0
         8         0.0408              0
         8         0.0411              0
         8         0.0414              0
         8         0.0417              0
         8          0.042              0
         8         0.0423              0
         8         0.0426              0
         8         0.0429              0
         8         0.0432              0
         8         0.0435              0
         8         0.0438              0
         8         0.0441              0
         8         0.0444              0
         8         0.0447              0
         8          0.045              0
         8         0.0453              0
         8         0.0456              0
         8         0.0459              0
         8         0.0462              0
         8         0.0465              0
         8         0.0468              0
         8         0.0471              0
         8         0.0474              0
         8         0.0477              0
         9         -0.048              0
         9        -0.0477              0
         9        -0.0474              0
         9        -0.0471              0
         9        -0.0468              0
         9        -0.0465              0
         9        -0.0462              0
         9        -0.0459              0
         9        -0.0456              0
         9        -0.0453              0
         9         -0.045              0
         9        -0.0447              0
         9        -0.0444              0
         9        -0.0441              0
         9        -0.0438              0
         9        -0.0435              0
         9        -0.0432              0
         9        -0.0429              0
         9        -0.0426              0
         9        -0.0423              0
         9         -0.042              0
         9        -0.0417              0
         9        -0.0414              0
         9        -0.0411              0
         9        -0.0408              0
         9        -0.0405              0
         9        -0.0402              0
         9        -0.0399              0
         9        -0.0396              0
         9        -0.0393              0
         9         -0.039              0
         9        -0.0387              0
         9        -0.0384              0
         9        -0.0381              0
         9        -0.0378              0
         9        -0.0375              0
         9        -0.0372              0
         9        -0.0369              0
         9        -0.0366              0
         9        -0.0363              0
         9         -0.036              0
         9        -0.0357              0
         9        -0.0354              0
         9        -0.0351              0
         9        -0.0348              0
         9        -0.0345              0
         9        -0.0342              0
         9        -0.0339              0
         9        -0.0336              0
         9        -0.0333              0
         9         -0.033              0
         9        -0.0327              0
         9        -0.0324              0
         9        -0.0321              0
         9        -0.0318              0
         9        -0.0315              0
         9        -0.0312              0
         9        -0.0309              0
         9        -0.0306              0
         9        -0.0303              0
         9          -0.03       -1.68137
         9        -0.0297       -7.14088
         9        -0.0294       -12.6553
         9        -0.0291       -18.2307
         9        -0.0288       -23.8743
         9        -0.0285       -29.5946
         9        -0.0282       -35.4006
         9        -0.0279       -41.3021
         9        -0.0276       -47.3092
         9        -0.0273       -53.4325
         9         -0.027       -59.6829
         9        -0.0267       -66.0721
         9        -0.0264       -72.6127
         9        -0.0261       -79.3178
         9        -0.0258       -86.2018
         9        -0.0255       -93.2792
         9        -0.0252       -100.566
         9        -0.0249       -108.079
         9        -0.0246       -115.837
         9        -0.0243       -123.857
         9         -0.024       -132.161
         9        -0.0237       -140.771
         9        -0.0234        -149.71
         9        -0.0231       -159.008
         9        -0.0228       -168.686
         9        -0.0225       -178.771
         9        -0.0222       -189.292
         9        -0.0219       -200.279
         9        -0.0216       -211.766
         9        -0.0213        -223.79
         9         -0.021        -236.39
         9        -0.0207       -249.596
         9        -0.0204       -263.451
         9        -0.0201       -277.993
         9        -0.0198       -293.327
         9        -0.0195       -309.618
         9        -0.0192       -326.844
         9        -0.0189       -345.034
         9        -0.0186       -364.227
         9        -0.0183       -384.469
         9         -0.018        -405.81
         9        -0.0177       -428.303
         9        -0.0174       -452.016
         9        -0.0171       -477.012
         9        -0.0168       -503.352
         9        -0.0165       -531.112
         9        -0.0162       -560.361
         9        -0.0159       -591.179
         9        -0.0156       -623.652
         9        -0.0153        -657.87
         9         -0.015       -693.934
         9        -0.0147       -731.949
         9        -0.0144       -772.027
         9        -0.0141       -814.297
         9        -0.0138       -858.897
         9        -0.0135       -905.977
         9        -0.0132       -955.705
         9        -0.0129       -1008.25
         9        -0.0126       -1063.81
         9        -0.0123       -1122.62
         9         -0.012       -1184.92
         9        -0.0117       -1250.98
         9        -0.0114       -1321.11
         9        -0.0111       -1395.67
         9        -0.0108       -1475.03
         9        -0.0105       -1559.64
         9        -0.0102       -1650.03
         9        -0.0099       -1746.76
         9        -0.0096        -1850.5
         9        -0.0093       -1962.05
         9         -0.009       -2082.32
         9        -0.0087       -2212.42
         9        -0.0084       -2353.67
         9        -0.0081       -2507.66
         9        -0.0078       -2676.38
         9        -0.0075       -2862.27
         9        -0.0072       -3068.47
         9        -0.0069       -3299.07
         9        -0.0066       -3559.53
         9        -0.0063       -3857.23
         9         -0.006       -4201.84
         9        -0.0057       -4602.56
         9        -0.0054          -5000
         9        -0.0051          -5000
         9        -0.0048          -5000
         9        -0.0045       -4990.27
         9        -0.0042       -4911.27
         9        -0.0039       -4837.49
         9        -0.0036       -4773.85
         9        -0.0033       -4720.43
         9         -0.003       -4676.25
         9        -0.0027       -4640.11
         9        -0.0024       -4610.68
         9        -0.0021       -4586.69
         9        -0.0018       -4567.06
         9        -0.0015       -4551.01
         9        -0.0012       -4537.83
         9        -0.0009        -4526.7
         9        -0.0006       -4517.47
         9        -0.0003       -4512.12
         9              0        -4512.1
         9         0.0003       -4516.49
         9         0.0006       -4523.68
         9         0.0009       -4533.26
         9         0.0012       -4544.66
         9         0.0015       -4557.98
         9         0.0018       -4573.86
         9         0.0021       -4593.06
         9         0.0024       -4616.49
         9         0.0027       -4645.26
         9          0.003       -4680.66
         9         0.0033       -4724.02
         9         0.0036        -4776.6
         9         0.0039       -4839.37
         9         0.0042       -4912.24
         9         0.0045       -4990.33
         9         0.0048          -5000
         9         0.0051          -5000
         9         0.0054          -5000
         9         0.0057       -4603.65
         9          0.006       -4203.21
         9         0.0063       -3858.93
         9         0.0066       -3561.53
         9         0.0069       -3301.31
         9         0.0072       -3070.92
         9         0.0075       -2864.92
         9         0.0078       -2679.22
         9         0.0081       -2510.68
         9         0.0084       -2356.84
         9         0.0087       -2215.73
         9          0.009       -2085.75
         9         0.0093       -1965.58
         9         0.0096       -1854.13
         9         0.0099       -1750.45
         9         0.0102       -1653.77
         9         0.0105       -1563.43
         9         0.0108       -1478.85
         9         0.0111       -1399.52
         9         0.0114       -1324.99
         9         0.0117       -1254.86
         9          0.012        -1188.8
         9         0.0123       -1126.49
         9         0.0126       -1067.67
         9         0.0129        -1012.1
         9         0.0132        -959.55
         9         0.0135       -909.839
         9         0.0138       -862.776
         9         0.0141        -818.19
         9         0.0144       -775.934
         9         0.0147       -735.875
         9          0.015       -697.877
         9         0.0153       -661.823
         9         0.0156        -627.61
         9         0.0159       -595.136
         9         0.0162        -564.31
         9         0.0165       -535.047
         9         0.0168       -507.268
         9         0.0171       -480.897
         9         0.0174       -455.863
         9         0.0177       -432.098
         9          0.018       -409.543
         9         0.0183       -388.141
         9         0.0186       -367.833
         9         0.0189       -348.559
         9         0.0192       -330.272
         9         0.0195       -312.932
         9         0.0198       -296.512
         9         0.0201       -281.043
         9         0.0204       -266.358
         9         0.0207       -252.369
         9          0.021       -239.055
         9         0.0213       -226.364
         9         0.0216       -214.244
         9         0.0219       -202.655
         9         0.0222       -191.566
         9         0.0225       -180.942
         9         0.0228       -170.753
         9         0.0231       -160.971
         9         0.0234       -151.569
         9         0.0237       -142.521
         9          0.024       -133.804
         9         0.0243       -125.395
         9         0.0246       -117.273
         9         0.0249       -109.419
         9         0.0252       -101.812
         9         0.0255        -94.434
         9         0.0258       -87.2681
         9         0.0261       -80.2982
         9         0.0264       -73.5095
         9         0.0267       -66.8877
         9          0.027       -60.4194
         9         0.0273        -54.092
         9         0.0276       -47.8935
         9         0.0279       -41.8125
         9         0.0282       -35.8383
         9         0.0285       -29.9604
         9         0.0288       -24.1692
         9         0.0291       -18.4557
         9         0.0294       -12.8114
         9         0.0297       -7.22888
         9           0.03       -1.70208
         9         0.0303              0
         9         0.0306              0
         9         0.0309              0
         9         0.0312              0
         9         0.0315              0
         9         0.0318              0
         9         0.0321              0
         9         0.0324              0
         9         0.0327              0
         9          0.033              0
         9         0.0333              0
         9         0.0336              0
         9         0.0339              0
         9         0.0342              0
         9         0.0345              0
         9         0.0348              0
         9         0.0351              0
         9         0.0354              0
         9         0.0357              0
         9          0.036              0
         9         0.0363              0
         9         0.0366              0
         9         0.0369              0
         9         0.0372              0
         9         0.0375              0
         9         0.0378              0
         9         0.0381              0
         9         0.0384              0
         9         0.0387              0
         9          0.039              0
         9         0.0393              0
         9         0.0396              0
         9         0.0399              0
         9         0.0402              0
         9         0.0405              0
         9         0.0408              0
         9         0.0411              0
         9         0.0414              0
         9         0.0417              0
         9          0.042              0
         9         0.0423              0
         9         0.0426              0
         9         0.0429              0
         9         0.0432              0
         9         0.0435              0
         9         0.0438              0
         9         0.0441              0
         9         0.0444              0
         9         0.0447              0
         9          0.045              0
         9         0.0453              0
         9         0.0456              0
         9         0.0459              0
         9         0.0462              0
         9         0.0465              0
         9         0.0468              0
         9         0.0471              0
         9         0.0474              0
         9         0.0477              0
        10         -0.048              0
        10        -0.0477              0
        10        -0.0474              0
        10        -0.0471              0
        10        -0.0468              0
        10        -0.0465              0
        10        -0.0462              0
        10        -0.0459              0
        10        -0.0456              0
        10        -0.0453              0
        10         -0.045              0
        10        -0.0447              0
        10        -0.0444              0
        10        -0.0441              0
        10        -0.0438              0
        10        -0.0435              0
        10        -0.0432              0
        10        -0.0429              0
        10        -0.0426              0
        10        -0.0423              0
        10         -0.042              0
        10        -0.0417              0
        10        -0.0414              0
        10        -0.0411              0
        10        -0.0408              0
        10        -0.0405              0
        10        -0.0402              0
        10        -0.0399              0
        10        -0.0396              0
        10        -0.0393              0
        10         -0.039              0
        10        -0.0387              0
        10        -0.0384              0
        10        -0.0381              0
        10        -0.0378              0
        10        -0.0375              0
        10        -0.0372              0
        10        -0.0369              0
        10        -0.0366              0
        10        -0.0363              0
        10         -0.036              0
        10        -0.0357              0
        10        -0.0354              0
        10        -0.0351              0
        10        -0.0348              0
        10        -0.0345              0
        10        -0.0342              0
        10        -0.0339              0
        10        -0.0336              0
        10        -0.0333              0
        10         -0.033              0
        10        -0.0327              0
        10        -0.0324              0
        10        -0.0321              0
        10        -0.0318              0
        10        -0.0315              0
        10        -0.0312              0
        10        -0.0309              0
        10        -0.0306              0
        10        -0.0303              0
        10          -0.03       -1.73613
        10        -0.0297       -7.37348
        10        -0.0294       -13.0675
        10        -0.0291       -18.8242
        10        -0.0288       -24.6513
        10        -0.0285        -30.557
        10        -0.0282       -36.5507
        10        -0.0279       -42.6424
        10        -0.0276       -48.8425
        10        -0.0273       -55.1616
        10         -0.027       -61.6109
        10        -0.0267       -68.2025
        10        -0.0264        -74.949
        10        -0.0261       -81.8642
        10        -0.0258        -88.964
        10        -0.0255       -96.2638
        10        -0.0252       -103.778
        10        -0.0249       -111.524
        10        -0.0246        -119.52
        10        -0.0243       -127.784
        10         -0.024       -136.339
        10        -0.0237       -145.205
        10        -0.0234       -154.411
        10        -0.0231       -163.981
        10        -0.0228       -173.938
        10        -0.0225       -184.311
        10        -0.0222       -195.129
        10        -0.0219       -206.427
        10        -0.0216       -218.239
        10        -0.0213         -230.6
        10         -0.021       -243.542
        10        -0.0207       -257.103
        10        -0.0204       -271.328
        10        -0.0201       -286.251
        10        -0.0198       -301.977
        10        -0.0195        -318.68
        10        -0.0192       -336.325
        10        -0.0189       -354.938
        10        -0.0186       -374.566
        10        -0.0183       -395.256
        10         -0.018        -417.06
        10        -0.0177        -440.03
        10        -0.0174       -464.229
        10        -0.0171       -489.726
        10        -0.0168       -516.585
        10        -0.0165       -544.872
        10        -0.0162       -574.661
        10        -0.0159        -606.03
        10        -0.0156       -639.065
        10        -0.0153       -673.855
        10         -0.015       -710.493
        10        -0.0147       -749.084
        10        -0.0144       -789.742
        10        -0.0141       -832.587
        10        -0.0138       -877.756
        10        -0.0135       -925.392
        10        -0.0132       -975.661
        10        -0.0129       -1028.74
        10        -0.0126        -1084.8
        10        -0.0123       -1144.09
        10         -0.012       -1206.82
        10        -0.0117       -1273.29
        10        -0.0114       -1343.81
        10        -0.0111        -1418.7
        10        -0.0108       -1498.35
        10        -0.0105       -1583.18
        10        -0.0102       -1673.71
        10        -0.0099       -1770.51
        10        -0.0096       -1874.24
        10        -0.0093       -1985.66
        10         -0.009        -2105.7
        10        -0.0087       -2235.44
        10        -0.0084       -2376.17
        10        -0.0081       -2529.47
        10        -0.0078       -2697.28
        10        -0.0075       -2882.02
        10        -0.0072       -3086.78
        10        -0.0069        -3315.6
        10        -0.0066       -3573.87
        10        -0.0063       -3868.88
        10         -0.006       -4210.17
        10        -0.0057       -4606.81
        10        -0.0054          -5000
        10        -0.0051          -5000
        10        -0.0048          -5000
        10        -0.0045       -4990.88
        10        -0.0042       -4916.89
        10        -0.0039       -4848.29
        10        -0.0036       -4789.84
        10        -0.0033       -4741.68
        10         -0.003       -4702.88
        10        -0.0027        -4672.2
        10        -0.0024       -4648.33
        10        -0.0021       -4629.99
        10        -0.0018       -4615.99
        10        -0.0015       -4605.25
        10        -0.0012       -4596.87
        10        -0.0009       -4590.07
        10        -0.0006       -4584.37
        10        -0.0003       -4580.03
        10              0       -4578.39
        10         0.0003       -4580.83
        10         0.0006       -4585.79
        10         0.0009       -4591.76
        10         0.0012       -4598.65
        10         0.0015       -4606.95
        10         0.0018       -4617.47
        10         0.0021       -4631.22
        10         0.0024        -4649.4
        10         0.0027       -4673.13
        10          0.003       -4703.64
        10         0.0033       -4742.24
        10         0.0036       -4790.22
        10         0.0039       -4848.49
        10         0.0042       -4916.94
        10         0.0045       -4990.83
        10         0.0048          -5000
        10         0.0051          -5000
        10         0.0054          -5000
        10         0.0057       -4607.14
        10          0.006        -4210.2
        10         0.0063       -3868.85
        10         0.0066       -3573.85
        10         0.0069        -3315.6
        10         0.0072       -3086.83
        10         0.0075       -2882.15
        10         0.0078       -2697.54
        10         0.0081       -2529.87
        10         0.0084       -2376.73
        10         0.0087       -2236.16
        10          0.009       -2106.57
        10         0.0093       -1986.66
        10         0.0096       -1875.35
        10         0.0099       -1771.72
        10         0.0102          -1675
        10         0.0105       -1584.54
        10         0.0108       -1499.77
        10         0.0111        -1420.2
        10         0.0114       -1345.37
        10         0.0117       -1274.91
        10          0.012       -1208.47
        10         0.0123       -1145.78
        10         0.0126       -1086.55
        10         0.0129       -1030.54
        10         0.0132       -977.541
        10         0.0135       -927.346
        10         0.0138       -879.776
        10         0.0141       -834.676
        10         0.0144       -791.904
        10         0.0147       -751.317
        10          0.015       -712.789
        10         0.0153       -676.207
        10         0.0156       -641.466
        10         0.0159       -608.471
        10         0.0162       -577.136
        10         0.0165       -547.372
        10         0.0168       -519.104
        10         0.0171       -492.255
        10         0.0174       -466.756
        10         0.0177       -442.537
        10          0.018       -419.534
        10         0.0183       -397.695
        10         0.0186       -376.962
        10         0.0189       -357.279
        10         0.0192       -338.607
        10         0.0195       -320.904
        10         0.0198       -304.143
        10         0.0201       -288.347
        10         0.0204       -273.349
        10         0.0207       -259.048
        10          0.021        -245.41
        10         0.0213       -232.394
        10         0.0216       -219.962
        10         0.0219       -208.075
        10         0.0222         -196.7
        10         0.0225       -185.803
        10         0.0228       -175.354
        10         0.0231       -165.325
        10         0.0234       -155.685
        10         0.0237       -146.406
        10          0.024       -137.465
        10         0.0243       -128.839
        10         0.0246       -120.506
        10         0.0249       -112.444
        10         0.0252       -104.635
        10         0.0255         -97.06
        10         0.0258       -89.7009
        10         0.0261       -82.5417
        10         0.0264       -75.5673
        10         0.0267       -68.7632
        10          0.027       -62.1157
        10         0.0273       -55.6122
        10         0.0276       -49.2402
        10         0.0279       -42.9885
        10         0.0282       -36.8461
        10         0.0285       -30.8026
        10         0.0288       -24.8484
        10         0.0291       -18.9743
        10         0.0294       -13.1714
        10         0.0297       -7.43201
        10           0.03        -1.7499
        10         0.0303              0
        10         0.0306              0
        10         0.0309              0
        10         0.0312              0
        10         0.0315              0
        10         0.0318              0
        10         0.0321              0
        10         0.0324              0
        10         0.0327              0
        10          0.033              0
        10         0.0333              0
        10         0.0336              0
        10         0.0339              0
        10         0.0342              0
        10         0.0345              0
        10         0.0348              0
        10         0.0351              0
        10         0.0354              0
        10         0.0357              0
        10          0.036              0
        10         0.0363              0
        10         0.0366              0
        10         0.0369              0
        10         0.0372              0
        10         0.0375              0
        10         0.0378              0
        10         0.0381              0
        10         0.0384              0
        10         0.0387              0
        10          0.039              0
        10         0.0393              0
        10         0.0396              0
        10         0.0399              0
        10         0.0402              0
        10         0.0405              0
        10         0.0408              0
        10         0.0411              0
        10         0.0414              0
        10         0.0417              0
        10          0.042              0
        10         0.0423              0
        10         0.0426              0
        10         0.0429              0
        10         0.0432              0
        10         0.0435              0
        10         0.0438              0
        10         0.0441              0
        10         0.0444              0
        10         0.0447              0
        10          0.045              0
        10         0.0453              0
        10         0.0456              0
        10         0.0459              0
        10         0.0462              0
        10         0.0465              0
        10         0.0468              0
        10         0.0471              0
        10         0.0474              0
        10         0.0477              0
        11         -0.048              0
        11        -0.0477              0
        11        -0.0474              0
        11        -0.0471              0
        11        -0.0468              0
        11        -0.0465              0
        11        -0.0462              0
        11        -0.0459              0
        11        -0.0456              0
        11        -0.0453              0
        11         -0.045              0
        11        -0.0447              0
        11        -0.0444              0
        11        -0.0441              0
        11        -0.0438              0
        11        -0.0435              0
        11        -0.0432              0
        11        -0.0429              0
        11        -0.0426              0
        11        -0.0423              0
        11         -0.042              0
        11        -0.0417              0
        11        -0.0414              0
        11        -0.0411              0
        11        -0.0408              0
        11        -0.0405              0
        11        -0.0402              0
        11        -0.0399              0
        11        -0.0396              0
        11        -0.0393              0
        11         -0.039              0
        11        -0.0387              0
        11        -0.0384              0
        11        -0.0381              0
        11        -0.0378              0
        11        -0.0375              0
        11        -0.0372              0
        11        -0.0369              0
        11        -0.0366              0
        11        -0.0363              0
        11         -0.036              0
        11        -0.0357              0
        11        -0.0354              0
        11        -0.0351              0
        11        -0.0348              0
        11        -0.0345              0
        11        -0.0342              0
        11        -0.0339              0
        11        -0.0336              0
        11        -0.0333              0
        11         -0.033              0
        11        -0.0327              0
        11        -0.0324              0
        11        -0.0321              0
        11        -0.0318              0
        11        -0.0315              0
        11        -0.0312              0
        11        -0.0309              0
        11        -0.0306              0
        11        -0.0303              0
        11          -0.03       -1.76203
        11        -0.0297       -7.48336
        11        -0.0294       -13.2617
        11        -0.0291       -19.1029
        11        -0.0288       -25.0145
        11        -0.0285       -31.0053
        11        -0.0282       -37.0841
        11        -0.0279       -43.2599
        11        -0.0276       -49.5421
        11        -0.0273       -55.9414
        11         -0.027       -62.4675
        11        -0.0267       -69.1456
        11        -0.0264       -75.9812
        11        -0.0261       -82.9814
        11        -0.0258       -90.1606
        11        -0.0255       -97.5379
        11        -0.0252        -105.13
        11        -0.0249       -112.949
        11        -0.0246       -121.014
        11        -0.0243       -129.344
        11         -0.024        -137.96
        11        -0.0237       -146.883
        11        -0.0234       -156.135
        11        -0.0231       -165.743
        11        -0.0228        -175.73
        11        -0.0225       -186.126
        11        -0.0222       -196.966
        11        -0.0219       -208.277
        11        -0.0216       -220.089
        11        -0.0213       -232.441
        11         -0.021       -245.368
        11        -0.0207        -258.91
        11        -0.0204       -273.103
        11        -0.0201       -287.985
        11        -0.0198       -303.663
        11        -0.0195       -320.318
        11        -0.0192       -337.914
        11        -0.0189       -356.477
        11        -0.0186       -376.049
        11        -0.0183       -396.679
        11         -0.018       -418.419
        11        -0.0177       -441.325
        11        -0.0174       -465.456
        11        -0.0171       -490.873
        11        -0.0168       -517.642
        11        -0.0165       -545.835
        11        -0.0162       -575.525
        11        -0.0159       -606.793
        11        -0.0156       -639.722
        11        -0.0153         -674.4
        11         -0.015       -710.921
        11        -0.0147       -749.387
        11        -0.0144       -789.912
        11        -0.0141        -832.62
        11        -0.0138       -877.644
        11        -0.0135       -925.125
        11        -0.0132       -975.229
        11        -0.0129       -1028.14
        11        -0.0126       -1084.05
        11        -0.0123        -1143.2
        11         -0.012        -1205.8
        11        -0.0117       -1272.13
        11        -0.0114       -1342.49
        11        -0.0111       -1417.23
        11        -0.0108       -1496.73
        11        -0.0105       -1581.44
        11        -0.0102       -1671.83
        11        -0.0099       -1768.51
        11        -0.0096       -1872.12
        11        -0.0093       -1983.44
        11         -0.009       -2103.37
        11        -0.0087       -2233.02
        11        -0.0084       -2373.67
        11        -0.0081       -2526.93
        11        -0.0078       -2694.74
        11        -0.0075       -2879.52
        11        -0.0072        -3084.4
        11        -0.0069       -3313.39
        11        -0.0066        -3571.9
        11        -0.0063       -3867.24
        11         -0.006       -4208.97
        11        -0.0057       -4606.18
        11        -0.0054          -5000
        11        -0.0051          -5000
        11        -0.0048          -5000
        11        -0.0045       -4990.66
        11        -0.0042       -4914.92
        11        -0.0039       -4844.51
        11        -0.0036       -4784.23
        11        -0.0033       -4734.15
        11         -0.003       -4693.27
        11        -0.0027       -4660.43
        11        -0.0024       -4634.28
        11        -0.0021       -4613.47
        11        -0.0018       -4596.92
        11        -0.0015       -4583.59
        11        -0.0012       -4572.63
        11        -0.0009       -4563.39
        11        -0.0006       -4555.55
        11        -0.0003       -4549.84
        11              0       -4548.03
        11         0.0003       -4551.06
        11         0.0006       -4557.81
        11         0.0009       -4566.32
        11         0.0012       -4576.04
        11         0.0015       -4587.06
        11         0.0018       -4600.23
        11         0.0021        -4616.6
        11         0.0024       -4637.14
        11         0.0027       -4662.94
        11          0.003       -4695.35
        11         0.0033       -4735.74
        11         0.0036       -4785.38
        11         0.0039       -4845.23
        11         0.0042       -4915.25
        11         0.0045       -4990.65
        11         0.0048          -5000
        11         0.0051          -5000
        11         0.0054          -5000
        11         0.0057       -4606.69
        11          0.006       -4209.28
        11         0.0063       -3867.54
        11         0.0066       -3572.25
        11         0.0069        -3313.8
        11         0.0072       -3084.88
        11         0.0075       -2880.11
        11         0.0078       -2695.43
        11         0.0081       -2527.75
        11         0.0084       -2374.61
        11         0.0087       -2234.06
        11          0.009        -2104.5
        11         0.0093       -1984.65
        11         0.0096       -1873.41
        11         0.0099       -1769.87
        11         0.0102       -1673.26
        11         0.0105        -1582.9
        11         0.0108       -1498.23
        11         0.0111       -1418.76
        11         0.0114       -1344.04
        11         0.0117       -1273.68
        11          0.012       -1207.36
        11         0.0123       -1144.77
        11         0.0126       -1085.66
        11         0.0129       -1029.78
        11         0.0132       -976.908
        11         0.0135       -926.839
        11         0.0138       -879.406
        11         0.0141       -834.446
        11         0.0144       -791.801
        11         0.0147       -751.334
        11          0.015       -712.926
        11         0.0153       -676.465
        11         0.0156       -641.845
        11         0.0159       -608.967
        11         0.0162       -577.746
        11         0.0165       -548.094
        11         0.0168       -519.929
        11         0.0171       -493.178
        11         0.0174       -467.771
        11         0.0177       -443.643
        11          0.018       -420.732
        11         0.0183       -398.981
        11         0.0186        -378.33
        11         0.0189       -358.725
        11         0.0192       -340.117
        11         0.0195       -322.468
        11         0.0198       -305.755
        11         0.0201       -289.989
        11         0.0204       -275.021
        11         0.0207       -260.756
        11          0.021       -247.153
        11         0.0213       -234.165
        11         0.0216       -221.754
        11         0.0219       -209.883
        11         0.0222       -198.517
        11         0.0225       -187.617
        11         0.0228       -177.152
        11         0.0231       -167.093
        11         0.0234       -157.416
        11         0.0237       -148.093
        11          0.024       -139.102
        11         0.0243       -130.421
        11         0.0246       -122.031
        11         0.0249       -113.908
        11         0.0252        -106.03
        11         0.0255       -98.3805
        11         0.0258       -90.9433
        11         0.0261       -83.7025
        11         0.0264       -76.6431
        11         0.0267       -69.7512
        11          0.027       -63.0143
        11         0.0273       -56.4201
        11         0.0276       -49.9665
        11         0.0279       -43.6311
        11         0.0282        -37.403
        11         0.0285       -31.2727
        11         0.0288       -25.2306
        11         0.0291       -19.2678
        11         0.0294        -13.376
        11         0.0297       -7.54773
        11           0.03       -1.77718
        11         0.0303              0
        11         0.0306              0
        11         0.0309              0
        11         0.0312              0
        11         0.0315              0
        11         0.0318              0
        11         0.0321              0
        11         0.0324              0
        11         0.0327              0
        11          0.033              0
        11         0.0333              0
        11         0.0336              0
        11         0.0339              0
        11         0.0342              0
        11         0.0345              0
        11         0.0348              0
        11         0.0351              0
        11         0.0354              0
        11         0.0357              0
        11          0.036              0
        11         0.0363              0
        11         0.0366              0
        11         0.0369              0
        11         0.0372              0
        11         0.0375              0
        11         0.0378              0
        11         0.0381              0
        11         0.0384              0
        11         0.0387              0
        11          0.039              0
        11         0.0393              0
        11         0.0396              0
        11         0.0399              0
        11         0.0402              0
        11         0.0405              0
        11         0.0408              0
        11         0.0411              0
        11         0.0414              0
        11         0.0417              0
        11          0.042              0
        11         0.0423              0
        11         0.0426              0
        11         0.0429              0
        11         0.0432              0
        11         0.0435              0
        11         0.0438              0
        11         0.0441              0
        11         0.0444              0
        11         0.0447              0
        11          0.045              0
        11         0.0453              0
        11         0.0456              0
        11         0.0459              0
        11         0.0462              0
        11         0.0465              0
        11         0.0468              0
        11         0.0471              0
        11         0.0474              0
        11         0.0477              0
        12         -0.048              0
        12        -0.0477              0
        12        -0.0474              0
        12        -0.0471              0
        12        -0.0468              0
        12        -0.0465              0
        12        -0.0462              0
        12        -0.0459              0
        12        -0.0456              0
        12        -0.0453              0
        12         -0.045              0
        12        -0.0447              0
        12        -0.0444              0
        12        -0.0441              0
        12        -0.0438              0
        12        -0.0435              0
        12        -0.0432              0
        12        -0.0429              0
        12        -0.0426              0
        12        -0.0423              0
        12         -0.042              0
        12        -0.0417              0
        12        -0.0414              0
        12        -0.0411              0
        12        -0.0408              0
        12        -0.0405              0
        12        -0.0402              0
        12        -0.0399              0
        12        -0.0396              0
        12        -0.0393              0
        12         -0.039              0
        12        -0.0387              0
        12        -0.0384              0
        12        -0.0381              0
        12        -0.0378              0
        12        -0.0375              0
        12        -0.0372              0
        12        -0.0369              0
        12        -0.0366              0
        12        -0.0363              0
        12         -0.036              0
        12        -0.0357              0
        12        -0.0354              0
        12        -0.0351              0
        12        -0.0348              0
        12        -0.0345              0
        12        -0.0342              0
        12        -0.0339              0
        12        -0.0336              0
        12        -0.0333              0
        12         -0.033              0
        12        -0.0327              0
        12        -0.0324              0
        12        -0.0321              0
        12        -0.0318              0
        12        -0.0315              0
        12        -0.0312              0
        12        -0.0309              0
        12        -0.0306              0
        12        -0.0303              0
        12          -0.03       -1.74035
        12        -0.0297       -7.39131
        12        -0.0294       -13.0986
        12        -0.0291        -18.868
        12        -0.0288       -24.7068
        12        -0.0285        -30.623
        12        -0.0282       -36.6257
        12        -0.0279       -42.7242
        12        -0.0276       -48.9287
        12        -0.0273       -55.2499
        12         -0.027       -61.6991
        12        -0.0267       -68.2883
        12        -0.0264       -75.0302
        12        -0.0261       -81.9384
        12        -0.0258       -89.0273
        12        -0.0255       -96.3121
        12        -0.0252       -103.809
        12        -0.0249       -111.536
        12        -0.0246       -119.511
        12        -0.0243       -127.754
        12         -0.024       -136.285
        12        -0.0237       -145.129
        12        -0.0234       -154.308
        12        -0.0231       -163.848
        12        -0.0228       -173.775
        12        -0.0225       -184.118
        12        -0.0222       -194.907
        12        -0.0219       -206.173
        12        -0.0216       -217.953
        12        -0.0213       -230.284
        12         -0.021       -243.206
        12        -0.0207       -256.755
        12        -0.0204       -270.965
        12        -0.0201       -285.875
        12        -0.0198       -301.587
        12        -0.0195        -318.27
        12        -0.0192       -335.891
        12        -0.0189       -354.481
        12        -0.0186       -374.084
        12        -0.0183       -394.749
        12         -0.018       -416.527
        12        -0.0177       -439.475
        12        -0.0174        -463.65
        12        -0.0171       -489.114
        12        -0.0168       -515.936
        12        -0.0165       -544.184
        12        -0.0162       -573.932
        12        -0.0159       -605.257
        12        -0.0156       -638.245
        12        -0.0153       -672.987
        12         -0.015       -709.575
        12        -0.0147       -748.113
        12        -0.0144       -788.717
        12        -0.0141       -831.507
        12        -0.0138       -876.622
        12        -0.0135       -924.208
        12        -0.0132       -974.429
        12        -0.0129       -1027.46
        12        -0.0126       -1083.48
        12        -0.0123       -1142.73
        12         -0.012       -1205.44
        12        -0.0117       -1271.88
        12        -0.0114       -1342.34
        12        -0.0111       -1417.18
        12        -0.0108       -1496.76
        12        -0.0105       -1581.55
        12        -0.0102       -1672.02
        12        -0.0099       -1768.77
        12        -0.0096       -1872.45
        12        -0.0093       -1983.83
        12         -0.009       -2103.84
        12        -0.0087       -2233.55
        12        -0.0084       -2374.27
        12        -0.0081       -2527.59
        12        -0.0078       -2695.44
        12        -0.0075       -2880.25
        12        -0.0072       -3085.12
        12        -0.0069       -3314.09
        12        -0.0066       -3572.55
        12        -0.0063       -3867.79
        12         -0.006       -4209.38
        12        -0.0057       -4606.39
        12        -0.0054          -5000
        12        -0.0051          -5000
        12        -0.0048          -5000
        12        -0.0045       -4990.82
        12        -0.0042       -4916.32
        12        -0.0039       -4847.18
        12        -0.0036       -4788.23
        12        -0.0033       -4739.59
        12         -0.003       -4700.34
        12        -0.0027       -4669.24
        12        -0.0024          -4645
        12        -0.0021       -4626.38
        12        -0.0018       -4612.31
        12        -0.0015       -4601.88
        12        -0.0012       -4594.25
        12        -0.0009       -4588.83
        12        -0.0006       -4585.44
        12        -0.0003       -4583.57
        12              0       -4582.84
        12         0.0003       -4583.32
        12         0.0006       -4585.47
        12         0.0009       -4589.43
        12         0.0012       -4595.26
        12         0.0015       -4603.09
        12         0.0018       -4613.61
        12         0.0021       -4627.65
        12         0.0024       -4646.24
        12         0.0027        -4670.4
        12          0.003       -4701.34
        12         0.0033       -4740.42
        12         0.0036       -4788.86
        12         0.0039       -4847.59
        12         0.0042       -4916.48
        12         0.0045       -4990.78
        12         0.0048          -5000
        12         0.0051          -5000
        12         0.0054          -5000
        12         0.0057       -4606.89
        12          0.006       -4209.69
        12         0.0063       -3868.13
        12         0.0066       -3572.96
        12         0.0069        -3314.6
        12         0.0072       -3085.74
        12         0.0075       -2880.99
        12         0.0078       -2696.32
        12         0.0081       -2528.63
        12         0.0084       -2375.46
        12         0.0087       -2234.88
        12          0.009        -2105.3
        12         0.0093       -1985.41
        12         0.0096       -1874.13
        12         0.0099       -1770.54
        12         0.0102       -1673.88
        12         0.0105       -1583.49
        12         0.0108        -1498.8
        12         0.0111        -1419.3
        12         0.0114       -1344.55
        12         0.0117       -1274.15
        12          0.012       -1207.78
        12         0.0123       -1145.13
        12         0.0126       -1085.94
        12         0.0129       -1029.96
        12         0.0132        -976.98
        12         0.0135       -926.812
        12         0.0138       -879.278
        12         0.0141       -834.217
        12         0.0144       -791.477
        12         0.0147       -750.922
        12          0.015       -712.426
        12         0.0153       -675.873
        12         0.0156       -641.159
        12         0.0159        -608.19
        12         0.0162       -576.875
        12         0.0165       -547.135
        12         0.0168       -518.889
        12         0.0171       -492.059
        12         0.0174       -466.573
        12         0.0177       -442.367
        12          0.018       -419.382
        12         0.0183       -397.559
        12         0.0186       -376.835
        12         0.0189       -357.158
        12         0.0192       -338.484
        12         0.0195       -320.772
        12         0.0198       -303.994
        12         0.0201       -288.188
        12         0.0204       -273.198
        12         0.0207       -258.918
        12          0.021       -245.305
        12         0.0213       -232.311
        12         0.0216       -219.898
        12         0.0219       -208.028
        12         0.0222       -196.676
        12         0.0225       -185.806
        12         0.0228       -175.381
        12         0.0231        -165.37
        12         0.0234       -155.746
        12         0.0237       -146.485
        12          0.024       -137.561
        12         0.0243       -128.951
        12         0.0246       -120.633
        12         0.0249       -112.585
        12         0.0252       -104.786
        12         0.0255       -97.2172
        12         0.0258       -89.8625
        12         0.0261       -82.7053
        12         0.0264       -75.7305
        12         0.0267       -68.9238
        12          0.027       -62.2715
        12         0.0273       -55.7608
        12         0.0276       -49.3797
        12         0.0279       -43.1168
        12         0.0282       -36.9613
        12         0.0285       -30.9029
        12         0.0288        -24.932
        12         0.0291       -19.0397
        12         0.0294       -13.2176
        12         0.0297       -7.45836
        12           0.03       -1.75615
        12         0.0303              0
        12         0.0306              0
        12         0.0309              0
        12         0.0312              0
        12         0.0315              0
        12         0.0318              0
        12         0.0321              0
        12         0.0324              0
        12         0.0327              0
        12          0.033              0
        12         0.0333              0
        12         0.0336              0
        12         0.0339              0
        12         0.0342              0
        12         0.0345              0
        12         0.0348              0
        12         0.0351              0
        12         0.0354              0
        12         0.0357              0
        12          0.036              0
        12         0.0363              0
        12         0.0366              0
        12         0.0369              0
        12         0.0372              0
        12         0.0375              0
        12         0.0378              0
        12         0.0381              0
        12         0.0384              0
        12         0.0387              0
        12          0.039              0
        12         0.0393              0
        12         0.0396              0
        12         0.0399              0
        12         0.0402              0
        12         0.0405              0
        12         0.0408              0
        12         0.0411              0
        12         0.0414              0
        12         0.0417              0
        12          0.042              0
        12         0.0423              0
        12         0.0426              0
        12         0.0429              0
        12         0.0432              0
        12         0.0435              0
        12         0.0438              0
        12         0.0441              0
        12         0.0444              0
        12         0.0447              0
        12          0.045              0
        12         0.0453              0
        12         0.0456              0
        12         0.0459              0
        12         0.0462              0
        12         0.0465              0
        12         0.0468              0
        12         0.0471              0
        12         0.0474              0
        12         0.0477              0
        13         -0.048              0
        13        -0.0477              0
        13        -0.0474              0
        13        -0.0471              0
        13        -0.0468              0
        13        -0.0465              0
        13        -0.0462              0
        13        -0.0459              0
        13        -0.0456              0
        13        -0.0453              0
        13         -0.045              0
        13        -0.0447              0
        13        -0.0444              0
        13        -0.0441              0
        13        -0.0438              0
        13        -0.0435              0
        13        -0.0432              0
        13        -0.0429              0
        13        -0.0426              0
        13        -0.0423              0
        13         -0.042              0
        13        -0.0417              0
        13        -0.0414              0
        13        -0.0411              0
        13        -0.0408              0
        13        -0.0405              0
        13        -0.0402              0
        13        -0.0399              0
        13        -0.0396              0
        13        -0.0393              0
        13         -0.039              0
        13        -0.0387              0
        13        -0.0384              0
        13        -0.0381              0
        13        -0.0378              0
        13        -0.0375              0
        13        -0.0372              0
        13        -0.0369              0
        13        -0.0366              0
        13        -0.0363              0
        13         -0.036              0
        13        -0.0357              0
        13        -0.0354              0
        13        -0.0351              0
        13        -0.0348              0
        13        -0.0345              0
        13        -0.0342              0
        13        -0.0339              0
        13        -0.0336              0
        13        -0.0333              0
        13         -0.033              0
        13        -0.0327              0
        13        -0.0324              0
        13        -0.0321              0
        13        -0.0318              0
        13        -0.0315              0
        13        -0.0312              0
        13        -0.0309              0
        13        -0.0306              0
        13        -0.0303              0
        13          -0.03       -1.74339
        13        -0.0297       -7.40428
        13        -0.0294       -13.1219
        13        -0.0291       -18.9024
        13        -0.0288       -24.7531
        13        -0.0285       -30.6826
        13        -0.0282          -36.7
        13        -0.0279       -42.8154
        13        -0.0276       -49.0393
        13        -0.0273       -55.3834
        13         -0.027       -61.8595
        13        -0.0267       -68.4788
        13        -0.0264       -75.2537
        13        -0.0261       -82.1979
        13        -0.0258       -89.3256
        13        -0.0255       -96.6523
        13        -0.0252       -104.194
        13        -0.0249       -111.969
        13        -0.0246       -119.995
        13        -0.0243       -128.292
        13         -0.024       -136.881
        13        -0.0237       -145.784
        13        -0.0234       -155.025
        13        -0.0231       -164.628
        13        -0.0228       -174.619
        13        -0.0225        -185.03
        13        -0.0222        -195.89
        13        -0.0219       -207.231
        13        -0.0216       -219.084
        13        -0.0213       -231.486
        13         -0.021       -244.474
        13        -0.0207       -258.085
        13        -0.0204       -272.361
        13        -0.0201       -287.344
        13        -0.0198       -303.131
        13        -0.0195       -319.876
        13        -0.0192       -337.564
        13        -0.0189       -356.224
        13        -0.0186       -375.897
        13        -0.0183       -396.636
        13         -0.018       -418.489
        13        -0.0177       -441.511
        13        -0.0174       -465.761
        13        -0.0171       -491.301
        13        -0.0168       -518.198
        13        -0.0165        -546.52
        13        -0.0162       -576.338
        13        -0.0159       -607.733
        13        -0.0156       -640.791
        13        -0.0153       -675.603
        13         -0.015       -712.262
        13        -0.0147       -750.874
        13        -0.0144       -791.545
        13        -0.0141       -834.392
        13        -0.0138        -879.55
        13        -0.0135       -927.167
        13        -0.0132       -977.409
        13        -0.0129       -1030.45
        13        -0.0126        -1086.5
        13        -0.0123       -1145.75
        13         -0.012       -1208.46
        13        -0.0117       -1274.88
        13        -0.0114       -1345.33
        13        -0.0111       -1420.14
        13        -0.0108       -1499.69
        13        -0.0105       -1584.42
        13        -0.0102       -1674.86
        13        -0.0099       -1771.55
        13        -0.0096       -1875.17
        13        -0.0093       -1986.48
        13         -0.009       -2106.39
        13        -0.0087       -2235.98
        13        -0.0084       -2376.57
        13        -0.0081       -2529.74
        13        -0.0078       -2697.43
        13        -0.0075       -2882.06
        13        -0.0072       -3086.74
        13        -0.0069       -3315.49
        13        -0.0066       -3573.71
        13        -0.0063       -3868.69
        13         -0.006       -4209.98
        13        -0.0057       -4606.67
        13        -0.0054          -5000
        13        -0.0051          -5000
        13        -0.0048          -5000
        13        -0.0045       -4990.73
        13        -0.0042       -4915.58
        13        -0.0039        -4845.8
        13        -0.0036       -4786.17
        13        -0.0033       -4736.83
        13         -0.003       -4696.78
        13        -0.0027       -4664.84
        13        -0.0024       -4639.66
        13        -0.0021       -4619.94
        13        -0.0018        -4604.5
        13        -0.0015        -4592.2
        13        -0.0012       -4582.15
        13        -0.0009       -4573.68
        13        -0.0006       -4566.54
        13        -0.0003       -4561.59
        13              0       -4560.37
        13         0.0003       -4563.76
        13         0.0006       -4569.97
        13         0.0009       -4577.61
        13         0.0012       -4586.35
        13         0.0015       -4596.31
        13         0.0018       -4608.23
        13         0.0021       -4623.18
        13         0.0024       -4642.35
        13         0.0027       -4666.98
        13          0.003       -4698.41
        13         0.0033       -4738.04
        13         0.0036       -4787.04
        13         0.0039       -4846.35
        13         0.0042       -4915.85
        13         0.0045       -4990.72
        13         0.0048          -5000
        13         0.0051          -5000
        13         0.0054          -5000
        13         0.0057        -4607.2
        13          0.006       -4210.31
        13         0.0063          -3869
        13         0.0066       -3574.06
        13         0.0069        -3315.9
        13         0.0072       -3087.22
        13         0.0075       -2882.64
        13         0.0078       -2698.11
        13         0.0081       -2530.54
        13         0.0084       -2377.48
        13         0.0087       -2236.99
        13          0.009       -2107.48
        13         0.0093       -1987.66
        13         0.0096       -1876.43
        13         0.0099       -1772.89
        13         0.0102       -1676.27
        13         0.0105       -1585.89
        13         0.0108       -1501.18
        13         0.0111       -1421.66
        13         0.0114       -1346.89
        13         0.0117       -1276.47
        13          0.012       -1210.08
        13         0.0123       -1147.41
        13         0.0126       -1088.19
        13         0.0129       -1032.19
        13         0.0132       -979.206
        13         0.0135       -929.031
        13         0.0138       -881.489
        13         0.0141       -836.413
        13         0.0144        -793.65
        13         0.0147       -753.065
        13          0.015       -714.532
        13         0.0153        -677.94
        13         0.0156       -643.185
        13         0.0159       -610.173
        13         0.0162       -578.813
        13         0.0165        -549.02
        13         0.0168       -520.717
        13         0.0171       -493.831
        13         0.0174        -468.29
        13         0.0177        -444.03
        13          0.018       -420.989
        13         0.0183       -399.107
        13         0.0186       -378.334
        13         0.0189       -358.615
        13         0.0192       -339.899
        13         0.0195       -322.145
        13         0.0198       -305.328
        13         0.0201       -289.463
        13         0.0204       -274.408
        13         0.0207       -260.065
        13          0.021       -246.391
        13         0.0213       -233.343
        13         0.0216       -220.878
        13         0.0219       -208.957
        13         0.0222       -197.546
        13         0.0225       -186.613
        13         0.0228       -176.127
        13         0.0231       -166.061
        13         0.0234       -156.386
        13         0.0237       -147.075
        13          0.024       -138.101
        13         0.0243       -129.441
        13         0.0246       -121.074
        13         0.0249        -112.98
        13         0.0252       -105.139
        13         0.0255       -97.5318
        13         0.0258        -90.142
        13         0.0261       -82.9523
        13         0.0264       -75.9473
        13         0.0267        -69.113
        13          0.027       -62.4355
        13         0.0273       -55.9018
        13         0.0276       -49.4997
        13         0.0279       -43.2177
        13         0.0282       -37.0448
        13         0.0285       -30.9705
        13         0.0288       -24.9851
        13         0.0291       -19.0793
        13         0.0294       -13.2445
        13         0.0297       -7.47339
        13           0.03       -1.75965
        13         0.0303              0
        13         0.0306              0
        13         0.0309              0
        13         0.0312              0
        13         0.0315              0
        13         0.0318              0
        13         0.0321              0
        13         0.0324              0
        13         0.0327              0
        13          0.033              0
        13         0.0333              0
        13         0.0336              0
        13         0.0339              0
        13         0.0342              0
        13         0.0345              0
        13         0.0348              0
        13         0.0351              0
        13         0.0354              0
        13         0.0357              0
        13          0.036              0
        13         0.0363              0
        13         0.0366              0
        13         0.0369              0
        13         0.0372              0
        13         0.0375              0
        13         0.0378              0
        13         0.0381              0
        13         0.0384              0
        13         0.0387              0
        13          0.039              0
        13         0.0393              0
        13         0.0396              0
        13         0.0399              0
        13         0.0402              0
        13         0.0405              0
        13         0.0408              0
        13         0.0411              0
        13         0.0414              0
        13         0.0417              0
        13          0.042              0
        13         0.0423              0
        13         0.0426              0
        13         0.0429              0
        13         0.0432              0
        13         0.0435              0
        13         0.0438              0
        13         0.0441              0
        13         0.0444              0
        13         0.0447              0
        13          0.045              0
        13         0.0453              0
        13         0.0456              0
        13         0.0459              0
        13         0.0462              0
        13         0.0465              0
        13         0.0468              0
        13         0.0471              0
        13         0.0474              0
        13         0.0477              0
        14         -0.048              0
        14        -0.0477              0
        14        -0.0474              0
        14        -0.0471              0
        14        -0.0468              0
        14        -0.0465              0
        14        -0.0462              0
        14        -0.0459              0
        14        -0.0456              0
        14        -0.0453              0
        14         -0.045              0
        14        -0.0447              0
        14        -0.0444              0
        14        -0.0441              0
        14        -0.0438              0
        14        -0.0435              0
        14        -0.0432              0
        14        -0.0429              0
        14        -0.0426              0
        14        -0.0423              0
        14         -0.042              0
        14        -0.0417              0
        14        -0.0414              0
        14        -0.0411              0
        14        -0.0408              0
        14        -0.0405              0
        14        -0.0402              0
        14        -0.0399              0
        14        -0.0396              0
        14        -0.0393              0
        14         -0.039              0
        14        -0.0387              0
        14        -0.0384              0
        14        -0.0381              0
        14        -0.0378              0
        14        -0.0375              0
        14        -0.0372              0
        14        -0.0369              0
        14        -0.0366              0
        14        -0.0363              0
        14         -0.036              0
        14        -0.0357              0
        14        -0.0354              0
        14        -0.0351              0
        14        -0.0348              0
        14        -0.0345              0
        14        -0.0342              0
        14        -0.0339              0
        14        -0.0336              0
        14        -0.0333              0
        14         -0.033              0
        14        -0.0327              0
        14        -0.0324              0
        14        -0.0321              0
        14        -0.0318              0
        14        -0.0315              0
        14        -0.0312              0
        14        -0.0309              0
        14        -0.0306              0
        14        -0.0303              0
        14          -0.03       -1.74076
        14        -0.0297       -7.39293
        14        -0.0294       -13.1011
        14        -0.0291       -18.8707
        14        -0.0288       -24.7087
        14        -0.0285       -30.6232
        14        -0.0282       -36.6249
        14        -0.0279       -42.7223
        14        -0.0276       -48.9239
        14        -0.0273       -55.2401
        14         -0.027       -61.6818
        14        -0.0267       -68.2607
        14        -0.0264       -74.9892
        14        -0.0261       -81.8799
        14        -0.0258       -88.9459
        14        -0.0255       -96.2111
        14        -0.0252       -103.685
        14        -0.0249       -111.383
        14        -0.0246       -119.322
        14        -0.0243       -127.522
        14         -0.024       -136.004
        14        -0.0237       -144.789
        14        -0.0234         -153.9
        14        -0.0231       -163.362
        14        -0.0228       -173.205
        14        -0.0225       -183.455
        14        -0.0222       -194.143
        14        -0.0219       -205.299
        14        -0.0216       -216.958
        14        -0.0213       -229.155
        14         -0.021       -241.927
        14        -0.0207       -255.316
        14        -0.0204       -269.362
        14        -0.0201       -284.103
        14        -0.0198       -299.637
        14        -0.0195       -316.125
        14        -0.0192       -333.542
        14        -0.0189       -351.921
        14        -0.0186       -371.304
        14        -0.0183       -391.741
        14         -0.018       -413.282
        14        -0.0177       -435.984
        14        -0.0174       -459.907
        14        -0.0171       -485.115
        14        -0.0168       -511.673
        14        -0.0165        -539.65
        14        -0.0162       -569.123
        14        -0.0159        -600.17
        14        -0.0156       -632.874
        14        -0.0153       -667.327
        14         -0.015       -703.625
        14        -0.0147       -741.871
        14        -0.0144       -782.179
        14        -0.0141       -824.674
        14        -0.0138       -869.491
        14        -0.0135       -916.775
        14        -0.0132       -966.689
        14        -0.0129       -1019.41
        14        -0.0126       -1075.15
        14        -0.0123       -1134.12
        14         -0.012       -1196.57
        14        -0.0117       -1262.77
        14        -0.0114       -1333.02
        14        -0.0111       -1407.66
        14        -0.0108       -1487.09
        14        -0.0105       -1571.73
        14        -0.0102        -1662.1
        14        -0.0099       -1758.78
        14        -0.0096       -1862.43
        14        -0.0093       -1973.82
        14         -0.009       -2093.89
        14        -0.0087       -2223.71
        14        -0.0084       -2364.62
        14        -0.0081        -2518.2
        14        -0.0078       -2686.42
        14        -0.0075       -2871.71
        14        -0.0072       -3077.19
        14        -0.0069       -3306.92
        14        -0.0066       -3566.32
        14        -0.0063       -3862.74
        14         -0.006       -4205.78
        14        -0.0057       -4604.57
        14        -0.0054          -5000
        14        -0.0051          -5000
        14        -0.0048          -5000
        14        -0.0045        -4990.5
        14        -0.0042       -4913.39
        14        -0.0039       -4841.54
        14        -0.0036        -4779.8
        14        -0.0033       -4728.27
        14         -0.003       -4685.98
        14        -0.0027       -4651.68
        14        -0.0024       -4623.94
        14        -0.0021       -4601.43
        14        -0.0018        -4583.1
        14        -0.0015       -4567.97
        14        -0.0012       -4555.23
        14        -0.0009       -4544.65
        14        -0.0006       -4536.43
        14        -0.0003        -4530.9
        14              0       -4528.58
        14         0.0003       -4530.77
        14         0.0006       -4538.28
        14         0.0009       -4548.32
        14         0.0012       -4559.63
        14         0.0015        -4572.5
        14         0.0018       -4587.55
        14         0.0021       -4605.61
        14         0.0024       -4627.71
        14         0.0027       -4655.06
        14          0.003       -4688.94
        14         0.0033       -4730.71
        14         0.0036       -4781.65
        14         0.0039       -4842.76
        14         0.0042       -4913.99
        14         0.0045       -4990.52
        14         0.0048          -5000
        14         0.0051          -5000
        14         0.0054          -5000
        14         0.0057        -4605.2
        14          0.006       -4206.32
        14         0.0063       -3863.37
        14         0.0066       -3567.07
        14         0.0069       -3307.79
        14         0.0072       -3078.19
        14         0.0075       -2872.85
        14         0.0078       -2687.72
        14         0.0081       -2519.65
        14         0.0084       -2366.19
        14         0.0087       -2225.38
        14          0.009       -2095.64
        14         0.0093       -1975.66
        14         0.0096       -1864.34
        14         0.0099       -1760.75
        14         0.0102       -1664.12
        14         0.0105       -1573.79
        14         0.0108       -1489.17
        14         0.0111       -1409.77
        14         0.0114       -1335.14
        14         0.0117        -1264.9
        14          0.012       -1198.71
        14         0.0123       -1136.27
        14         0.0126        -1077.3
        14         0.0129       -1021.58
        14         0.0132       -968.884
        14         0.0135       -919.001
        14         0.0138        -871.75
        14         0.0141       -826.971
        14         0.0144       -784.516
        14         0.0147       -744.247
        14          0.015       -706.038
        14         0.0153       -669.774
        14         0.0156       -635.351
        14         0.0159       -602.669
        14         0.0162       -571.639
        14         0.0165       -542.177
        14         0.0168       -514.204
        14         0.0171       -487.645
        14         0.0174       -462.426
        14         0.0177       -438.483
        14          0.018       -415.756
        14         0.0183       -394.181
        14         0.0186       -373.698
        14         0.0189       -354.256
        14         0.0192       -335.807
        14         0.0195        -318.31
        14         0.0198       -301.741
        14         0.0201       -286.135
        14         0.0204       -271.343
        14         0.0207       -257.249
        14          0.021       -243.804
        14         0.0213       -230.974
        14         0.0216        -218.71
        14         0.0219       -206.977
        14         0.0222       -195.748
        14         0.0225       -184.988
        14         0.0228       -174.662
        14         0.0231       -164.741
        14         0.0234         -155.2
        14         0.0237        -146.01
        14          0.024       -137.149
        14         0.0243       -128.593
        14         0.0246       -120.321
        14         0.0249       -112.311
        14         0.0252       -104.545
        14         0.0255       -97.0073
        14         0.0258       -89.6831
        14         0.0261       -82.5529
        14         0.0264       -75.6013
        14         0.0267       -68.8142
        14          0.027       -62.1786
        14         0.0273        -55.682
        14         0.0276       -49.3128
        14         0.0279       -43.0597
        14         0.0282       -36.9123
        14         0.0285       -30.8617
        14         0.0288       -24.9002
        14         0.0291       -19.0165
        14         0.0294        -13.202
        14         0.0297       -7.44977
        14           0.03       -1.75415
        14         0.0303              0
        14         0.0306              0
        14         0.0309              0
        14         0.0312              0
        14         0.0315              0
        14         0.0318              0
        14         0.0321              0
        14         0.0324              0
        14         0.0327              0
        14          0.033              0
        14         0.0333              0
        14         0.0336              0
        14         0.0339              0
        14         0.0342              0
        14         0.0345              0
        14         0.0348              0
        14         0.0351              0
        14         0.0354              0
        14         0.0357              0
        14          0.036              0
        14         0.0363              0
        14         0.0366              0
        14         0.0369              0
        14         0.0372              0
        14         0.0375              0
        14         0.0378              0
        14         0.0381              0
        14         0.0384              0
        14         0.0387              0
        14          0.039              0
        14         0.0393              0
        14         0.0396              0
        14         0.0399              0
        14         0.0402              0
        14         0.0405              0
        14         0.0408              0
        14         0.0411              0
        14         0.0414              0
        14         0.0417              0
        14          0.042              0
        14         0.0423              0
        14         0.0426              0
        14         0.0429              0
        14         0.0432              0
        14         0.0435              0
        14         0.0438              0
        14         0.0441              0
        14         0.0444              0
        14         0.0447              0
        14          0.045              0
        14         0.0453              0
        14         0.0456              0
        14         0.0459              0
        14         0.0462              0
        14         0.0465              0
        14         0.0468              0
        14         0.0471              0
        14         0.0474              0
        14         0.0477              0
        15         -0.048              0
        15        -0.0477              0
        15        -0.0474              0
        15        -0.0471              0
        15        -0.0468              0
        15        -0.0465              0
        15        -0.0462              0
        15        -0.0459              0
        15        -0.0456              0
        15        -0.0453              0
        15         -0.045              0
        15        -0.0447              0
        15        -0.0444              0
        15        -0.0441              0
        15        -0.0438              0
        15        -0.0435              0
        15        -0.0432              0
        15        -0.0429              0
        15        -0.0426              0
        15        -0.0423              0
        15         -0.042              0
        15        -0.0417              0
        15        -0.0414              0
        15        -0.0411              0
        15        -0.0408              0
        15        -0.0405              0
        15        -0.0402              0
        15        -0.0399              0
        15        -0.0396              0
        15        -0.0393              0
        15         -0.039              0
        15        -0.0387              0
        15        -0.0384              0
        15        -0.0381              0
        15        -0.0378              0
        15        -0.0375              0
        15        -0.0372              0
        15        -0.0369              0
        15        -0.0366              0
        15        -0.0363              0
        15         -0.036              0
        15        -0.0357              0
        15        -0.0354              0
        15        -0.0351              0
        15        -0.0348              0
        15        -0.0345              0
        15        -0.0342              0
        15        -0.0339              0
        15        -0.0336              0
        15        -0.0333              0
        15         -0.033              0
        15        -0.0327              0
        15        -0.0324              0
        15        -0.0321              0
        15        -0.0318              0
        15        -0.0315              0
        15        -0.0312              0
        15        -0.0309              0
        15        -0.0306              0
        15        -0.0303              0
        15          -0.03        -1.7325
        15        -0.0297       -7.35811
        15        -0.0294       -13.0404
        15        -0.0291       -18.7856
        15        -0.0288       -24.6011
        15        -0.0285       -30.4955
        15        -0.0282       -36.4779
        15        -0.0279       -42.5581
        15        -0.0276       -48.7466
        15        -0.0273       -55.0543
        15         -0.027       -61.4928
        15        -0.0267       -68.0745
        15        -0.0264       -74.8122
        15        -0.0261       -81.7197
        15        -0.0258       -88.8116
        15        -0.0255       -96.1033
        15        -0.0252       -103.611
        15        -0.0249       -111.353
        15        -0.0246       -119.347
        15        -0.0243       -127.612
        15         -0.024       -136.169
        15        -0.0237       -145.039
        15        -0.0234       -154.249
        15        -0.0231       -163.822
        15        -0.0228       -173.783
        15        -0.0225       -184.161
        15        -0.0222       -194.985
        15        -0.0219       -206.293
        15        -0.0216       -218.121
        15        -0.0213       -230.499
        15         -0.021       -243.467
        15        -0.0207       -257.059
        15        -0.0204       -271.315
        15        -0.0201       -286.264
        15        -0.0198       -302.012
        15        -0.0195       -318.771
        15        -0.0192       -336.484
        15        -0.0189       -355.172
        15        -0.0186       -374.877
        15        -0.0183       -395.649
        15         -0.018       -417.538
        15        -0.0177       -440.598
        15        -0.0174       -464.889
        15        -0.0171       -490.472
        15        -0.0168       -517.413
        15        -0.0165       -545.782
        15        -0.0162       -575.651
        15        -0.0159       -607.098
        15        -0.0156       -640.206
        15        -0.0153       -675.064
        15         -0.015       -711.778
        15        -0.0147       -750.447
        15        -0.0144       -791.179
        15        -0.0141       -834.097
        15        -0.0138       -879.333
        15        -0.0135       -927.038
        15        -0.0132       -977.372
        15        -0.0129        -1030.5
        15        -0.0126       -1086.63
        15        -0.0123       -1145.96
        15         -0.012       -1208.75
        15        -0.0117       -1275.26
        15        -0.0114        -1345.8
        15        -0.0111       -1420.69
        15        -0.0108       -1500.33
        15        -0.0105       -1585.15
        15        -0.0102       -1675.65
        15        -0.0099       -1772.41
        15        -0.0096        -1876.1
        15        -0.0093       -1987.48
        15         -0.009       -2107.46
        15        -0.0087       -2237.13
        15        -0.0084       -2377.78
        15        -0.0081       -2530.99
        15        -0.0078        -2698.7
        15        -0.0075       -2883.34
        15        -0.0072       -3087.99
        15        -0.0069       -3316.68
        15        -0.0066        -3574.8
        15        -0.0063       -3869.62
        15         -0.006       -4210.69
        15        -0.0057       -4607.05
        15        -0.0054          -5000
        15        -0.0051          -5000
        15        -0.0048          -5000
        15        -0.0045        -4990.9
        15        -0.0042       -4917.12
        15        -0.0039       -4848.75
        15        -0.0036       -4790.52
        15        -0.0033       -4742.57
        15         -0.003          -4704
        15        -0.0027       -4673.59
        15        -0.0024       -4650.07
        15        -0.0021       -4632.17
        15        -0.0018       -4618.77
        15        -0.0015       -4608.91
        15        -0.0012       -4601.77
        15        -0.0009       -4596.68
        15        -0.0006       -4593.15
        15        -0.0003       -4591.11
        15              0       -4590.55
        15         0.0003       -4591.44
        15         0.0006       -4593.89
        15         0.0009       -4597.82
        15         0.0012       -4603.18
        15         0.0015       -4610.39
        15         0.0018       -4620.22
        15         0.0021       -4633.52
        15         0.0024       -4651.29
        15         0.0027       -4674.64
        15          0.003       -4704.82
        15         0.0033       -4743.16
        15         0.0036       -4790.88
        15         0.0039       -4848.92
        15         0.0042       -4917.17
        15         0.0045       -4990.86
        15         0.0048          -5000
        15         0.0051          -5000
        15         0.0054          -5000
        15         0.0057       -4607.44
        15          0.006       -4210.79
        15         0.0063       -3869.68
        15         0.0066       -3574.89
        15         0.0069       -3316.82
        15         0.0072       -3088.21
        15         0.0075       -2883.66
        15         0.0078       -2699.16
        15         0.0081       -2531.59
        15         0.0084       -2378.53
        15         0.0087       -2238.01
        15          0.009       -2108.46
        15         0.0093       -1988.58
        15         0.0096       -1877.29
        15         0.0099       -1773.69
        15         0.0102          -1677
        15         0.0105       -1586.56
        15         0.0108       -1501.79
        15         0.0111       -1422.21
        15         0.0114       -1347.37
        15         0.0117       -1276.89
        15          0.012       -1210.42
        15         0.0123       -1147.68
        15         0.0126        -1088.4
        15         0.0129       -1032.34
        15         0.0132       -979.283
        15         0.0135       -929.037
        15         0.0138       -881.425
        15         0.0141       -836.279
        15         0.0144       -793.453
        15         0.0147       -752.808
        15          0.015        -714.22
        15         0.0153       -677.582
        15         0.0156       -642.785
        15         0.0159        -609.73
        15         0.0162       -578.329
        15         0.0165         -548.5
        15         0.0168       -520.162
        15         0.0171       -493.241
        15         0.0174       -467.665
        15         0.0177       -443.371
        15          0.018       -420.295
        15         0.0183       -398.382
        15         0.0186       -377.574
        15         0.0189       -357.814
        15         0.0192       -339.058
        15         0.0195       -321.268
        15         0.0198       -304.416
        15         0.0201       -288.525
        15         0.0204       -273.452
        15         0.0207       -259.099
        15          0.021       -245.419
        15         0.0213       -232.366
        15         0.0216       -219.902
        15         0.0219       -207.998
        15         0.0222       -196.608
        15         0.0225       -185.695
        15         0.0228       -175.232
        15         0.0231       -165.191
        15         0.0234       -155.546
        15         0.0237       -146.265
        15          0.024       -137.322
        15         0.0243       -128.695
        15         0.0246       -120.362
        15         0.0249         -112.3
        15         0.0252       -104.495
        15         0.0255       -96.9273
        15         0.0258       -89.5753
        15         0.0261       -82.4233
        15         0.0264       -75.4563
        15         0.0267       -68.6599
        15          0.027       -62.0202
        15         0.0273       -55.5246
        15         0.0276        -49.161
        15         0.0279       -42.9185
        15         0.0282        -36.786
        15         0.0285        -30.753
        15         0.0288        -24.809
        15         0.0291       -18.9445
        15         0.0294       -13.1508
        15         0.0297       -7.42044
        15           0.03       -1.74718
        15         0.0303              0
        15         0.0306              0
        15         0.0309              0
        15         0.0312              0
        15         0.0315              0
        15         0.0318              0
        15         0.0321              0
        15         0.0324              0
        15         0.0327              0
        15          0.033              0
        15         0.0333              0
        15         0.0336              0
        15         0.0339              0
        15         0.0342              0
        15         0.0345              0
        15         0.0348              0
        15         0.0351              0
        15         0.0354              0
        15         0.0357              0
        15          0.036              0
        15         0.0363              0
        15         0.0366              0
        15         0.0369              0
        15         0.0372              0
        15         0.0375              0
        15         0.0378              0
        15         0.0381              0
        15         0.0384              0
        15         0.0387              0
        15          0.039              0
        15         0.0393              0
        15         0.0396              0
        15         0.0399              0
        15         0.0402              0
        15         0.0405              0
        15         0.0408              0
        15         0.0411              0
        15         0.0414              0
        15         0.0417              0
        15          0.042              0
        15         0.0423              0
        15         0.0426              0
        15         0.0429              0
        15         0.0432              0
        15         0.0435              0
        15         0.0438              0
        15         0.0441              0
        15         0.0444              0
        15         0.0447              0
        15          0.045              0
        15         0.0453              0
        15         0.0456              0
        15         0.0459              0
        15         0.0462              0
        15         0.0465              0
        15         0.0468              0
        15         0.0471              0
        15         0.0474              0
        15         0.0477              0
        16         -0.048              0
        16        -0.0477              0
        16        -0.0474              0
        16        -0.0471              0
        16        -0.0468              0
        16        -0.0465              0
        16        -0.0462              0
        16        -0.0459              0
        16        -0.0456              0
        16        -0.0453              0
        16         -0.045              0
        16        -0.0447              0
        16        -0.0444              0
        16        -0.0441              0
        16        -0.0438              0
        16        -0.0435              0
        16        -0.0432              0
        16        -0.0429              0
        16        -0.0426              0
        16        -0.0423              0
        16         -0.042              0
        16        -0.0417              0
        16        -0.0414              0
        16        -0.0411              0
        16        -0.0408              0
        16        -0.0405              0
        16        -0.0402              0
        16        -0.0399              0
        16        -0.0396              0
        16        -0.0393              0
        16         -0.039              0
        16        -0.0387              0
        16        -0.0384              0
        16        -0.0381              0
        16        -0.0378              0
        16        -0.0375              0
        16        -0.0372              0
        16        -0.0369              0
        16        -0.0366              0
        16        -0.0363              0
        16         -0.036              0
        16        -0.0357              0
        16        -0.0354              0
        16        -0.0351              0
        16        -0.0348              0
        16        -0.0345              0
        16        -0.0342              0
        16        -0.0339              0
        16        -0.0336              0
        16        -0.0333              0
        16         -0.033              0
        16        -0.0327              0
        16        -0.0324              0
        16        -0.0321              0
        16        -0.0318              0
        16        -0.0315              0
        16        -0.0312              0
        16        -0.0309              0
        16        -0.0306              0
        16        -0.0303              0
        16          -0.03       -1.75809
        16        -0.0297       -7.46675
        16        -0.0294       -13.2327
        16        -0.0291       -19.0623
        16        -0.0288       -24.9629
        16        -0.0285       -30.9431
        16        -0.0282       -37.0121
        16        -0.0279       -43.1795
        16        -0.0276       -49.4553
        16        -0.0273       -55.8498
        16         -0.027       -62.3836
        16        -0.0267       -69.0602
        16        -0.0264       -75.8925
        16        -0.0261       -82.8942
        16        -0.0258       -90.0794
        16        -0.0255       -97.4626
        16        -0.0252       -105.067
        16        -0.0249       -112.902
        16        -0.0246       -120.991
        16        -0.0243       -129.351
        16         -0.024       -137.999
        16        -0.0237       -146.956
        16        -0.0234       -156.255
        16        -0.0231       -165.914
        16        -0.0228        -175.96
        16        -0.0225       -186.423
        16        -0.0222       -197.331
        16        -0.0219       -208.713
        16        -0.0216       -220.608
        16        -0.0213       -233.054
        16         -0.021       -246.084
        16        -0.0207       -259.732
        16        -0.0204       -274.037
        16        -0.0201       -289.038
        16        -0.0198       -304.842
        16        -0.0195       -321.629
        16        -0.0192        -339.36
        16        -0.0189       -358.062
        16        -0.0186       -377.776
        16        -0.0183        -398.55
        16         -0.018       -420.437
        16        -0.0177        -443.49
        16        -0.0174       -467.768
        16        -0.0171       -493.333
        16        -0.0168       -520.251
        16        -0.0165       -548.595
        16        -0.0162       -578.443
        16        -0.0159       -609.868
        16        -0.0156       -642.955
        16        -0.0153       -677.794
        16         -0.015       -714.478
        16        -0.0147       -753.113
        16        -0.0144       -793.809
        16        -0.0141       -836.683
        16        -0.0138        -881.87
        16        -0.0135       -929.512
        16        -0.0132       -979.767
        16        -0.0129       -1032.81
        16        -0.0126       -1088.86
        16        -0.0123       -1148.11
        16         -0.012        -1210.8
        16        -0.0117        -1277.2
        16        -0.0114       -1347.63
        16        -0.0111       -1422.42
        16        -0.0108       -1501.95
        16        -0.0105       -1586.67
        16        -0.0102       -1677.07
        16        -0.0099       -1773.73
        16        -0.0096       -1877.29
        16        -0.0093       -1988.54
        16         -0.009       -2108.38
        16        -0.0087       -2237.89
        16        -0.0084        -2378.4
        16        -0.0081       -2531.47
        16        -0.0078       -2699.05
        16        -0.0075       -2883.57
        16        -0.0072       -3088.12
        16        -0.0069       -3316.73
        16        -0.0066       -3574.79
        16        -0.0063       -3869.56
        16         -0.006       -4210.61
        16        -0.0057          -4607
        16        -0.0054          -5000
        16        -0.0051          -5000
        16        -0.0048          -5000
        16        -0.0045       -4990.75
        16        -0.0042       -4915.77
        16        -0.0039        -4846.2
        16        -0.0036       -4786.78
        16        -0.0033       -4737.62
        16         -0.003       -4697.74
        16        -0.0027       -4665.93
        16        -0.0024       -4640.97
        16        -0.0021       -4621.59
        16        -0.0018       -4606.53
        16        -0.0015       -4594.58
        16        -0.0012       -4584.87
        16        -0.0009       -4576.74
        16        -0.0006       -4569.92
        16        -0.0003        -4564.9
        16              0       -4563.82
        16         0.0003        -4567.3
        16         0.0006       -4573.32
        16         0.0009       -4580.56
        16         0.0012       -4588.67
        16         0.0015        -4598.1
        16         0.0018       -4609.69
        16         0.0021       -4624.48
        16         0.0024       -4643.55
        16         0.0027       -4668.04
        16          0.003       -4699.31
        16         0.0033       -4738.76
        16         0.0036       -4787.58
        16         0.0039       -4846.69
        16         0.0042          -4916
        16         0.0045       -4990.73
        16         0.0048          -5000
        16         0.0051          -5000
        16         0.0054          -5000
        16         0.0057       -4607.54
        16          0.006       -4210.98
        16         0.0063       -3869.97
        16         0.0066       -3575.29
        16         0.0069       -3317.34
        16         0.0072       -3088.86
        16         0.0075       -2884.45
        16         0.0078       -2700.07
        16         0.0081       -2532.63
        16         0.0084       -2379.69
        16         0.0087        -2239.3
        16          0.009       -2109.87
        16         0.0093       -1990.11
        16         0.0096       -1878.93
        16         0.0099       -1775.43
        16         0.0102       -1678.83
        16         0.0105       -1588.47
        16         0.0108       -1503.79
        16         0.0111       -1424.28
        16         0.0114        -1349.5
        16         0.0117       -1279.08
        16          0.012       -1212.69
        16         0.0123       -1150.02
        16         0.0126       -1090.82
        16         0.0129       -1034.84
        16         0.0132        -981.86
        16         0.0135       -931.683
        16         0.0138       -884.129
        16         0.0141       -839.039
        16         0.0144       -796.261
        16         0.0147        -755.66
        16          0.015       -717.113
        16         0.0153       -680.509
        16         0.0156       -645.744
        16         0.0159        -612.72
        16         0.0162       -581.349
        16         0.0165       -551.547
        16         0.0168       -523.234
        16         0.0171       -496.335
        16         0.0174       -470.781
        16         0.0177       -446.507
        16          0.018       -423.449
        16         0.0183       -401.547
        16         0.0186       -380.749
        16         0.0189       -361.011
        16         0.0192       -342.276
        16         0.0195       -324.502
        16         0.0198       -307.663
        16         0.0201        -291.75
        16         0.0204       -276.637
        16         0.0207       -262.234
        16          0.021       -248.491
        16         0.0213        -235.37
        16         0.0216        -222.83
        16         0.0219       -210.838
        16         0.0222       -199.355
        16         0.0225       -188.349
        16         0.0228       -177.788
        16         0.0231       -167.643
        16         0.0234       -157.886
        16         0.0237       -148.488
        16          0.024       -139.429
        16         0.0243       -130.686
        16         0.0246       -122.238
        16         0.0249       -114.064
        16         0.0252       -106.144
        16         0.0255       -98.4585
        16         0.0258       -90.9915
        16         0.0261       -83.7269
        16         0.0264        -76.651
        16         0.0267       -69.7486
        16          0.027       -63.0054
        16         0.0273       -56.4084
        16         0.0276       -49.9451
        16         0.0279       -43.6038
        16         0.0282       -37.3736
        16         0.0285        -31.244
        16         0.0288       -25.2047
        16         0.0291       -19.2464
        16         0.0294       -13.3603
        16         0.0297       -7.53862
        16           0.03       -1.77499
        16         0.0303              0
        16         0.0306              0
        16         0.0309              0
        16         0.0312              0
        16         0.0315              0
        16         0.0318              0
        16         0.0321              0
        16         0.0324              0
        16         0.0327              0
        16          0.033              0
        16         0.0333              0
        16         0.0336              0
        16         0.0339              0
        16         0.0342              0
        16         0.0345              0
        16         0.0348              0
        16         0.0351              0
        16         0.0354              0
        16         0.0357              0
        16          0.036              0
        16         0.0363              0
        16         0.0366              0
        16         0.0369              0
        16         0.0372              0
        16         0.0375              0
        16         0.0378              0
        16         0.0381              0
        16         0.0384              0
        16         0.0387              0
        16          0.039              0
        16         0.0393              0
        16         0.0396              0
        16         0.0399              0
        16         0.0402              0
        16         0.0405              0
        16         0.0408              0
        16         0.0411              0
        16         0.0414              0
        16         0.0417              0
        16          0.042              0
        16         0.0423              0
        16         0.0426              0
        16         0.0429              0
        16         0.0432              0
        16         0.0435              0
        16         0.0438              0
        16         0.0441              0
        16         0.0444              0
        16         0.0447              0
        16          0.045              0
        16         0.0453              0
        16         0.0456              0
        16         0.0459              0
        16         0.0462              0
        16         0.0465              0
        16         0.0468              0
        16         0.0471              0
        16         0.0474              0
        16         0.0477              0
        17         -0.048              0
        17        -0.0477              0
        17        -0.0474              0
        17        -0.0471              0
        17        -0.0468              0
        17        -0.0465              0
        17        -0.0462              0
        17        -0.0459              0
        17        -0.0456              0
        17        -0.0453              0
        17         -0.045              0
        17        -0.0447              0
        17        -0.0444              0
        17        -0.0441              0
        17        -0.0438              0
        17        -0.0435              0
        17        -0.0432              0
        17        -0.0429              0
        17        -0.0426              0
        17        -0.0423              0
        17         -0.042              0
        17        -0.0417              0
        17        -0.0414              0
        17        -0.0411              0
        17        -0.0408              0
        17        -0.0405              0
        17        -0.0402              0
        17        -0.0399              0
        17        -0.0396              0
        17        -0.0393              0
        17         -0.039              0
        17        -0.0387              0
        17        -0.0384              0
        17        -0.0381              0
        17        -0.0378              0
        17        -0.0375              0
        17        -0.0372              0
        17        -0.0369              0
        17        -0.0366              0
        17        -0.0363              0
        17         -0.036              0
        17        -0.0357              0
        17        -0.0354              0
        17        -0.0351              0
        17        -0.0348              0
        17        -0.0345              0
        17        -0.0342              0
        17        -0.0339              0
        17        -0.0336              0
        17        -0.0333              0
        17         -0.033              0
        17        -0.0327              0
        17        -0.0324              0
        17        -0.0321              0
        17        -0.0318              0
        17        -0.0315              0
        17        -0.0312              0
        17        -0.0309              0
        17        -0.0306              0
        17        -0.0303              0
        17          -0.03       -1.69924
        17        -0.0297       -7.21682
        17        -0.0294       -12.7899
        17        -0.0291       -18.4245
        17        -0.0288        -24.128
        17        -0.0285       -29.9087
        17        -0.0282       -35.7754
        17        -0.0279       -41.7377
        17        -0.0276       -47.8056
        17        -0.0273       -53.9897
        17         -0.027        -60.301
        17        -0.0267       -66.7514
        17        -0.0264       -73.3533
        17        -0.0261         -80.12
        17        -0.0258       -87.0654
        17        -0.0255       -94.2045
        17        -0.0252       -101.553
        17        -0.0249       -109.129
        17        -0.0246       -116.949
        17        -0.0243       -125.034
        17         -0.024       -133.403
        17        -0.0237       -142.079
        17        -0.0234       -151.084
        17        -0.0231       -160.442
        17        -0.0228       -170.179
        17        -0.0225       -180.323
        17        -0.0222       -190.902
        17        -0.0219       -201.958
        17        -0.0216       -213.522
        17        -0.0213       -225.618
        17         -0.021       -238.294
        17        -0.0207       -251.583
        17        -0.0204       -265.519
        17        -0.0201       -280.139
        17        -0.0198       -295.546
        17        -0.0195       -311.911
        17        -0.0192        -329.21
        17        -0.0189       -347.474
        17        -0.0186       -366.743
        17        -0.0183       -387.061
        17         -0.018       -408.482
        17        -0.0177       -431.064
        17        -0.0174       -454.865
        17        -0.0171       -479.944
        17        -0.0168       -506.369
        17        -0.0165       -534.211
        17        -0.0162       -563.542
        17        -0.0159       -594.443
        17        -0.0156           -627
        17        -0.0153       -661.301
        17         -0.015       -697.447
        17        -0.0147        -735.54
        17        -0.0144       -775.696
        17        -0.0141       -818.038
        17        -0.0138       -862.703
        17        -0.0135       -909.837
        17        -0.0132        -959.61
        17        -0.0129        -1012.2
        17        -0.0126       -1067.79
        17        -0.0123       -1126.62
        17         -0.012       -1188.93
        17        -0.0117       -1254.99
        17        -0.0114       -1325.13
        17        -0.0111       -1399.67
        17        -0.0108       -1479.01
        17        -0.0105       -1563.59
        17        -0.0102       -1653.92
        17        -0.0099       -1750.58
        17        -0.0096       -1854.25
        17        -0.0093       -1965.71
        17         -0.009       -2085.88
        17        -0.0087       -2215.86
        17        -0.0084       -2356.98
        17        -0.0081       -2510.82
        17        -0.0078       -2679.37
        17        -0.0075       -2865.06
        17        -0.0072       -3071.04
        17        -0.0069       -3301.39
        17        -0.0066       -3561.55
        17        -0.0063       -3858.89
        17         -0.006       -4203.06
        17        -0.0057        -4603.2
        17        -0.0054          -5000
        17        -0.0051          -5000
        17        -0.0048          -5000
        17        -0.0045       -4990.31
        17        -0.0042        -4911.6
        17        -0.0039       -4838.06
        17        -0.0036        -4774.6
        17        -0.0033       -4721.26
        17         -0.003       -4677.05
        17        -0.0027       -4640.61
        17        -0.0024       -4610.52
        17        -0.0021       -4585.49
        17        -0.0018       -4564.38
        17        -0.0015       -4546.28
        17        -0.0012        -4530.6
        17        -0.0009       -4516.72
        17        -0.0006       -4504.46
        17        -0.0003       -4494.98
        17              0       -4491.47
        17         0.0003       -4496.06
        17         0.0006        -4506.8
        17         0.0009       -4520.35
        17         0.0012       -4535.15
        17         0.0015       -4551.21
        17         0.0018       -4569.26
        17         0.0021       -4590.07
        17         0.0024       -4614.62
        17         0.0027       -4644.13
        17          0.003       -4679.99
        17         0.0033        -4723.6
        17         0.0036       -4776.31
        17         0.0039       -4839.17
        17         0.0042       -4912.12
        17         0.0045       -4990.31
        17         0.0048          -5000
        17         0.0051          -5000
        17         0.0054          -5000
        17         0.0057       -4603.76
        17          0.006       -4203.49
        17         0.0063        -3859.4
        17         0.0066       -3562.19
        17         0.0069       -3302.15
        17         0.0072       -3071.93
        17         0.0075        -2866.1
        17         0.0078       -2680.57
        17         0.0081       -2512.19
        17         0.0084        -2358.5
        17         0.0087       -2217.52
        17          0.009       -2087.67
        17         0.0093        -1967.6
        17         0.0096       -1856.24
        17         0.0099       -1752.66
        17         0.0102       -1656.06
        17         0.0105       -1565.78
        17         0.0108       -1481.24
        17         0.0111       -1401.93
        17         0.0114       -1327.42
        17         0.0117        -1257.3
        17          0.012       -1191.24
        17         0.0123       -1128.95
        17         0.0126       -1070.14
        17         0.0129       -1014.57
        17         0.0132       -962.029
        17         0.0135       -912.305
        17         0.0138       -865.222
        17         0.0141        -820.62
        17         0.0144       -778.346
        17         0.0147       -738.255
        17          0.015        -700.22
        17         0.0153       -664.126
        17         0.0156       -629.873
        17         0.0159       -597.361
        17         0.0162       -566.497
        17         0.0165       -537.196
        17         0.0168       -509.378
        17         0.0171       -482.969
        17         0.0174       -457.895
        17         0.0177       -434.089
        17          0.018       -411.492
        17         0.0183        -390.04
        17         0.0186       -369.676
        17         0.0189       -350.344
        17         0.0192       -331.998
        17         0.0195       -314.598
        17         0.0198       -298.112
        17         0.0201       -282.567
        17         0.0204       -267.822
        17         0.0207        -253.79
        17          0.021       -240.443
        17         0.0213       -227.718
        17         0.0216       -215.562
        17         0.0219       -203.942
        17         0.0222       -192.822
        17         0.0225        -182.17
        17         0.0228       -171.951
        17         0.0231       -162.137
        17         0.0234       -152.701
        17         0.0237       -143.617
        17          0.024       -134.863
        17         0.0243       -126.414
        17         0.0246       -118.248
        17         0.0249       -110.347
        17         0.0252       -102.691
        17         0.0255       -95.2624
        17         0.0258       -88.0446
        17         0.0261       -81.0218
        17         0.0264       -74.1793
        17         0.0267        -67.503
        17          0.027       -60.9797
        17         0.0273        -54.597
        17         0.0276        -48.343
        17         0.0279       -42.2065
        17         0.0282       -36.1769
        17         0.0285       -30.2441
        17         0.0288       -24.3984
        17         0.0291       -18.6309
        17         0.0294        -12.933
        17         0.0297       -7.29754
        17           0.03       -1.71824
        17         0.0303              0
        17         0.0306              0
        17         0.0309              0
        17         0.0312              0
        17         0.0315              0
        17         0.0318              0
        17         0.0321              0
        17         0.0324              0
        17         0.0327              0
        17          0.033              0
        17         0.0333              0
        17         0.0336              0
        17         0.0339              0
        17         0.0342              0
        17         0.0345              0
        17         0.0348              0
        17         0.0351              0
        17         0.0354              0
        17         0.0357              0
        17          0.036              0
        17         0.0363              0
        17         0.0366              0
        17         0.0369              0
        17         0.0372              0
        17         0.0375              0
        17         0.0378              0
        17         0.0381              0
        17         0.0384              0
        17         0.0387              0
        17          0.039              0
        17         0.0393              0
        17         0.0396              0
        17         0.0399              0
        17         0.0402              0
        17         0.0405              0
        17         0.0408              0
        17         0.0411              0
        17         0.0414              0
        17         0.0417              0
        17          0.042              0
        17         0.0423              0
        17         0.0426              0
        17         0.0429              0
        17         0.0432              0
        17         0.0435              0
        17         0.0438              0
        17         0.0441              0
        17         0.0444              0
        17         0.0447              0
        17          0.045              0
        17         0.0453              0
        17         0.0456              0
        17         0.0459              0
        17         0.0462              0
        17         0.0465              0
        17         0.0468              0
        17         0.0471              0
        17         0.0474              0
        17         0.0477              0
        18         -0.048              0
        18        -0.0477              0
        18        -0.0474              0
        18        -0.0471              0
        18        -0.0468              0
        18        -0.0465              0
        18        -0.0462              0
        18        -0.0459              0
        18        -0.0456              0
        18        -0.0453              0
        18         -0.045              0
        18        -0.0447              0
        18        -0.0444              0
        18        -0.0441              0
        18        -0.0438              0
        18        -0.0435              0
        18        -0.0432              0
        18        -0.0429              0
        18        -0.0426              0
        18        -0.0423              0
        18         -0.042              0
        18        -0.0417              0
        18        -0.0414              0
        18        -0.0411              0
        18        -0.0408              0
        18        -0.0405              0
        18        -0.0402              0
        18        -0.0399              0
        18        -0.0396              0
        18        -0.0393              0
        18         -0.039              0
        18        -0.0387              0
        18        -0.0384              0
        18        -0.0381              0
        18        -0.0378              0
        18        -0.0375              0
        18        -0.0372              0
        18        -0.0369              0
        18        -0.0366              0
        18        -0.0363              0
        18         -0.036              0
        18        -0.0357              0
        18        -0.0354              0
        18        -0.0351              0
        18        -0.0348              0
        18        -0.0345              0
        18        -0.0342              0
        18        -0.0339              0
        18        -0.0336              0
        18        -0.0333              0
        18         -0.033              0
        18        -0.0327              0
        18        -0.0324              0
        18        -0.0321              0
        18        -0.0318              0
        18        -0.0315              0
        18        -0.0312              0
        18        -0.0309              0
        18        -0.0306              0
        18        -0.0303              0
        18          -0.03       -1.72795
        18        -0.0297       -7.33875
        18        -0.0294        -13.006
        18        -0.0291       -18.7361
        18        -0.0288       -24.5364
        18        -0.0285       -30.4156
        18        -0.0282       -36.3828
        18        -0.0279       -42.4479
        18        -0.0276       -48.6212
        18        -0.0273       -54.9134
        18         -0.027       -61.3361
        18        -0.0267       -67.9014
        18        -0.0264       -74.6218
        18        -0.0261        -81.511
        18        -0.0258       -88.5831
        18        -0.0255       -95.8533
        18        -0.0252       -103.338
        18        -0.0249       -111.053
        18        -0.0246       -119.018
        18        -0.0243       -127.252
        18         -0.024       -135.776
        18        -0.0237       -144.612
        18        -0.0234       -153.784
        18        -0.0231       -163.316
        18        -0.0228       -173.236
        18        -0.0225        -183.57
        18        -0.0222       -194.352
        18        -0.0219        -205.61
        18        -0.0216       -217.378
        18        -0.0213       -229.692
        18         -0.021       -242.584
        18        -0.0207       -256.095
        18        -0.0204       -270.266
        18        -0.0201       -285.152
        18        -0.0198       -300.849
        18        -0.0195       -317.487
        18        -0.0192       -335.083
        18        -0.0189       -353.664
        18        -0.0186       -373.271
        18        -0.0183       -393.941
        18         -0.018       -415.723
        18        -0.0177       -438.673
        18        -0.0174       -462.852
        18        -0.0171       -488.319
        18        -0.0168       -515.141
        18        -0.0165       -543.391
        18        -0.0162       -573.148
        18        -0.0159       -604.487
        18        -0.0156       -637.492
        18        -0.0153       -672.249
        18         -0.015       -708.852
        18        -0.0147       -747.415
        18        -0.0144       -788.048
        18        -0.0141       -830.864
        18        -0.0138       -875.993
        18        -0.0135       -923.584
        18        -0.0132       -973.801
        18        -0.0129       -1026.82
        18        -0.0126       -1082.83
        18        -0.0123       -1142.06
        18         -0.012       -1204.74
        18        -0.0117       -1271.16
        18        -0.0114       -1341.61
        18        -0.0111       -1416.42
        18        -0.0108       -1495.99
        18        -0.0105       -1580.74
        18        -0.0102        -1671.2
        18        -0.0099       -1767.93
        18        -0.0096       -1871.61
        18        -0.0093          -1983
        18         -0.009          -2103
        18        -0.0087       -2232.71
        18        -0.0084       -2373.43
        18        -0.0081       -2526.75
        18        -0.0078       -2694.61
        18        -0.0075       -2879.44
        18        -0.0072       -3084.35
        18        -0.0069       -3313.37
        18        -0.0066        -3571.9
        18        -0.0063       -3867.24
        18         -0.006       -4208.96
        18        -0.0057       -4606.16
        18        -0.0054          -5000
        18        -0.0051          -5000
        18        -0.0048          -5000
        18        -0.0045        -4990.8
        18        -0.0042       -4916.15
        18        -0.0039       -4846.89
        18        -0.0036       -4787.82
        18        -0.0033       -4739.06
        18         -0.003       -4699.66
        18        -0.0027       -4668.35
        18        -0.0024       -4643.89
        18        -0.0021       -4625.02
        18        -0.0018       -4610.56
        18        -0.0015       -4599.45
        18        -0.0012       -4590.83
        18        -0.0009       -4584.06
        18        -0.0006       -4578.81
        18        -0.0003       -4575.44
        18              0       -4574.76
        18         0.0003       -4576.79
        18         0.0006       -4580.93
        18         0.0009       -4586.46
        18         0.0012       -4593.24
        18         0.0015       -4601.71
        18         0.0018       -4612.67
        18         0.0021       -4627.06
        18         0.0024       -4645.85
        18         0.0027       -4670.15
        18          0.003       -4701.23
        18         0.0033       -4740.36
        18         0.0036       -4788.83
        18         0.0039       -4847.57
        18         0.0042       -4916.48
        18         0.0045       -4990.79
        18         0.0048          -5000
        18         0.0051          -5000
        18         0.0054          -5000
        18         0.0057       -4606.87
        18          0.006        -4209.6
        18         0.0063       -3867.96
        18         0.0066       -3572.71
        18         0.0069       -3314.27
        18         0.0072       -3085.34
        18         0.0075       -2880.53
        18         0.0078        -2695.8
        18         0.0081       -2528.05
        18         0.0084       -2374.84
        18         0.0087       -2234.23
        18          0.009       -2104.62
        18         0.0093       -1984.71
        18         0.0096       -1873.41
        18         0.0099        -1769.8
        18         0.0102       -1673.12
        18         0.0105       -1582.71
        18         0.0108       -1497.99
        18         0.0111       -1418.45
        18         0.0114       -1343.65
        18         0.0117       -1273.23
        18          0.012       -1206.85
        18         0.0123       -1144.21
        18         0.0126       -1085.04
        18         0.0129       -1029.09
        18         0.0132       -976.158
        18         0.0135        -926.03
        18         0.0138        -878.53
        18         0.0141       -833.493
        18         0.0144        -790.77
        18         0.0147        -750.23
        18          0.015        -711.75
        18         0.0153       -675.218
        18         0.0156       -640.527
        18         0.0159       -607.579
        18         0.0162       -576.283
        18         0.0165       -546.552
        18         0.0168       -518.314
        18         0.0171       -491.495
        18         0.0174       -466.024
        18         0.0177        -441.83
        18          0.018       -418.853
        18         0.0183       -397.033
        18         0.0186       -376.315
        18         0.0189       -356.646
        18         0.0192       -337.984
        18         0.0195       -320.283
        18         0.0198       -303.522
        18         0.0201       -287.708
        18         0.0204       -272.694
        18         0.0207       -258.393
        18          0.021       -244.762
        18         0.0213       -231.757
        18         0.0216       -219.344
        18         0.0219       -207.483
        18         0.0222       -196.133
        18         0.0225       -185.262
        18         0.0228       -174.836
        18         0.0231       -164.829
        18         0.0234       -155.216
        18         0.0237       -145.968
        18          0.024       -137.058
        18         0.0243        -128.46
        18         0.0246       -120.152
        18         0.0249       -112.116
        18         0.0252        -104.33
        18         0.0255       -96.7763
        18         0.0258       -89.4377
        18         0.0261       -82.2983
        18         0.0264        -75.343
        18         0.0267       -68.5575
        18          0.027       -61.9284
        18         0.0273       -55.4429
        18         0.0276       -49.0891
        18         0.0279       -42.8554
        18         0.0282        -36.731
        18         0.0285       -30.7054
        18         0.0288       -24.7687
        18         0.0291       -18.9118
        18         0.0294        -13.126
        18         0.0297       -7.40411
        18           0.03       -1.74306
        18         0.0303              0
        18         0.0306              0
        18         0.0309              0
        18         0.0312              0
        18         0.0315              0
        18         0.0318              0
        18         0.0321              0
        18         0.0324              0
        18         0.0327              0
        18          0.033              0
        18         0.0333              0
        18         0.0336              0
        18         0.0339              0
        18         0.0342              0
        18         0.0345              0
        18         0.0348              0
        18         0.0351              0
        18         0.0354              0
        18         0.0357              0
        18          0.036              0
        18         0.0363              0
        18         0.0366              0
        18         0.0369              0
        18         0.0372              0
        18         0.0375              0
        18         0.0378              0
        18         0.0381              0
        18         0.0384              0
        18         0.0387              0
        18          0.039              0
        18         0.0393              0
        18         0.0396              0
        18         0.0399              0
        18         0.0402              0
        18         0.0405              0
        18         0.0408              0
        18         0.0411              0
        18         0.0414              0
        18         0.0417              0
        18          0.042              0
        18         0.0423              0
        18         0.0426              0
        18         0.0429              0
        18         0.0432              0
        18         0.0435              0
        18         0.0438              0
        18         0.0441              0
        18         0.0444              0
        18         0.0447              0
        18          0.045              0
        18         0.0453              0
        18         0.0456              0
        18         0.0459              0
        18         0.0462              0
        18         0.0465              0
        18         0.0468              0
        18         0.0471              0
        18         0.0474              0
        18         0.0477              0
        19         -0.048              0
        19        -0.0477              0
        19        -0.0474              0
        19        -0.0471              0
        19        -0.0468              0
        19        -0.0465              0
        19        -0.0462              0
        19        -0.0459              0
        19        -0.0456              0
        19        -0.0453              0
        19         -0.045              0
        19        -0.0447              0
        19        -0.0444              0
        19        -0.0441              0
        19        -0.0438              0
        19        -0.0435              0
        19        -0.0432              0
        19        -0.0429              0
        19        -0.0426              0
        19        -0.0423              0
        19         -0.042              0
        19        -0.0417              0
        19        -0.0414              0
        19        -0.0411              0
        19        -0.0408              0
        19        -0.0405              0
        19        -0.0402              0
        19        -0.0399              0
        19        -0.0396              0
        19        -0.0393              0
        19         -0.039              0
        19        -0.0387              0
        19        -0.0384              0
        19        -0.0381              0
        19        -0.0378              0
        19        -0.0375              0
        19        -0.0372              0
        19        -0.0369              0
        19        -0.0366              0
        19        -0.0363              0
        19         -0.036              0
        19        -0.0357              0
        19        -0.0354              0
        19        -0.0351              0
        19        -0.0348              0
        19        -0.0345              0
        19        -0.0342              0
        19        -0.0339              0
        19        -0.0336              0
        19        -0.0333              0
        19         -0.033              0
        19        -0.0327              0
        19        -0.0324              0
        19        -0.0321              0
        19        -0.0318              0
        19        -0.0315              0
        19        -0.0312              0
        19        -0.0309              0
        19        -0.0306              0
        19        -0.0303              0
        19          -0.03       -1.73977
        19        -0.0297       -7.39126
        19        -0.0294       -13.1008
        19        -0.0291       -18.8733
        19        -0.0288       -24.7162
        19        -0.0285        -30.638
        19        -0.0282       -36.6479
        19        -0.0279       -42.7557
        19        -0.0276       -48.9718
        19        -0.0273       -55.3071
        19         -0.027       -61.7732
        19        -0.0267       -68.3821
        19        -0.0264       -75.1467
        19        -0.0261       -82.0805
        19        -0.0258       -89.1976
        19        -0.0255       -96.5128
        19        -0.0252       -104.046
        19        -0.0249       -111.814
        19        -0.0246       -119.833
        19        -0.0243       -128.126
        19         -0.024       -136.712
        19        -0.0237       -145.611
        19        -0.0234       -154.847
        19        -0.0231       -164.448
        19        -0.0228        -174.44
        19        -0.0225       -184.847
        19        -0.0222       -195.701
        19        -0.0219       -207.034
        19        -0.0216       -218.882
        19        -0.0213       -231.281
        19         -0.021        -244.27
        19        -0.0207       -257.885
        19        -0.0204       -272.164
        19        -0.0201       -287.151
        19        -0.0198       -302.941
        19        -0.0195       -319.687
        19        -0.0192       -337.382
        19        -0.0189       -356.057
        19        -0.0186       -375.751
        19        -0.0183       -396.514
        19         -0.018       -418.393
        19        -0.0177       -441.443
        19        -0.0174       -465.723
        19        -0.0171       -491.293
        19        -0.0168       -518.222
        19        -0.0165       -546.581
        19        -0.0162       -576.443
        19        -0.0159       -607.884
        19        -0.0156       -640.988
        19        -0.0153       -675.845
        19         -0.015       -712.552
        19        -0.0147       -751.208
        19        -0.0144       -791.926
        19        -0.0141       -834.826
        19        -0.0138       -880.039
        19        -0.0135       -927.712
        19        -0.0132       -978.012
        19        -0.0129       -1031.12
        19        -0.0126       -1087.22
        19        -0.0123       -1146.53
        19         -0.012       -1209.29
        19        -0.0117       -1275.78
        19        -0.0114       -1346.29
        19        -0.0111       -1421.17
        19        -0.0108        -1500.8
        19        -0.0105       -1585.61
        19        -0.0102       -1676.11
        19        -0.0099       -1772.86
        19        -0.0096       -1876.52
        19        -0.0093       -1987.87
        19         -0.009       -2107.81
        19        -0.0087       -2237.43
        19        -0.0084       -2378.05
        19        -0.0081       -2531.23
        19        -0.0078       -2698.91
        19        -0.0075       -2883.51
        19        -0.0072       -3088.12
        19        -0.0069       -3316.77
        19        -0.0066       -3574.85
        19        -0.0063       -3869.64
        19         -0.006       -4210.69
        19        -0.0057       -4607.05
        19        -0.0054          -5000
        19        -0.0051          -5000
        19        -0.0048          -5000
        19        -0.0045       -4990.83
        19        -0.0042       -4916.49
        19        -0.0039       -4847.57
        19        -0.0036       -4788.82
        19        -0.0033       -4740.41
        19         -0.003       -4701.44
        19        -0.0027        -4670.7
        19        -0.0024       -4646.85
        19        -0.0021       -4628.63
        19        -0.0018       -4614.91
        19        -0.0015       -4604.59
        19        -0.0012       -4596.86
        19        -0.0009       -4591.14
        19        -0.0006       -4587.22
        19        -0.0003       -4585.12
        19              0       -4584.97
        19         0.0003       -4586.54
        19         0.0006       -4589.76
        19         0.0009       -4594.53
        19         0.0012       -4600.44
        19         0.0015       -4607.98
        19         0.0018       -4617.96
        19         0.0021       -4631.45
        19         0.0024        -4649.5
        19         0.0027       -4673.17
        19          0.003       -4703.65
        19         0.0033       -4742.25
        19         0.0036       -4790.21
        19         0.0039       -4848.46
        19         0.0042       -4916.93
        19         0.0045       -4990.83
        19         0.0048          -5000
        19         0.0051          -5000
        19         0.0054          -5000
        19         0.0057        -4607.5
        19          0.006       -4210.92
        19         0.0063       -3869.88
        19         0.0066       -3575.16
        19         0.0069       -3317.15
        19         0.0072       -3088.58
        19         0.0075       -2884.07
        19         0.0078        -2699.6
        19         0.0081       -2532.06
        19         0.0084       -2379.01
        19         0.0087       -2238.51
        19          0.009       -2108.97
        19         0.0093       -1989.11
        19         0.0096       -1877.84
        19         0.0099       -1774.24
        19         0.0102       -1677.54
        19         0.0105       -1587.08
        19         0.0108       -1502.31
        19         0.0111       -1422.73
        19         0.0114       -1347.88
        19         0.0117       -1277.38
        19          0.012       -1210.91
        19         0.0123       -1148.16
        19         0.0126       -1088.87
        19         0.0129        -1032.8
        19         0.0132       -979.731
        19         0.0135       -929.471
        19         0.0138        -881.84
        19         0.0141       -836.675
        19         0.0144       -793.828
        19         0.0147       -753.165
        19          0.015       -714.563
        19         0.0153       -677.909
        19         0.0156       -643.098
        19         0.0159       -610.033
        19         0.0162       -578.623
        19         0.0165       -548.787
        19         0.0168       -520.448
        19         0.0171       -493.531
        19         0.0174       -467.965
        19         0.0177       -443.686
        19          0.018       -420.632
        19         0.0183       -398.741
        19         0.0186       -377.957
        19         0.0189       -358.229
        19         0.0192       -339.509
        19         0.0195       -321.759
        19         0.0198       -304.947
        19         0.0201       -289.063
        19         0.0204        -273.99
        19         0.0207       -259.647
        19          0.021       -245.979
        19         0.0213        -232.94
        19         0.0216       -220.484
        19         0.0219       -208.576
        19         0.0222       -197.179
        19         0.0225       -186.258
        19         0.0228       -175.781
        19         0.0231       -165.723
        19         0.0234       -156.061
        19         0.0237       -146.762
        19          0.024       -137.799
        19         0.0243       -129.149
        19         0.0246       -120.793
        19         0.0249       -112.708
        19         0.0252       -104.879
        19         0.0255       -97.2862
        19         0.0258       -89.9106
        19         0.0261        -82.735
        19         0.0264       -75.7443
        19         0.0267       -68.9241
        19          0.027        -62.261
        19         0.0273        -55.742
        19         0.0276       -49.3551
        19         0.0279       -43.0889
        19         0.0282       -36.9324
        19         0.0285       -30.8752
        19         0.0288       -24.9074
        19         0.0291       -19.0195
        19         0.0294       -13.2029
        19         0.0297       -7.44981
        19           0.03       -1.75409
        19         0.0303              0
        19         0.0306              0
        19         0.0309              0
        19         0.0312              0
        19         0.0315              0
        19         0.0318              0
        19         0.0321              0
        19         0.0324              0
        19         0.0327              0
        19          0.033              0
        19         0.0333              0
        19         0.0336              0
        19         0.0339              0
        19         0.0342              0
        19         0.0345              0
        19         0.0348              0
        19         0.0351              0
        19         0.0354              0
        19         0.0357              0
        19          0.036              0
        19         0.0363              0
        19         0.0366              0
        19         0.0369              0
        19         0.0372              0
        19         0.0375              0
        19         0.0378              0
        19         0.0381              0
        19         0.0384              0
        19         0.0387              0
        19          0.039              0
        19         0.0393              0
        19         0.0396              0
        19         0.0399              0
        19         0.0402              0
        19         0.0405              0
        19         0.0408              0
        19         0.0411              0
        19         0.0414              0
        19         0.0417              0
        19          0.042              0
        19         0.0423              0
        19         0.0426              0
        19         0.0429              0
        19         0.0432              0
        19         0.0435              0
        19         0.0438              0
        19         0.0441              0
        19         0.0444              0
        19         0.0447              0
        19          0.045              0
        19         0.0453              0
        19         0.0456              0
        19         0.0459              0
        19         0.0462              0
        19         0.0465              0
        19         0.0468              0
        19         0.0471              0
        19         0.0474              0
        19         0.0477              0
        20         -0.048              0
        20        -0.0477              0
        20        -0.0474              0
        20        -0.0471              0
        20        -0.0468              0
        20        -0.0465              0
        20        -0.0462              0
        20        -0.0459              0
        20        -0.0456              0
        20        -0.0453              0
        20         -0.045              0
        20        -0.0447              0
        20        -0.0444              0
        20        -0.0441              0
        20        -0.0438              0
        20        -0.0435              0
        20        -0.0432              0
        20        -0.0429              0
        20        -0.0426              0
        20        -0.0423              0
        20         -0.042              0
        20        -0.0417              0
        20        -0.0414              0
        20        -0.0411              0
        20        -0.0408              0
        20        -0.0405              0
        20        -0.0402              0
        20        -0.0399              0
        20        -0.0396              0
        20        -0.0393              0
        20         -0.039              0
        20        -0.0387              0
        20        -0.0384              0
        20        -0.0381              0
        20        -0.0378              0
        20        -0.0375              0
        20        -0.0372              0
        20        -0.0369              0
        20        -0.0366              0
        20        -0.0363              0
        20         -0.036              0
        20        -0.0357              0
        20        -0.0354              0
        20        -0.0351              0
        20        -0.0348              0
        20        -0.0345              0
        20        -0.0342              0
        20        -0.0339              0
        20        -0.0336              0
        20        -0.0333              0
        20         -0.033              0
        20        -0.0327              0
        20        -0.0324              0
        20        -0.0321              0
        20        -0.0318              0
        20        -0.0315              0
        20        -0.0312              0
        20        -0.0309              0
        20        -0.0306              0
        20        -0.0303              0
        20          -0.03       -1.74101
        20        -0.0297        -7.3941
        20        -0.0294       -13.1035
        20        -0.0291        -18.875
        20        -0.0288       -24.7158
        20        -0.0285        -30.634
        20        -0.0282       -36.6385
        20        -0.0279       -42.7387
        20        -0.0276       -48.9449
        20        -0.0273       -55.2681
        20         -0.027       -61.7201
        20        -0.0267       -68.3129
        20        -0.0264       -75.0584
        20        -0.0261        -81.969
        20        -0.0258       -89.0586
        20        -0.0255       -96.3424
        20        -0.0252       -103.836
        20        -0.0249       -111.556
        20        -0.0246       -119.521
        20        -0.0243       -127.751
        20         -0.024       -136.265
        20        -0.0237       -145.085
        20        -0.0234       -154.234
        20        -0.0231        -163.74
        20        -0.0228       -173.625
        20        -0.0225        -183.92
        20        -0.0222       -194.652
        20        -0.0219       -205.853
        20        -0.0216       -217.561
        20        -0.0213       -229.811
        20         -0.021       -242.635
        20        -0.0207       -256.071
        20        -0.0204       -270.158
        20        -0.0201       -284.933
        20        -0.0198       -300.502
        20        -0.0195       -317.039
        20        -0.0192        -334.52
        20        -0.0189       -352.964
        20        -0.0186       -372.412
        20        -0.0183       -392.914
        20         -0.018       -414.522
        20        -0.0177       -437.292
        20        -0.0174       -461.283
        20        -0.0171       -486.556
        20        -0.0168       -513.177
        20        -0.0165       -541.222
        20        -0.0162       -570.765
        20        -0.0159        -601.88
        20        -0.0156       -634.653
        20        -0.0153       -669.172
        20         -0.015       -705.532
        20        -0.0147       -743.839
        20        -0.0144        -784.21
        20        -0.0141       -826.768
        20        -0.0138       -871.648
        20        -0.0135       -918.995
        20        -0.0132        -968.97
        20        -0.0129       -1021.75
        20        -0.0126       -1077.54
        20        -0.0123       -1136.55
        20         -0.012       -1199.02
        20        -0.0117       -1265.23
        20        -0.0114       -1335.49
        20        -0.0111       -1410.13
        20        -0.0108       -1489.55
        20        -0.0105       -1574.18
        20        -0.0102       -1664.53
        20        -0.0099       -1761.18
        20        -0.0096        -1864.8
        20        -0.0093       -1976.17
        20         -0.009       -2096.19
        20        -0.0087       -2225.98
        20        -0.0084       -2366.83
        20        -0.0081       -2520.34
        20        -0.0078       -2688.46
        20        -0.0075       -2873.62
        20        -0.0072       -3078.95
        20        -0.0069        -3308.5
        20        -0.0066       -3567.69
        20        -0.0063       -3863.84
        20         -0.006       -4206.56
        20        -0.0057       -4604.96
        20        -0.0054          -5000
        20        -0.0051          -5000
        20        -0.0048          -5000
        20        -0.0045       -4990.54
        20        -0.0042       -4913.72
        20        -0.0039       -4842.16
        20        -0.0036       -4780.67
        20        -0.0033       -4729.35
        20         -0.003       -4687.19
        20        -0.0027       -4652.92
        20        -0.0024       -4625.14
        20        -0.0021       -4602.55
        20        -0.0018       -4583.95
        20        -0.0015       -4567.94
        20        -0.0012       -4553.45
        20        -0.0009       -4539.96
        20        -0.0006       -4528.16
        20        -0.0003       -4519.62
        20              0        -4517.1
        20         0.0003       -4521.31
        20         0.0006       -4531.94
        20         0.0009       -4544.95
        20         0.0012       -4558.26
        20         0.0015       -4572.12
        20         0.0018       -4587.61
        20         0.0021       -4605.94
        20         0.0024       -4628.17
        20         0.0027       -4655.47
        20          0.003       -4689.26
        20         0.0033       -4730.94
        20         0.0036       -4781.82
        20         0.0039       -4842.86
        20         0.0042       -4914.03
        20         0.0045       -4990.52
        20         0.0048          -5000
        20         0.0051          -5000
        20         0.0054          -5000
        20         0.0057       -4605.45
        20          0.006       -4206.85
        20         0.0063       -3864.15
        20         0.0066       -3568.08
        20         0.0069       -3308.99
        20         0.0072       -3079.56
        20         0.0075       -2874.36
        20         0.0078       -2689.34
        20         0.0081       -2521.38
        20         0.0084       -2368.02
        20         0.0087        -2227.3
        20          0.009       -2097.63
        20         0.0093       -1977.71
        20         0.0096       -1866.43
        20         0.0099       -1762.88
        20         0.0102       -1666.28
        20         0.0105       -1575.96
        20         0.0108       -1491.35
        20         0.0111       -1411.96
        20         0.0114       -1337.35
        20         0.0117       -1267.11
        20          0.012       -1200.91
        20         0.0123       -1138.47
        20         0.0126        -1079.5
        20         0.0129       -1023.76
        20         0.0132       -971.031
        20         0.0135       -921.119
        20         0.0138       -873.836
        20         0.0141       -829.023
        20         0.0144        -786.53
        20         0.0147       -746.218
        20          0.015       -707.964
        20         0.0153       -671.651
        20         0.0156       -637.175
        20         0.0159       -604.438
        20         0.0162        -573.35
        20         0.0165       -543.827
        20         0.0168       -515.789
        20         0.0171       -489.164
        20         0.0174       -463.878
        20         0.0177       -439.866
        20          0.018       -417.062
        20         0.0183       -395.409
        20         0.0186       -374.852
        20         0.0189       -355.341
        20         0.0192       -336.829
        20         0.0195       -319.277
        20         0.0198        -302.66
        20         0.0201       -287.003
        20         0.0204       -272.154
        20         0.0207       -258.005
        20          0.021       -244.509
        20         0.0213       -231.624
        20         0.0216        -219.31
        20         0.0219       -207.526
        20         0.0222       -196.247
        20         0.0225       -185.443
        20         0.0228       -175.073
        20         0.0231       -165.108
        20         0.0234       -155.523
        20         0.0237       -146.294
        20          0.024         -137.4
        20         0.0243       -128.817
        20         0.0246        -120.52
        20         0.0249       -112.486
        20         0.0252       -104.698
        20         0.0255       -97.1379
        20         0.0258       -89.7894
        20         0.0261       -82.6367
        20         0.0264       -75.6652
        20         0.0267       -68.8614
        20          0.027        -62.211
        20         0.0273          -55.7
        20         0.0276       -49.3264
        20         0.0279       -43.0707
        20         0.0282       -36.9219
        20         0.0285       -30.8701
        20         0.0288       -24.9058
        20         0.0291       -19.0198
        20         0.0294       -13.2039
        20         0.0297       -7.45066
        20           0.03       -1.75433
        20         0.0303              0
        20         0.0306              0
        20         0.0309              0
        20         0.0312              0
        20         0.0315              0
        20         0.0318              0
        20         0.0321              0
        20         0.0324              0
        20         0.0327              0
        20          0.033              0
        20         0.0333              0
        20         0.0336              0
        20         0.0339              0
        20         0.0342              0
        20         0.0345              0
        20         0.0348              0
        20         0.0351              0
        20         0.0354              0
        20         0.0357              0
        20          0.036              0
        20         0.0363              0
        20         0.0366              0
        20         0.0369              0
        20         0.0372              0
        20         0.0375              0
        20         0.0378              0
        20         0.0381              0
        20         0.0384              0
        20         0.0387              0
        20          0.039              0
        20         0.0393              0
        20         0.0396              0
        20         0.0399              0
        20         0.0402              0
        20         0.0405              0
        20         0.0408              0
        20         0.0411              0
        20         0.0414              0
        20         0.0417              0
        20          0.042              0
        20         0.0423              0
        20         0.0426              0
        20         0.0429              0
        20         0.0432              0
        20         0.0435              0
        20         0.0438              0
        20         0.0441              0
        20         0.0444              0
        20         0.0447              0
        20          0.045              0
        20         0.0453              0
        20         0.0456              0
        20         0.0459              0
        20         0.0462              0
        20         0.0465              0
        20         0.0468              0
        20         0.0471              0
        20         0.0474              0
        20         0.0477              0
        21         -0.048              0
        21        -0.0477              0
        21        -0.0474              0
        21        -0.0471              0
        21        -0.0468              0
        21        -0.0465              0
        21        -0.0462              0
        21        -0.0459              0
        21        -0.0456              0
        21        -0.0453              0
        21         -0.045              0
        21        -0.0447              0
        21        -0.0444              0
        21        -0.0441              0
        21        -0.0438              0
        21        -0.0435              0
        21        -0.0432              0
        21        -0.0429              0
        21        -0.0426              0
        21        -0.0423              0
        21         -0.042              0
        21        -0.0417              0
        21        -0.0414              0
        21        -0.0411              0
        21        -0.0408              0
        21        -0.0405              0
        21        -0.0402              0
        21        -0.0399              0
        21        -0.0396              0
        21        -0.0393              0
        21         -0.039              0
        21        -0.0387              0
        21        -0.0384              0
        21        -0.0381              0
        21        -0.0378              0
        21        -0.0375              0
        21        -0.0372              0
        21        -0.0369              0
        21        -0.0366              0
        21        -0.0363              0
        21         -0.036              0
        21        -0.0357              0
        21        -0.0354              0
        21        -0.0351              0
        21        -0.0348              0
        21        -0.0345              0
        21        -0.0342              0
        21        -0.0339              0
        21        -0.0336              0
        21        -0.0333              0
        21         -0.033              0
        21        -0.0327              0
        21        -0.0324              0
        21        -0.0321              0
        21        -0.0318              0
        21        -0.0315              0
        21        -0.0312              0
        21        -0.0309              0
        21        -0.0306              0
        21        -0.0303              0
        21          -0.03       -1.72621
        21        -0.0297       -7.33137
        21        -0.0294        -12.993
        21        -0.0291       -18.7174
        21        -0.0288       -24.5121
        21        -0.0285       -30.3857
        21        -0.0282       -36.3474
        21        -0.0279       -42.4073
        21        -0.0276       -48.5757
        21        -0.0273        -54.864
        21         -0.027       -61.2839
        21        -0.0267       -67.8474
        21        -0.0264       -74.5672
        21        -0.0261       -81.4569
        21        -0.0258        -88.531
        21        -0.0255       -95.8047
        21        -0.0252       -103.294
        21        -0.0249       -111.017
        21        -0.0246       -118.992
        21        -0.0243       -127.238
        21         -0.024       -135.775
        21        -0.0237       -144.627
        21        -0.0234       -153.817
        21        -0.0231       -163.369
        21        -0.0228       -173.309
        21        -0.0225       -183.671
        21        -0.0222       -194.481
        21        -0.0219        -205.77
        21        -0.0216       -217.572
        21        -0.0213       -229.923
        21         -0.021       -242.861
        21        -0.0207       -256.424
        21        -0.0204       -270.654
        21        -0.0201       -285.594
        21        -0.0198       -301.344
        21        -0.0195       -318.067
        21        -0.0192       -335.732
        21        -0.0189       -354.368
        21        -0.0186       -374.018
        21        -0.0183       -394.729
        21         -0.018       -416.552
        21        -0.0177       -439.544
        21        -0.0174       -463.764
        21        -0.0171       -489.274
        21        -0.0168       -516.141
        21        -0.0165       -544.439
        21        -0.0162       -574.243
        21        -0.0159       -605.626
        21        -0.0156       -638.671
        21        -0.0153        -673.47
        21         -0.015       -710.119
        21        -0.0147       -748.719
        21        -0.0144       -789.382
        21        -0.0141       -832.231
        21        -0.0138       -877.399
        21        -0.0135       -925.031
        21        -0.0132       -975.293
        21        -0.0129       -1028.36
        21        -0.0126       -1084.43
        21        -0.0123       -1143.71
        21         -0.012       -1206.45
        21        -0.0117        -1272.9
        21        -0.0114       -1343.38
        21        -0.0111       -1418.21
        21        -0.0108        -1497.8
        21        -0.0105       -1582.57
        21        -0.0102       -1673.04
        21        -0.0099       -1769.78
        21        -0.0096       -1873.45
        21        -0.0093       -1984.82
        21         -0.009       -2104.81
        21        -0.0087        -2234.5
        21        -0.0084       -2375.19
        21        -0.0081       -2528.47
        21        -0.0078       -2696.28
        21        -0.0075       -2881.05
        21        -0.0072       -3085.85
        21        -0.0069       -3314.74
        21        -0.0066       -3573.11
        21        -0.0063       -3868.23
        21         -0.006       -4209.69
        21        -0.0057       -4606.54
        21        -0.0054          -5000
        21        -0.0051          -5000
        21        -0.0048          -5000
        21        -0.0045       -4990.85
        21        -0.0042        -4916.6
        21        -0.0039       -4847.74
        21        -0.0036       -4789.02
        21        -0.0033       -4740.56
        21         -0.003       -4701.43
        21        -0.0027       -4670.45
        21        -0.0024       -4646.37
        21        -0.0021       -4627.84
        21        -0.0018       -4613.77
        21        -0.0015       -4603.16
        21        -0.0012       -4595.17
        21        -0.0009       -4589.58
        21        -0.0006       -4586.14
        21        -0.0003       -4584.14
        21              0       -4583.35
        21         0.0003       -4584.15
        21         0.0006       -4586.94
        21         0.0009       -4591.54
        21         0.0012       -4597.49
        21         0.0015       -4605.19
        21         0.0018       -4615.47
        21         0.0021       -4629.28
        21         0.0024       -4647.64
        21         0.0027       -4671.58
        21          0.003       -4702.32
        21         0.0033       -4741.19
        21         0.0036       -4789.46
        21         0.0039          -4848
        21         0.0042        -4916.7
        21         0.0045       -4990.81
        21         0.0048          -5000
        21         0.0051          -5000
        21         0.0054          -5000
        21         0.0057       -4607.06
        21          0.006          -4210
        21         0.0063       -3868.54
        21         0.0066       -3573.45
        21         0.0069       -3315.15
        21         0.0072       -3086.33
        21         0.0075       -2881.62
        21         0.0078       -2696.97
        21         0.0081       -2529.28
        21         0.0084       -2376.12
        21         0.0087       -2235.53
        21          0.009       -2105.94
        21         0.0093       -1986.05
        21         0.0096       -1874.76
        21         0.0099       -1771.16
        21         0.0102       -1674.48
        21         0.0105       -1584.06
        21         0.0108       -1499.33
        21         0.0111       -1419.78
        21         0.0114       -1344.98
        21         0.0117       -1274.53
        21          0.012        -1208.1
        21         0.0123       -1145.39
        21         0.0126       -1086.16
        21         0.0129       -1030.14
        21         0.0132       -977.139
        21         0.0135       -926.947
        21         0.0138       -879.394
        21         0.0141       -834.311
        21         0.0144       -791.545
        21         0.0147       -750.958
        21          0.015       -712.434
        21         0.0153       -675.854
        21         0.0156       -641.116
        21         0.0159       -608.127
        21         0.0162       -576.794
        21         0.0165       -547.036
        21         0.0168       -518.772
        21         0.0171       -491.925
        21         0.0174       -466.422
        21         0.0177         -442.2
        21          0.018       -419.196
        21         0.0183       -397.349
        21         0.0186       -376.604
        21         0.0189        -356.91
        21         0.0192       -338.221
        21         0.0195       -320.498
        21         0.0198       -303.712
        21         0.0201       -287.882
        21         0.0204       -272.858
        21         0.0207       -258.546
        21          0.021       -244.909
        21         0.0213       -231.903
        21         0.0216       -219.488
        21         0.0219       -207.619
        21         0.0222       -196.262
        21         0.0225       -185.385
        21         0.0228       -174.954
        21         0.0231       -164.938
        21         0.0234       -155.312
        21         0.0237        -146.05
        21          0.024       -137.123
        21         0.0243        -128.51
        21         0.0246       -120.189
        21         0.0249       -112.141
        21         0.0252       -104.344
        21         0.0255       -96.7824
        21         0.0258       -89.4376
        21         0.0261       -82.2936
        21         0.0264        -75.335
        21         0.0267       -68.5474
        21          0.027       -61.9172
        21         0.0273       -55.4317
        21         0.0276       -49.0789
        21         0.0279        -42.847
        21         0.0282       -36.7247
        21         0.0285       -30.7012
        21         0.0288       -24.7667
        21         0.0291       -18.9118
        21         0.0294        -13.128
        21         0.0297        -7.4075
        21           0.03       -1.74412
        21         0.0303              0
        21         0.0306              0
        21         0.0309              0
        21         0.0312              0
        21         0.0315              0
        21         0.0318              0
        21         0.0321              0
        21         0.0324              0
        21         0.0327              0
        21          0.033              0
        21         0.0333              0
        21         0.0336              0
        21         0.0339              0
        21         0.0342              0
        21         0.0345              0
        21         0.0348              0
        21         0.0351              0
        21         0.0354              0
        21         0.0357              0
        21          0.036              0
        21         0.0363              0
        21         0.0366              0
        21         0.0369              0
        21         0.0372              0
        21         0.0375              0
        21         0.0378              0
        21         0.0381              0
        21         0.0384              0
        21         0.0387              0
        21          0.039              0
        21         0.0393              0
        21         0.0396              0
        21         0.0399              0
        21         0.0402              0
        21         0.0405              0
        21         0.0408              0
        21         0.0411              0
        21         0.0414              0
        21         0.0417              0
        21          0.042              0
        21         0.0423              0
        21         0.0426              0
        21         0.0429              0
        21         0.0432              0
        21         0.0435              0
        21         0.0438              0
        21         0.0441              0
        21         0.0444              0
        21         0.0447              0
        21          0.045              0
        21         0.0453              0
        21         0.0456              0
        21         0.0459              0
        21         0.0462              0
        21         0.0465              0
        21         0.0468              0
        21         0.0471              0
        21         0.0474              0
        21         0.0477              0
        22         -0.048              0
        22        -0.0477              0
        22        -0.0474              0
        22        -0.0471              0
        22        -0.0468              0
        22        -0.0465              0
        22        -0.0462              0
        22        -0.0459              0
        22        -0.0456              0
        22        -0.0453              0
        22         -0.045              0
        22        -0.0447              0
        22        -0.0444              0
        22        -0.0441              0
        22        -0.0438              0
        22        -0.0435              0
        22        -0.0432              0
        22        -0.0429              0
        22        -0.0426              0
        22        -0.0423              0
        22         -0.042              0
        22        -0.0417              0
        22        -0.0414              0
        22        -0.0411              0
        22        -0.0408              0
        22        -0.0405              0
        22        -0.0402              0
        22        -0.0399              0
        22        -0.0396              0
        22        -0.0393              0
        22         -0.039              0
        22        -0.0387              0
        22        -0.0384              0
        22        -0.0381              0
        22        -0.0378              0
        22        -0.0375              0
        22        -0.0372              0
        22        -0.0369              0
        22        -0.0366              0
        22        -0.0363              0
        22         -0.036              0
        22        -0.0357              0
        22        -0.0354              0
        22        -0.0351              0
        22        -0.0348              0
        22        -0.0345              0
        22        -0.0342              0
        22        -0.0339              0
        22        -0.0336              0
        22        -0.0333              0
        22         -0.033              0
        22        -0.0327              0
        22        -0.0324              0
        22        -0.0321              0
        22        -0.0318              0
        22        -0.0315              0
        22        -0.0312              0
        22        -0.0309              0
        22        -0.0306              0
        22        -0.0303              0
        22          -0.03        -1.7418
        22        -0.0297       -7.39755
        22        -0.0294         -13.11
        22        -0.0291       -18.8853
        22        -0.0288       -24.7309
        22        -0.0285       -30.6552
        22        -0.0282       -36.6674
        22        -0.0279       -42.7772
        22        -0.0276       -48.9948
        22        -0.0273       -55.3312
        22         -0.027       -61.7978
        22        -0.0267       -68.4065
        22        -0.0264       -75.1703
        22        -0.0261       -82.1038
        22        -0.0258       -89.2239
        22        -0.0255       -96.5426
        22        -0.0252       -104.076
        22        -0.0249       -111.841
        22        -0.0246       -119.856
        22        -0.0243       -128.141
        22         -0.024       -136.716
        22        -0.0237       -145.603
        22        -0.0234       -154.825
        22        -0.0231       -164.407
        22        -0.0228       -174.374
        22        -0.0225       -184.762
        22        -0.0222       -195.596
        22        -0.0219       -206.906
        22        -0.0216       -218.727
        22        -0.0213       -231.095
        22         -0.021       -244.045
        22        -0.0207       -257.622
        22        -0.0204       -271.857
        22        -0.0201       -286.785
        22        -0.0198       -302.514
        22        -0.0195       -319.228
        22        -0.0192       -336.888
        22        -0.0189       -355.519
        22        -0.0186       -375.167
        22        -0.0183       -395.875
        22         -0.018       -417.697
        22        -0.0177       -440.688
        22        -0.0174       -464.906
        22        -0.0171       -490.413
        22        -0.0168       -517.278
        22        -0.0165        -545.57
        22        -0.0162       -575.367
        22        -0.0159       -606.741
        22        -0.0156       -639.776
        22        -0.0153        -674.56
        22         -0.015       -711.189
        22        -0.0147       -749.767
        22        -0.0144       -790.405
        22        -0.0141       -833.227
        22        -0.0138       -878.366
        22        -0.0135        -925.97
        22        -0.0132       -976.197
        22        -0.0129       -1029.23
        22        -0.0126       -1085.26
        22        -0.0123       -1144.52
        22         -0.012       -1207.23
        22        -0.0117       -1273.66
        22        -0.0114       -1344.12
        22        -0.0111       -1418.95
        22        -0.0108       -1498.53
        22        -0.0105       -1583.29
        22        -0.0102       -1673.75
        22        -0.0099       -1770.46
        22        -0.0096        -1874.1
        22        -0.0093       -1985.43
        22         -0.009       -2105.37
        22        -0.0087       -2235.01
        22        -0.0084       -2375.64
        22        -0.0081       -2528.87
        22        -0.0078       -2696.61
        22        -0.0075        -2881.3
        22        -0.0072       -3086.04
        22        -0.0069       -3314.87
        22        -0.0066       -3573.18
        22        -0.0063       -3868.26
        22         -0.006       -4209.68
        22        -0.0057       -4606.52
        22        -0.0054          -5000
        22        -0.0051          -5000
        22        -0.0048          -5000
        22        -0.0045       -4990.77
        22        -0.0042       -4915.87
        22        -0.0039       -4846.34
        22        -0.0036       -4786.98
        22        -0.0033       -4737.88
        22         -0.003       -4698.12
        22        -0.0027       -4666.48
        22        -0.0024       -4641.66
        22        -0.0021       -4622.36
        22        -0.0018       -4607.37
        22        -0.0015       -4595.53
        22        -0.0012       -4585.97
        22        -0.0009       -4578.28
        22        -0.0006       -4572.46
        22        -0.0003       -4568.38
        22              0       -4567.01
        22         0.0003       -4569.34
        22         0.0006       -4574.47
        22         0.0009       -4581.12
        22         0.0012       -4588.89
        22         0.0015       -4598.15
        22         0.0018       -4609.72
        22         0.0021       -4624.63
        22         0.0024       -4643.85
        22         0.0027        -4668.5
        22          0.003       -4699.86
        22         0.0033       -4739.28
        22         0.0036       -4788.02
        22         0.0039       -4847.01
        22         0.0042       -4916.18
        22         0.0045       -4990.75
        22         0.0048          -5000
        22         0.0051          -5000
        22         0.0054          -5000
        22         0.0057       -4607.19
        22          0.006       -4210.24
        22         0.0063       -3868.88
        22         0.0066       -3573.87
        22         0.0069       -3315.63
        22         0.0072       -3086.88
        22         0.0075       -2882.23
        22         0.0078       -2697.64
        22         0.0081          -2530
        22         0.0084       -2376.88
        22         0.0087       -2236.33
        22          0.009       -2106.78
        22         0.0093       -1986.91
        22         0.0096       -1875.64
        22         0.0099       -1772.06
        22         0.0102       -1675.38
        22         0.0105       -1584.96
        22         0.0108       -1500.22
        22         0.0111       -1420.68
        22         0.0114       -1345.88
        22         0.0117       -1275.44
        22          0.012       -1209.03
        22         0.0123       -1146.36
        22         0.0126       -1087.16
        22         0.0129       -1031.19
        22         0.0132       -978.225
        22         0.0135       -928.064
        22         0.0138       -880.529
        22         0.0141        -835.46
        22         0.0144       -792.706
        22         0.0147       -752.137
        22          0.015       -713.629
        22         0.0153       -677.067
        22         0.0156       -642.347
        22         0.0159       -609.374
        22         0.0162       -578.055
        22         0.0165       -548.306
        22         0.0168       -520.048
        22         0.0171       -493.209
        22         0.0174       -467.716
        22         0.0177       -443.502
        22          0.018       -420.505
        22         0.0183       -398.666
        22         0.0186       -377.932
        22         0.0189       -358.252
        22         0.0192       -339.575
        22         0.0195       -321.859
        22         0.0198       -305.069
        22         0.0201       -289.227
        22         0.0204       -274.196
        22         0.0207        -259.88
        22          0.021       -246.224
        22         0.0213       -233.186
        22         0.0216       -220.731
        22         0.0219       -208.825
        22         0.0222       -197.433
        22         0.0225       -186.515
        22         0.0228        -176.04
        22         0.0231        -165.98
        22         0.0234       -156.314
        22         0.0237       -147.013
        22          0.024       -138.049
        22         0.0243       -129.396
        22         0.0246       -121.035
        22         0.0249       -112.944
        22         0.0252       -105.103
        22         0.0255       -97.4944
        22         0.0258        -90.104
        22         0.0261       -82.9191
        22         0.0264       -75.9174
        22         0.0267       -69.0854
        22          0.027       -62.4099
        22         0.0273       -55.8781
        22         0.0276       -49.4781
        22         0.0279       -43.1983
        22         0.0282       -37.0278
        22         0.0285        -30.956
        22         0.0288       -24.9733
        22         0.0291       -19.0702
        22         0.0294       -13.2382
        22         0.0297       -7.46981
        22           0.03       -1.75881
        22         0.0303              0
        22         0.0306              0
        22         0.0309              0
        22         0.0312              0
        22         0.0315              0
        22         0.0318              0
        22         0.0321              0
        22         0.0324              0
        22         0.0327              0
        22          0.033              0
        22         0.0333              0
        22         0.0336              0
        22         0.0339              0
        22         0.0342              0
        22         0.0345              0
        22         0.0348              0
        22         0.0351              0
        22         0.0354              0
        22         0.0357              0
        22          0.036              0
        22         0.0363              0
        22         0.0366              0
        22         0.0369              0
        22         0.0372              0
        22         0.0375              0
        22         0.0378              0
        22         0.0381              0
        22         0.0384              0
        22         0.0387              0
        22          0.039              0
        22         0.0393              0
        22         0.0396              0
        22         0.0399              0
        22         0.0402              0
        22         0.0405              0
        22         0.0408              0
        22         0.0411              0
        22         0.0414              0
        22         0.0417              0
        22          0.042              0
        22         0.0423              0
        22         0.0426              0
        22         0.0429              0
        22         0.0432              0
        22         0.0435              0
        22         0.0438              0
        22         0.0441              0
        22         0.0444              0
        22         0.0447              0
        22          0.045              0
        22         0.0453              0
        22         0.0456              0
        22         0.0459              0
        22         0.0462              0
        22         0.0465              0
        22         0.0468              0
        22         0.0471              0
        22         0.0474              0
        22         0.0477              0
        23         -0.048              0
        23        -0.0477              0
        23        -0.0474              0
        23        -0.0471              0
        23        -0.0468              0
        23        -0.0465              0
        23        -0.0462              0
        23        -0.0459              0
        23        -0.0456              0
        23        -0.0453              0
        23         -0.045              0
        23        -0.0447              0
        23        -0.0444              0
        23        -0.0441              0
        23        -0.0438              0
        23        -0.0435              0
        23        -0.0432              0
        23        -0.0429              0
        23        -0.0426              0
        23        -0.0423              0
        23         -0.042              0
        23        -0.0417              0
        23        -0.0414              0
        23        -0.0411              0
        23        -0.0408              0
        23        -0.0405              0
        23        -0.0402              0
        23        -0.0399              0
        23        -0.0396              0
        23        -0.0393              0
        23         -0.039              0
        23        -0.0387              0
        23        -0.0384              0
        23        -0.0381              0
        23        -0.0378              0
        23        -0.0375              0
        23        -0.0372              0
        23        -0.0369              0
        23        -0.0366              0
        23        -0.0363              0
        23         -0.036              0
        23        -0.0357              0
        23        -0.0354              0
        23        -0.0351              0
        23        -0.0348              0
        23        -0.0345              0
        23        -0.0342              0
        23        -0.0339              0
        23        -0.0336              0
        23        -0.0333              0
        23         -0.033              0
        23        -0.0327              0
        23        -0.0324              0
        23        -0.0321              0
        23        -0.0318              0
        23        -0.0315              0
        23        -0.0312              0
        23        -0.0309              0
        23        -0.0306              0
        23        -0.0303              0
        23          -0.03       -1.72395
        23        -0.0297       -7.32175
        23        -0.0294       -12.9757
        23        -0.0291       -18.6919
        23        -0.0288       -24.4777
        23        -0.0285       -30.3412
        23        -0.0282       -36.2916
        23        -0.0279       -42.3382
        23        -0.0276       -48.4912
        23        -0.0273       -54.7609
        23         -0.027       -61.1583
        23        -0.0267       -67.6942
        23        -0.0264       -74.3831
        23        -0.0261       -81.2497
        23        -0.0258       -88.2954
        23        -0.0255       -95.5372
        23        -0.0252        -102.99
        23        -0.0249       -110.671
        23        -0.0246       -118.599
        23        -0.0243       -126.794
        23         -0.024       -135.275
        23        -0.0237       -144.065
        23        -0.0234       -153.188
        23        -0.0231       -162.669
        23        -0.0228       -172.533
        23        -0.0225       -182.809
        23        -0.0222       -193.528
        23        -0.0219       -204.719
        23        -0.0216       -216.414
        23        -0.0213       -228.648
        23         -0.021       -241.457
        23        -0.0207       -254.877
        23        -0.0204       -268.948
        23        -0.0201       -283.716
        23        -0.0198       -299.282
        23        -0.0195       -315.802
        23        -0.0192       -333.254
        23        -0.0189       -351.664
        23        -0.0186       -371.074
        23        -0.0183        -391.54
        23         -0.018       -413.107
        23        -0.0177       -435.832
        23        -0.0174       -459.775
        23        -0.0171       -484.998
        23        -0.0168       -511.572
        23        -0.0165       -539.569
        23        -0.0162       -569.061
        23        -0.0159       -600.125
        23        -0.0156       -632.849
        23        -0.0153       -667.321
        23         -0.015       -703.636
        23        -0.0147       -741.901
        23        -0.0144        -782.23
        23        -0.0141       -824.744
        23        -0.0138       -869.581
        23        -0.0135       -916.882
        23        -0.0132       -966.818
        23        -0.0129       -1019.57
        23        -0.0126       -1075.34
        23        -0.0123       -1134.32
        23         -0.012       -1196.78
        23        -0.0117       -1262.99
        23        -0.0114       -1333.24
        23        -0.0111       -1407.89
        23        -0.0108       -1487.33
        23        -0.0105       -1571.99
        23        -0.0102       -1662.37
        23        -0.0099       -1759.07
        23        -0.0096       -1862.73
        23        -0.0093       -1974.14
        23         -0.009       -2094.21
        23        -0.0087       -2224.05
        23        -0.0084       -2364.98
        23        -0.0081       -2518.57
        23        -0.0078       -2686.79
        23        -0.0075       -2872.07
        23        -0.0072       -3077.53
        23        -0.0069       -3307.24
        23        -0.0066       -3566.63
        23        -0.0063       -3863.01
        23         -0.006          -4206
        23        -0.0057        -4604.7
        23        -0.0054          -5000
        23        -0.0051          -5000
        23        -0.0048          -5000
        23        -0.0045       -4990.49
        23        -0.0042       -4913.28
        23        -0.0039        -4841.3
        23        -0.0036       -4779.38
        23        -0.0033       -4727.59
        23         -0.003       -4684.98
        23        -0.0027       -4650.29
        23        -0.0024       -4622.06
        23        -0.0021       -4598.91
        23        -0.0018       -4579.59
        23        -0.0015        -4563.1
        23        -0.0012       -4548.85
        23        -0.0009       -4536.62
        23        -0.0006       -4526.07
        23        -0.0003       -4517.75
        23              0       -4515.27
        23         0.0003        -4519.8
        23         0.0006       -4528.83
        23         0.0009       -4540.05
        23         0.0012       -4552.91
        23         0.0015       -4567.39
        23         0.0018       -4583.63
        23         0.0021       -4602.53
        23         0.0024       -4625.27
        23         0.0027       -4653.11
        23          0.003       -4687.37
        23         0.0033       -4729.43
        23         0.0036       -4780.66
        23         0.0039       -4842.08
        23         0.0042       -4913.63
        23         0.0045       -4990.48
        23         0.0048          -5000
        23         0.0051          -5000
        23         0.0054          -5000
        23         0.0057          -4605
        23          0.006       -4205.98
        23         0.0063       -3862.95
        23         0.0066       -3566.61
        23         0.0069       -3307.31
        23         0.0072        -3077.7
        23         0.0075       -2872.36
        23         0.0078       -2687.23
        23         0.0081       -2519.16
        23         0.0084       -2365.72
        23         0.0087       -2224.93
        23          0.009        -2095.2
        23         0.0093       -1975.23
        23         0.0096       -1863.92
        23         0.0099       -1760.34
        23         0.0102       -1663.73
        23         0.0105       -1573.41
        23         0.0108       -1488.82
        23         0.0111       -1409.43
        23         0.0114       -1334.81
        23         0.0117       -1264.58
        23          0.012        -1198.4
        23         0.0123       -1135.97
        23         0.0126       -1077.01
        23         0.0129       -1021.29
        23         0.0132       -968.591
        23         0.0135       -918.709
        23         0.0138       -871.464
        23         0.0141       -826.693
        23         0.0144       -784.241
        23         0.0147       -743.978
        23          0.015       -705.771
        23         0.0153       -669.506
        23         0.0156       -635.076
        23         0.0159       -602.385
        23         0.0162       -571.341
        23         0.0165       -541.864
        23         0.0168       -513.876
        23         0.0171       -487.299
        23         0.0174       -462.061
        23         0.0177       -438.092
        23          0.018       -415.332
        23         0.0183       -393.726
        23         0.0186       -373.217
        23         0.0189        -353.75
        23         0.0192       -335.275
        23         0.0195       -317.753
        23         0.0198       -301.167
        23         0.0201        -285.57
        23         0.0204       -270.774
        23         0.0207       -256.664
        23          0.021       -243.196
        23         0.0213       -230.336
        23         0.0216       -218.048
        23         0.0219       -206.296
        23         0.0222       -195.044
        23         0.0225       -184.265
        23         0.0228       -173.937
        23         0.0231       -164.022
        23         0.0234       -154.487
        23         0.0237       -145.307
        23          0.024       -136.458
        23         0.0243       -127.915
        23         0.0246        -119.66
        23         0.0249       -111.669
        23         0.0252       -103.925
        23         0.0255       -96.4093
        23         0.0258       -89.1081
        23         0.0261       -82.0059
        23         0.0264       -75.0863
        23         0.0267       -68.3338
        23          0.027       -61.7349
        23         0.0273       -55.2772
        23         0.0276       -48.9486
        23         0.0279       -42.7379
        23         0.0282       -36.6346
        23         0.0285       -30.6283
        23         0.0288       -24.7095
        23         0.0291       -18.8692
        23         0.0294       -13.0989
        23         0.0297       -7.39129
        23           0.03       -1.74034
        23         0.0303              0
        23         0.0306              0
        23         0.0309              0
        23         0.0312              0
        23         0.0315              0
        23         0.0318              0
        23         0.0321              0
        23         0.0324              0
        23         0.0327              0
        23          0.033              0
        23         0.0333              0
        23         0.0336              0
        23         0.0339              0
        23         0.0342              0
        23         0.0345              0
        23         0.0348              0
        23         0.0351              0
        23         0.0354              0
        23         0.0357              0
        23          0.036              0
        23         0.0363              0
        23         0.0366              0
        23         0.0369              0
        23         0.0372              0
        23         0.0375              0
        23         0.0378              0
        23         0.0381              0
        23         0.0384              0
        23         0.0387              0
        23          0.039              0
        23         0.0393              0
        23         0.0396              0
        23         0.0399              0
        23         0.0402              0
        23         0.0405              0
        23         0.0408              0
        23         0.0411              0
        23         0.0414              0
        23         0.0417              0
        23          0.042              0
        23         0.0423              0
        23         0.0426              0
        23         0.0429              0
        23         0.0432              0
        23         0.0435              0
        23         0.0438              0
        23         0.0441              0
        23         0.0444              0
        23         0.0447              0
        23          0.045              0
        23         0.0453              0
        23         0.0456              0
        23         0.0459              0
        23         0.0462              0
        23         0.0465              0
        23         0.0468              0
        23         0.0471              0
        23         0.0474              0
        23         0.0477              0
        24         -0.048              0
        24        -0.0477              0
        24        -0.0474              0
        24        -0.0471              0
        24        -0.0468              0
        24        -0.0465              0
        24        -0.0462              0
        24        -0.0459              0
        24        -0.0456              0
        24        -0.0453              0
        24         -0.045              0
        24        -0.0447              0
        24        -0.0444              0
        24        -0.0441              0
        24        -0.0438              0
        24        -0.0435              0
        24        -0.0432              0
        24        -0.0429              0
        24        -0.0426              0
        24        -0.0423              0
        24         -0.042              0
        24        -0.0417              0
        24        -0.0414              0
        24        -0.0411              0
        24        -0.0408              0
        24        -0.0405              0
        24        -0.0402              0
        24        -0.0399              0
        24        -0.0396              0
        24        -0.0393              0
        24         -0.039              0
        24        -0.0387              0
        24        -0.0384              0
        24        -0.0381              0
        24        -0.0378              0
        24        -0.0375              0
        24        -0.0372              0
        24        -0.0369              0
        24        -0.0366              0
        24        -0.0363              0
        24         -0.036              0
        24        -0.0357              0
        24        -0.0354              0
        24        -0.0351              0
        24        -0.0348              0
        24        -0.0345              0
        24        -0.0342              0
        24        -0.0339              0
        24        -0.0336              0
        24        -0.0333              0
        24         -0.033              0
        24        -0.0327              0
        24        -0.0324              0
        24        -0.0321              0
        24        -0.0318              0
        24        -0.0315              0
        24        -0.0312              0
        24        -0.0309              0
        24        -0.0306              0
        24        -0.0303              0
        24          -0.03       -1.70986
        24        -0.0297       -7.26189
        24        -0.0294       -12.8698
        24        -0.0291       -18.5398
        24        -0.0288       -24.2792
        24        -0.0285       -30.0966
        24        -0.0282        -36.001
        24        -0.0279       -42.0023
        24        -0.0276       -48.1106
        24        -0.0273        -54.337
        24         -0.027       -60.6929
        24        -0.0267       -67.1903
        24        -0.0264       -73.8421
        24        -0.0261       -80.6619
        24        -0.0258       -87.6639
        24        -0.0255       -94.8634
        24        -0.0252       -102.276
        24        -0.0249        -109.92
        24        -0.0246       -117.813
        24        -0.0243       -125.973
        24         -0.024       -134.422
        24        -0.0237       -143.182
        24        -0.0234       -152.275
        24        -0.0231       -161.727
        24        -0.0228       -171.571
        24        -0.0225        -181.83
        24        -0.0222       -192.533
        24        -0.0219        -203.71
        24        -0.0216       -215.395
        24        -0.0213       -227.626
        24         -0.021       -240.441
        24        -0.0207       -253.876
        24        -0.0204       -267.966
        24        -0.0201       -282.739
        24        -0.0198       -298.312
        24        -0.0195         -314.9
        24        -0.0192       -332.432
        24        -0.0189       -350.934
        24        -0.0186       -370.448
        24        -0.0183        -391.02
        24         -0.018         -412.7
        24        -0.0177       -435.542
        24        -0.0174       -459.605
        24        -0.0171       -484.958
        24        -0.0168       -511.662
        24        -0.0165       -539.791
        24        -0.0162       -569.419
        24        -0.0159       -600.626
        24        -0.0156       -633.498
        24        -0.0153       -668.126
        24         -0.015       -704.601
        24        -0.0147       -743.024
        24        -0.0144       -783.508
        24        -0.0141       -826.178
        24        -0.0138       -871.166
        24        -0.0135       -918.621
        24        -0.0132       -968.702
        24        -0.0129        -1021.6
        24        -0.0126        -1077.5
        24        -0.0123       -1136.62
        24         -0.012       -1199.21
        24        -0.0117       -1265.54
        24        -0.0114        -1335.9
        24        -0.0111       -1410.63
        24        -0.0108       -1490.14
        24        -0.0105       -1574.85
        24        -0.0102       -1665.28
        24        -0.0099       -1761.99
        24        -0.0096       -1865.65
        24        -0.0093       -1977.05
        24         -0.009       -2097.09
        24        -0.0087       -2226.86
        24        -0.0084       -2367.69
        24        -0.0081       -2521.17
        24        -0.0078       -2689.25
        24        -0.0075       -2874.37
        24        -0.0072       -3079.64
        24        -0.0069       -3309.12
        24        -0.0066       -3568.22
        24        -0.0063       -3864.26
        24         -0.006       -4206.84
        24        -0.0057       -4605.09
        24        -0.0054          -5000
        24        -0.0051          -5000
        24        -0.0048          -5000
        24        -0.0045       -4990.65
        24        -0.0042       -4914.77
        24        -0.0039       -4844.23
        24        -0.0036       -4783.86
        24        -0.0033       -4733.72
        24         -0.003       -4692.84
        24        -0.0027       -4659.94
        24        -0.0024       -4633.69
        24        -0.0021       -4612.82
        24        -0.0018       -4596.21
        24        -0.0015       -4582.61
        24        -0.0012        -4570.9
        24        -0.0009       -4560.34
        24        -0.0006       -4550.91
        24        -0.0003       -4543.76
        24              0       -4541.71
        24         0.0003        -4545.9
        24         0.0006       -4553.39
        24         0.0009       -4562.39
        24         0.0012       -4572.32
        24         0.0015       -4583.66
        24         0.0018       -4597.15
        24         0.0021       -4613.72
        24         0.0024       -4634.49
        24         0.0027       -4660.57
        24          0.003       -4693.29
        24         0.0033       -4734.06
        24         0.0036       -4784.09
        24         0.0039       -4844.37
        24         0.0042       -4914.81
        24         0.0045        -4990.6
        24         0.0048          -5000
        24         0.0051          -5000
        24         0.0054          -5000
        24         0.0057        -4605.9
        24          0.006       -4207.65
        24         0.0063        -3865.2
        24         0.0066       -3569.31
        24         0.0069       -3310.34
        24         0.0072       -3080.97
        24         0.0075        -2875.8
        24         0.0078        -2690.8
        24         0.0081       -2522.83
        24         0.0084       -2369.46
        24         0.0087       -2228.72
        24          0.009       -2099.03
        24         0.0093       -1979.06
        24         0.0096       -1867.74
        24         0.0099       -1764.14
        24         0.0102       -1667.49
        24         0.0105       -1577.12
        24         0.0108       -1492.46
        24         0.0111          -1413
        24         0.0114       -1338.29
        24         0.0117       -1267.96
        24          0.012       -1201.67
        24         0.0123       -1139.12
        24         0.0126       -1080.04
        24         0.0129       -1024.19
        24         0.0132       -971.353
        24         0.0135       -921.339
        24         0.0138       -873.964
        24         0.0141       -829.059
        24         0.0144       -786.479
        24         0.0147       -746.083
        24          0.015       -707.749
        24         0.0153       -671.357
        24         0.0156       -636.808
        24         0.0159       -604.002
        24         0.0162       -572.848
        24         0.0165        -543.26
        24         0.0168       -515.161
        24         0.0171       -488.477
        24         0.0174       -463.137
        24         0.0177       -439.075
        24          0.018       -416.224
        24         0.0183        -394.53
        24         0.0186       -373.935
        24         0.0189       -354.384
        24         0.0192       -335.831
        24         0.0195       -318.236
        24         0.0198       -301.573
        24         0.0201       -285.861
        24         0.0204       -270.952
        24         0.0207       -256.742
        24          0.021       -243.191
        24         0.0213       -230.267
        24         0.0216       -217.925
        24         0.0219       -206.131
        24         0.0222       -194.847
        24         0.0225       -184.041
        24         0.0228       -173.687
        24         0.0231       -163.749
        24         0.0234       -154.196
        24         0.0237       -145.002
        24          0.024       -136.143
        24         0.0243       -127.597
        24         0.0246       -119.341
        24         0.0249       -111.356
        24         0.0252        -103.62
        24         0.0255       -96.1165
        24         0.0258       -88.8276
        24         0.0261       -81.7374
        24         0.0264       -74.8313
        24         0.0267       -68.0943
        24          0.027       -61.5127
        24         0.0273       -55.0735
        24         0.0276       -48.7646
        24         0.0279       -42.5746
        24         0.0282       -36.4925
        24         0.0285       -30.5081
        24         0.0288       -24.6116
        24         0.0291       -18.7938
        24         0.0294       -13.0462
        24         0.0297       -7.36145
        24           0.03       -1.73329
        24         0.0303              0
        24         0.0306              0
        24         0.0309              0
        24         0.0312              0
        24         0.0315              0
        24         0.0318              0
        24         0.0321              0
        24         0.0324              0
        24         0.0327              0
        24          0.033              0
        24         0.0333              0
        24         0.0336              0
        24         0.0339              0
        24         0.0342              0
        24         0.0345              0
        24         0.0348              0
        24         0.0351              0
        24         0.0354              0
        24         0.0357              0
        24          0.036              0
        24         0.0363              0
        24         0.0366              0
        24         0.0369              0
        24         0.0372              0
        24         0.0375              0
        24         0.0378              0
        24         0.0381              0
        24         0.0384              0
        24         0.0387              0
        24          0.039              0
        24         0.0393              0
        24         0.0396              0
        24         0.0399              0
        24         0.0402              0
        24         0.0405              0
        24         0.0408              0
        24         0.0411              0
        24         0.0414              0
        24         0.0417              0
        24          0.042              0
        24         0.0423              0
        24         0.0426              0
        24         0.0429              0
        24         0.0432              0
        24         0.0435              0
        24         0.0438              0
        24         0.0441              0
        24         0.0444              0
        24         0.0447              0
        24          0.045              0
        24         0.0453              0
        24         0.0456              0
        24         0.0459              0
        24         0.0462              0
        24         0.0465              0
        24         0.0468              0
        24         0.0471              0
        24         0.0474              0
        24         0.0477              0
        25         -0.048              0
        25        -0.0477              0
        25        -0.0474              0
        25        -0.0471              0
        25        -0.0468              0
        25        -0.0465              0
        25        -0.0462              0
        25        -0.0459              0
        25        -0.0456              0
        25        -0.0453              0
        25         -0.045              0
        25        -0.0447              0
        25        -0.0444              0
        25        -0.0441              0
        25        -0.0438              0
        25        -0.0435              0
        25        -0.0432              0
        25        -0.0429              0
        25        -0.0426              0
        25        -0.0423              0
        25         -0.042              0
        25        -0.0417              0
        25        -0.0414              0
        25        -0.0411              0
        25        -0.0408              0
        25        -0.0405              0
        25        -0.0402              0
        25        -0.0399              0
        25        -0.0396              0
        25        -0.0393              0
        25         -0.039              0
        25        -0.0387              0
        25        -0.0384              0
        25        -0.0381              0
        25        -0.0378              0
        25        -0.0375              0
        25        -0.0372              0
        25        -0.0369              0
        25        -0.0366              0
        25        -0.0363              0
        25         -0.036              0
        25        -0.0357              0
        25        -0.0354              0
        25        -0.0351              0
        25        -0.0348              0
        25        -0.0345              0
        25        -0.0342              0
        25        -0.0339              0
        25        -0.0336              0
        25        -0.0333              0
        25         -0.033              0
        25        -0.0327              0
        25        -0.0324              0
        25        -0.0321              0
        25        -0.0318              0
        25        -0.0315              0
        25        -0.0312              0
        25        -0.0309              0
        25        -0.0306              0
        25        -0.0303              0
        25          -0.03       -1.73353
        25        -0.0297       -7.36238
        25        -0.0294       -13.0476
        25        -0.0291       -18.7952
        25        -0.0288       -24.6126
        25        -0.0285       -30.5082
        25        -0.0282       -36.4909
        25        -0.0279       -42.5704
        25        -0.0276       -48.7569
        25        -0.0273       -55.0611
        25         -0.027       -61.4944
        25        -0.0267       -68.0687
        25        -0.0264       -74.7967
        25        -0.0261       -81.6916
        25        -0.0258       -88.7675
        25        -0.0255       -96.0395
        25        -0.0252       -103.523
        25        -0.0249       -111.236
        25        -0.0246       -119.195
        25        -0.0243        -127.42
        25         -0.024       -135.929
        25        -0.0237       -144.751
        25        -0.0234       -153.904
        25        -0.0231       -163.414
        25        -0.0228       -173.307
        25        -0.0225        -183.61
        25        -0.0222       -194.351
        25        -0.0219       -205.562
        25        -0.0216       -217.276
        25        -0.0213       -229.534
        25         -0.021       -242.376
        25        -0.0207       -255.829
        25        -0.0204       -269.927
        25        -0.0201       -284.705
        25        -0.0198       -300.278
        25        -0.0195       -316.853
        25        -0.0192       -334.367
        25        -0.0189       -352.849
        25        -0.0186       -372.338
        25        -0.0183       -392.881
        25         -0.018       -414.531
        25        -0.0177       -437.345
        25        -0.0174       -461.384
        25        -0.0171       -486.704
        25        -0.0168       -513.377
        25        -0.0165       -541.471
        25        -0.0162       -571.059
        25        -0.0159       -602.223
        25        -0.0156       -635.047
        25        -0.0153       -669.625
        25         -0.015       -706.051
        25        -0.0147       -744.425
        25        -0.0144       -784.859
        25        -0.0141       -827.479
        25        -0.0138       -872.418
        25        -0.0135        -919.82
        25        -0.0132       -969.861
        25        -0.0129       -1022.72
        25        -0.0126       -1078.58
        25        -0.0123       -1137.67
        25         -0.012       -1200.23
        25        -0.0117       -1266.54
        25        -0.0114       -1336.89
        25        -0.0111       -1411.61
        25        -0.0108        -1491.1
        25        -0.0105       -1575.81
        25        -0.0102       -1666.23
        25        -0.0099       -1762.93
        25        -0.0096       -1866.58
        25        -0.0093       -1977.97
        25         -0.009       -2097.99
        25        -0.0087       -2227.75
        25        -0.0084       -2368.56
        25        -0.0081       -2522.03
        25        -0.0078       -2690.08
        25        -0.0075       -2875.16
        25        -0.0072       -3080.38
        25        -0.0069       -3309.78
        25        -0.0066       -3568.78
        25        -0.0063       -3864.69
        25         -0.006       -4207.14
        25        -0.0057       -4605.23
        25        -0.0054          -5000
        25        -0.0051          -5000
        25        -0.0048          -5000
        25        -0.0045       -4990.61
        25        -0.0042       -4914.42
        25        -0.0039       -4843.56
        25        -0.0036       -4782.83
        25        -0.0033       -4732.37
        25         -0.003       -4691.24
        25        -0.0027       -4658.21
        25        -0.0024       -4631.92
        25        -0.0021       -4611.09
        25        -0.0018        -4594.6
        25        -0.0015       -4581.39
        25        -0.0012       -4570.72
        25        -0.0009       -4562.01
        25        -0.0006       -4554.99
        25        -0.0003       -4550.31
        25              0       -4550.16
        25         0.0003       -4554.22
        25         0.0006       -4560.48
        25         0.0009       -4568.07
        25         0.0012       -4576.92
        25         0.0015       -4587.41
        25         0.0018       -4600.23
        25         0.0021       -4616.34
        25         0.0024       -4636.69
        25         0.0027       -4662.44
        25          0.003       -4694.85
        25         0.0033       -4735.28
        25         0.0036          -4785
        25         0.0039       -4844.99
        25         0.0042       -4915.15
        25         0.0045       -4990.64
        25         0.0048          -5000
        25         0.0051          -5000
        25         0.0054          -5000
        25         0.0057       -4606.19
        25          0.006       -4208.25
        25         0.0063       -3866.06
        25         0.0066       -3570.36
        25         0.0069       -3311.55
        25         0.0072       -3082.33
        25         0.0075       -2877.28
        25         0.0078       -2692.37
        25         0.0081       -2524.48
        25         0.0084       -2371.16
        25         0.0087       -2230.46
        25          0.009       -2100.78
        25         0.0093       -1980.83
        25         0.0096       -1869.51
        25         0.0099        -1765.9
        25         0.0102       -1669.23
        25         0.0105       -1578.83
        25         0.0108       -1494.14
        25         0.0111       -1414.65
        25         0.0114       -1339.93
        25         0.0117        -1269.6
        25          0.012        -1203.3
        25         0.0123       -1140.76
        25         0.0126        -1081.7
        25         0.0129       -1025.87
        25         0.0132       -973.043
        25         0.0135       -923.023
        25         0.0138       -875.637
        25         0.0141       -830.719
        25         0.0144       -788.118
        25         0.0147         -747.7
        25          0.015       -709.344
        25         0.0153       -672.936
        25         0.0156       -638.366
        25         0.0159       -605.537
        25         0.0162       -574.359
        25         0.0165       -544.747
        25         0.0168       -516.625
        25         0.0171       -489.915
        25         0.0174       -464.548
        25         0.0177        -440.46
        25          0.018       -417.589
        25         0.0183        -395.87
        25         0.0186        -375.25
        25         0.0189       -355.677
        25         0.0192       -337.107
        25         0.0195       -319.497
        25         0.0198       -302.824
        25         0.0201       -287.143
        25         0.0204       -272.272
        25         0.0207       -258.085
        25          0.021       -244.544
        25         0.0213       -231.615
        25         0.0216       -219.264
        25         0.0219       -207.452
        25         0.0222       -196.145
        25         0.0225       -185.311
        25         0.0228       -174.918
        25         0.0231       -164.935
        25         0.0234       -155.337
        25         0.0237       -146.097
        25          0.024        -137.19
        25         0.0243       -128.596
        25         0.0246       -120.292
        25         0.0249       -112.256
        25         0.0252        -104.47
        25         0.0255       -96.9152
        25         0.0258       -89.5738
        25         0.0261       -82.4301
        25         0.0264       -75.4694
        25         0.0267       -68.6782
        25          0.027       -62.0431
        25         0.0273       -55.5508
        25         0.0276       -49.1889
        25         0.0279       -42.9463
        25         0.0282       -36.8119
        25         0.0285       -30.7756
        25         0.0288       -24.8277
        25         0.0291        -18.959
        25         0.0294        -13.161
        25         0.0297       -7.42623
        25           0.03       -1.74855
        25         0.0303              0
        25         0.0306              0
        25         0.0309              0
        25         0.0312              0
        25         0.0315              0
        25         0.0318              0
        25         0.0321              0
        25         0.0324              0
        25         0.0327              0
        25          0.033              0
        25         0.0333              0
        25         0.0336              0
        25         0.0339              0
        25         0.0342              0
        25         0.0345              0
        25         0.0348              0
        25         0.0351              0
        25         0.0354              0
        25         0.0357              0
        25          0.036              0
        25         0.0363              0
        25         0.0366              0
        25         0.0369              0
        25         0.0372              0
        25         0.0375              0
        25         0.0378              0
        25         0.0381              0
        25         0.0384              0
        25         0.0387              0
        25          0.039              0
        25         0.0393              0
        25         0.0396              0
        25         0.0399              0
        25         0.0402              0
        25         0.0405              0
        25         0.0408              0
        25         0.0411              0
        25         0.0414              0
        25         0.0417              0
        25          0.042              0
        25         0.0423              0
        25         0.0426              0
        25         0.0429              0
        25         0.0432              0
        25         0.0435              0
        25         0.0438              0
        25         0.0441              0
        25         0.0444              0
        25         0.0447              0
        25          0.045              0
        25         0.0453              0
        25         0.0456              0
        25         0.0459              0
        25         0.0462              0
        25         0.0465              0
        25         0.0468              0
        25         0.0471              0
        25         0.0474              0
        25         0.0477              0
        26         -0.048              0
        26        -0.0477              0
        26        -0.0474              0
        26        -0.0471              0
        26        -0.0468              0
        26        -0.0465              0
        26        -0.0462              0
        26        -0.0459              0
        26        -0.0456              0
        26        -0.0453              0
        26         -0.045              0
        26        -0.0447              0
        26        -0.0444              0
        26        -0.0441              0
        26        -0.0438              0
        26        -0.0435              0
        26        -0.0432              0
        26        -0.0429              0
        26        -0.0426              0
        26        -0.0423              0
        26         -0.042              0
        26        -0.0417              0
        26        -0.0414              0
        26        -0.0411              0
        26        -0.0408              0
        26        -0.0405              0
        26        -0.0402              0
        26        -0.0399              0
        26        -0.0396              0
        26        -0.0393              0
        26         -0.039              0
        26        -0.0387              0
        26        -0.0384              0
        26        -0.0381              0
        26        -0.0378              0
        26        -0.0375              0
        26        -0.0372              0
        26        -0.0369              0
        26        -0.0366              0
        26        -0.0363              0
        26         -0.036              0
        26        -0.0357              0
        26        -0.0354              0
        26        -0.0351              0
        26        -0.0348              0
        26        -0.0345              0
        26        -0.0342              0
        26        -0.0339              0
        26        -0.0336              0
        26        -0.0333              0
        26         -0.033              0
        26        -0.0327              0
        26        -0.0324              0
        26        -0.0321              0
        26        -0.0318              0
        26        -0.0315              0
        26        -0.0312              0
        26        -0.0309              0
        26        -0.0306              0
        26        -0.0303              0
        26          -0.03        -1.7302
        26        -0.0297       -7.34823
        26        -0.0294       -13.0223
        26        -0.0291       -18.7583
        26        -0.0288       -24.5633
        26        -0.0285       -30.4453
        26        -0.0282       -36.4134
        26        -0.0279       -42.4769
        26        -0.0276       -48.6459
        26        -0.0273        -54.931
        26         -0.027       -61.3435
        26        -0.0267       -67.8952
        26        -0.0264        -74.599
        26        -0.0261       -81.4681
        26        -0.0258        -88.517
        26        -0.0255       -95.7607
        26        -0.0252       -103.215
        26        -0.0249       -110.898
        26        -0.0246       -118.828
        26        -0.0243       -127.023
        26         -0.024       -135.504
        26        -0.0237       -144.292
        26        -0.0234        -153.41
        26        -0.0231       -162.883
        26        -0.0228       -172.737
        26        -0.0225       -182.999
        26        -0.0222       -193.701
        26        -0.0219       -204.872
        26        -0.0216       -216.551
        26        -0.0213       -228.789
        26         -0.021       -241.602
        26        -0.0207       -255.028
        26        -0.0204       -269.112
        26        -0.0201       -283.898
        26        -0.0198       -299.474
        26        -0.0195       -315.991
        26        -0.0192       -333.438
        26        -0.0189       -351.849
        26        -0.0186       -371.267
        26        -0.0183       -391.739
        26         -0.018       -413.316
        26        -0.0177       -436.054
        26        -0.0174       -460.017
        26        -0.0171       -485.263
        26        -0.0168        -511.86
        26        -0.0165       -539.882
        26        -0.0162       -569.403
        26        -0.0159       -600.502
        26        -0.0156       -633.261
        26        -0.0153        -667.77
        26         -0.015       -704.128
        26        -0.0147       -742.437
        26        -0.0144        -782.81
        26        -0.0141        -825.37
        26        -0.0138       -870.248
        26        -0.0135       -917.599
        26        -0.0132       -967.586
        26        -0.0129       -1020.39
        26        -0.0126       -1076.21
        26        -0.0123       -1135.25
        26         -0.012       -1197.76
        26        -0.0117       -1264.03
        26        -0.0114       -1334.33
        26        -0.0111       -1409.03
        26        -0.0108        -1488.5
        26        -0.0105       -1573.18
        26        -0.0102       -1663.59
        26        -0.0099       -1760.31
        26        -0.0096          -1864
        26        -0.0093       -1975.44
        26         -0.009       -2095.54
        26        -0.0087       -2225.41
        26        -0.0084       -2366.34
        26        -0.0081       -2519.93
        26        -0.0078       -2688.12
        26        -0.0075       -2873.35
        26        -0.0072       -3078.74
        26        -0.0069       -3308.35
        26        -0.0066        -3567.6
        26        -0.0063        -3863.8
        26         -0.006       -4206.58
        26        -0.0057          -4605
        26        -0.0054          -5000
        26        -0.0051          -5000
        26        -0.0048          -5000
        26        -0.0045       -4990.56
        26        -0.0042        -4913.9
        26        -0.0039       -4842.49
        26        -0.0036       -4781.17
        26        -0.0033       -4730.02
        26         -0.003       -4688.03
        26        -0.0027       -4653.93
        26        -0.0024       -4626.34
        26        -0.0021       -4603.88
        26        -0.0018       -4585.24
        26        -0.0015       -4569.18
        26        -0.0012        -4554.7
        26        -0.0009       -4541.05
        26        -0.0006       -4527.78
        26        -0.0003       -4516.79
        26              0       -4512.68
        26         0.0003       -4517.88
        26         0.0006       -4529.81
        26         0.0009       -4543.41
        26         0.0012       -4557.26
        26         0.0015       -4571.62
        26         0.0018       -4587.45
        26         0.0021        -4605.9
        26         0.0024       -4628.19
        26         0.0027       -4655.57
        26          0.003       -4689.38
        26         0.0033       -4731.04
        26         0.0036       -4781.88
        26         0.0039       -4842.91
        26         0.0042       -4914.07
        26         0.0045       -4990.53
        26         0.0048          -5000
        26         0.0051          -5000
        26         0.0054          -5000
        26         0.0057       -4605.16
        26          0.006       -4206.36
        26         0.0063       -3863.51
        26         0.0066       -3567.31
        26         0.0069       -3308.12
        26         0.0072        -3078.6
        26         0.0075       -2873.33
        26         0.0078       -2688.25
        26         0.0081       -2520.22
        26         0.0084        -2366.8
        26         0.0087       -2226.03
        26          0.009       -2096.31
        26         0.0093       -1976.35
        26         0.0096       -1865.03
        26         0.0099       -1761.45
        26         0.0102       -1664.81
        26         0.0105       -1574.47
        26         0.0108       -1489.84
        26         0.0111       -1410.42
        26         0.0114       -1335.78
        26         0.0117       -1265.53
        26          0.012       -1199.31
        26         0.0123       -1136.84
        26         0.0126       -1077.85
        26         0.0129       -1022.09
        26         0.0132        -969.34
        26         0.0135       -919.412
        26         0.0138       -872.119
        26         0.0141       -827.294
        26         0.0144       -784.796
        26         0.0147       -744.483
        26          0.015       -706.228
        26         0.0153       -669.914
        26         0.0156       -635.442
        26         0.0159       -602.711
        26         0.0162       -571.631
        26         0.0165       -542.118
        26         0.0168       -514.098
        26         0.0171        -487.49
        26         0.0174       -462.222
        26         0.0177       -438.233
        26          0.018       -415.452
        26         0.0183       -393.821
        26         0.0186       -373.286
        26         0.0189       -353.798
        26         0.0192       -335.312
        26         0.0195        -317.78
        26         0.0198       -301.182
        26         0.0201       -285.565
        26         0.0204       -270.753
        26         0.0207       -256.636
        26          0.021       -243.166
        26         0.0213       -230.309
        26         0.0216       -218.027
        26         0.0219       -206.285
        26         0.0222       -195.048
        26         0.0225       -184.281
        26         0.0228       -173.957
        26         0.0231       -164.044
        26         0.0234       -154.511
        26         0.0237       -145.334
        26          0.024       -136.487
        26         0.0243       -127.948
        26         0.0246       -119.695
        26         0.0249       -111.708
        26         0.0252       -103.967
        26         0.0255       -96.4546
        26         0.0258       -89.1575
        26         0.0261       -82.0574
        26         0.0264       -75.1376
        26         0.0267       -68.3837
        26          0.027       -61.7825
        26         0.0273       -55.3227
        26         0.0276        -48.993
        26         0.0279       -42.7802
        26         0.0282       -36.6736
        26         0.0285       -30.6629
        26         0.0288       -24.7388
        26         0.0291       -18.8924
        26         0.0294       -13.1155
        26         0.0297       -7.40082
        26           0.03       -1.74261
        26         0.0303              0
        26         0.0306              0
        26         0.0309              0
        26         0.0312              0
        26         0.0315              0
        26         0.0318              0
        26         0.0321              0
        26         0.0324              0
        26         0.0327              0
        26          0.033              0
        26         0.0333              0
        26         0.0336              0
        26         0.0339              0
        26         0.0342              0
        26         0.0345              0
        26         0.0348              0
        26         0.0351              0
        26         0.0354              0
        26         0.0357              0
        26          0.036              0
        26         0.0363              0
        26         0.0366              0
        26         0.0369              0
        26         0.0372              0
        26         0.0375              0
        26         0.0378              0
        26         0.0381              0
        26         0.0384              0
        26         0.0387              0
        26          0.039              0
        26         0.0393              0
        26         0.0396              0
        26         0.0399              0
        26         0.0402              0
        26         0.0405              0
        26         0.0408              0
        26         0.0411              0
        26         0.0414              0
        26         0.0417              0
        26          0.042              0
        26         0.0423              0
        26         0.0426              0
        26         0.0429              0
        26         0.0432              0
        26         0.0435              0
        26         0.0438              0
        26         0.0441              0
        26         0.0444              0
        26         0.0447              0
        26          0.045              0
        26         0.0453              0
        26         0.0456              0
        26         0.0459              0
        26         0.0462              0
        26         0.0465              0
        26         0.0468              0
        26         0.0471              0
        26         0.0474              0
        26         0.0477              0
        27         -0.048              0
        27        -0.0477              0
        27        -0.0474              0
        27        -0.0471              0
        27        -0.0468              0
        27        -0.0465              0
        27        -0.0462              0
        27        -0.0459              0
        27        -0.0456              0
        27        -0.0453              0
        27         -0.045              0
        27        -0.0447              0
        27        -0.0444              0
        27        -0.0441              0
        27        -0.0438              0
        27        -0.0435              0
        27        -0.0432              0
        27        -0.0429              0
        27        -0.0426              0
        27        -0.0423              0
        27         -0.042              0
        27        -0.0417              0
        27        -0.0414              0
        27        -0.0411              0
        27        -0.0408              0
        27        -0.0405              0
        27        -0.0402              0
        27        -0.0399              0
        27        -0.0396              0
        27        -0.0393              0
        27         -0.039              0
        27        -0.0387              0
        27        -0.0384              0
        27        -0.0381              0
        27        -0.0378              0
        27        -0.0375              0
        27        -0.0372              0
        27        -0.0369              0
        27        -0.0366              0
        27        -0.0363              0
        27         -0.036              0
        27        -0.0357              0
        27        -0.0354              0
        27        -0.0351              0
        27        -0.0348              0
        27        -0.0345              0
        27        -0.0342              0
        27        -0.0339              0
        27        -0.0336              0
        27        -0.0333              0
        27         -0.033              0
        27        -0.0327              0
        27        -0.0324              0
        27        -0.0321              0
        27        -0.0318              0
        27        -0.0315              0
        27        -0.0312              0
        27        -0.0309              0
        27        -0.0306              0
        27        -0.0303              0
        27          -0.03       -1.70929
        27        -0.0297       -7.25943
        27        -0.0294       -12.8653
        27        -0.0291       -18.5329
        27        -0.0288       -24.2697
        27        -0.0285       -30.0839
        27        -0.0282       -35.9846
        27        -0.0279       -41.9815
        27        -0.0276       -48.0847
        27        -0.0273       -54.3052
        27         -0.027       -60.6544
        27        -0.0267       -67.1447
        27        -0.0264       -73.7888
        27        -0.0261       -80.5998
        27        -0.0258       -87.5918
        27        -0.0255       -94.7796
        27        -0.0252       -102.179
        27        -0.0249       -109.808
        27        -0.0246       -117.684
        27        -0.0243       -125.828
        27         -0.024       -134.259
        27        -0.0237       -142.999
        27        -0.0234       -152.072
        27        -0.0231       -161.503
        27        -0.0228       -171.318
        27        -0.0225       -181.542
        27        -0.0222       -192.207
        27        -0.0219       -203.344
        27        -0.0216       -214.987
        27        -0.0213       -227.172
        27         -0.021        -239.94
        27        -0.0207        -253.33
        27        -0.0204       -267.376
        27        -0.0201       -282.121
        27        -0.0198       -297.665
        27        -0.0195       -314.175
        27        -0.0192       -331.622
        27        -0.0189       -350.036
        27        -0.0186       -369.462
        27        -0.0183       -389.941
        27         -0.018       -411.524
        27        -0.0177       -434.269
        27        -0.0174       -458.236
        27        -0.0171       -483.485
        27        -0.0168       -510.087
        27        -0.0165       -538.115
        27        -0.0162       -567.637
        27        -0.0159       -598.732
        27        -0.0156        -631.49
        27        -0.0153       -665.997
        27         -0.015       -702.351
        27        -0.0147       -740.656
        27        -0.0144       -781.021
        27        -0.0141       -823.572
        27        -0.0138       -868.446
        27        -0.0135       -915.792
        27        -0.0132       -965.768
        27        -0.0129       -1018.55
        27        -0.0126       -1074.34
        27        -0.0123       -1133.34
        27         -0.012       -1195.82
        27        -0.0117       -1262.05
        27        -0.0114       -1332.33
        27        -0.0111       -1406.99
        27        -0.0108       -1486.43
        27        -0.0105       -1571.09
        27        -0.0102       -1661.48
        27        -0.0099       -1758.18
        27        -0.0096       -1861.85
        27        -0.0093       -1973.28
        27         -0.009       -2093.36
        27        -0.0087       -2223.21
        27        -0.0084       -2364.13
        27        -0.0081       -2517.72
        27        -0.0078       -2685.95
        27        -0.0075       -2871.25
        27        -0.0072       -3076.75
        27        -0.0069       -3306.52
        27        -0.0066       -3565.96
        27        -0.0063       -3862.42
        27         -0.006       -4205.53
        27        -0.0057       -4604.42
        27        -0.0054          -5000
        27        -0.0051          -5000
        27        -0.0048          -5000
        27        -0.0045       -4990.52
        27        -0.0042       -4913.59
        27        -0.0039       -4841.93
        27        -0.0036       -4780.38
        27        -0.0033       -4729.02
        27         -0.003       -4686.83
        27        -0.0027       -4652.47
        27        -0.0024        -4624.6
        27        -0.0021       -4601.99
        27        -0.0018       -4583.58
        27        -0.0015       -4568.36
        27        -0.0012       -4555.72
        27        -0.0009       -4545.19
        27        -0.0006       -4537.08
        27        -0.0003       -4531.88
        27              0       -4530.77
        27         0.0003       -4534.19
        27         0.0006       -4540.92
        27         0.0009       -4550.16
        27         0.0012       -4561.33
        27         0.0015       -4574.15
        27         0.0018       -4588.99
        27         0.0021       -4606.84
        27         0.0024       -4628.74
        27         0.0027       -4655.84
        27          0.003       -4689.47
        27         0.0033       -4731.06
        27         0.0036        -4781.9
        27         0.0039       -4842.93
        27         0.0042       -4914.07
        27         0.0045       -4990.53
        27         0.0048          -5000
        27         0.0051          -5000
        27         0.0054          -5000
        27         0.0057       -4605.36
        27          0.006       -4206.57
        27         0.0063       -3863.66
        27         0.0066       -3567.38
        27         0.0069       -3308.09
        27         0.0072       -3078.46
        27         0.0075       -2873.08
        27         0.0078       -2687.88
        27         0.0081       -2519.76
        27         0.0084       -2366.25
        27         0.0087       -2225.41
        27          0.009       -2095.64
        27         0.0093       -1975.63
        27         0.0096       -1864.28
        27         0.0099       -1760.67
        27         0.0102       -1664.01
        27         0.0105       -1573.65
        27         0.0108          -1489
        27         0.0111       -1409.57
        27         0.0114       -1334.91
        27         0.0117       -1264.63
        27          0.012        -1198.4
        27         0.0123       -1135.92
        27         0.0126       -1076.91
        27         0.0129       -1021.14
        27         0.0132       -968.374
        27         0.0135       -918.428
        27         0.0138       -871.125
        27         0.0141       -826.303
        27         0.0144       -783.804
        27         0.0147        -743.49
        27          0.015       -705.241
        27         0.0153       -668.943
        27         0.0156       -634.488
        27         0.0159        -601.78
        27         0.0162       -570.726
        27         0.0165        -541.24
        27         0.0168       -513.241
        27         0.0171       -486.655
        27         0.0174       -461.409
        27         0.0177       -437.436
        27          0.018       -414.677
        27         0.0183        -393.07
        27         0.0186       -372.559
        27         0.0189        -353.09
        27         0.0192       -334.618
        27         0.0195       -317.102
        27         0.0198       -300.512
        27         0.0201       -284.867
        27         0.0204       -270.023
        27         0.0207       -255.879
        27          0.021        -242.39
        27         0.0213       -229.526
        27         0.0216        -217.25
        27         0.0219       -205.513
        27         0.0222       -194.281
        27         0.0225       -183.522
        27         0.0228       -173.209
        27         0.0231       -163.307
        27         0.0234       -153.787
        27         0.0237       -144.626
        27          0.024       -135.799
        27         0.0243       -127.283
        27         0.0246       -119.057
        27         0.0249       -111.098
        27         0.0252       -103.386
        27         0.0255       -95.9036
        27         0.0258       -88.6337
        27         0.0261       -81.5603
        27         0.0264        -74.668
        27         0.0267       -67.9416
        27          0.027        -61.375
        27         0.0273       -54.9533
        27         0.0276       -48.6595
        27         0.0279       -42.4835
        27         0.0282       -36.4147
        27         0.0285       -30.4431
        27         0.0288       -24.5592
        27         0.0291       -18.7537
        27         0.0294       -13.0184
        27         0.0297        -7.3457
        27           0.03       -1.72958
        27         0.0303              0
        27         0.0306              0
        27         0.0309              0
        27         0.0312              0
        27         0.0315              0
        27         0.0318              0
        27         0.0321              0
        27         0.0324              0
        27         0.0327              0
        27          0.033              0
        27         0.0333              0
        27         0.0336              0
        27         0.0339              0
        27         0.0342              0
        27         0.0345              0
        27         0.0348              0
        27         0.0351              0
        27         0.0354              0
        27         0.0357              0
        27          0.036              0
        27         0.0363              0
        27         0.0366              0
        27         0.0369              0
        27         0.0372              0
        27         0.0375              0
        27         0.0378              0
        27         0.0381              0
        27         0.0384              0
        27         0.0387              0
        27          0.039              0
        27         0.0393              0
        27         0.0396              0
        27         0.0399              0
        27         0.0402              0
        27         0.0405              0
        27         0.0408              0
        27         0.0411              0
        27         0.0414              0
        27         0.0417              0
        27          0.042              0
        27         0.0423              0
        27         0.0426              0
        27         0.0429              0
        27         0.0432              0
        27         0.0435              0
        27         0.0438              0
        27         0.0441              0
        27         0.0444              0
        27         0.0447              0
        27          0.045              0
        27         0.0453              0
        27         0.0456              0
        27         0.0459              0
        27         0.0462              0
        27         0.0465              0
        27         0.0468              0
        27         0.0471              0
        27         0.0474              0
        27         0.0477              0
        28         -0.048              0
        28        -0.0477              0
        28        -0.0474              0
        28        -0.0471              0
        28        -0.0468              0
        28        -0.0465              0
        28        -0.0462              0
        28        -0.0459              0
        28        -0.0456              0
        28        -0.0453              0
        28         -0.045              0
        28        -0.0447              0
        28        -0.0444              0
        28        -0.0441              0
        28        -0.0438              0
        28        -0.0435              0
        28        -0.0432              0
        28        -0.0429              0
        28        -0.0426              0
        28        -0.0423              0
        28         -0.042              0
        28        -0.0417              0
        28        -0.0414              0
        28        -0.0411              0
        28        -0.0408              0
        28        -0.0405              0
        28        -0.0402              0
        28        -0.0399              0
        28        -0.0396              0
        28        -0.0393              0
        28         -0.039              0
        28        -0.0387              0
        28        -0.0384              0
        28        -0.0381              0
        28        -0.0378              0
        28        -0.0375              0
        28        -0.0372              0
        28        -0.0369              0
        28        -0.0366              0
        28        -0.0363              0
        28         -0.036              0
        28        -0.0357              0
        28        -0.0354              0
        28        -0.0351              0
        28        -0.0348              0
        28        -0.0345              0
        28        -0.0342              0
        28        -0.0339              0
        28        -0.0336              0
        28        -0.0333              0
        28         -0.033              0
        28        -0.0327              0
        28        -0.0324              0
        28        -0.0321              0
        28        -0.0318              0
        28        -0.0315              0
        28        -0.0312              0
        28        -0.0309              0
        28        -0.0306              0
        28        -0.0303              0
        28          -0.03        -1.7363
        28        -0.0297       -7.37419
        28        -0.0294       -13.0687
        28        -0.0291       -18.8259
        28        -0.0288       -24.6534
        28        -0.0285       -30.5596
        28        -0.0282       -36.5536
        28        -0.0279       -42.6452
        28        -0.0276       -48.8449
        28        -0.0273       -55.1634
        28         -0.027       -61.6123
        28        -0.0267       -68.2037
        28        -0.0264       -74.9507
        28        -0.0261       -81.8668
        28        -0.0258       -88.9669
        28        -0.0255       -96.2683
        28        -0.0252       -103.786
        28        -0.0249       -111.535
        28        -0.0246       -119.536
        28        -0.0243       -127.807
        28         -0.024        -136.37
        28        -0.0237       -145.245
        28        -0.0234       -154.458
        28        -0.0231       -164.032
        28        -0.0228       -173.996
        28        -0.0225       -184.376
        28        -0.0222       -195.205
        28        -0.0219       -206.511
        28        -0.0216       -218.328
        28        -0.0213       -230.698
        28         -0.021       -243.654
        28        -0.0207        -257.23
        28        -0.0204       -271.466
        28        -0.0201       -286.391
        28        -0.0198       -302.112
        28        -0.0195       -318.823
        28        -0.0192       -336.469
        28        -0.0189       -355.082
        28        -0.0186       -374.705
        28        -0.0183       -395.388
        28         -0.018       -417.182
        28        -0.0177       -440.144
        28        -0.0174       -464.333
        28        -0.0171       -489.814
        28        -0.0168       -516.651
        28        -0.0165       -544.916
        28        -0.0162       -574.687
        28        -0.0159       -606.039
        28        -0.0156       -639.054
        28        -0.0153        -673.82
        28         -0.015        -710.43
        28        -0.0147       -748.989
        28        -0.0144       -789.615
        28        -0.0141       -832.429
        28        -0.0138       -877.562
        28        -0.0135        -925.16
        28        -0.0132       -975.389
        28        -0.0129       -1028.42
        28        -0.0126       -1084.45
        28        -0.0123        -1143.7
        28         -0.012       -1206.41
        28        -0.0117       -1272.85
        28        -0.0114       -1343.33
        28        -0.0111       -1418.17
        28        -0.0108       -1497.77
        28        -0.0105       -1582.54
        28        -0.0102       -1673.01
        28        -0.0099       -1769.76
        28        -0.0096       -1873.43
        28        -0.0093       -1984.81
        28         -0.009       -2104.79
        28        -0.0087       -2234.48
        28        -0.0084       -2375.18
        28        -0.0081       -2528.46
        28        -0.0078       -2696.27
        28        -0.0075       -2881.02
        28        -0.0072       -3085.82
        28        -0.0069       -3314.71
        28        -0.0066       -3573.07
        28        -0.0063        -3868.2
        28         -0.006       -4209.66
        28        -0.0057       -4606.53
        28        -0.0054          -5000
        28        -0.0051          -5000
        28        -0.0048          -5000
        28        -0.0045       -4990.81
        28        -0.0042       -4916.31
        28        -0.0039       -4847.23
        28        -0.0036       -4788.32
        28        -0.0033       -4739.69
        28         -0.003       -4700.41
        28        -0.0027       -4669.29
        28        -0.0024       -4645.03
        28        -0.0021       -4626.38
        28        -0.0018       -4612.21
        28        -0.0015        -4601.5
        28        -0.0012       -4593.55
        28        -0.0009       -4587.71
        28        -0.0006        -4583.7
        28        -0.0003       -4581.68
        28              0       -4581.59
        28         0.0003       -4583.31
        28         0.0006       -4586.86
        28         0.0009       -4591.71
        28         0.0012        -4597.9
        28         0.0015       -4605.85
        28         0.0018       -4616.31
        28         0.0021        -4630.2
        28         0.0024       -4648.53
        28         0.0027        -4672.4
        28          0.003       -4703.04
        28         0.0033       -4741.77
        28         0.0036       -4789.86
        28         0.0039       -4848.25
        28         0.0042       -4916.83
        28         0.0045       -4990.82
        28         0.0048          -5000
        28         0.0051          -5000
        28         0.0054          -5000
        28         0.0057       -4607.08
        28          0.006       -4210.09
        28         0.0063        -3868.7
        28         0.0066       -3573.68
        28         0.0069       -3315.44
        28         0.0072       -3086.67
        28         0.0075       -2881.99
        28         0.0078       -2697.37
        28         0.0081        -2529.7
        28         0.0084       -2376.55
        28         0.0087       -2235.96
        28          0.009       -2106.35
        28         0.0093       -1986.43
        28         0.0096       -1875.11
        28         0.0099       -1771.47
        28         0.0102       -1674.76
        28         0.0105        -1584.3
        28         0.0108       -1499.54
        28         0.0111       -1419.96
        28         0.0114       -1345.13
        28         0.0117       -1274.66
        28          0.012        -1208.2
        28         0.0123       -1145.46
        28         0.0126        -1086.2
        28         0.0129       -1030.16
        28         0.0132        -977.13
        28         0.0135       -926.913
        28         0.0138       -879.324
        28         0.0141       -834.204
        28         0.0144       -791.403
        28         0.0147       -750.787
        28          0.015       -712.233
        28         0.0153       -675.625
        28         0.0156       -640.862
        28         0.0159       -607.847
        28         0.0162       -576.492
        28         0.0165        -546.71
        28         0.0168       -518.422
        28         0.0171       -491.553
        28         0.0174       -466.033
        28         0.0177       -441.799
        28          0.018       -418.788
        28         0.0183       -396.941
        28         0.0186       -376.201
        28         0.0189       -356.518
        28         0.0192       -337.839
        28         0.0195       -320.123
        28         0.0198       -303.349
        28         0.0201       -287.579
        28         0.0204       -272.614
        28         0.0207       -258.341
        28          0.021       -244.728
        28         0.0213       -231.739
        28         0.0216       -219.334
        28         0.0219       -207.477
        28         0.0222       -196.133
        28         0.0225       -185.268
        28         0.0228       -174.851
        28         0.0231       -164.847
        28         0.0234        -155.23
        28         0.0237       -145.974
        28          0.024       -137.055
        28         0.0243        -128.45
        28         0.0246       -120.137
        28         0.0249       -112.095
        28         0.0252       -104.306
        28         0.0255       -96.7493
        28         0.0258       -89.4094
        28         0.0261       -82.2725
        28         0.0264       -75.3202
        28         0.0267       -68.5377
        28          0.027       -61.9116
        28         0.0273       -55.4291
        28         0.0276       -49.0782
        28         0.0279       -42.8472
        28         0.0282       -36.7253
        28         0.0285        -30.702
        28         0.0288       -24.7676
        28         0.0291       -18.9126
        28         0.0294       -13.1285
        28         0.0297       -7.40783
        28           0.03        -1.7442
        28         0.0303              0
        28         0.0306              0
        28         0.0309              0
        28         0.0312              0
        28         0.0315              0
        28         0.0318              0
        28         0.0321              0
        28         0.0324              0
        28         0.0327              0
        28          0.033              0
        28         0.0333              0
        28         0.0336              0
        28         0.0339              0
        28         0.0342              0
        28         0.0345              0
        28         0.0348              0
        28         0.0351              0
        28         0.0354              0
        28         0.0357              0
        28          0.036              0
        28         0.0363              0
        28         0.0366              0
        28         0.0369              0
        28         0.0372              0
        28         0.0375              0
        28         0.0378              0
        28         0.0381              0
        28         0.0384              0
        28         0.0387              0
        28          0.039              0
        28         0.0393              0
        28         0.0396              0
        28         0.0399              0
        28         0.0402              0
        28         0.0405              0
        28         0.0408              0
        28         0.0411              0
        28         0.0414              0
        28         0.0417              0
        28          0.042              0
        28         0.0423              0
        28         0.0426              0
        28         0.0429              0
        28         0.0432              0
        28         0.0435              0
        28         0.0438              0
        28         0.0441              0
        28         0.0444              0
        28         0.0447              0
        28          0.045              0
        28         0.0453              0
        28         0.0456              0
        28         0.0459              0
        28         0.0462              0
        28         0.0465              0
        28         0.0468              0
        28         0.0471              0
        28         0.0474              0
        28         0.0477              0
        29         -0.048              0
        29        -0.0477              0
        29        -0.0474              0
        29        -0.0471              0
        29        -0.0468              0
        29        -0.0465              0
        29        -0.0462              0
        29        -0.0459              0
        29        -0.0456              0
        29        -0.0453              0
        29         -0.045              0
        29        -0.0447              0
        29        -0.0444              0
        29        -0.0441              0
        29        -0.0438              0
        29        -0.0435              0
        29        -0.0432              0
        29        -0.0429              0
        29        -0.0426              0
        29        -0.0423              0
        29         -0.042              0
        29        -0.0417              0
        29        -0.0414              0
        29        -0.0411              0
        29        -0.0408              0
        29        -0.0405              0
        29        -0.0402              0
        29        -0.0399              0
        29        -0.0396              0
        29        -0.0393              0
        29         -0.039              0
        29        -0.0387              0
        29        -0.0384              0
        29        -0.0381              0
        29        -0.0378              0
        29        -0.0375              0
        29        -0.0372              0
        29        -0.0369              0
        29        -0.0366              0
        29        -0.0363              0
        29         -0.036              0
        29        -0.0357              0
        29        -0.0354              0
        29        -0.0351              0
        29        -0.0348              0
        29        -0.0345              0
        29        -0.0342              0
        29        -0.0339              0
        29        -0.0336              0
        29        -0.0333              0
        29         -0.033              0
        29        -0.0327              0
        29        -0.0324              0
        29        -0.0321              0
        29        -0.0318              0
        29        -0.0315              0
        29        -0.0312              0
        29        -0.0309              0
        29        -0.0306              0
        29        -0.0303              0
        29          -0.03       -1.76185
        29        -0.0297        -7.4826
        29        -0.0294       -13.2603
        29        -0.0291       -19.1006
        29        -0.0288       -25.0108
        29        -0.0285       -30.9991
        29        -0.0282       -37.0741
        29        -0.0279       -43.2456
        29        -0.0276       -49.5235
        29        -0.0273       -55.9185
        29         -0.027        -62.442
        29        -0.0267       -69.1058
        29        -0.0264       -75.9227
        29        -0.0261       -82.9062
        29        -0.0258       -90.0705
        29        -0.0255       -97.4309
        29        -0.0252       -105.004
        29        -0.0249       -112.806
        29        -0.0246       -120.856
        29        -0.0243       -129.173
        29         -0.024       -137.778
        29        -0.0237       -146.693
        29        -0.0234       -155.941
        29        -0.0231       -165.547
        29        -0.0228       -175.536
        29        -0.0225       -185.936
        29        -0.0222       -196.776
        29        -0.0219       -208.089
        29        -0.0216       -219.907
        29        -0.0213       -232.265
        29         -0.021       -245.199
        29        -0.0207       -258.746
        29        -0.0204       -272.945
        29        -0.0201       -287.835
        29        -0.0198        -303.52
        29        -0.0195       -320.166
        29        -0.0192       -337.751
        29        -0.0189       -356.301
        29        -0.0186        -375.86
        29        -0.0183       -396.469
        29         -0.018       -418.184
        29        -0.0177       -441.059
        29        -0.0174       -465.153
        29        -0.0171        -490.53
        29        -0.0168       -517.256
        29        -0.0165       -545.404
        29        -0.0162       -575.049
        29        -0.0159       -606.271
        29        -0.0156       -639.152
        29        -0.0153       -673.784
        29         -0.015       -710.262
        29        -0.0147       -748.685
        29        -0.0144       -789.164
        29        -0.0141       -831.822
        29        -0.0138       -876.801
        29        -0.0135       -924.249
        29        -0.0132       -974.322
        29        -0.0129        -1027.2
        29        -0.0126       -1083.08
        29        -0.0123       -1142.18
        29         -0.012       -1204.74
        29        -0.0117       -1271.02
        29        -0.0114       -1341.34
        29        -0.0111       -1416.05
        29        -0.0108       -1495.51
        29        -0.0105       -1580.18
        29        -0.0102       -1670.54
        29        -0.0099       -1767.18
        29        -0.0096       -1870.76
        29        -0.0093       -1982.05
        29         -0.009       -2101.99
        29        -0.0087       -2231.66
        29        -0.0084       -2372.37
        29        -0.0081        -2525.7
        29        -0.0078       -2693.58
        29        -0.0075       -2878.45
        29        -0.0072       -3083.42
        29        -0.0069       -3312.53
        29        -0.0066       -3571.18
        29        -0.0063       -3866.68
        29         -0.006        -4208.6
        29        -0.0057       -4606.02
        29        -0.0054          -5000
        29        -0.0051          -5000
        29        -0.0048          -5000
        29        -0.0045       -4990.64
        29        -0.0042       -4914.66
        29        -0.0039       -4843.95
        29        -0.0036       -4783.34
        29        -0.0033       -4732.89
        29         -0.003       -4691.65
        29        -0.0027       -4658.36
        29        -0.0024       -4631.68
        29        -0.0021       -4610.27
        29        -0.0018       -4592.83
        29        -0.0015        -4578.2
        29        -0.0012       -4565.39
        29        -0.0009       -4553.82
        29        -0.0006       -4542.98
        29        -0.0003       -4534.03
        29              0       -4531.06
        29         0.0003       -4536.41
        29         0.0006       -4546.17
        29         0.0009       -4557.22
        29         0.0012       -4568.73
        29         0.0015        -4581.3
        29         0.0018       -4595.69
        29         0.0021       -4612.89
        29         0.0024       -4634.03
        29         0.0027       -4660.36
        29          0.003       -4693.23
        29         0.0033       -4734.06
        29         0.0036       -4784.12
        29         0.0039       -4844.39
        29         0.0042       -4914.82
        29         0.0045       -4990.61
        29         0.0048          -5000
        29         0.0051          -5000
        29         0.0054          -5000
        29         0.0057       -4606.14
        29          0.006       -4208.28
        29         0.0063        -3866.2
        29         0.0066       -3570.65
        29         0.0069          -3312
        29         0.0072       -3082.94
        29         0.0075       -2878.06
        29         0.0078       -2693.31
        29         0.0081       -2525.57
        29         0.0084       -2372.38
        29         0.0087       -2231.81
        29          0.009       -2102.26
        29         0.0093       -1982.43
        29         0.0096       -1871.21
        29         0.0099        -1767.7
        29         0.0102       -1671.11
        29         0.0105       -1580.79
        29         0.0108       -1496.18
        29         0.0111       -1416.76
        29         0.0114       -1342.09
        29         0.0117       -1271.78
        29          0.012       -1205.52
        29         0.0123          -1143
        29         0.0126       -1083.95
        29         0.0129       -1028.13
        29         0.0132       -975.313
        29         0.0135       -925.315
        29         0.0138       -877.947
        29         0.0141       -833.044
        29         0.0144       -790.457
        29         0.0147       -750.049
        29          0.015       -711.691
        29         0.0153       -675.279
        29         0.0156       -640.705
        29         0.0159       -607.871
        29         0.0162       -576.688
        29         0.0165       -547.072
        29         0.0168       -518.941
        29         0.0171       -492.222
        29         0.0174       -466.847
        29         0.0177       -442.745
        29          0.018       -419.853
        29         0.0183       -398.112
        29         0.0186       -377.467
        29         0.0189       -357.873
        29         0.0192       -339.272
        29         0.0195       -321.627
        29         0.0198       -304.918
        29         0.0201       -289.229
        29         0.0204       -274.334
        29         0.0207       -260.117
        29          0.021       -246.548
        29         0.0213       -233.582
        29         0.0216       -221.185
        29         0.0219       -209.328
        29         0.0222       -197.974
        29         0.0225        -187.09
        29         0.0228       -176.644
        29         0.0231       -166.609
        29         0.0234       -156.958
        29         0.0237       -147.667
        29          0.024       -138.709
        29         0.0243       -130.057
        29         0.0246       -121.691
        29         0.0249       -113.592
        29         0.0252        -105.74
        29         0.0255       -98.1164
        29         0.0258       -90.7042
        29         0.0261       -83.4899
        29         0.0264       -76.4611
        29         0.0267       -69.5993
        29          0.027       -62.8901
        29         0.0273       -56.3211
        29         0.0276       -49.8806
        29         0.0279       -43.5575
        29         0.0282       -37.3412
        29         0.0285        -31.222
        29         0.0288       -25.1902
        29         0.0291       -19.2373
        29         0.0294        -13.355
        29         0.0297         -7.536
        29           0.03       -1.77444
        29         0.0303              0
        29         0.0306              0
        29         0.0309              0
        29         0.0312              0
        29         0.0315              0
        29         0.0318              0
        29         0.0321              0
        29         0.0324              0
        29         0.0327              0
        29          0.033              0
        29         0.0333              0
        29         0.0336              0
        29         0.0339              0
        29         0.0342              0
        29         0.0345              0
        29         0.0348              0
        29         0.0351              0
        29         0.0354              0
        29         0.0357              0
        29          0.036              0
        29         0.0363              0
        29         0.0366              0
        29         0.0369              0
        29         0.0372              0
        29         0.0375              0
        29         0.0378              0
        29         0.0381              0
        29         0.0384              0
        29         0.0387              0
        29          0.039              0
        29         0.0393              0
        29         0.0396              0
        29         0.0399              0
        29         0.0402              0
        29         0.0405              0
        29         0.0408              0
        29         0.0411              0
        29         0.0414              0
        29         0.0417              0
        29          0.042              0
        29         0.0423              0
        29         0.0426              0
        29         0.0429              0
        29         0.0432              0
        29         0.0435              0
        29         0.0438              0
        29         0.0441              0
        29         0.0444              0
        29         0.0447              0
        29          0.045              0
        29         0.0453              0
        29         0.0456              0
        29         0.0459              0
        29         0.0462              0
        29         0.0465              0
        29         0.0468              0
        29         0.0471              0
        29         0.0474              0
        29         0.0477              0
        30         -0.048              0
        30        -0.0477              0
        30        -0.0474              0
        30        -0.0471              0
        30        -0.0468              0
        30        -0.0465              0
        30        -0.0462              0
        30        -0.0459              0
        30        -0.0456              0
        30        -0.0453              0
        30         -0.045              0
        30        -0.0447              0
        30        -0.0444              0
        30        -0.0441              0
        30        -0.0438              0
        30        -0.0435              0
        30        -0.0432              0
        30        -0.0429              0
        30        -0.0426              0
        30        -0.0423              0
        30         -0.042              0
        30        -0.0417              0
        30        -0.0414              0
        30        -0.0411              0
        30        -0.0408              0
        30        -0.0405              0
        30        -0.0402              0
        30        -0.0399              0
        30        -0.0396              0
        30        -0.0393              0
        30         -0.039              0
        30        -0.0387              0
        30        -0.0384              0
        30        -0.0381              0
        30        -0.0378              0
        30        -0.0375              0
        30        -0.0372              0
        30        -0.0369              0
        30        -0.0366              0
        30        -0.0363              0
        30         -0.036              0
        30        -0.0357              0
        30        -0.0354              0
        30        -0.0351              0
        30        -0.0348              0
        30        -0.0345              0
        30        -0.0342              0
        30        -0.0339              0
        30        -0.0336              0
        30        -0.0333              0
        30         -0.033              0
        30        -0.0327              0
        30        -0.0324              0
        30        -0.0321              0
        30        -0.0318              0
        30        -0.0315              0
        30        -0.0312              0
        30        -0.0309              0
        30        -0.0306              0
        30        -0.0303              0
        30          -0.03       -1.72139
        30        -0.0297       -7.31078
        30        -0.0294       -12.9561
        30        -0.0291        -18.663
        30        -0.0288        -24.439
        30        -0.0285        -30.292
        30        -0.0282       -36.2311
        30        -0.0279       -42.2657
        30        -0.0276       -48.4058
        30        -0.0273       -54.6621
        30         -0.027       -61.0458
        30        -0.0267       -67.5688
        30        -0.0264       -74.2437
        30        -0.0261       -81.0837
        30        -0.0258       -88.1031
        30        -0.0255        -95.317
        30        -0.0252       -102.741
        30        -0.0249       -110.393
        30        -0.0246       -118.291
        30        -0.0243       -126.453
        30         -0.024       -134.902
        30        -0.0237       -143.664
        30        -0.0234       -152.759
        30        -0.0231       -162.208
        30        -0.0228       -172.037
        30        -0.0225       -182.274
        30        -0.0222       -192.948
        30        -0.0219       -204.091
        30        -0.0216       -215.734
        30        -0.0213       -227.923
        30         -0.021       -240.701
        30        -0.0207       -254.092
        30        -0.0204       -268.136
        30        -0.0201       -282.875
        30        -0.0198       -298.413
        30        -0.0195       -314.922
        30        -0.0192       -332.365
        30        -0.0189       -350.771
        30        -0.0186       -370.182
        30        -0.0183       -390.648
        30         -0.018        -412.22
        30        -0.0177       -434.951
        30        -0.0174       -458.903
        30        -0.0171       -484.137
        30        -0.0168       -510.722
        30        -0.0165       -538.727
        30        -0.0162       -568.227
        30        -0.0159       -599.304
        30        -0.0156       -632.044
        30        -0.0153       -666.533
        30         -0.015       -702.866
        30        -0.0147       -741.157
        30        -0.0144       -781.517
        30        -0.0141       -824.065
        30        -0.0138       -868.936
        30        -0.0135       -916.279
        30        -0.0132       -966.256
        30        -0.0129       -1019.04
        30        -0.0126       -1074.84
        30        -0.0123       -1133.86
        30         -0.012       -1196.37
        30        -0.0117       -1262.62
        30        -0.0114       -1332.91
        30        -0.0111       -1407.59
        30        -0.0108       -1487.04
        30        -0.0105       -1571.71
        30        -0.0102       -1662.12
        30        -0.0099       -1758.84
        30        -0.0096       -1862.52
        30        -0.0093       -1973.95
        30         -0.009       -2094.04
        30        -0.0087        -2223.9
        30        -0.0084       -2364.83
        30        -0.0081       -2518.44
        30        -0.0078       -2686.66
        30        -0.0075       -2871.95
        30        -0.0072       -3077.42
        30        -0.0069       -3307.13
        30        -0.0066       -3566.51
        30        -0.0063       -3862.88
        30         -0.006       -4205.87
        30        -0.0057       -4604.59
        30        -0.0054          -5000
        30        -0.0051          -5000
        30        -0.0048          -5000
        30        -0.0045       -4990.57
        30        -0.0042       -4914.01
        30        -0.0039       -4842.78
        30        -0.0036       -4781.71
        30        -0.0033       -4730.88
        30         -0.003       -4689.31
        30        -0.0027       -4655.77
        30        -0.0024          -4629
        30        -0.0021       -4607.81
        30        -0.0018       -4591.11
        30        -0.0015       -4577.94
        30        -0.0012       -4567.62
        30        -0.0009       -4559.58
        30        -0.0006       -4553.46
        30        -0.0003       -4549.94
        30              0       -4549.66
        30         0.0003       -4552.32
        30         0.0006       -4557.32
        30         0.0009        -4563.8
        30         0.0012       -4571.95
        30         0.0015       -4582.18
        30         0.0018       -4595.09
        30         0.0021       -4611.52
        30         0.0024       -4632.38
        30         0.0027       -4658.73
        30          0.003        -4691.8
        30         0.0033       -4732.87
        30         0.0036       -4783.21
        30         0.0039       -4843.81
        30         0.0042       -4914.53
        30         0.0045       -4990.57
        30         0.0048          -5000
        30         0.0051          -5000
        30         0.0054          -5000
        30         0.0057       -4605.52
        30          0.006       -4206.89
        30         0.0063       -3864.11
        30         0.0066       -3567.92
        30         0.0069       -3308.69
        30         0.0072        -3079.1
        30         0.0075       -2873.76
        30         0.0078       -2688.59
        30         0.0081       -2520.48
        30         0.0084       -2366.98
        30         0.0087       -2226.14
        30          0.009       -2096.35
        30         0.0093       -1976.31
        30         0.0096       -1864.92
        30         0.0099       -1761.26
        30         0.0102       -1664.56
        30         0.0105       -1574.16
        30         0.0108       -1489.48
        30         0.0111       -1410.02
        30         0.0114       -1335.32
        30         0.0117       -1265.01
        30          0.012       -1198.74
        30         0.0123       -1136.22
        30         0.0126       -1077.18
        30         0.0129        -1021.4
        30         0.0132       -968.634
        30         0.0135       -918.693
        30         0.0138       -871.388
        30         0.0141       -826.553
        30         0.0144       -784.041
        30         0.0147       -743.719
        30          0.015       -705.461
        30         0.0153       -669.151
        30         0.0156       -634.684
        30         0.0159       -601.966
        30         0.0162       -570.903
        30         0.0165        -541.41
        30         0.0168       -513.403
        30         0.0171        -486.81
        30         0.0174       -461.562
        30         0.0177       -437.588
        30          0.018       -414.825
        30         0.0183       -393.212
        30         0.0186       -372.693
        30         0.0189       -353.216
        30         0.0192        -334.74
        30         0.0195        -317.23
        30         0.0198       -300.654
        30         0.0201       -285.034
        30         0.0204        -270.22
        30         0.0207       -256.106
        30          0.021       -242.638
        30         0.0213       -229.788
        30         0.0216       -217.524
        30         0.0219       -205.803
        30         0.0222       -194.583
        30         0.0225       -183.832
        30         0.0228       -173.523
        30         0.0231       -163.622
        30         0.0234       -154.101
        30         0.0237       -144.935
        30          0.024       -136.097
        30         0.0243       -127.568
        30         0.0246       -119.329
        30         0.0249       -111.362
        30         0.0252       -103.645
        30         0.0255       -96.1542
        30         0.0258       -88.8742
        30         0.0261       -81.7896
        30         0.0264        -74.886
        30         0.0267       -68.1497
        30          0.027       -61.5679
        30         0.0273       -55.1276
        30         0.0276       -48.8165
        30         0.0279       -42.6231
        30         0.0282       -36.5366
        30         0.0285       -30.5468
        30         0.0288        -24.644
        30         0.0291       -18.8193
        30         0.0294       -13.0643
        30         0.0297       -7.37181
        30           0.03       -1.73575
        30         0.0303              0
        30         0.0306              0
        30         0.0309              0
        30         0.0312              0
        30         0.0315              0
        30         0.0318              0
        30         0.0321              0
        30         0.0324              0
        30         0.0327              0
        30          0.033              0
        30         0.0333              0
        30         0.0336              0
        30         0.0339              0
        30         0.0342              0
        30         0.0345              0
        30         0.0348              0
        30         0.0351              0
        30         0.0354              0
        30         0.0357              0
        30          0.036              0
        30         0.0363              0
        30         0.0366              0
        30         0.0369              0
        30         0.0372              0
        30         0.0375              0
        30         0.0378              0
        30         0.0381              0
        30         0.0384              0
        30         0.0387              0
        30          0.039              0
        30         0.0393              0
        30         0.0396              0
        30         0.0399              0
        30         0.0402              0
        30         0.0405              0
        30         0.0408              0
        30         0.0411              0
        30         0.0414              0
        30         0.0417              0
        30          0.042              0
        30         0.0423              0
        30         0.0426              0
        30         0.0429              0
        30         0.0432              0
        30         0.0435              0
        30         0.0438              0
        30         0.0441              0
        30         0.0444              0
        30         0.0447              0
        30          0.045              0
        30         0.0453              0
        30         0.0456              0
        30         0.0459              0
        30         0.0462              0
        30         0.0465              0
        30         0.0468              0
        30         0.0471              0
        30         0.0474              0
        30         0.0477              0
        31         -0.048              0
        31        -0.0477              0
        31        -0.0474              0
        31        -0.0471              0
        31        -0.0468              0
        31        -0.0465              0
        31        -0.0462              0
        31        -0.0459              0
        31        -0.0456              0
        31        -0.0453              0
        31         -0.045              0
        31        -0.0447              0
        31        -0.0444              0
        31        -0.0441              0
        31        -0.0438              0
        31        -0.0435              0
        31        -0.0432              0
        31        -0.0429              0
        31        -0.0426              0
        31        -0.0423              0
        31         -0.042              0
        31        -0.0417              0
        31        -0.0414              0
        31        -0.0411              0
        31        -0.0408              0
        31        -0.0405              0
        31        -0.0402              0
        31        -0.0399              0
        31        -0.0396              0
        31        -0.0393              0
        31         -0.039              0
        31        -0.0387              0
        31        -0.0384              0
        31        -0.0381              0
        31        -0.0378              0
        31        -0.0375              0
        31        -0.0372              0
        31        -0.0369              0
        31        -0.0366              0
        31        -0.0363              0
        31         -0.036              0
        31        -0.0357              0
        31        -0.0354              0
        31        -0.0351              0
        31        -0.0348              0
        31        -0.0345              0
        31        -0.0342              0
        31        -0.0339              0
        31        -0.0336              0
        31        -0.0333              0
        31         -0.033              0
        31        -0.0327              0
        31        -0.0324              0
        31        -0.0321              0
        31        -0.0318              0
        31        -0.0315              0
        31        -0.0312              0
        31        -0.0309              0
        31        -0.0306              0
        31        -0.0303              0
        31          -0.03       -1.72785
        31        -0.0297       -7.33831
        31        -0.0294       -13.0052
        31        -0.0291       -18.7347
        31        -0.0288       -24.5342
        31        -0.0285       -30.4122
        31        -0.0282       -36.3781
        31        -0.0279       -42.4413
        31        -0.0276       -48.6123
        31        -0.0273        -54.902
        31         -0.027       -61.3217
        31        -0.0267       -67.8837
        31        -0.0264       -74.6005
        31        -0.0261       -81.4861
        31        -0.0258       -88.5551
        31        -0.0255       -95.8229
        31        -0.0252       -103.305
        31        -0.0249       -111.019
        31        -0.0246        -118.98
        31        -0.0243       -127.209
        31         -0.024       -135.735
        31        -0.0237       -144.572
        31        -0.0234       -153.749
        31        -0.0231       -163.284
        31        -0.0228       -173.204
        31        -0.0225       -183.539
        31        -0.0222        -194.32
        31        -0.0219       -205.583
        31        -0.0216       -217.355
        31        -0.0213       -229.672
        31         -0.021       -242.576
        31        -0.0207       -256.105
        31        -0.0204       -270.291
        31        -0.0201       -285.177
        31        -0.0198       -300.865
        31        -0.0195       -317.527
        31        -0.0192       -335.133
        31        -0.0189       -353.711
        31        -0.0186       -373.304
        31        -0.0183       -393.958
        31         -0.018       -415.726
        31        -0.0177       -438.661
        31        -0.0174       -462.824
        31        -0.0171       -488.277
        31        -0.0168       -515.086
        31        -0.0165       -543.322
        31        -0.0162       -573.055
        31        -0.0159       -604.367
        31        -0.0156       -637.345
        31        -0.0153        -672.08
        31         -0.015       -708.668
        31        -0.0147       -747.207
        31        -0.0144       -787.808
        31        -0.0141       -830.598
        31        -0.0138       -875.711
        31        -0.0135        -923.29
        31        -0.0132       -973.494
        31        -0.0129        -1026.5
        31        -0.0126       -1082.52
        31        -0.0123       -1141.76
        31         -0.012       -1204.45
        31        -0.0117       -1270.88
        31        -0.0114       -1341.34
        31        -0.0111       -1416.18
        31        -0.0108       -1495.78
        31        -0.0105       -1580.58
        31        -0.0102       -1671.08
        31        -0.0099       -1767.85
        31        -0.0096       -1871.56
        31        -0.0093       -1982.98
        31         -0.009       -2103.03
        31        -0.0087       -2232.79
        31        -0.0084       -2373.57
        31        -0.0081       -2526.96
        31        -0.0078       -2694.87
        31        -0.0075       -2879.74
        31        -0.0072       -3084.67
        31        -0.0069        -3313.7
        31        -0.0066       -3572.23
        31        -0.0063       -3867.55
        31         -0.006       -4209.23
        31        -0.0057       -4606.33
        31        -0.0054          -5000
        31        -0.0051          -5000
        31        -0.0048          -5000
        31        -0.0045        -4990.8
        31        -0.0042       -4916.16
        31        -0.0039       -4846.91
        31        -0.0036       -4787.82
        31        -0.0033       -4739.02
        31         -0.003       -4699.58
        31        -0.0027       -4668.31
        31        -0.0024       -4643.91
        31        -0.0021       -4625.11
        31        -0.0018       -4610.79
        31        -0.0015       -4599.97
        31        -0.0012       -4591.76
        31        -0.0009       -4585.31
        31        -0.0006       -4580.52
        31        -0.0003          -4578
        31              0       -4577.92
        31         0.0003          -4580
        31         0.0006       -4583.86
        31         0.0009       -4588.83
        31         0.0012       -4595.12
        31         0.0015       -4603.29
        31         0.0018       -4613.95
        31         0.0021       -4627.96
        31         0.0024       -4646.42
        31         0.0027       -4670.48
        31          0.003       -4701.36
        31         0.0033       -4740.35
        31         0.0036       -4788.74
        31         0.0039       -4847.48
        31         0.0042       -4916.42
        31         0.0045       -4990.78
        31         0.0048          -5000
        31         0.0051          -5000
        31         0.0054          -5000
        31         0.0057       -4606.78
        31          0.006       -4209.48
        31         0.0063       -3867.83
        31         0.0066       -3572.59
        31         0.0069       -3314.14
        31         0.0072       -3085.21
        31         0.0075       -2880.41
        31         0.0078       -2695.68
        31         0.0081       -2527.93
        31         0.0084       -2374.71
        31         0.0087       -2234.07
        31          0.009       -2104.42
        31         0.0093       -1984.46
        31         0.0096       -1873.11
        31         0.0099       -1769.46
        31         0.0102       -1672.74
        31         0.0105       -1582.28
        31         0.0108       -1497.52
        31         0.0111       -1417.94
        31         0.0114       -1343.11
        31         0.0117       -1272.65
        31          0.012       -1206.22
        31         0.0123       -1143.53
        31         0.0126       -1084.31
        31         0.0129       -1028.32
        31         0.0132       -975.348
        31         0.0135        -925.18
        31         0.0138       -877.641
        31         0.0141        -832.57
        31         0.0144       -789.823
        31         0.0147        -749.26
        31          0.015       -710.758
        31         0.0153       -674.209
        31         0.0156       -639.503
        31         0.0159       -606.543
        31         0.0162       -575.243
        31         0.0165       -545.517
        31         0.0168       -517.286
        31         0.0171       -490.472
        31         0.0174       -465.005
        31         0.0177        -440.82
        31          0.018       -417.856
        31         0.0183       -396.053
        31         0.0186       -375.358
        31         0.0189       -355.719
        31         0.0192       -337.088
        31         0.0195       -319.423
        31         0.0198       -302.698
        31         0.0201       -286.941
        31         0.0204       -271.987
        31         0.0207       -257.734
        31          0.021       -244.143
        31         0.0213       -231.181
        31         0.0216       -218.803
        31         0.0219       -206.966
        31         0.0222       -195.635
        31         0.0225       -184.788
        31         0.0228       -174.395
        31         0.0231       -164.413
        31         0.0234       -154.816
        31         0.0237       -145.581
        31          0.024       -136.685
        31         0.0243       -128.103
        31         0.0246       -119.811
        31         0.0249       -111.789
        31         0.0252       -104.019
        31         0.0255        -96.481
        31         0.0258       -89.1593
        31         0.0261       -82.0374
        31         0.0264       -75.0998
        31         0.0267       -68.3324
        31          0.027       -61.7213
        31         0.0273       -55.2537
        31         0.0276       -48.9178
        31         0.0279       -42.7062
        31         0.0282        -36.604
        31         0.0285       -30.6001
        31         0.0288       -24.6849
        31         0.0291       -18.8493
        31         0.0294       -13.0845
        31         0.0297       -7.38288
        31           0.03       -1.73833
        31         0.0303              0
        31         0.0306              0
        31         0.0309              0
        31         0.0312              0
        31         0.0315              0
        31         0.0318              0
        31         0.0321              0
        31         0.0324              0
        31         0.0327              0
        31          0.033              0
        31         0.0333              0
        31         0.0336              0
        31         0.0339              0
        31         0.0342              0
        31         0.0345              0
        31         0.0348              0
        31         0.0351              0
        31         0.0354              0
        31         0.0357              0
        31          0.036              0
        31         0.0363              0
        31         0.0366              0
        31         0.0369              0
        31         0.0372              0
        31         0.0375              0
        31         0.0378              0
        31         0.0381              0
        31         0.0384              0
        31         0.0387              0
        31          0.039              0
        31         0.0393              0
        31         0.0396              0
        31         0.0399              0
        31         0.0402              0
        31         0.0405              0
        31         0.0408              0
        31         0.0411              0
        31         0.0414              0
        31         0.0417              0
        31          0.042              0
        31         0.0423              0
        31         0.0426              0
        31         0.0429              0
        31         0.0432              0
        31         0.0435              0
        31         0.0438              0
        31         0.0441              0
        31         0.0444              0
        31         0.0447              0
        31          0.045              0
        31         0.0453              0
        31         0.0456              0
        31         0.0459              0
        31         0.0462              0
        31         0.0465              0
        31         0.0468              0
        31         0.0471              0
        31         0.0474              0
        31         0.0477              0
        32         -0.048              0
        32        -0.0477              0
        32        -0.0474              0
        32        -0.0471              0
        32        -0.0468              0
        32        -0.0465              0
        32        -0.0462              0
        32        -0.0459              0
        32        -0.0456              0
        32        -0.0453              0
        32         -0.045              0
        32        -0.0447              0
        32        -0.0444              0
        32        -0.0441              0
        32        -0.0438              0
        32        -0.0435              0
        32        -0.0432              0
        32        -0.0429              0
        32        -0.0426              0
        32        -0.0423              0
        32         -0.042              0
        32        -0.0417              0
        32        -0.0414              0
        32        -0.0411              0
        32        -0.0408              0
        32        -0.0405              0
        32        -0.0402              0
        32        -0.0399              0
        32        -0.0396              0
        32        -0.0393              0
        32         -0.039              0
        32        -0.0387              0
        32        -0.0384              0
        32        -0.0381              0
        32        -0.0378              0
        32        -0.0375              0
        32        -0.0372              0
        32        -0.0369              0
        32        -0.0366              0
        32        -0.0363              0
        32         -0.036              0
        32        -0.0357              0
        32        -0.0354              0
        32        -0.0351              0
        32        -0.0348              0
        32        -0.0345              0
        32        -0.0342              0
        32        -0.0339              0
        32        -0.0336              0
        32        -0.0333              0
        32         -0.033              0
        32        -0.0327              0
        32        -0.0324              0
        32        -0.0321              0
        32        -0.0318              0
        32        -0.0315              0
        32        -0.0312              0
        32        -0.0309              0
        32        -0.0306              0
        32        -0.0303              0
        32          -0.03       -1.75612
        32        -0.0297       -7.45824
        32        -0.0294        -13.217
        32        -0.0291       -19.0382
        32        -0.0288       -24.9289
        32        -0.0285       -30.8972
        32        -0.0282       -36.9521
        32        -0.0279       -43.1033
        32        -0.0276        -49.361
        32        -0.0273       -55.7356
        32         -0.027        -62.238
        32        -0.0267       -68.8799
        32        -0.0264       -75.6738
        32        -0.0261       -82.6332
        32        -0.0258       -89.7741
        32        -0.0255       -97.1109
        32        -0.0252       -104.658
        32        -0.0249       -112.434
        32        -0.0246       -120.456
        32        -0.0243       -128.743
        32         -0.024       -137.317
        32        -0.0237         -146.2
        32        -0.0234       -155.414
        32        -0.0231       -164.985
        32        -0.0228       -174.938
        32        -0.0225       -185.303
        32        -0.0222        -196.11
        32        -0.0219        -207.39
        32        -0.0216       -219.178
        32        -0.0213        -231.51
        32         -0.021       -244.428
        32        -0.0207       -257.968
        32        -0.0204       -272.168
        32        -0.0201        -287.07
        32        -0.0198       -302.767
        32        -0.0195       -319.401
        32        -0.0192       -336.964
        32        -0.0189       -355.488
        32        -0.0186       -375.019
        32        -0.0183       -395.603
        32         -0.018       -417.293
        32        -0.0177       -440.145
        32        -0.0174       -464.218
        32        -0.0171       -489.573
        32        -0.0168       -516.278
        32        -0.0165       -544.403
        32        -0.0162       -574.021
        32        -0.0159       -605.216
        32        -0.0156       -638.071
        32        -0.0153       -672.672
        32         -0.015       -709.114
        32        -0.0147       -747.507
        32        -0.0144       -787.959
        32        -0.0141       -830.589
        32        -0.0138       -875.535
        32        -0.0135       -922.948
        32        -0.0132       -972.993
        32        -0.0129       -1025.85
        32        -0.0126       -1081.71
        32        -0.0123        -1140.8
        32         -0.012       -1203.35
        32        -0.0117       -1269.62
        32        -0.0114       -1339.94
        32        -0.0111       -1414.64
        32        -0.0108        -1494.1
        32        -0.0105       -1578.77
        32        -0.0102       -1669.14
        32        -0.0099       -1765.79
        32        -0.0096        -1869.4
        32        -0.0093       -1980.72
        32         -0.009       -2100.68
        32        -0.0087       -2230.37
        32        -0.0084        -2371.1
        32        -0.0081       -2524.46
        32        -0.0078        -2692.4
        32        -0.0075       -2877.34
        32        -0.0072        -3082.4
        32        -0.0069       -3311.62
        32        -0.0066       -3570.41
        32        -0.0063       -3866.06
        32         -0.006       -4208.17
        32        -0.0057        -4605.8
        32        -0.0054          -5000
        32        -0.0051          -5000
        32        -0.0048          -5000
        32        -0.0045       -4990.62
        32        -0.0042       -4914.48
        32        -0.0039       -4843.61
        32        -0.0036       -4782.86
        32        -0.0033       -4732.31
        32         -0.003       -4690.98
        32        -0.0027       -4657.59
        32        -0.0024       -4630.74
        32        -0.0021       -4609.08
        32        -0.0018       -4591.35
        32        -0.0015       -4576.36
        32        -0.0012       -4563.17
        32        -0.0009       -4551.19
        32        -0.0006       -4540.45
        32        -0.0003       -4532.55
        32              0       -4529.63
        32         0.0003        -4533.4
        32         0.0006       -4542.43
        32         0.0009       -4553.49
        32         0.0012       -4565.46
        32         0.0015       -4578.38
        32         0.0018       -4593.03
        32         0.0021       -4610.49
        32         0.0024       -4631.91
        32         0.0027       -4658.52
        32          0.003       -4691.71
        32         0.0033       -4732.87
        32         0.0036       -4783.25
        32         0.0039       -4843.81
        32         0.0042       -4914.53
        32         0.0045       -4990.58
        32         0.0048          -5000
        32         0.0051          -5000
        32         0.0054          -5000
        32         0.0057       -4606.04
        32          0.006       -4208.03
        32         0.0063       -3865.81
        32         0.0066       -3570.12
        32         0.0069       -3311.35
        32         0.0072       -3082.17
        32         0.0075       -2877.19
        32         0.0078       -2692.35
        32         0.0081       -2524.53
        32         0.0084       -2371.28
        32         0.0087       -2230.65
        32          0.009       -2101.05
        32         0.0093       -1981.17
        32         0.0096       -1869.93
        32         0.0099       -1766.39
        32         0.0102        -1669.8
        32         0.0105       -1579.47
        32         0.0108       -1494.84
        32         0.0111       -1415.42
        32         0.0114       -1340.75
        32         0.0117       -1270.46
        32          0.012        -1204.2
        32         0.0123       -1141.68
        32         0.0126       -1082.64
        32         0.0129       -1026.83
        32         0.0132       -974.038
        32         0.0135       -924.055
        32         0.0138       -876.703
        32         0.0141       -831.818
        32         0.0144       -789.254
        32         0.0147       -748.876
        32          0.015       -710.557
        32         0.0153        -674.18
        32         0.0156       -639.639
        32         0.0159       -606.839
        32         0.0162       -575.691
        32         0.0165       -546.113
        32         0.0168       -518.023
        32         0.0171       -491.343
        32         0.0174       -466.004
        32         0.0177       -441.942
        32          0.018       -419.094
        32         0.0183       -397.395
        32         0.0186        -376.79
        32         0.0189       -357.227
        32         0.0192       -338.656
        32         0.0195       -321.038
        32         0.0198       -304.352
        32         0.0201       -288.668
        32         0.0204       -273.787
        32         0.0207       -259.592
        32          0.021       -246.042
        32         0.0213       -233.097
        32         0.0216       -220.722
        32         0.0219       -208.883
        32         0.0222       -197.547
        32         0.0225        -186.68
        32         0.0228       -176.254
        32         0.0231       -166.236
        32         0.0234       -156.599
        32         0.0237       -147.317
        32          0.024       -138.366
        32         0.0243       -129.731
        32         0.0246       -121.381
        32         0.0249       -113.298
        32         0.0252       -105.462
        32         0.0255       -97.8558
        32         0.0258       -90.4626
        32         0.0261       -83.2676
        32         0.0264       -76.2539
        32         0.0267       -69.4071
        32          0.027        -62.714
        32         0.0273       -56.1619
        32         0.0276       -49.7388
        32         0.0279       -43.4333
        32         0.0282       -37.2348
        32         0.0285       -31.1331
        32         0.0288       -25.1187
        32         0.0291       -19.1829
        32         0.0294       -13.3173
        32         0.0297       -7.51474
        32           0.03       -1.76944
        32         0.0303              0
        32         0.0306              0
        32         0.0309              0
        32         0.0312              0
        32         0.0315              0
        32         0.0318              0
        32         0.0321              0
        32         0.0324              0
        32         0.0327              0
        32          0.033              0
        32         0.0333              0
        32         0.0336              0
        32         0.0339              0
        32         0.0342              0
        32         0.0345              0
        32         0.0348              0
        32         0.0351              0
        32         0.0354              0
        32         0.0357              0
        32          0.036              0
        32         0.0363              0
        32         0.0366              0
        32         0.0369              0
        32         0.0372              0
        32         0.0375              0
        32         0.0378              0
        32         0.0381              0
        32         0.0384              0
        32         0.0387              0
        32          0.039              0
        32         0.0393              0
        32         0.0396              0
        32         0.0399              0
        32         0.0402              0
        32         0.0405              0
        32         0.0408              0
        32         0.0411              0
        32         0.0414              0
        32         0.0417              0
        32          0.042              0
        32         0.0423              0
        32         0.0426              0
        32         0.0429              0
        32         0.0432              0
        32         0.0435              0
        32         0.0438              0
        32         0.0441              0
        32         0.0444              0
        32         0.0447              0
        32          0.045              0
        32         0.0453              0
        32         0.0456              0
        32         0.0459              0
        32         0.0462              0
        32         0.0465              0
        32         0.0468              0
        32         0.0471              0
        32         0.0474              0
        32         0.0477              0
        33         -0.048              0
        33        -0.0477              0
        33        -0.0474              0
        33        -0.0471              0
        33        -0.0468              0
        33        -0.0465              0
        33        -0.0462              0
        33        -0.0459              0
        33        -0.0456              0
        33        -0.0453              0
        33         -0.045              0
        33        -0.0447              0
        33        -0.0444              0
        33        -0.0441              0
        33        -0.0438              0
        33        -0.0435              0
        33        -0.0432              0
        33        -0.0429              0
        33        -0.0426              0
        33        -0.0423              0
        33         -0.042              0
        33        -0.0417              0
        33        -0.0414              0
        33        -0.0411              0
        33        -0.0408              0
        33        -0.0405              0
        33        -0.0402              0
        33        -0.0399              0
        33        -0.0396              0
        33        -0.0393              0
        33         -0.039              0
        33        -0.0387              0
        33        -0.0384              0
        33        -0.0381              0
        33        -0.0378              0
        33        -0.0375              0
        33        -0.0372              0
        33        -0.0369              0
        33        -0.0366              0
        33        -0.0363              0
        33         -0.036              0
        33        -0.0357              0
        33        -0.0354              0
        33        -0.0351              0
        33        -0.0348              0
        33        -0.0345              0
        33        -0.0342              0
        33        -0.0339              0
        33        -0.0336              0
        33        -0.0333              0
        33         -0.033              0
        33        -0.0327              0
        33        -0.0324              0
        33        -0.0321              0
        33        -0.0318              0
        33        -0.0315              0
        33        -0.0312              0
        33        -0.0309              0
        33        -0.0306              0
        33        -0.0303              0
        33          -0.03       -1.71468
        33        -0.0297       -7.28233
        33        -0.0294       -12.9059
        33        -0.0291       -18.5915
        33        -0.0288       -24.3465
        33        -0.0285       -30.1793
        33        -0.0282       -36.0989
        33        -0.0279       -42.1151
        33        -0.0276       -48.2382
        33        -0.0273       -54.4791
        33         -0.027       -60.8495
        33        -0.0267        -67.361
        33        -0.0264       -74.0262
        33        -0.0261       -80.8581
        33        -0.0258       -87.8711
        33        -0.0255         -95.08
        33        -0.0252       -102.501
        33        -0.0249        -110.15
        33        -0.0246       -118.046
        33        -0.0243       -126.208
        33         -0.024       -134.658
        33        -0.0237       -143.418
        33        -0.0234       -152.511
        33        -0.0231       -161.961
        33        -0.0228       -171.794
        33        -0.0225       -182.037
        33        -0.0222       -192.722
        33        -0.0219       -203.882
        33        -0.0216       -215.549
        33        -0.0213       -227.767
        33         -0.021        -240.57
        33        -0.0207       -253.992
        33        -0.0204       -268.073
        33        -0.0201       -282.856
        33        -0.0198        -298.44
        33        -0.0195       -314.973
        33        -0.0192       -332.444
        33        -0.0189       -350.883
        33        -0.0186       -370.332
        33        -0.0183       -390.837
        33         -0.018       -412.446
        33        -0.0177       -435.222
        33        -0.0174       -459.218
        33        -0.0171         -484.5
        33        -0.0168       -511.141
        33        -0.0165       -539.203
        33        -0.0162       -568.759
        33        -0.0159       -599.887
        33        -0.0156       -632.671
        33        -0.0153       -667.211
        33         -0.015       -703.604
        33        -0.0147       -741.954
        33        -0.0144        -782.37
        33        -0.0141       -824.977
        33        -0.0138       -869.904
        33        -0.0135       -917.298
        33        -0.0132       -967.323
        33        -0.0129       -1020.16
        33        -0.0126          -1076
        33        -0.0123       -1135.07
        33         -0.012       -1197.61
        33        -0.0117       -1263.89
        33        -0.0114       -1334.22
        33        -0.0111       -1408.91
        33        -0.0108       -1488.38
        33        -0.0105       -1573.07
        33        -0.0102       -1663.49
        33        -0.0099       -1760.21
        33        -0.0096        -1863.9
        33        -0.0093       -1975.33
        33         -0.009        -2095.4
        33        -0.0087       -2225.23
        33        -0.0084       -2366.12
        33        -0.0081       -2519.67
        33        -0.0078       -2687.83
        33        -0.0075       -2873.04
        33        -0.0072       -3078.42
        33        -0.0069       -3308.02
        33        -0.0066       -3567.26
        33        -0.0063       -3863.47
        33         -0.006       -4206.28
        33        -0.0057       -4604.79
        33        -0.0054          -5000
        33        -0.0051          -5000
        33        -0.0048          -5000
        33        -0.0045        -4990.6
        33        -0.0042       -4914.36
        33        -0.0039       -4843.45
        33        -0.0036       -4782.67
        33        -0.0033       -4732.12
        33         -0.003       -4690.84
        33        -0.0027       -4657.53
        33        -0.0024        -4630.9
        33        -0.0021       -4609.65
        33        -0.0018        -4592.7
        33        -0.0015       -4579.09
        33        -0.0012       -4568.01
        33        -0.0009       -4558.97
        33        -0.0006       -4551.65
        33        -0.0003        -4547.2
        33              0        -4547.5
        33         0.0003       -4551.44
        33         0.0006       -4557.65
        33         0.0009       -4565.23
        33         0.0012       -4574.14
        33         0.0015       -4584.83
        33         0.0018        -4597.9
        33         0.0021       -4614.19
        33         0.0024       -4634.78
        33         0.0027       -4660.78
        33          0.003       -4693.47
        33         0.0033        -4734.2
        33         0.0036       -4784.23
        33         0.0039       -4844.49
        33         0.0042       -4914.89
        33         0.0045       -4990.62
        33         0.0048          -5000
        33         0.0051          -5000
        33         0.0054          -5000
        33         0.0057       -4605.79
        33          0.006       -4207.42
        33         0.0063       -3864.85
        33         0.0066       -3568.83
        33         0.0069       -3309.75
        33         0.0072       -3080.29
        33         0.0075       -2875.04
        33         0.0078       -2689.95
        33         0.0081       -2521.91
        33         0.0084       -2368.47
        33         0.0087       -2227.67
        33          0.009       -2097.92
        33         0.0093       -1977.91
        33         0.0096       -1866.55
        33         0.0099       -1762.91
        33         0.0102       -1666.22
        33         0.0105       -1575.83
        33         0.0108       -1491.16
        33         0.0111       -1411.69
        33         0.0114       -1336.99
        33         0.0117       -1266.67
        33          0.012       -1200.41
        33         0.0123       -1137.88
        33         0.0126       -1078.83
        33         0.0129       -1023.01
        33         0.0132       -970.218
        33         0.0135       -920.232
        33         0.0138       -872.879
        33         0.0141       -827.999
        33         0.0144       -785.447
        33         0.0147       -745.084
        33          0.015       -706.791
        33         0.0153       -670.445
        33         0.0156       -635.946
        33         0.0159       -603.195
        33         0.0162       -572.097
        33         0.0165       -542.568
        33         0.0168        -514.53
        33         0.0171       -487.908
        33         0.0174       -462.628
        33         0.0177        -438.62
        33          0.018       -415.822
        33         0.0183       -394.179
        33         0.0186       -373.628
        33         0.0189       -354.119
        33         0.0192       -335.603
        33         0.0195       -318.039
        33         0.0198       -301.399
        33         0.0201       -285.714
        33         0.0204       -270.829
        33         0.0207       -256.655
        33          0.021       -243.149
        33         0.0213       -230.259
        33         0.0216       -217.942
        33         0.0219       -206.162
        33         0.0222       -194.889
        33         0.0225       -184.096
        33         0.0228       -173.752
        33         0.0231       -163.819
        33         0.0234       -154.271
        33         0.0237        -145.08
        33          0.024       -136.222
        33         0.0243       -127.675
        33         0.0246       -119.417
        33         0.0249       -111.427
        33         0.0252       -103.688
        33         0.0255       -96.1791
        33         0.0258       -88.8851
        33         0.0261       -81.7893
        33         0.0264       -74.8768
        33         0.0267       -68.1332
        33          0.027       -61.5452
        33         0.0273       -55.1001
        33         0.0276        -48.786
        33         0.0279       -42.5912
        33         0.0282       -36.5051
        33         0.0285       -30.5173
        33         0.0288        -24.618
        33         0.0291       -18.7981
        33         0.0294       -13.0489
        33         0.0297       -7.36278
        33           0.03       -1.73359
        33         0.0303              0
        33         0.0306              0
        33         0.0309              0
        33         0.0312              0
        33         0.0315              0
        33         0.0318              0
        33         0.0321              0
        33         0.0324              0
        33         0.0327              0
        33          0.033              0
        33         0.0333              0
        33         0.0336              0
        33         0.0339              0
        33         0.0342              0
        33         0.0345              0
        33         0.0348              0
        33         0.0351              0
        33         0.0354              0
        33         0.0357              0
        33          0.036              0
        33         0.0363              0
        33         0.0366              0
        33         0.0369              0
        33         0.0372              0
        33         0.0375              0
        33         0.0378              0
        33         0.0381              0
        33         0.0384              0
        33         0.0387              0
        33          0.039              0
        33         0.0393              0
        33         0.0396              0
        33         0.0399              0
        33         0.0402              0
        33         0.0405              0
        33         0.0408              0
        33         0.0411              0
        33         0.0414              0
        33         0.0417              0
        33          0.042              0
        33         0.0423              0
        33         0.0426              0
        33         0.0429              0
        33         0.0432              0
        33         0.0435              0
        33         0.0438              0
        33         0.0441              0
        33         0.0444              0
        33         0.0447              0
        33          0.045              0
        33         0.0453              0
        33         0.0456              0
        33         0.0459              0
        33         0.0462              0
        33         0.0465              0
        33         0.0468              0
        33         0.0471              0
        33         0.0474              0
        33         0.0477              0
        34         -0.048              0
        34        -0.0477              0
        34        -0.0474              0
        34        -0.0471              0
        34        -0.0468              0
        34        -0.0465              0
        34        -0.0462              0
        34        -0.0459              0
        34        -0.0456              0
        34        -0.0453              0
        34         -0.045              0
        34        -0.0447              0
        34        -0.0444              0
        34        -0.0441              0
        34        -0.0438              0
        34        -0.0435              0
        34        -0.0432              0
        34        -0.0429              0
        34        -0.0426              0
        34        -0.0423              0
        34         -0.042              0
        34        -0.0417              0
        34        -0.0414              0
        34        -0.0411              0
        34        -0.0408              0
        34        -0.0405              0
        34        -0.0402              0
        34        -0.0399              0
        34        -0.0396              0
        34        -0.0393              0
        34         -0.039              0
        34        -0.0387              0
        34        -0.0384              0
        34        -0.0381              0
        34        -0.0378              0
        34        -0.0375              0
        34        -0.0372              0
        34        -0.0369              0
        34        -0.0366              0
        34        -0.0363              0
        34         -0.036              0
        34        -0.0357              0
        34        -0.0354              0
        34        -0.0351              0
        34        -0.0348              0
        34        -0.0345              0
        34        -0.0342              0
        34        -0.0339              0
        34        -0.0336              0
        34        -0.0333              0
        34         -0.033              0
        34        -0.0327              0
        34        -0.0324              0
        34        -0.0321              0
        34        -0.0318              0
        34        -0.0315              0
        34        -0.0312              0
        34        -0.0309              0
        34        -0.0306              0
        34        -0.0303              0
        34          -0.03       -1.74414
        34        -0.0297        -7.4075
        34        -0.0294       -13.1279
        34        -0.0291       -18.9114
        34        -0.0288       -24.7658
        34        -0.0285       -30.6996
        34        -0.0282       -36.7221
        34        -0.0279       -42.8431
        34        -0.0276        -49.073
        34        -0.0273       -55.4229
        34         -0.027       -61.9044
        34        -0.0267       -68.5295
        34        -0.0264       -75.3112
        34        -0.0261        -82.263
        34        -0.0258       -89.3989
        34        -0.0255       -96.7342
        34        -0.0252       -104.284
        34        -0.0249       -112.069
        34        -0.0246       -120.109
        34        -0.0243       -128.424
        34         -0.024       -137.034
        34        -0.0237       -145.957
        34        -0.0234       -155.216
        34        -0.0231       -164.837
        34        -0.0228        -174.85
        34        -0.0225       -185.279
        34        -0.0222        -196.15
        34        -0.0219       -207.499
        34        -0.0216       -219.365
        34        -0.0213        -231.78
        34         -0.021       -244.779
        34        -0.0207       -258.391
        34        -0.0204       -272.655
        34        -0.0201       -287.597
        34        -0.0198       -303.336
        34        -0.0195       -320.095
        34        -0.0192       -337.804
        34        -0.0189       -356.484
        34        -0.0186       -376.176
        34        -0.0183        -396.93
        34         -0.018       -418.797
        34        -0.0177       -441.832
        34        -0.0174       -466.095
        34        -0.0171       -491.646
        34        -0.0168       -518.556
        34        -0.0165       -546.895
        34        -0.0162       -576.733
        34        -0.0159       -608.154
        34        -0.0156       -641.241
        34        -0.0153       -676.079
        34         -0.015       -712.769
        34        -0.0147       -751.412
        34        -0.0144       -792.118
        34        -0.0141       -835.007
        34        -0.0138       -880.214
        34        -0.0135       -927.882
        34        -0.0132       -978.174
        34        -0.0129       -1031.27
        34        -0.0126       -1087.37
        34        -0.0123       -1146.68
        34         -0.012       -1209.45
        34        -0.0117       -1275.93
        34        -0.0114       -1346.45
        34        -0.0111       -1421.33
        34        -0.0108       -1500.96
        34        -0.0105       -1585.76
        34        -0.0102       -1676.25
        34        -0.0099          -1773
        34        -0.0096       -1876.65
        34        -0.0093          -1988
        34         -0.009       -2107.96
        34        -0.0087       -2237.61
        34        -0.0084       -2378.24
        34        -0.0081       -2531.43
        34        -0.0078       -2699.11
        34        -0.0075        -2883.7
        34        -0.0072        -3088.3
        34        -0.0069       -3316.94
        34        -0.0066          -3575
        34        -0.0063       -3869.77
        34         -0.006       -4210.78
        34        -0.0057       -4607.09
        34        -0.0054          -5000
        34        -0.0051          -5000
        34        -0.0048          -5000
        34        -0.0045       -4990.88
        34        -0.0042       -4916.92
        34        -0.0039       -4848.37
        34        -0.0036          -4790
        34        -0.0033       -4741.93
        34         -0.003       -4703.26
        34        -0.0027       -4672.79
        34        -0.0024       -4649.23
        34        -0.0021       -4631.35
        34        -0.0018       -4618.02
        34        -0.0015       -4608.18
        34        -0.0012        -4600.9
        34        -0.0009        -4595.6
        34        -0.0006       -4592.02
        34        -0.0003       -4590.39
        34              0       -4590.54
        34         0.0003       -4592.03
        34         0.0006        -4594.9
        34         0.0009       -4599.11
        34         0.0012       -4604.55
        34         0.0015       -4611.71
        34         0.0018        -4621.4
        34         0.0021       -4634.52
        34         0.0024       -4652.11
        34         0.0027       -4675.31
        34          0.003       -4705.36
        34         0.0033       -4743.56
        34         0.0036       -4791.16
        34         0.0039        -4849.1
        34         0.0042       -4917.26
        34         0.0045       -4990.87
        34         0.0048          -5000
        34         0.0051          -5000
        34         0.0054          -5000
        34         0.0057       -4607.56
        34          0.006       -4211.06
        34         0.0063       -3870.07
        34         0.0066       -3575.39
        34         0.0069       -3317.42
        34         0.0072       -3088.88
        34         0.0075       -2884.41
        34         0.0078       -2699.96
        34         0.0081       -2532.44
        34         0.0084        -2379.4
        34         0.0087       -2238.91
        34          0.009       -2109.38
        34         0.0093       -1989.52
        34         0.0096       -1878.26
        34         0.0099       -1774.67
        34         0.0102       -1677.99
        34         0.0105       -1587.54
        34         0.0108       -1502.77
        34         0.0111       -1423.17
        34         0.0114       -1348.33
        34         0.0117       -1277.83
        34          0.012       -1211.36
        34         0.0123       -1148.61
        34         0.0126       -1089.32
        34         0.0129       -1033.27
        34         0.0132       -980.211
        34         0.0135       -929.959
        34         0.0138        -882.33
        34         0.0141       -837.166
        34         0.0144       -794.317
        34         0.0147       -753.649
        34          0.015        -715.04
        34         0.0153       -678.378
        34         0.0156       -643.555
        34         0.0159       -610.476
        34         0.0162       -579.053
        34         0.0165       -549.203
        34         0.0168        -520.85
        34         0.0171       -493.916
        34         0.0174       -468.328
        34         0.0177       -444.019
        34          0.018        -420.93
        34         0.0183       -399.006
        34         0.0186       -378.188
        34         0.0189       -358.423
        34         0.0192       -339.667
        34         0.0195        -321.88
        34         0.0198       -305.038
        34         0.0201       -289.179
        34         0.0204       -274.136
        34         0.0207       -259.799
        34          0.021       -246.122
        34         0.0213       -233.066
        34         0.0216       -220.591
        34         0.0219       -208.668
        34         0.0222       -197.257
        34         0.0225       -186.324
        34         0.0228       -175.837
        34         0.0231       -165.772
        34         0.0234       -156.098
        34         0.0237       -146.787
        34          0.024       -137.812
        34         0.0243       -129.152
        34         0.0246       -120.791
        34         0.0249       -112.702
        34         0.0252       -104.868
        34         0.0255       -97.2677
        34         0.0258       -89.8847
        34         0.0261        -82.703
        34         0.0264       -75.7086
        34         0.0267       -68.8873
        34          0.027       -62.2242
        34         0.0273       -55.7063
        34         0.0276       -49.3213
        34         0.0279       -43.0577
        34         0.0282       -36.9043
        34         0.0285       -30.8507
        34         0.0288       -24.8868
        34         0.0291       -19.0032
        34         0.0294       -13.1913
        34         0.0297       -7.44315
        34           0.03        -1.7525
        34         0.0303              0
        34         0.0306              0
        34         0.0309              0
        34         0.0312              0
        34         0.0315              0
        34         0.0318              0
        34         0.0321              0
        34         0.0324              0
        34         0.0327              0
        34          0.033              0
        34         0.0333              0
        34         0.0336              0
        34         0.0339              0
        34         0.0342              0
        34         0.0345              0
        34         0.0348              0
        34         0.0351              0
        34         0.0354              0
        34         0.0357              0
        34          0.036              0
        34         0.0363              0
        34         0.0366              0
        34         0.0369              0
        34         0.0372              0
        34         0.0375              0
        34         0.0378              0
        34         0.0381              0
        34         0.0384              0
        34         0.0387              0
        34          0.039              0
        34         0.0393              0
        34         0.0396              0
        34         0.0399              0
        34         0.0402              0
        34         0.0405              0
        34         0.0408              0
        34         0.0411              0
        34         0.0414              0
        34         0.0417              0
        34          0.042              0
        34         0.0423              0
        34         0.0426              0
        34         0.0429              0
        34         0.0432              0
        34         0.0435              0
        34         0.0438              0
        34         0.0441              0
        34         0.0444              0
        34         0.0447              0
        34          0.045              0
        34         0.0453              0
        34         0.0456              0
        34         0.0459              0
        34         0.0462              0
        34         0.0465              0
        34         0.0468              0
        34         0.0471              0
        34         0.0474              0
        34         0.0477              0
        35         -0.048              0
        35        -0.0477              0
        35        -0.0474              0
        35        -0.0471              0
        35        -0.0468              0
        35        -0.0465              0
        35        -0.0462              0
        35        -0.0459              0
        35        -0.0456              0
        35        -0.0453              0
        35         -0.045              0
        35        -0.0447              0
        35        -0.0444              0
        35        -0.0441              0
        35        -0.0438              0
        35        -0.0435              0
        35        -0.0432              0
        35        -0.0429              0
        35        -0.0426              0
        35        -0.0423              0
        35         -0.042              0
        35        -0.0417              0
        35        -0.0414              0
        35        -0.0411              0
        35        -0.0408              0
        35        -0.0405              0
        35        -0.0402              0
        35        -0.0399              0
        35        -0.0396              0
        35        -0.0393              0
        35         -0.039              0
        35        -0.0387              0
        35        -0.0384              0
        35        -0.0381              0
        35        -0.0378              0
        35        -0.0375              0
        35        -0.0372              0
        35        -0.0369              0
        35        -0.0366              0
        35        -0.0363              0
        35         -0.036              0
        35        -0.0357              0
        35        -0.0354              0
        35        -0.0351              0
        35        -0.0348              0
        35        -0.0345              0
        35        -0.0342              0
        35        -0.0339              0
        35        -0.0336              0
        35        -0.0333              0
        35         -0.033              0
        35        -0.0327              0
        35        -0.0324              0
        35        -0.0321              0
        35        -0.0318              0
        35        -0.0315              0
        35        -0.0312              0
        35        -0.0309              0
        35        -0.0306              0
        35        -0.0303              0
        35          -0.03       -1.75608
        35        -0.0297       -7.45809
        35        -0.0294       -13.2169
        35        -0.0291       -19.0384
        35        -0.0288       -24.9297
        35        -0.0285        -30.899
        35        -0.0282       -36.9553
        35        -0.0279       -43.1082
        35        -0.0276       -49.3683
        35        -0.0273       -55.7467
        35         -0.027       -62.2548
        35        -0.0267        -68.904
        35        -0.0264       -75.7063
        35        -0.0261        -82.674
        35        -0.0258       -89.8198
        35        -0.0255       -97.1612
        35        -0.0252       -104.721
        35        -0.0249       -112.518
        35        -0.0246       -120.557
        35        -0.0243       -128.859
        35         -0.024       -137.447
        35        -0.0237       -146.349
        35        -0.0234       -155.579
        35        -0.0231       -165.165
        35        -0.0228       -175.133
        35        -0.0225       -185.512
        35        -0.0222       -196.329
        35        -0.0219       -207.619
        35        -0.0216       -219.417
        35        -0.0213       -231.759
        35         -0.021       -244.683
        35        -0.0207       -258.224
        35        -0.0204       -272.421
        35        -0.0201       -287.312
        35        -0.0198       -302.997
        35        -0.0195       -319.644
        35        -0.0192       -337.221
        35        -0.0189        -355.76
        35        -0.0186       -375.305
        35        -0.0183       -395.905
        35         -0.018       -417.614
        35        -0.0177       -440.489
        35        -0.0174       -464.589
        35        -0.0171       -489.974
        35        -0.0168       -516.711
        35        -0.0165       -544.872
        35        -0.0162       -574.532
        35        -0.0159       -605.766
        35        -0.0156       -638.661
        35        -0.0153       -673.306
        35         -0.015       -709.796
        35        -0.0147       -748.231
        35        -0.0144       -788.727
        35        -0.0141       -831.411
        35        -0.0138       -876.411
        35        -0.0135       -923.874
        35        -0.0132       -973.971
        35        -0.0129       -1026.88
        35        -0.0126       -1082.78
        35        -0.0123       -1141.89
        35         -0.012       -1204.46
        35        -0.0117       -1270.75
        35        -0.0114       -1341.09
        35        -0.0111        -1415.8
        35        -0.0108       -1495.27
        35        -0.0105       -1579.95
        35        -0.0102       -1670.33
        35        -0.0099       -1766.98
        35        -0.0096       -1870.58
        35        -0.0093       -1981.89
        35         -0.009       -2101.84
        35        -0.0087       -2231.51
        35        -0.0084        -2372.2
        35        -0.0081       -2525.52
        35        -0.0078        -2693.4
        35        -0.0075       -2878.27
        35        -0.0072       -3083.24
        35        -0.0069       -3312.36
        35        -0.0066       -3571.02
        35        -0.0063       -3866.54
        35         -0.006       -4208.49
        35        -0.0057       -4605.94
        35        -0.0054          -5000
        35        -0.0051          -5000
        35        -0.0048          -5000
        35        -0.0045       -4990.64
        35        -0.0042       -4914.66
        35        -0.0039       -4843.99
        35        -0.0036       -4783.42
        35        -0.0033       -4733.07
        35         -0.003       -4691.96
        35        -0.0027       -4658.83
        35        -0.0024       -4632.35
        35        -0.0021       -4611.19
        35        -0.0018       -4594.17
        35        -0.0015       -4580.09
        35        -0.0012       -4568.12
        35        -0.0009       -4557.74
        35        -0.0006       -4548.42
        35        -0.0003       -4540.82
        35              0       -4538.18
        35         0.0003       -4542.46
        35         0.0006       -4550.85
        35         0.0009       -4560.59
        35         0.0012       -4571.16
        35         0.0015       -4583.08
        35         0.0018       -4597.03
        35         0.0021       -4613.82
        35         0.0024       -4634.62
        35         0.0027       -4660.68
        35          0.003       -4693.35
        35         0.0033       -4734.09
        35         0.0036        -4784.1
        35         0.0039       -4844.34
        35         0.0042       -4914.79
        35         0.0045        -4990.6
        35         0.0048          -5000
        35         0.0051          -5000
        35         0.0054          -5000
        35         0.0057       -4606.23
        35          0.006       -4208.41
        35         0.0063       -3866.37
        35         0.0066       -3570.83
        35         0.0069       -3312.19
        35         0.0072       -3083.13
        35         0.0075       -2878.25
        35         0.0078       -2693.49
        35         0.0081       -2525.74
        35         0.0084       -2372.54
        35         0.0087       -2231.95
        35          0.009       -2102.38
        35         0.0093       -1982.52
        35         0.0096       -1871.29
        35         0.0099       -1767.76
        35         0.0102       -1671.16
        35         0.0105       -1580.83
        35         0.0108       -1496.19
        35         0.0111       -1416.75
        35         0.0114       -1342.07
        35         0.0117       -1271.76
        35          0.012       -1205.48
        35         0.0123       -1142.94
        35         0.0126       -1083.87
        35         0.0129       -1028.03
        35         0.0132       -975.203
        35         0.0135       -925.193
        35         0.0138       -877.816
        35         0.0141       -832.908
        35         0.0144       -790.317
        35         0.0147       -749.904
        35          0.015       -711.547
        35         0.0153       -675.137
        35         0.0156       -640.568
        35         0.0159       -607.741
        35         0.0162       -576.561
        35         0.0165       -546.945
        35         0.0168       -518.815
        35         0.0171         -492.1
        35         0.0174       -466.728
        35         0.0177       -442.631
        35          0.018       -419.746
        35         0.0183       -398.015
        35         0.0186       -377.384
        35         0.0189         -357.8
        35         0.0192       -339.214
        35         0.0195       -321.591
        35         0.0198       -304.896
        35         0.0201       -289.134
        35         0.0204        -274.18
        35         0.0207       -259.931
        35          0.021       -246.346
        35         0.0213       -233.386
        35         0.0216       -221.002
        35         0.0219       -209.155
        35         0.0222       -197.809
        35         0.0225       -186.932
        35         0.0228       -176.493
        35         0.0231       -166.463
        35         0.0234       -156.813
        35         0.0237       -147.521
        35          0.024       -138.563
        35         0.0243       -129.911
        35         0.0246       -121.545
        35         0.0249       -113.446
        35         0.0252       -105.593
        35         0.0255       -97.9704
        35         0.0258       -90.5616
        35         0.0261       -83.3503
        35         0.0264        -76.322
        35         0.0267       -69.4616
        35          0.027       -62.7553
        35         0.0273       -56.1902
        35         0.0276       -49.7591
        35         0.0279        -43.451
        35         0.0282       -37.2498
        35         0.0285       -31.1455
        35         0.0288       -25.1286
        35         0.0291       -19.1903
        35         0.0294       -13.3223
        35         0.0297       -7.51756
        35           0.03       -1.77009
        35         0.0303              0
        35         0.0306              0
        35         0.0309              0
        35         0.0312              0
        35         0.0315              0
        35         0.0318              0
        35         0.0321              0
        35         0.0324              0
        35         0.0327              0
        35          0.033              0
        35         0.0333              0
        35         0.0336              0
        35         0.0339              0
        35         0.0342              0
        35         0.0345              0
        35         0.0348              0
        35         0.0351              0
        35         0.0354              0
        35         0.0357              0
        35          0.036              0
        35         0.0363              0
        35         0.0366              0
        35         0.0369              0
        35         0.0372              0
        35         0.0375              0
        35         0.0378              0
        35         0.0381              0
        35         0.0384              0
        35         0.0387              0
        35          0.039              0
        35         0.0393              0
        35         0.0396              0
        35         0.0399              0
        35         0.0402              0
        35         0.0405              0
        35         0.0408              0
        35         0.0411              0
        35         0.0414              0
        35         0.0417              0
        35          0.042              0
        35         0.0423              0
        35         0.0426              0
        35         0.0429              0
        35         0.0432              0
        35         0.0435              0
        35         0.0438              0
        35         0.0441              0
        35         0.0444              0
        35         0.0447              0
        35          0.045              0
        35         0.0453              0
        35         0.0456              0
        35         0.0459              0
        35         0.0462              0
        35         0.0465              0
        35         0.0468              0
        35         0.0471              0
        35         0.0474              0
        35         0.0477              0
        36         -0.048              0
        36        -0.0477              0
        36        -0.0474              0
        36        -0.0471              0
        36        -0.0468              0
        36        -0.0465              0
        36        -0.0462              0
        36        -0.0459              0
        36        -0.0456              0
        36        -0.0453              0
        36         -0.045              0
        36        -0.0447              0
        36        -0.0444              0
        36        -0.0441              0
        36        -0.0438              0
        36        -0.0435              0
        36        -0.0432              0
        36        -0.0429              0
        36        -0.0426              0
        36        -0.0423              0
        36         -0.042              0
        36        -0.0417              0
        36        -0.0414              0
        36        -0.0411              0
        36        -0.0408              0
        36        -0.0405              0
        36        -0.0402              0
        36        -0.0399              0
        36        -0.0396              0
        36        -0.0393              0
        36         -0.039              0
        36        -0.0387              0
        36        -0.0384              0
        36        -0.0381              0
        36        -0.0378              0
        36        -0.0375              0
        36        -0.0372              0
        36        -0.0369              0
        36        -0.0366              0
        36        -0.0363              0
        36         -0.036              0
        36        -0.0357              0
        36        -0.0354              0
        36        -0.0351              0
        36        -0.0348              0
        36        -0.0345              0
        36        -0.0342              0
        36        -0.0339              0
        36        -0.0336              0
        36        -0.0333              0
        36         -0.033              0
        36        -0.0327              0
        36        -0.0324              0
        36        -0.0321              0
        36        -0.0318              0
        36        -0.0315              0
        36        -0.0312              0
        36        -0.0309              0
        36        -0.0306              0
        36        -0.0303              0
        36          -0.03        -1.6988
        36        -0.0297       -7.21493
        36        -0.0294       -12.7866
        36        -0.0291       -18.4201
        36        -0.0288       -24.1227
        36        -0.0285       -29.9029
        36        -0.0282       -35.7696
        36        -0.0279       -41.7323
        36        -0.0276        -47.801
        36        -0.0273       -53.9862
        36         -0.027        -60.299
        36        -0.0267       -66.7509
        36        -0.0264       -73.3545
        36        -0.0261       -80.1225
        36        -0.0258       -87.0692
        36        -0.0255       -94.2092
        36        -0.0252       -101.558
        36        -0.0249       -109.133
        36        -0.0246       -116.951
        36        -0.0243        -125.03
        36         -0.024       -133.391
        36        -0.0237        -142.07
        36        -0.0234        -151.08
        36        -0.0231       -160.442
        36        -0.0228       -170.184
        36        -0.0225       -180.335
        36        -0.0222       -190.922
        36        -0.0219       -201.979
        36        -0.0216        -213.54
        36        -0.0213       -225.638
        36         -0.021       -238.311
        36        -0.0207       -251.601
        36        -0.0204       -265.549
        36        -0.0201       -280.197
        36        -0.0198       -295.634
        36        -0.0195       -312.001
        36        -0.0192       -329.293
        36        -0.0189       -347.544
        36        -0.0186         -366.8
        36        -0.0183       -387.105
        36         -0.018       -408.506
        36        -0.0177        -431.06
        36        -0.0174        -454.83
        36        -0.0171        -479.88
        36        -0.0168       -506.274
        36        -0.0165       -534.083
        36        -0.0162       -563.382
        36        -0.0159       -594.249
        36        -0.0156       -626.772
        36        -0.0153       -661.047
        36         -0.015       -697.167
        36        -0.0147       -735.239
        36        -0.0144       -775.373
        36        -0.0141       -817.688
        36        -0.0138       -862.325
        36        -0.0135       -909.433
        36        -0.0132       -959.182
        36        -0.0129       -1011.75
        36        -0.0126       -1067.32
        36        -0.0123       -1126.13
        36         -0.012       -1188.42
        36        -0.0117       -1254.46
        36        -0.0114       -1324.56
        36        -0.0111       -1399.05
        36        -0.0108       -1478.35
        36        -0.0105       -1562.88
        36        -0.0102       -1653.18
        36        -0.0099       -1749.81
        36        -0.0096       -1853.45
        36        -0.0093       -1964.88
        36         -0.009       -2085.02
        36        -0.0087       -2214.98
        36        -0.0084       -2356.07
        36        -0.0081       -2509.89
        36        -0.0078       -2678.42
        36        -0.0075       -2864.12
        36        -0.0072       -3070.13
        36        -0.0069       -3300.51
        36        -0.0066       -3560.73
        36        -0.0063       -3858.17
        36         -0.006       -4202.48
        36        -0.0057       -4602.86
        36        -0.0054          -5000
        36        -0.0051          -5000
        36        -0.0048          -5000
        36        -0.0045        -4990.3
        36        -0.0042        -4911.5
        36        -0.0039       -4837.93
        36        -0.0036       -4774.44
        36        -0.0033       -4721.06
        36         -0.003       -4676.75
        36        -0.0027       -4640.21
        36        -0.0024       -4610.09
        36        -0.0021       -4585.13
        36        -0.0018       -4564.23
        36        -0.0015       -4546.23
        36        -0.0012       -4530.18
        36        -0.0009       -4515.54
        36        -0.0006       -4502.28
        36        -0.0003        -4492.6
        36              0       -4490.98
        36         0.0003       -4498.29
        36         0.0006       -4510.35
        36         0.0009       -4523.89
        36         0.0012       -4538.18
        36         0.0015       -4553.78
        36         0.0018        -4571.4
        36         0.0021       -4591.77
        36         0.0024       -4615.97
        36         0.0027       -4645.19
        36          0.003       -4680.81
        36         0.0033       -4724.21
        36         0.0036       -4776.77
        36         0.0039       -4839.49
        36         0.0042        -4912.3
        36         0.0045       -4990.34
        36         0.0048          -5000
        36         0.0051          -5000
        36         0.0054          -5000
        36         0.0057       -4604.05
        36          0.006       -4203.97
        36         0.0063       -3859.97
        36         0.0066       -3562.79
        36         0.0069       -3302.75
        36         0.0072       -3072.51
        36         0.0075       -2866.64
        36         0.0078       -2681.05
        36         0.0081       -2512.62
        36         0.0084       -2358.89
        36         0.0087       -2217.87
        36          0.009       -2087.98
        36         0.0093       -1967.88
        36         0.0096       -1856.49
        36         0.0099       -1752.87
        36         0.0102       -1656.24
        36         0.0105       -1565.93
        36         0.0108       -1481.38
        36         0.0111       -1402.05
        36         0.0114       -1327.51
        36         0.0117       -1257.37
        36          0.012       -1191.27
        36         0.0123       -1128.93
        36         0.0126       -1070.09
        36         0.0129       -1014.49
        36         0.0132       -961.922
        36         0.0135       -912.174
        36         0.0138       -865.073
        36         0.0141       -820.449
        36         0.0144       -778.147
        36         0.0147        -738.03
        36          0.015       -699.973
        36         0.0153        -663.86
        36         0.0156       -629.589
        36         0.0159       -597.062
        36         0.0162       -566.188
        36         0.0165       -536.877
        36         0.0168       -509.051
        36         0.0171       -482.634
        36         0.0174       -457.553
        36         0.0177        -433.74
        36          0.018       -411.133
        36         0.0183       -389.672
        36         0.0186       -369.303
        36         0.0189       -349.974
        36         0.0192       -331.632
        36         0.0195        -314.24
        36         0.0198       -297.775
        36         0.0201       -282.258
        36         0.0204       -267.529
        36         0.0207       -253.491
        36          0.021       -240.118
        36         0.0213       -227.375
        36         0.0216        -215.21
        36         0.0219       -203.579
        36         0.0222        -192.45
        36         0.0225       -181.789
        36         0.0228       -171.561
        36         0.0231       -161.735
        36         0.0234        -152.29
        36         0.0237       -143.202
        36          0.024       -134.443
        36         0.0243       -125.992
        36         0.0246       -117.832
        36         0.0249       -109.943
        36         0.0252       -102.301
        36         0.0255       -94.8871
        36         0.0258       -87.6854
        36         0.0261       -80.6802
        36         0.0264       -73.8567
        36         0.0267       -67.2009
        36          0.027       -60.6994
        36         0.0273       -54.3398
        36         0.0276       -48.1102
        36         0.0279       -41.9992
        36         0.0282       -35.9961
        36         0.0285       -30.0905
        36         0.0288       -24.2729
        36         0.0291        -18.534
        36         0.0294       -12.8652
        36         0.0297       -7.25899
        36           0.03       -1.70913
        36         0.0303              0
        36         0.0306              0
        36         0.0309              0
        36         0.0312              0
        36         0.0315              0
        36         0.0318              0
        36         0.0321              0
        36         0.0324              0
        36         0.0327              0
        36          0.033              0
        36         0.0333              0
        36         0.0336              0
        36         0.0339              0
        36         0.0342              0
        36         0.0345              0
        36         0.0348              0
        36         0.0351              0
        36         0.0354              0
        36         0.0357              0
        36          0.036              0
        36         0.0363              0
        36         0.0366              0
        36         0.0369              0
        36         0.0372              0
        36         0.0375              0
        36         0.0378              0
        36         0.0381              0
        36         0.0384              0
        36         0.0387              0
        36          0.039              0
        36         0.0393              0
        36         0.0396              0
        36         0.0399              0
        36         0.0402              0
        36         0.0405              0
        36         0.0408              0
        36         0.0411              0
        36         0.0414              0
        36         0.0417              0
        36          0.042              0
        36         0.0423              0
        36         0.0426              0
        36         0.0429              0
        36         0.0432              0
        36         0.0435              0
        36         0.0438              0
        36         0.0441              0
        36         0.0444              0
        36         0.0447              0
        36          0.045              0
        36         0.0453              0
        36         0.0456              0
        36         0.0459              0
        36         0.0462              0
        36         0.0465              0
        36         0.0468              0
        36         0.0471              0
        36         0.0474              0
        36         0.0477              0
        37         -0.048              0
        37        -0.0477              0
        37        -0.0474              0
        37        -0.0471              0
        37        -0.0468              0
        37        -0.0465              0
        37        -0.0462              0
        37        -0.0459              0
        37        -0.0456              0
        37        -0.0453              0
        37         -0.045              0
        37        -0.0447              0
        37        -0.0444              0
        37        -0.0441              0
        37        -0.0438              0
        37        -0.0435              0
        37        -0.0432              0
        37        -0.0429              0
        37        -0.0426              0
        37        -0.0423              0
        37         -0.042              0
        37        -0.0417              0
        37        -0.0414              0
        37        -0.0411              0
        37        -0.0408              0
        37        -0.0405              0
        37        -0.0402              0
        37        -0.0399              0
        37        -0.0396              0
        37        -0.0393              0
        37         -0.039              0
        37        -0.0387              0
        37        -0.0384              0
        37        -0.0381              0
        37        -0.0378              0
        37        -0.0375              0
        37        -0.0372              0
        37        -0.0369              0
        37        -0.0366              0
        37        -0.0363              0
        37         -0.036              0
        37        -0.0357              0
        37        -0.0354              0
        37        -0.0351              0
        37        -0.0348              0
        37        -0.0345              0
        37        -0.0342              0
        37        -0.0339              0
        37        -0.0336              0
        37        -0.0333              0
        37         -0.033              0
        37        -0.0327              0
        37        -0.0324              0
        37        -0.0321              0
        37        -0.0318              0
        37        -0.0315              0
        37        -0.0312              0
        37        -0.0309              0
        37        -0.0306              0
        37        -0.0303              0
        37          -0.03       -1.73297
        37        -0.0297       -7.36007
        37        -0.0294       -13.0437
        37        -0.0291         -18.79
        37        -0.0288       -24.6064
        37        -0.0285       -30.5014
        37        -0.0282       -36.4841
        37        -0.0279       -42.5642
        37        -0.0276       -48.7522
        37        -0.0273       -55.0587
        37         -0.027       -61.4953
        37        -0.0267       -68.0741
        37        -0.0264       -74.8079
        37        -0.0261       -81.7101
        37        -0.0258       -88.7951
        37        -0.0255       -96.0781
        37        -0.0252       -103.575
        37        -0.0249       -111.304
        37        -0.0246       -119.282
        37        -0.0243       -127.529
        37         -0.024       -136.066
        37        -0.0237       -144.915
        37        -0.0234         -154.1
        37        -0.0231       -163.644
        37        -0.0228       -173.574
        37        -0.0225        -183.92
        37        -0.0222        -194.71
        37        -0.0219       -205.978
        37        -0.0216        -217.76
        37        -0.0213       -230.091
        37         -0.021       -243.009
        37        -0.0207       -256.556
        37        -0.0204       -270.773
        37        -0.0201       -285.706
        37        -0.0198       -301.439
        37        -0.0195       -318.103
        37        -0.0192       -335.701
        37        -0.0189       -354.266
        37        -0.0186       -373.845
        37        -0.0183       -394.488
        37         -0.018       -416.244
        37        -0.0177       -439.169
        37        -0.0174        -463.33
        37        -0.0171       -488.791
        37        -0.0168       -515.606
        37        -0.0165        -543.85
        37        -0.0162       -573.597
        37        -0.0159       -604.924
        37        -0.0156       -637.917
        37        -0.0153        -672.66
        37         -0.015       -709.254
        37        -0.0147       -747.803
        37        -0.0144       -788.417
        37        -0.0141       -831.218
        37        -0.0138       -876.346
        37        -0.0135       -923.942
        37        -0.0132       -974.167
        37        -0.0129        -1027.2
        37        -0.0126       -1083.23
        37        -0.0123       -1142.49
        37         -0.012        -1205.2
        37        -0.0117       -1271.64
        37        -0.0114        -1342.1
        37        -0.0111       -1416.94
        37        -0.0108       -1496.54
        37        -0.0105       -1581.32
        37        -0.0102       -1671.78
        37        -0.0099       -1768.52
        37        -0.0096       -1872.19
        37        -0.0093       -1983.58
        37         -0.009        -2103.6
        37        -0.0087       -2233.35
        37        -0.0084       -2374.11
        37        -0.0081       -2527.46
        37        -0.0078       -2695.34
        37        -0.0075       -2880.16
        37        -0.0072       -3085.05
        37        -0.0069       -3314.03
        37        -0.0066        -3572.5
        37        -0.0063       -3867.76
        37         -0.006       -4209.38
        37        -0.0057       -4606.41
        37        -0.0054          -5000
        37        -0.0051          -5000
        37        -0.0048          -5000
        37        -0.0045       -4990.84
        37        -0.0042       -4916.48
        37        -0.0039       -4847.51
        37        -0.0036       -4788.69
        37        -0.0033       -4740.12
        37         -0.003       -4700.88
        37        -0.0027       -4669.72
        37        -0.0024       -4645.32
        37        -0.0021       -4626.43
        37        -0.0018       -4611.93
        37        -0.0015       -4600.75
        37        -0.0012       -4591.92
        37        -0.0009       -4584.56
        37        -0.0006        -4578.5
        37        -0.0003       -4574.65
        37              0       -4573.84
        37         0.0003       -4576.24
        37         0.0006       -4581.32
        37         0.0009       -4587.49
        37         0.0012        -4594.6
        37         0.0015       -4603.23
        37         0.0018       -4614.24
        37         0.0021       -4628.58
        37         0.0024       -4647.26
        37         0.0027       -4671.44
        37          0.003       -4702.34
        37         0.0033       -4741.26
        37         0.0036       -4789.49
        37         0.0039          -4848
        37         0.0042       -4916.69
        37         0.0045       -4990.81
        37         0.0048          -5000
        37         0.0051          -5000
        37         0.0054          -5000
        37         0.0057       -4606.65
        37          0.006       -4209.32
        37         0.0063       -3867.67
        37         0.0066       -3572.45
        37         0.0069       -3314.05
        37         0.0072       -3085.17
        37         0.0075       -2880.43
        37         0.0078       -2695.78
        37         0.0081        -2528.1
        37         0.0084       -2374.96
        37         0.0087       -2234.39
        37          0.009       -2104.81
        37         0.0093       -1984.93
        37         0.0096       -1873.64
        37         0.0099       -1770.05
        37         0.0102       -1673.37
        37         0.0105       -1582.97
        37         0.0108       -1498.25
        37         0.0111       -1418.71
        37         0.0114       -1343.92
        37         0.0117       -1273.51
        37          0.012       -1207.12
        37         0.0123       -1144.46
        37         0.0126       -1085.27
        37         0.0129        -1029.3
        37         0.0132        -976.34
        37         0.0135        -926.19
        37         0.0138       -878.666
        37         0.0141         -833.6
        37         0.0144       -790.851
        37         0.0147       -750.288
        37          0.015       -711.785
        37         0.0153       -675.225
        37         0.0156       -640.506
        37         0.0159       -607.529
        37         0.0162       -576.209
        37         0.0165        -546.46
        37         0.0168       -518.205
        37         0.0171       -491.367
        37         0.0174       -465.877
        37         0.0177        -441.67
        37          0.018       -418.685
        37         0.0183        -396.86
        37         0.0186       -376.139
        37         0.0189       -356.474
        37         0.0192       -337.824
        37         0.0195       -320.145
        37         0.0198       -303.412
        37         0.0201       -287.625
        37         0.0204       -272.646
        37         0.0207       -258.375
        37          0.021       -244.768
        37         0.0213       -231.784
        37         0.0216        -219.39
        37         0.0219       -207.544
        37         0.0222       -196.206
        37         0.0225       -185.344
        37         0.0228       -174.928
        37         0.0231       -164.927
        37         0.0234       -155.314
        37         0.0237       -146.063
        37          0.024       -137.147
        37         0.0243       -128.543
        37         0.0246        -120.23
        37         0.0249       -112.188
        37         0.0252       -104.397
        37         0.0255       -96.8386
        37         0.0258        -89.496
        37         0.0261       -82.3529
        37         0.0264       -75.3943
        37         0.0267       -68.6057
        37          0.027       -61.9738
        37         0.0273       -55.4855
        37         0.0276       -49.1288
        37         0.0279       -42.8921
        37         0.0282       -36.7643
        37         0.0285       -30.7351
        37         0.0288       -24.7945
        37         0.0291       -18.9334
        37         0.0294       -13.1431
        37         0.0297       -7.41608
        37           0.03       -1.74615
        37         0.0303              0
        37         0.0306              0
        37         0.0309              0
        37         0.0312              0
        37         0.0315              0
        37         0.0318              0
        37         0.0321              0
        37         0.0324              0
        37         0.0327              0
        37          0.033              0
        37         0.0333              0
        37         0.0336              0
        37         0.0339              0
        37         0.0342              0
        37         0.0345              0
        37         0.0348              0
        37         0.0351              0
        37         0.0354              0
        37         0.0357              0
        37          0.036              0
        37         0.0363              0
        37         0.0366              0
        37         0.0369              0
        37         0.0372              0
        37         0.0375              0
        37         0.0378              0
        37         0.0381              0
        37         0.0384              0
        37         0.0387              0
        37          0.039              0
        37         0.0393              0
        37         0.0396              0
        37         0.0399              0
        37         0.0402              0
        37         0.0405              0
        37         0.0408              0
        37         0.0411              0
        37         0.0414              0
        37         0.0417              0
        37          0.042              0
        37         0.0423              0
        37         0.0426              0
        37         0.0429              0
        37         0.0432              0
        37         0.0435              0
        37         0.0438              0
        37         0.0441              0
        37         0.0444              0
        37         0.0447              0
        37          0.045              0
        37         0.0453              0
        37         0.0456              0
        37         0.0459              0
        37         0.0462              0
        37         0.0465              0
        37         0.0468              0
        37         0.0471              0
        37         0.0474              0
        37         0.0477              0
        38         -0.048              0
        38        -0.0477              0
        38        -0.0474              0
        38        -0.0471              0
        38        -0.0468              0
        38        -0.0465              0
        38        -0.0462              0
        38        -0.0459              0
        38        -0.0456              0
        38        -0.0453              0
        38         -0.045              0
        38        -0.0447              0
        38        -0.0444              0
        38        -0.0441              0
        38        -0.0438              0
        38        -0.0435              0
        38        -0.0432              0
        38        -0.0429              0
        38        -0.0426              0
        38        -0.0423              0
        38         -0.042              0
        38        -0.0417              0
        38        -0.0414              0
        38        -0.0411              0
        38        -0.0408              0
        38        -0.0405              0
        38        -0.0402              0
        38        -0.0399              0
        38        -0.0396              0
        38        -0.0393              0
        38         -0.039              0
        38        -0.0387              0
        38        -0.0384              0
        38        -0.0381              0
        38        -0.0378              0
        38        -0.0375              0
        38        -0.0372              0
        38        -0.0369              0
        38        -0.0366              0
        38        -0.0363              0
        38         -0.036              0
        38        -0.0357              0
        38        -0.0354              0
        38        -0.0351              0
        38        -0.0348              0
        38        -0.0345              0
        38        -0.0342              0
        38        -0.0339              0
        38        -0.0336              0
        38        -0.0333              0
        38         -0.033              0
        38        -0.0327              0
        38        -0.0324              0
        38        -0.0321              0
        38        -0.0318              0
        38        -0.0315              0
        38        -0.0312              0
        38        -0.0309              0
        38        -0.0306              0
        38        -0.0303              0
        38          -0.03       -1.75182
        38        -0.0297       -7.44012
        38        -0.0294       -13.1855
        38        -0.0291       -18.9941
        38        -0.0288       -24.8735
        38        -0.0285        -30.832
        38        -0.0282       -36.8789
        38        -0.0279       -43.0238
        38        -0.0276       -49.2771
        38        -0.0273       -55.6496
        38         -0.027       -62.1527
        38        -0.0267       -68.7984
        38        -0.0264       -75.5995
        38        -0.0261       -82.5693
        38        -0.0258       -89.7219
        38        -0.0255       -97.0725
        38        -0.0252       -104.637
        38        -0.0249       -112.432
        38        -0.0246       -120.475
        38        -0.0243       -128.787
        38         -0.024       -137.386
        38        -0.0237       -146.294
        38        -0.0234       -155.535
        38        -0.0231       -165.131
        38        -0.0228        -175.11
        38        -0.0225       -185.499
        38        -0.0222       -196.327
        38        -0.0219       -207.631
        38        -0.0216       -219.448
        38        -0.0213       -231.812
        38         -0.021       -244.763
        38        -0.0207       -258.334
        38        -0.0204       -272.568
        38        -0.0201       -287.507
        38        -0.0198       -303.248
        38        -0.0195       -319.938
        38        -0.0192       -337.568
        38        -0.0189       -356.171
        38        -0.0186       -375.784
        38        -0.0183       -396.456
        38         -0.018       -418.241
        38        -0.0177       -441.193
        38        -0.0174       -465.373
        38        -0.0171        -490.84
        38        -0.0168       -517.662
        38        -0.0165       -545.909
        38        -0.0162       -575.653
        38        -0.0159       -606.977
        38        -0.0156       -639.962
        38        -0.0153       -674.698
        38         -0.015       -711.279
        38        -0.0147       -749.805
        38        -0.0144       -790.391
        38        -0.0141       -833.162
        38        -0.0138       -878.249
        38        -0.0135       -925.794
        38        -0.0132       -975.959
        38        -0.0129       -1028.93
        38        -0.0126        -1084.9
        38        -0.0123        -1144.1
        38         -0.012       -1206.76
        38        -0.0117       -1273.15
        38        -0.0114       -1343.58
        38        -0.0111       -1418.37
        38        -0.0108       -1497.92
        38        -0.0105       -1582.66
        38        -0.0102        -1673.1
        38        -0.0099       -1769.82
        38        -0.0096       -1873.46
        38        -0.0093       -1984.81
        38         -0.009       -2104.77
        38        -0.0087       -2234.43
        38        -0.0084        -2375.1
        38        -0.0081       -2528.37
        38        -0.0078       -2696.17
        38        -0.0075       -2880.92
        38        -0.0072       -3085.72
        38        -0.0069       -3314.62
        38        -0.0066          -3573
        38        -0.0063       -3868.16
        38         -0.006       -4209.66
        38        -0.0057       -4606.54
        38        -0.0054          -5000
        38        -0.0051          -5000
        38        -0.0048          -5000
        38        -0.0045       -4990.76
        38        -0.0042        -4915.8
        38        -0.0039       -4846.18
        38        -0.0036       -4786.67
        38        -0.0033       -4737.39
        38         -0.003       -4697.38
        38        -0.0027        -4665.5
        38        -0.0024       -4640.36
        38        -0.0021       -4620.72
        38        -0.0018       -4605.47
        38        -0.0015       -4593.63
        38        -0.0012       -4584.27
        38        -0.0009       -4576.67
        38        -0.0006       -4570.63
        38        -0.0003       -4566.81
        38              0       -4565.15
        38         0.0003       -4565.93
        38         0.0006       -4569.54
        38         0.0009        -4575.8
        38         0.0012       -4583.74
        38         0.0015       -4593.47
        38         0.0018       -4605.64
        38         0.0021       -4621.09
        38         0.0024       -4640.76
        38         0.0027       -4665.82
        38          0.003       -4697.61
        38         0.0033       -4737.49
        38         0.0036       -4786.68
        38         0.0039       -4846.11
        38         0.0042       -4915.72
        38         0.0045        -4990.7
        38         0.0048          -5000
        38         0.0051          -5000
        38         0.0054          -5000
        38         0.0057       -4606.81
        38          0.006       -4209.54
        38         0.0063       -3867.93
        38         0.0066       -3572.75
        38         0.0069       -3314.38
        38         0.0072       -3085.54
        38         0.0075       -2880.83
        38         0.0078       -2696.21
        38         0.0081       -2528.55
        38         0.0084       -2375.42
        38         0.0087       -2234.87
        38          0.009       -2105.32
        38         0.0093       -1985.45
        38         0.0096        -1874.2
        38         0.0099       -1770.64
        38         0.0102          -1674
        38         0.0105       -1583.61
        38         0.0108       -1498.91
        38         0.0111        -1419.4
        38         0.0114       -1344.63
        38         0.0117       -1274.23
        38          0.012       -1207.85
        38         0.0123       -1145.21
        38         0.0126       -1086.05
        38         0.0129       -1030.11
        38         0.0132       -977.186
        38         0.0135        -927.07
        38         0.0138       -879.599
        38         0.0141       -834.603
        38         0.0144       -791.924
        38         0.0147       -751.425
        38          0.015       -712.981
        38         0.0153       -676.485
        38         0.0156       -641.828
        38         0.0159       -608.912
        38         0.0162       -577.651
        38         0.0165       -547.964
        38         0.0168        -519.77
        38         0.0171        -492.99
        38         0.0174       -467.559
        38         0.0177       -443.412
        38          0.018       -420.482
        38         0.0183       -398.712
        38         0.0186       -378.041
        38         0.0189       -358.419
        38         0.0192       -339.797
        38         0.0195       -322.128
        38         0.0198       -305.385
        38         0.0201       -289.634
        38         0.0204       -274.685
        38         0.0207       -260.418
        38          0.021       -246.801
        38         0.0213       -233.794
        38         0.0216       -221.365
        38         0.0219       -209.475
        38         0.0222       -198.091
        38         0.0225       -187.176
        38         0.0228         -176.7
        38         0.0231       -166.636
        38         0.0234       -156.957
        38         0.0237       -147.636
        38          0.024       -138.649
        38         0.0243       -129.973
        38         0.0246       -121.587
        38         0.0249       -113.471
        38         0.0252       -105.604
        38         0.0255       -97.9704
        38         0.0258       -90.5521
        38         0.0261       -83.3332
        38         0.0264       -76.2986
        38         0.0267       -69.4342
        38          0.027       -62.7263
        38         0.0273       -56.1624
        38         0.0276       -49.7302
        38         0.0279       -43.4183
        38         0.0282       -37.2159
        38         0.0285       -31.1127
        38         0.0288        -25.099
        38         0.0291       -19.1658
        38         0.0294       -13.3044
        38         0.0297       -7.50715
        38           0.03        -1.7676
        38         0.0303              0
        38         0.0306              0
        38         0.0309              0
        38         0.0312              0
        38         0.0315              0
        38         0.0318              0
        38         0.0321              0
        38         0.0324              0
        38         0.0327              0
        38          0.033              0
        38         0.0333              0
        38         0.0336              0
        38         0.0339              0
        38         0.0342              0
        38         0.0345              0
        38         0.0348              0
        38         0.0351              0
        38         0.0354              0
        38         0.0357              0
        38          0.036              0
        38         0.0363              0
        38         0.0366              0
        38         0.0369              0
        38         0.0372              0
        38         0.0375              0
        38         0.0378              0
        38         0.0381              0
        38         0.0384              0
        38         0.0387              0
        38          0.039              0
        38         0.0393              0
        38         0.0396              0
        38         0.0399              0
        38         0.0402              0
        38         0.0405              0
        38         0.0408              0
        38         0.0411              0
        38         0.0414              0
        38         0.0417              0
        38          0.042              0
        38         0.0423              0
        38         0.0426              0
        38         0.0429              0
        38         0.0432              0
        38         0.0435              0
        38         0.0438              0
        38         0.0441              0
        38         0.0444              0
        38         0.0447              0
        38          0.045              0
        38         0.0453              0
        38         0.0456              0
        38         0.0459              0
        38         0.0462              0
        38         0.0465              0
        38         0.0468              0
        38         0.0471              0
        38         0.0474              0
        38         0.0477              0
        39         -0.048              0
        39        -0.0477              0
        39        -0.0474              0
        39        -0.0471              0
        39        -0.0468              0
        39        -0.0465              0
        39        -0.0462              0
        39        -0.0459              0
        39        -0.0456              0
        39        -0.0453              0
        39         -0.045              0
        39        -0.0447              0
        39        -0.0444              0
        39        -0.0441              0
        39        -0.0438              0
        39        -0.0435              0
        39        -0.0432              0
        39        -0.0429              0
        39        -0.0426              0
        39        -0.0423              0
        39         -0.042              0
        39        -0.0417              0
        39        -0.0414              0
        39        -0.0411              0
        39        -0.0408              0
        39        -0.0405              0
        39        -0.0402              0
        39        -0.0399              0
        39        -0.0396              0
        39        -0.0393              0
        39         -0.039              0
        39        -0.0387              0
        39        -0.0384              0
        39        -0.0381              0
        39        -0.0378              0
        39        -0.0375              0
        39        -0.0372              0
        39        -0.0369              0
        39        -0.0366              0
        39        -0.0363              0
        39         -0.036              0
        39        -0.0357              0
        39        -0.0354              0
        39        -0.0351              0
        39        -0.0348              0
        39        -0.0345              0
        39        -0.0342              0
        39        -0.0339              0
        39        -0.0336              0
        39        -0.0333              0
        39         -0.033              0
        39        -0.0327              0
        39        -0.0324              0
        39        -0.0321              0
        39        -0.0318              0
        39        -0.0315              0
        39        -0.0312              0
        39        -0.0309              0
        39        -0.0306              0
        39        -0.0303              0
        39          -0.03       -1.74725
        39        -0.0297       -7.42053
        39        -0.0294       -13.1502
        39        -0.0291       -18.9421
        39        -0.0288       -24.8032
        39        -0.0285       -30.7417
        39        -0.0282       -36.7664
        39        -0.0279       -42.8866
        39        -0.0276       -49.1124
        39        -0.0273       -55.4543
        39         -0.027        -61.924
        39        -0.0267       -68.5362
        39        -0.0264       -75.3042
        39        -0.0261       -82.2386
        39        -0.0258        -89.353
        39        -0.0255       -96.6624
        39        -0.0252       -104.183
        39        -0.0249       -111.932
        39        -0.0246       -119.928
        39        -0.0243        -128.19
        39         -0.024        -136.74
        39        -0.0237       -145.599
        39        -0.0234       -154.789
        39        -0.0231       -164.336
        39        -0.0228       -174.267
        39        -0.0225       -184.608
        39        -0.0222       -195.389
        39        -0.0219       -206.645
        39        -0.0216       -218.415
        39        -0.0213       -230.728
        39         -0.021       -243.621
        39        -0.0207       -257.132
        39        -0.0204         -271.3
        39        -0.0201       -286.169
        39        -0.0198       -301.837
        39        -0.0195       -318.467
        39        -0.0192       -336.042
        39        -0.0189       -354.585
        39        -0.0186       -374.139
        39        -0.0183        -394.75
        39         -0.018        -416.47
        39        -0.0177       -439.355
        39        -0.0174       -463.464
        39        -0.0171       -488.855
        39        -0.0168       -515.598
        39        -0.0165       -543.767
        39        -0.0162       -573.434
        39        -0.0159       -604.679
        39        -0.0156       -637.582
        39        -0.0153       -672.233
        39         -0.015        -708.73
        39        -0.0147       -747.177
        39        -0.0144       -787.686
        39        -0.0141       -830.372
        39        -0.0138       -875.371
        39        -0.0135       -922.834
        39        -0.0132       -972.928
        39        -0.0129       -1025.83
        39        -0.0126       -1081.74
        39        -0.0123       -1140.86
        39         -0.012       -1203.42
        39        -0.0117       -1269.71
        39        -0.0114       -1340.04
        39        -0.0111       -1414.74
        39        -0.0108        -1494.2
        39        -0.0105       -1578.86
        39        -0.0102       -1669.23
        39        -0.0099       -1765.87
        39        -0.0096       -1869.46
        39        -0.0093       -1980.76
        39         -0.009       -2100.71
        39        -0.0087       -2230.37
        39        -0.0084       -2371.06
        39        -0.0081       -2524.37
        39        -0.0078       -2692.25
        39        -0.0075       -2877.14
        39        -0.0072       -3082.16
        39        -0.0069       -3311.35
        39        -0.0066       -3570.12
        39        -0.0063       -3865.77
        39         -0.006        -4207.9
        39        -0.0057       -4605.61
        39        -0.0054          -5000
        39        -0.0051          -5000
        39        -0.0048          -5000
        39        -0.0045       -4990.66
        39        -0.0042        -4914.9
        39        -0.0039       -4844.47
        39        -0.0036       -4784.15
        39        -0.0033       -4734.03
        39         -0.003       -4693.11
        39        -0.0027       -4660.12
        39        -0.0024       -4633.67
        39        -0.0021       -4612.53
        39        -0.0018       -4595.48
        39        -0.0015        -4581.3
        39        -0.0012       -4569.01
        39        -0.0009       -4557.87
        39        -0.0006       -4547.98
        39        -0.0003       -4540.94
        39              0       -4538.34
        39         0.0003       -4541.93
        39         0.0006       -4550.31
        39         0.0009       -4560.36
        39         0.0012       -4571.26
        39         0.0015        -4583.4
        39         0.0018       -4597.46
        39         0.0021       -4614.37
        39         0.0024       -4635.27
        39         0.0027       -4661.42
        39          0.003       -4694.15
        39         0.0033       -4734.86
        39         0.0036       -4784.78
        39         0.0039       -4844.87
        39         0.0042       -4915.09
        39         0.0045       -4990.64
        39         0.0048          -5000
        39         0.0051          -5000
        39         0.0054          -5000
        39         0.0057       -4606.41
        39          0.006       -4208.67
        39         0.0063       -3866.64
        39         0.0066       -3571.09
        39         0.0069        -3312.4
        39         0.0072       -3083.28
        39         0.0075       -2878.33
        39         0.0078        -2693.5
        39         0.0081       -2525.68
        39         0.0084       -2372.42
        39         0.0087       -2231.78
        39          0.009       -2102.17
        39         0.0093       -1982.28
        39         0.0096       -1871.01
        39         0.0099       -1767.45
        39         0.0102       -1670.83
        39         0.0105       -1580.48
        39         0.0108       -1495.84
        39         0.0111        -1416.4
        39         0.0114       -1341.72
        39         0.0117       -1271.41
        39          0.012       -1205.13
        39         0.0123       -1142.58
        39         0.0126        -1083.5
        39         0.0129       -1027.65
        39         0.0132       -974.821
        39         0.0135       -924.797
        39         0.0138       -877.399
        39         0.0141       -832.469
        39         0.0144       -789.858
        39         0.0147       -749.426
        39          0.015       -711.052
        39         0.0153       -674.622
        39         0.0156       -640.033
        39         0.0159       -607.191
        39         0.0162           -576
        39         0.0165       -546.373
        39         0.0168       -518.231
        39         0.0171       -491.504
        39         0.0174       -466.122
        39         0.0177       -442.015
        39          0.018       -419.122
        39         0.0183       -397.387
        39         0.0186       -376.751
        39         0.0189       -357.159
        39         0.0192       -338.565
        39         0.0195       -320.931
        39         0.0198       -304.233
        39         0.0201       -288.497
        39         0.0204       -273.561
        39         0.0207       -259.319
        39          0.021       -245.733
        39         0.0213       -232.768
        39         0.0216        -220.39
        39         0.0219       -208.555
        39         0.0222       -197.222
        39         0.0225       -186.358
        39         0.0228       -175.931
        39         0.0231       -165.915
        39         0.0234       -156.286
        39         0.0237       -147.018
        39          0.024       -138.081
        39         0.0243       -129.453
        39         0.0246       -121.112
        39         0.0249       -113.039
        39         0.0252       -105.215
        39         0.0255       -97.6227
        39         0.0258       -90.2434
        39         0.0261       -83.0613
        39         0.0264       -76.0612
        39         0.0267       -69.2288
        39          0.027       -62.5504
        39         0.0273       -56.0131
        39         0.0276        -49.605
        39         0.0279       -43.3149
        39         0.0282       -37.1321
        39         0.0285       -31.0464
        39         0.0288       -25.0484
        39         0.0291       -19.1289
        39         0.0294       -13.2797
        39         0.0297       -7.49346
        39           0.03       -1.76441
        39         0.0303              0
        39         0.0306              0
        39         0.0309              0
        39         0.0312              0
        39         0.0315              0
        39         0.0318              0
        39         0.0321              0
        39         0.0324              0
        39         0.0327              0
        39          0.033              0
        39         0.0333              0
        39         0.0336              0
        39         0.0339              0
        39         0.0342              0
        39         0.0345              0
        39         0.0348              0
        39         0.0351              0
        39         0.0354              0
        39         0.0357              0
        39          0.036              0
        39         0.0363              0
        39         0.0366              0
        39         0.0369              0
        39         0.0372              0
        39         0.0375              0
        39         0.0378              0
        39         0.0381              0
        39         0.0384              0
        39         0.0387              0
        39          0.039              0
        39         0.0393              0
        39         0.0396              0
        39         0.0399              0
        39         0.0402              0
        39         0.0405              0
        39         0.0408              0
        39         0.0411              0
        39         0.0414              0
        39         0.0417              0
        39          0.042              0
        39         0.0423              0
        39         0.0426              0
        39         0.0429              0
        39         0.0432              0
        39         0.0435              0
        39         0.0438              0
        39         0.0441              0
        39         0.0444              0
        39         0.0447              0
        39          0.045              0
        39         0.0453              0
        39         0.0456              0
        39         0.0459              0
        39         0.0462              0
        39         0.0465              0
        39         0.0468              0
        39         0.0471              0
        39         0.0474              0
        39         0.0477              0
        40         -0.048              0
        40        -0.0477              0
        40        -0.0474              0
        40        -0.0471              0
        40        -0.0468              0
        40        -0.0465              0
        40        -0.0462              0
        40        -0.0459              0
        40        -0.0456              0
        40        -0.0453              0
        40         -0.045              0
        40        -0.0447              0
        40        -0.0444              0
        40        -0.0441              0
        40        -0.0438              0
        40        -0.0435              0
        40        -0.0432              0
        40        -0.0429              0
        40        -0.0426              0
        40        -0.0423              0
        40         -0.042              0
        40        -0.0417              0
        40        -0.0414              0
        40        -0.0411              0
        40        -0.0408              0
        40        -0.0405              0
        40        -0.0402              0
        40        -0.0399              0
        40        -0.0396              0
        40        -0.0393              0
        40         -0.039              0
        40        -0.0387              0
        40        -0.0384              0
        40        -0.0381              0
        40        -0.0378              0
        40        -0.0375              0
        40        -0.0372              0
        40        -0.0369              0
        40        -0.0366              0
        40        -0.0363              0
        40         -0.036              0
        40        -0.0357              0
        40        -0.0354              0
        40        -0.0351              0
        40        -0.0348              0
        40        -0.0345              0
        40        -0.0342              0
        40        -0.0339              0
        40        -0.0336              0
        40        -0.0333              0
        40         -0.033              0
        40        -0.0327              0
        40        -0.0324              0
        40        -0.0321              0
        40        -0.0318              0
        40        -0.0315              0
        40        -0.0312              0
        40        -0.0309              0
        40        -0.0306              0
        40        -0.0303              0
        40          -0.03       -1.73219
        40        -0.0297       -7.35668
        40        -0.0294       -13.0376
        40        -0.0291        -18.781
        40        -0.0288       -24.5944
        40        -0.0285       -30.4862
        40        -0.0282       -36.4655
        40        -0.0279       -42.5421
        40        -0.0276       -48.7262
        40        -0.0273       -55.0289
        40         -0.027       -61.4615
        40        -0.0267       -68.0362
        40        -0.0264       -74.7661
        40        -0.0261       -81.6648
        40        -0.0258       -88.7468
        40        -0.0255       -96.0274
        40        -0.0252       -103.523
        40        -0.0249       -111.249
        40        -0.0246       -119.226
        40        -0.0243       -127.471
        40         -0.024       -136.007
        40        -0.0237       -144.854
        40        -0.0234       -154.039
        40        -0.0231       -163.585
        40        -0.0228       -173.518
        40        -0.0225       -183.865
        40        -0.0222       -194.656
        40        -0.0219       -205.925
        40        -0.0216       -217.706
        40        -0.0213       -230.037
        40         -0.021       -242.952
        40        -0.0207       -256.489
        40        -0.0204       -270.679
        40        -0.0201       -285.553
        40        -0.0198       -301.225
        40        -0.0195       -317.899
        40        -0.0192       -335.517
        40        -0.0189       -354.107
        40        -0.0186        -373.71
        40        -0.0183       -394.371
        40         -0.018       -416.144
        40        -0.0177       -439.084
        40        -0.0174       -463.248
        40        -0.0171       -488.702
        40        -0.0168       -515.517
        40        -0.0165       -543.758
        40        -0.0162       -573.498
        40        -0.0159       -604.819
        40        -0.0156       -637.807
        40        -0.0153       -672.547
        40         -0.015       -709.138
        40        -0.0147       -747.683
        40        -0.0144       -788.297
        40        -0.0141       -831.101
        40        -0.0138       -876.229
        40        -0.0135        -923.83
        40        -0.0132       -974.058
        40        -0.0129       -1027.09
        40        -0.0126       -1083.11
        40        -0.0123       -1142.35
        40         -0.012       -1205.05
        40        -0.0117       -1271.49
        40        -0.0114       -1341.97
        40        -0.0111       -1416.82
        40        -0.0108       -1496.42
        40        -0.0105       -1581.21
        40        -0.0102        -1671.7
        40        -0.0099       -1768.47
        40        -0.0096       -1872.17
        40        -0.0093       -1983.57
        40         -0.009        -2103.6
        40        -0.0087       -2233.34
        40        -0.0084        -2374.1
        40        -0.0081       -2527.45
        40        -0.0078       -2695.32
        40        -0.0075       -2880.15
        40        -0.0072       -3085.04
        40        -0.0069       -3314.02
        40        -0.0066       -3572.49
        40        -0.0063       -3867.74
        40         -0.006       -4209.35
        40        -0.0057       -4606.38
        40        -0.0054          -5000
        40        -0.0051          -5000
        40        -0.0048          -5000
        40        -0.0045       -4990.78
        40        -0.0042       -4915.96
        40        -0.0039       -4846.54
        40        -0.0036       -4787.29
        40        -0.0033       -4738.33
        40         -0.003       -4698.77
        40        -0.0027       -4667.36
        40        -0.0024       -4642.88
        40        -0.0021       -4624.14
        40        -0.0018       -4610.02
        40        -0.0015       -4599.44
        40        -0.0012       -4591.45
        40        -0.0009       -4585.46
        40        -0.0006       -4581.07
        40        -0.0003       -4578.47
        40              0       -4578.18
        40         0.0003       -4580.15
        40         0.0006       -4583.99
        40         0.0009       -4589.14
        40         0.0012       -4595.56
        40         0.0015       -4603.66
        40         0.0018       -4614.22
        40         0.0021       -4628.22
        40         0.0024        -4646.7
        40         0.0027       -4670.78
        40          0.003       -4701.64
        40         0.0033        -4740.6
        40         0.0036       -4788.93
        40         0.0039       -4847.61
        40         0.0042       -4916.48
        40         0.0045       -4990.79
        40         0.0048          -5000
        40         0.0051          -5000
        40         0.0054          -5000
        40         0.0057       -4606.78
        40          0.006        -4209.5
        40         0.0063       -3867.88
        40         0.0066       -3572.68
        40         0.0069       -3314.28
        40         0.0072        -3085.4
        40         0.0075       -2880.63
        40         0.0078       -2695.94
        40         0.0081       -2528.21
        40         0.0084       -2375.01
        40         0.0087       -2234.38
        40          0.009       -2104.74
        40         0.0093       -1984.79
        40         0.0096       -1873.45
        40         0.0099        -1769.8
        40         0.0102       -1673.08
        40         0.0105       -1582.63
        40         0.0108       -1497.86
        40         0.0111       -1418.27
        40         0.0114       -1343.44
        40         0.0117       -1272.97
        40          0.012       -1206.53
        40         0.0123       -1143.82
        40         0.0126       -1084.57
        40         0.0129       -1028.56
        40         0.0132        -975.55
        40         0.0135       -925.362
        40         0.0138        -877.81
        40         0.0141        -832.73
        40         0.0144       -789.972
        40         0.0147       -749.393
        40          0.015        -710.88
        40         0.0153       -674.325
        40         0.0156       -639.611
        40         0.0159        -606.64
        40         0.0162       -575.325
        40         0.0165       -545.583
        40         0.0168       -517.337
        40         0.0171       -490.508
        40         0.0174       -465.026
        40         0.0177       -440.825
        40          0.018       -417.843
        40         0.0183       -396.022
        40         0.0186       -375.308
        40         0.0189       -355.646
        40         0.0192        -336.99
        40         0.0195       -319.303
        40         0.0198       -302.554
        40         0.0201       -286.765
        40         0.0204       -271.801
        40         0.0207       -257.551
        40          0.021        -243.96
        40         0.0213       -230.984
        40         0.0216       -218.593
        40         0.0219       -206.763
        40         0.0222       -195.455
        40         0.0225       -184.624
        40         0.0228       -174.233
        40         0.0231        -164.26
        40         0.0234       -154.674
        40         0.0237       -145.447
        40          0.024       -136.561
        40         0.0243       -127.988
        40         0.0246       -119.705
        40         0.0249       -111.693
        40         0.0252       -103.931
        40         0.0255       -96.4021
        40         0.0258       -89.0889
        40         0.0261       -81.9753
        40         0.0264        -75.046
        40         0.0267       -68.2866
        40          0.027       -61.6836
        40         0.0273       -55.2241
        40         0.0276       -48.8959
        40         0.0279       -42.6876
        40         0.0282       -36.5881
        40         0.0285       -30.5871
        40         0.0288       -24.6746
        40         0.0291       -18.8415
        40         0.0294       -13.0791
        40         0.0297       -7.37991
        40           0.03       -1.73762
        40         0.0303              0
        40         0.0306              0
        40         0.0309              0
        40         0.0312              0
        40         0.0315              0
        40         0.0318              0
        40         0.0321              0
        40         0.0324              0
        40         0.0327              0
        40          0.033              0
        40         0.0333              0
        40         0.0336              0
        40         0.0339              0
        40         0.0342              0
        40         0.0345              0
        40         0.0348              0
        40         0.0351              0
        40         0.0354              0
        40         0.0357              0
        40          0.036              0
        40         0.0363              0
        40         0.0366              0
        40         0.0369              0
        40         0.0372              0
        40         0.0375              0
        40         0.0378              0
        40         0.0381              0
        40         0.0384              0
        40         0.0387              0
        40          0.039              0
        40         0.0393              0
        40         0.0396              0
        40         0.0399              0
        40         0.0402              0
        40         0.0405              0
        40         0.0408              0
        40         0.0411              0
        40         0.0414              0
        40         0.0417              0
        40          0.042              0
        40         0.0423              0
        40         0.0426              0
        40         0.0429              0
        40         0.0432              0
        40         0.0435              0
        40         0.0438              0
        40         0.0441              0
        40         0.0444              0
        40         0.0447              0
        40          0.045              0
        40         0.0453              0
        40         0.0456              0
        40         0.0459              0
        40         0.0462              0
        40         0.0465              0
        40         0.0468              0
        40         0.0471              0
        40         0.0474              0
        40         0.0477              0
