# iteration    r (m)    potential (V)
         1        -0.0315       -185.658
         1        -0.0312       -185.749
         1        -0.0309       -186.023
         1        -0.0306       -186.479
         1        -0.0303        -187.12
         1          -0.03       -187.946
         1        -0.0297       -188.962
         1        -0.0294       -190.169
         1        -0.0291       -191.571
         1        -0.0288       -193.172
         1        -0.0285       -194.977
         1        -0.0282       -196.991
         1        -0.0279       -199.221
         1        -0.0276       -201.672
         1        -0.0273       -204.354
         1         -0.027       -207.273
         1        -0.0267       -210.439
         1        -0.0264       -213.862
         1        -0.0261       -217.553
         1        -0.0258       -221.524
         1        -0.0255       -225.787
         1        -0.0252       -230.357
         1        -0.0249       -235.248
         1        -0.0246       -240.477
         1        -0.0243       -246.062
         1         -0.024       -252.022
         1        -0.0237       -258.376
         1        -0.0234       -265.147
         1        -0.0231       -272.358
         1        -0.0228       -280.035
         1        -0.0225       -288.202
         1        -0.0222        -296.89
         1        -0.0219       -306.127
         1        -0.0216       -315.945
         1        -0.0213       -326.378
         1         -0.021       -337.462
         1        -0.0207       -349.233
         1        -0.0204       -361.731
         1        -0.0201       -374.997
         1        -0.0198       -389.073
         1        -0.0195       -404.005
         1        -0.0192       -419.839
         1        -0.0189       -436.624
         1        -0.0186        -454.41
         1        -0.0183        -473.25
         1         -0.018       -493.197
         1        -0.0177       -514.308
         1        -0.0174       -536.641
         1        -0.0171       -560.257
         1        -0.0168        -585.22
         1        -0.0165       -611.595
         1        -0.0162       -639.451
         1        -0.0159       -668.862
         1        -0.0156       -699.904
         1        -0.0153       -732.659
         1         -0.015       -767.213
         1        -0.0147        -803.66
         1        -0.0144       -842.099
         1        -0.0141       -882.639
         1        -0.0138       -925.396
         1        -0.0135       -970.499
         1        -0.0132       -1018.09
         1        -0.0129       -1068.31
         1        -0.0126       -1121.35
         1        -0.0123       -1177.39
         1         -0.012       -1236.63
         1        -0.0117       -1299.31
         1        -0.0114       -1365.71
         1        -0.0111        -1436.1
         1        -0.0108       -1510.82
         1        -0.0105       -1590.26
         1        -0.0102       -1674.85
         1        -0.0099       -1765.08
         1        -0.0096       -1861.52
         1        -0.0093       -1964.84
         1         -0.009       -2075.82
         1        -0.0087       -2195.38
         1        -0.0084       -2324.59
         1        -0.0081       -2464.78
         1        -0.0078       -2617.54
         1        -0.0075       -2784.85
         1        -0.0072        -2969.2
         1        -0.0069       -3173.78
         1        -0.0066        -3402.8
         1        -0.0063          -3662
         1         -0.006       -3959.56
         1        -0.0057       -4308.05
         1        -0.0054       -4730.02
         1        -0.0051          -5000
         1        -0.0048          -5000
         1        -0.0045          -5000
         1        -0.0042       -4988.94
         1        -0.0039       -4916.16
         1        -0.0036       -4854.12
         1        -0.0033        -4802.8
         1         -0.003       -4761.54
         1        -0.0027       -4729.27
         1        -0.0024       -4704.78
         1        -0.0021       -4686.85
         1        -0.0018       -4674.32
         1        -0.0015       -4666.06
         1        -0.0012       -4661.07
         1        -0.0009       -4658.39
         1        -0.0006        -4657.2
         1        -0.0003       -4656.85
         1              0       -4656.82
         1         0.0003       -4656.84
         1         0.0006       -4656.82
         1         0.0009       -4656.91
         1         0.0012       -4657.48
         1         0.0015       -4659.08
         1         0.0018       -4662.44
         1         0.0021       -4668.41
         1         0.0024       -4677.96
         1         0.0027       -4692.16
         1          0.003       -4712.13
         1         0.0033       -4739.05
         1         0.0036       -4774.15
         1         0.0039        -4818.6
         1         0.0042       -4873.36
         1         0.0045       -4938.89
         1         0.0048          -5000
         1         0.0051          -5000
         1         0.0054          -5000
         1         0.0057          -5000
         1          0.006       -4582.32
         1         0.0063       -4187.48
         1         0.0066       -3857.07
         1         0.0069       -3573.02
         1         0.0072       -3324.43
         1         0.0075          -3104
         1         0.0078       -2906.52
         1         0.0081       -2728.16
         1         0.0084       -2565.95
         1         0.0087        -2417.6
         1          0.009       -2281.27
         1         0.0093       -2155.45
         1         0.0096       -2038.91
         1         0.0099       -1930.62
         1         0.0102       -1829.72
         1         0.0105       -1735.46
         1         0.0108       -1647.22
         1         0.0111       -1564.46
         1         0.0114       -1486.69
         1         0.0117       -1413.51
         1          0.012       -1344.54
         1         0.0123       -1279.48
         1         0.0126       -1218.03
         1         0.0129       -1159.95
         1         0.0132       -1105.01
         1         0.0135          -1053
         1         0.0138       -1003.74
         1         0.0141       -957.075
         1         0.0144       -912.849
         1         0.0147       -870.926
         1          0.015       -831.184
         1         0.0153       -793.508
         1         0.0156       -757.794
         1         0.0159       -723.943
         1         0.0162       -691.865
         1         0.0165       -661.476
         1         0.0168       -632.696
         1         0.0171       -605.449
         1         0.0174       -579.665
         1         0.0177       -555.275
         1          0.018       -532.213
         1         0.0183       -510.418
         1         0.0186       -489.829
         1         0.0189       -470.389
         1         0.0192       -452.042
         1         0.0195       -434.734
         1         0.0198       -418.414
         1         0.0201       -403.033
         1         0.0204       -388.543
         1         0.0207       -374.897
         1          0.021       -362.053
         1         0.0213       -349.967
         1         0.0216         -338.6
         1         0.0219       -327.912
         1         0.0222       -317.867
         1         0.0225       -308.431
         1         0.0228        -299.57
         1         0.0231       -291.253
         1         0.0234       -283.451
         1         0.0237       -276.136
         1          0.024       -269.284
         1         0.0243       -262.869
         1         0.0246        -256.87
         1         0.0249       -251.265
         1         0.0252       -246.036
         1         0.0255       -241.163
         1         0.0258        -236.63
         1         0.0261       -232.421
         1         0.0264       -228.522
         1         0.0267       -224.919
         1          0.027         -221.6
         1         0.0273       -218.554
         1         0.0276       -215.771
         1         0.0279       -213.242
         1         0.0282       -210.958
         1         0.0285       -208.914
         1         0.0288       -207.102
         1         0.0291       -205.517
         1         0.0294       -204.153
         1         0.0297       -203.007
         1           0.03       -202.075
         1         0.0303       -201.353
         1         0.0306       -200.839
         1         0.0309       -200.532
         1         0.0312       -200.429
         2        -0.0315       -168.025
         2        -0.0312       -168.102
         2        -0.0309       -168.334
         2        -0.0306       -168.721
         2        -0.0303       -169.264
         2          -0.03       -169.965
         2        -0.0297       -170.827
         2        -0.0294       -171.853
         2        -0.0291       -173.045
         2        -0.0288       -174.407
         2        -0.0285       -175.945
         2        -0.0282       -177.662
         2        -0.0279       -179.565
         2        -0.0276       -181.661
         2        -0.0273       -183.958
         2         -0.027       -186.459
         2        -0.0267       -189.179
         2        -0.0264       -192.124
         2        -0.0261         -195.3
         2        -0.0258       -198.718
         2        -0.0255       -202.393
         2        -0.0252       -206.335
         2        -0.0249       -210.561
         2        -0.0246       -215.089
         2        -0.0243       -219.942
         2         -0.024       -225.125
         2        -0.0237       -230.662
         2        -0.0234       -236.572
         2        -0.0231       -242.885
         2        -0.0228       -249.631
         2        -0.0225       -256.822
         2        -0.0222       -264.487
         2        -0.0219        -272.65
         2        -0.0216       -281.347
         2        -0.0213       -290.622
         2         -0.021       -300.532
         2        -0.0207       -311.105
         2        -0.0204       -322.384
         2        -0.0201       -334.405
         2        -0.0198       -347.204
         2        -0.0195       -360.926
         2        -0.0192       -375.699
         2        -0.0189       -391.517
         2        -0.0186       -408.418
         2        -0.0183       -426.415
         2         -0.018       -445.548
         2        -0.0177       -465.882
         2        -0.0174       -487.463
         2        -0.0171       -510.331
         2        -0.0168       -534.551
         2        -0.0165       -560.182
         2        -0.0162       -587.291
         2        -0.0159       -615.956
         2        -0.0156       -646.263
         2        -0.0153       -678.294
         2         -0.015       -712.138
         2        -0.0147       -747.904
         2        -0.0144       -785.688
         2        -0.0141       -825.596
         2        -0.0138       -867.751
         2        -0.0135       -912.286
         2        -0.0132        -959.35
         2        -0.0129        -1009.1
         2        -0.0126       -1061.69
         2        -0.0123       -1117.33
         2         -0.012       -1176.24
         2        -0.0117       -1238.67
         2        -0.0114       -1304.89
         2        -0.0111       -1375.19
         2        -0.0108       -1449.95
         2        -0.0105       -1529.56
         2        -0.0102       -1614.51
         2        -0.0099       -1705.31
         2        -0.0096       -1802.55
         2        -0.0093       -1906.89
         2         -0.009        -2019.1
         2        -0.0087       -2140.11
         2        -0.0084       -2271.03
         2        -0.0081       -2413.22
         2        -0.0078       -2568.31
         2        -0.0075       -2738.34
         2        -0.0072       -2925.88
         2        -0.0069       -3134.21
         2        -0.0066       -3367.66
         2        -0.0063        -3632.1
         2         -0.006       -3935.93
         2        -0.0057       -4292.07
         2        -0.0054       -4723.68
         2        -0.0051          -5000
         2        -0.0048          -5000
         2        -0.0045          -5000
         2        -0.0042       -4988.02
         2        -0.0039       -4909.21
         2        -0.0036       -4841.56
         2        -0.0033       -4784.91
         2         -0.003       -4738.55
         2        -0.0027       -4701.32
         2        -0.0024       -4671.97
         2        -0.0021       -4649.25
         2        -0.0018       -4632.01
         2        -0.0015       -4619.14
         2        -0.0012        -4609.7
         2        -0.0009       -4602.92
         2        -0.0006       -4598.08
         2        -0.0003       -4594.69
         2              0       -4592.66
         2         0.0003       -4592.21
         2         0.0006       -4593.18
         2         0.0009       -4595.61
         2         0.0012        -4599.4
         2         0.0015       -4604.86
         2         0.0018       -4612.47
         2         0.0021       -4622.97
         2         0.0024        -4637.2
         2         0.0027       -4656.14
         2          0.003       -4680.93
         2         0.0033       -4712.77
         2         0.0036        -4752.9
         2         0.0039       -4802.53
         2         0.0042       -4862.68
         2         0.0045        -4933.9
         2         0.0048          -5000
         2         0.0051          -5000
         2         0.0054          -5000
         2         0.0057          -5000
         2          0.006        -4572.5
         2         0.0063       -4168.65
         2         0.0066       -3831.03
         2         0.0069       -3541.01
         2         0.0072        -3287.4
         2         0.0075       -3062.73
         2         0.0078       -2861.65
         2         0.0081       -2680.22
         2         0.0084       -2515.39
         2         0.0087        -2364.8
         2          0.009       -2226.54
         2         0.0093       -2099.07
         2         0.0096       -1981.11
         2         0.0099       -1871.63
         2         0.0102       -1769.74
         2         0.0105       -1674.71
         2         0.0108        -1585.9
         2         0.0111       -1502.77
         2         0.0114        -1424.8
         2         0.0117       -1351.55
         2          0.012       -1282.63
         2         0.0123       -1217.71
         2         0.0126       -1156.48
         2         0.0129       -1098.69
         2         0.0132        -1044.1
         2         0.0135       -992.498
         2         0.0138       -943.693
         2         0.0141       -897.525
         2         0.0144       -853.835
         2         0.0147        -812.48
         2          0.015       -773.333
         2         0.0153       -736.279
         2         0.0156       -701.204
         2         0.0159       -668.009
         2         0.0162         -636.6
         2         0.0165       -606.889
         2         0.0168       -578.794
         2         0.0171       -552.229
         2         0.0174       -527.116
         2         0.0177       -503.387
         2          0.018        -480.99
         2         0.0183       -459.869
         2         0.0186        -439.97
         2         0.0189       -421.248
         2         0.0192       -403.649
         2         0.0195       -387.117
         2         0.0198       -371.664
         2         0.0201       -357.278
         2         0.0204       -343.968
         2         0.0207        -331.51
         2          0.021       -319.865
         2         0.0213       -309.014
         2         0.0216        -298.88
         2         0.0219       -289.395
         2         0.0222       -280.497
         2         0.0225       -272.173
         2         0.0228       -264.399
         2         0.0231       -257.112
         2         0.0234       -250.291
         2         0.0237       -243.906
         2          0.024       -237.931
         2         0.0243       -232.341
         2         0.0246       -227.111
         2         0.0249       -222.239
         2         0.0252       -217.719
         2         0.0255       -213.511
         2         0.0258       -209.604
         2         0.0261       -205.977
         2         0.0264       -202.617
         2         0.0267       -199.528
         2          0.027       -196.685
         2         0.0273       -194.079
         2         0.0276       -191.698
         2         0.0279       -189.532
         2         0.0282       -187.582
         2         0.0285       -185.837
         2         0.0288        -184.29
         2         0.0291       -182.937
         2         0.0294       -181.771
         2         0.0297       -180.792
         2           0.03       -179.994
         2         0.0303       -179.374
         2         0.0306       -178.934
         2         0.0309       -178.671
         2         0.0312       -178.584
         3        -0.0315       -162.708
         3        -0.0312       -162.786
         3        -0.0309       -163.022
         3        -0.0306       -163.416
         3        -0.0303       -163.972
         3          -0.03       -164.691
         3        -0.0297       -165.574
         3        -0.0294       -166.623
         3        -0.0291       -167.842
         3        -0.0288       -169.234
         3        -0.0285       -170.805
         3        -0.0282        -172.56
         3        -0.0279       -174.503
         3        -0.0276       -176.641
         3        -0.0273       -178.982
         3         -0.027       -181.534
         3        -0.0267       -184.306
         3        -0.0264       -187.306
         3        -0.0261       -190.544
         3        -0.0258       -194.031
         3        -0.0255       -197.779
         3        -0.0252         -201.8
         3        -0.0249       -206.107
         3        -0.0246       -210.717
         3        -0.0243       -215.647
         3         -0.024       -220.914
         3        -0.0237       -226.536
         3        -0.0234       -232.534
         3        -0.0231        -238.93
         3        -0.0228       -245.747
         3        -0.0225       -253.012
         3        -0.0222       -260.754
         3        -0.0219       -269.005
         3        -0.0216       -277.792
         3        -0.0213       -287.146
         3         -0.021       -297.113
         3        -0.0207       -307.735
         3        -0.0204       -319.043
         3        -0.0201       -331.077
         3        -0.0198        -343.88
         3        -0.0195       -357.585
         3        -0.0192       -372.315
         3        -0.0189       -388.068
         3        -0.0186        -404.87
         3        -0.0183       -422.757
         3         -0.018        -441.77
         3        -0.0177        -461.95
         3        -0.0174       -483.351
         3        -0.0171       -506.031
         3        -0.0168       -530.059
         3        -0.0165       -555.504
         3        -0.0162       -582.425
         3        -0.0159       -610.897
         3        -0.0156       -641.008
         3        -0.0153       -672.838
         3         -0.015       -706.481
         3        -0.0147       -742.039
         3        -0.0144       -779.613
         3        -0.0141       -819.315
         3        -0.0138       -861.263
         3        -0.0135       -905.597
         3        -0.0132        -952.46
         3        -0.0129       -1002.02
         3        -0.0126       -1054.46
         3        -0.0123       -1109.97
         3         -0.012       -1168.76
         3        -0.0117       -1231.07
         3        -0.0114       -1297.19
         3        -0.0111       -1367.44
         3        -0.0108       -1442.13
         3        -0.0105       -1521.69
         3        -0.0102       -1606.57
         3        -0.0099        -1697.3
         3        -0.0096       -1794.48
         3        -0.0093       -1898.78
         3         -0.009          -2011
         3        -0.0087       -2132.07
         3        -0.0084       -2263.13
         3        -0.0081        -2405.5
         3        -0.0078       -2560.84
         3        -0.0075       -2731.19
         3        -0.0072       -2919.12
         3        -0.0069       -3127.94
         3        -0.0066          -3362
         3        -0.0063       -3627.24
         3         -0.006       -3932.09
         3        -0.0057       -4289.51
         3        -0.0054       -4722.69
         3        -0.0051          -5000
         3        -0.0048          -5000
         3        -0.0045          -5000
         3        -0.0042       -4987.77
         3        -0.0039       -4907.26
         3        -0.0036       -4837.96
         3        -0.0033       -4779.65
         3         -0.003       -4731.53
         3        -0.0027       -4692.41
         3        -0.0024       -4660.96
         3        -0.0021       -4635.86
         3        -0.0018       -4615.82
         3        -0.0015       -4599.65
         3        -0.0012       -4586.35
         3        -0.0009       -4574.85
         3        -0.0006        -4564.2
         3        -0.0003        -4554.7
         3              0       -4547.79
         3         0.0003       -4545.34
         3         0.0006        -4549.6
         3         0.0009       -4557.61
         3         0.0012       -4567.69
         3         0.0015       -4578.64
         3         0.0018       -4590.62
         3         0.0021       -4604.75
         3         0.0024        -4622.1
         3         0.0027       -4643.69
         3          0.003       -4670.74
         3         0.0033       -4704.58
         3         0.0036       -4746.52
         3         0.0039       -4797.85
         3         0.0042       -4859.65
         3         0.0045       -4932.52
         3         0.0048          -5000
         3         0.0051          -5000
         3         0.0054          -5000
         3         0.0057          -5000
         3          0.006       -4570.94
         3         0.0063       -4165.63
         3         0.0066        -3826.8
         3         0.0069       -3535.82
         3         0.0072       -3281.48
         3         0.0075       -3056.22
         3         0.0078       -2854.68
         3         0.0081       -2672.87
         3         0.0084       -2507.75
         3         0.0087       -2356.91
         3          0.009       -2218.47
         3         0.0093       -2090.87
         3         0.0096       -1972.85
         3         0.0099       -1863.37
         3         0.0102       -1761.52
         3         0.0105       -1666.57
         3         0.0108       -1577.87
         3         0.0111       -1494.85
         3         0.0114       -1416.98
         3         0.0117       -1343.83
         3          0.012       -1275.02
         3         0.0123       -1210.22
         3         0.0126       -1149.14
         3         0.0129       -1091.52
         3         0.0132       -1037.09
         3         0.0135       -985.653
         3         0.0138       -937.017
         3         0.0141       -891.018
         3         0.0144         -847.5
         3         0.0147       -806.319
         3          0.015       -767.347
         3         0.0153       -730.463
         3         0.0156       -695.564
         3         0.0159       -662.548
         3         0.0162       -631.323
         3         0.0165       -601.792
         3         0.0168       -573.868
         3         0.0171       -547.474
         3         0.0174       -522.537
         3         0.0177       -498.986
         3          0.018        -476.76
         3         0.0183       -455.789
         3         0.0186       -436.018
         3         0.0189       -417.399
         3         0.0192       -399.914
         3         0.0195       -383.522
         3         0.0198       -368.164
         3         0.0201        -353.83
         3         0.0204       -340.628
         3         0.0207       -328.238
         3          0.021       -316.583
         3         0.0213       -305.643
         3         0.0216       -295.381
         3         0.0219       -285.758
         3         0.0222       -276.733
         3         0.0225       -268.275
         3         0.0228       -260.358
         3         0.0231       -252.947
         3         0.0234       -246.014
         3         0.0237       -239.533
         3          0.024       -233.473
         3         0.0243       -227.804
         3         0.0246       -222.507
         3         0.0249       -217.569
         3         0.0252       -212.963
         3         0.0255       -208.674
         3         0.0258       -204.688
         3         0.0261       -200.991
         3         0.0264       -197.567
         3         0.0267       -194.411
         3          0.027       -191.513
         3         0.0273       -188.854
         3         0.0276       -186.425
         3         0.0279       -184.223
         3         0.0282       -182.242
         3         0.0285        -180.47
         3         0.0288         -178.9
         3         0.0291       -177.528
         3         0.0294       -176.348
         3         0.0297       -175.357
         3           0.03       -174.549
         3         0.0303       -173.925
         3         0.0306       -173.481
         3         0.0309       -173.216
         3         0.0312       -173.128
         4        -0.0315       -158.873
         4        -0.0312       -158.949
         4        -0.0309        -159.18
         4        -0.0306       -159.563
         4        -0.0303       -160.102
         4          -0.03       -160.797
         4        -0.0297       -161.655
         4        -0.0294       -162.674
         4        -0.0291       -163.857
         4        -0.0288       -165.207
         4        -0.0285       -166.729
         4        -0.0282       -168.442
         4        -0.0279       -170.339
         4        -0.0276       -172.426
         4        -0.0273       -174.709
         4         -0.027       -177.197
         4        -0.0267       -179.898
         4        -0.0264       -182.822
         4        -0.0261       -185.981
         4        -0.0258       -189.384
         4        -0.0255        -193.04
         4        -0.0252       -196.973
         4        -0.0249        -201.19
         4        -0.0246       -205.703
         4        -0.0243        -210.53
         4         -0.024       -215.693
         4        -0.0237       -221.204
         4        -0.0234       -227.083
         4        -0.0231       -233.354
         4        -0.0228       -240.044
         4        -0.0225       -247.181
         4        -0.0222       -254.788
         4        -0.0219       -262.894
         4        -0.0216       -271.529
         4        -0.0213        -280.73
         4         -0.021       -290.535
         4        -0.0207       -300.989
         4        -0.0204       -312.125
         4        -0.0201       -323.979
         4        -0.0198       -336.598
         4        -0.0195       -350.125
         4        -0.0192       -364.693
         4        -0.0189       -380.292
         4        -0.0186        -396.92
         4        -0.0183       -414.624
         4         -0.018       -433.472
         4        -0.0177       -453.507
         4        -0.0174        -474.76
         4        -0.0171       -497.284
         4        -0.0168        -521.15
         4        -0.0165       -546.433
         4        -0.0162       -573.192
         4        -0.0159         -601.5
         4        -0.0156       -631.442
         4        -0.0153       -663.101
         4         -0.015       -696.576
         4        -0.0147       -731.962
         4        -0.0144       -769.362
         4        -0.0141       -808.894
         4        -0.0138       -850.684
         4        -0.0135       -894.864
         4        -0.0132       -941.586
         4        -0.0129       -991.011
         4        -0.0126       -1043.31
         4        -0.0123       -1098.68
         4         -0.012       -1157.35
         4        -0.0117       -1219.57
         4        -0.0114       -1285.61
         4        -0.0111       -1355.79
         4        -0.0108       -1430.45
         4        -0.0105          -1510
         4        -0.0102       -1594.89
         4        -0.0099       -1685.67
         4        -0.0096       -1782.94
         4        -0.0093       -1887.39
         4         -0.009       -1999.82
         4        -0.0087       -2121.14
         4        -0.0084        -2252.5
         4        -0.0081       -2395.24
         4        -0.0078       -2551.01
         4        -0.0075       -2721.89
         4        -0.0072       -2910.45
         4        -0.0069       -3120.01
         4        -0.0066       -3354.95
         4        -0.0063       -3621.24
         4         -0.006       -3927.37
         4        -0.0057       -4286.33
         4        -0.0054       -4721.44
         4        -0.0051          -5000
         4        -0.0048          -5000
         4        -0.0045          -5000
         4        -0.0042        -4987.5
         4        -0.0039        -4905.2
         4        -0.0036       -4834.17
         4        -0.0033       -4774.13
         4         -0.003       -4724.28
         4        -0.0027        -4683.4
         4        -0.0024       -4650.17
         4        -0.0021       -4623.28
         4        -0.0018       -4601.53
         4        -0.0015       -4584.06
         4        -0.0012       -4570.12
         4        -0.0009       -4559.13
         4        -0.0006        -4550.7
         4        -0.0003       -4544.56
         4              0       -4540.75
         4         0.0003       -4539.69
         4         0.0006       -4541.61
         4         0.0009       -4545.97
         4         0.0012       -4552.78
         4         0.0015        -4562.2
         4         0.0018       -4574.34
         4         0.0021       -4589.53
         4         0.0024       -4608.37
         4         0.0027       -4631.67
         4          0.003        -4660.5
         4         0.0033        -4696.1
         4         0.0036       -4739.79
         4         0.0039       -4792.85
         4         0.0042       -4856.38
         4         0.0045       -4931.01
         4         0.0048          -5000
         4         0.0051          -5000
         4         0.0054          -5000
         4         0.0057          -5000
         4          0.006       -4569.11
         4         0.0063       -4162.11
         4         0.0066       -3821.91
         4         0.0069        -3529.8
         4         0.0072       -3274.51
         4         0.0075       -3048.47
         4         0.0078       -2846.27
         4         0.0081        -2663.9
         4         0.0084        -2498.3
         4         0.0087       -2347.06
         4          0.009       -2208.28
         4         0.0093       -2080.42
         4         0.0096       -1962.18
         4         0.0099       -1852.53
         4         0.0102       -1750.59
         4         0.0105       -1655.59
         4         0.0108       -1566.86
         4         0.0111       -1483.83
         4         0.0114       -1405.99
         4         0.0117       -1332.89
         4          0.012       -1264.17
         4         0.0123       -1199.47
         4         0.0126       -1138.51
         4         0.0129       -1080.99
         4         0.0132       -1026.69
         4         0.0135       -975.399
         4         0.0138       -926.926
         4         0.0141       -881.107
         4         0.0144       -837.771
         4         0.0147       -796.776
         4          0.015       -757.991
         4         0.0153       -721.296
         4         0.0156       -686.583
         4         0.0159       -653.749
         4         0.0162        -622.69
         4         0.0165       -593.323
         4         0.0168       -565.567
         4         0.0171       -539.343
         4         0.0174        -514.57
         4         0.0177       -491.176
         4          0.018       -469.096
         4         0.0183       -448.272
         4         0.0186       -428.647
         4         0.0189       -410.175
         4         0.0192        -392.82
         4         0.0195       -376.556
         4         0.0198       -361.352
         4         0.0201       -347.178
         4         0.0204       -334.067
         4         0.0207       -321.803
         4          0.021       -310.297
         4         0.0213       -299.512
         4         0.0216       -289.399
         4         0.0219       -279.923
         4         0.0222       -271.045
         4         0.0225       -262.738
         4         0.0228       -254.966
         4         0.0231       -247.689
         4         0.0234       -240.875
         4         0.0237       -234.497
         4          0.024       -228.534
         4         0.0243       -222.966
         4         0.0246       -217.766
         4         0.0249       -212.916
         4         0.0252         -208.4
         4         0.0255       -204.197
         4         0.0258       -200.293
         4         0.0261       -196.674
         4         0.0264       -193.326
         4         0.0267       -190.236
         4          0.027       -187.394
         4         0.0273       -184.788
         4         0.0276        -182.41
         4         0.0279       -180.255
         4         0.0282       -178.312
         4         0.0285       -176.573
         4         0.0288       -175.033
         4         0.0291       -173.686
         4         0.0294       -172.529
         4         0.0297       -171.555
         4           0.03       -170.762
         4         0.0303        -170.15
         4         0.0306       -169.717
         4         0.0309       -169.458
         4         0.0312       -169.371
         5        -0.0315       -156.063
         5        -0.0312       -156.143
         5        -0.0309       -156.386
         5        -0.0306       -156.792
         5        -0.0303       -157.365
         5          -0.03       -158.102
         5        -0.0297       -159.008
         5        -0.0294       -160.084
         5        -0.0291       -161.334
         5        -0.0288       -162.762
         5        -0.0285        -164.37
         5        -0.0282       -166.174
         5        -0.0279       -168.171
         5        -0.0276       -170.365
         5        -0.0273       -172.764
         5         -0.027       -175.375
         5        -0.0267       -178.208
         5        -0.0264       -181.272
         5        -0.0261       -184.577
         5        -0.0258       -188.135
         5        -0.0255       -191.957
         5        -0.0252       -196.057
         5        -0.0249       -200.459
         5        -0.0246       -205.168
         5        -0.0243       -210.197
         5         -0.024       -215.565
         5        -0.0237       -221.295
         5        -0.0234       -227.406
         5        -0.0231       -233.918
         5        -0.0228       -240.852
         5        -0.0225       -248.235
         5        -0.0222       -256.097
         5        -0.0219       -264.467
         5        -0.0216       -273.374
         5        -0.0213       -282.852
         5         -0.021        -292.94
         5        -0.0207        -303.68
         5        -0.0204       -315.101
         5        -0.0201       -327.246
         5        -0.0198       -340.163
         5        -0.0195       -354.013
         5        -0.0192       -368.933
         5        -0.0189        -384.87
         5        -0.0186       -401.854
         5        -0.0183       -419.917
         5         -0.018       -439.105
         5        -0.0177       -459.476
         5        -0.0174       -481.082
         5        -0.0171       -503.971
         5        -0.0168       -528.199
         5        -0.0165       -553.841
         5        -0.0162       -580.963
         5        -0.0159       -609.637
         5        -0.0156       -639.952
         5        -0.0153       -671.994
         5         -0.015       -705.855
         5        -0.0147        -741.63
         5        -0.0144       -779.416
         5        -0.0141       -819.328
         5        -0.0138       -861.497
         5        -0.0135       -906.062
         5        -0.0132       -953.159
         5        -0.0129       -1002.94
         5        -0.0126       -1055.59
         5        -0.0123       -1111.29
         5         -0.012       -1170.28
         5        -0.0117       -1232.78
         5        -0.0114       -1299.07
         5        -0.0111       -1369.46
         5        -0.0108        -1444.3
         5        -0.0105          -1524
         5        -0.0102       -1609.01
         5        -0.0099       -1699.86
         5        -0.0096       -1797.16
         5        -0.0093       -1901.58
         5         -0.009       -2013.91
         5        -0.0087       -2135.06
         5        -0.0084       -2266.16
         5        -0.0081       -2408.54
         5        -0.0078       -2563.87
         5        -0.0075       -2734.16
         5        -0.0072          -2922
         5        -0.0069       -3130.67
         5        -0.0066       -3364.51
         5        -0.0063       -3629.43
         5         -0.006       -3933.87
         5        -0.0057       -4290.73
         5        -0.0054       -4723.18
         5        -0.0051          -5000
         5        -0.0048          -5000
         5        -0.0045          -5000
         5        -0.0042       -4987.94
         5        -0.0039       -4908.54
         5        -0.0036       -4840.28
         5        -0.0033       -4782.96
         5         -0.003       -4735.86
         5        -0.0027       -4697.83
         5        -0.0024       -4667.63
         5        -0.0021       -4643.97
         5        -0.0018       -4625.65
         5        -0.0015       -4611.51
         5        -0.0012       -4600.39
         5        -0.0009       -4591.24
         5        -0.0006        -4583.2
         5        -0.0003       -4575.46
         5              0       -4568.64
         5         0.0003       -4566.43
         5         0.0006       -4571.05
         5         0.0009       -4578.64
         5         0.0012       -4586.41
         5         0.0015       -4594.65
         5         0.0018       -4604.28
         5         0.0021       -4616.23
         5         0.0024       -4631.57
         5         0.0027       -4651.46
         5          0.003        -4677.1
         5         0.0033       -4709.71
         5         0.0036       -4750.55
         5         0.0039       -4800.83
         5         0.0042       -4861.61
         5         0.0045       -4933.43
         5         0.0048          -5000
         5         0.0051          -5000
         5         0.0054          -5000
         5         0.0057          -5000
         5          0.006       -4571.81
         5         0.0063       -4167.29
         5         0.0066       -3829.05
         5         0.0069       -3538.52
         5         0.0072       -3284.51
         5         0.0075       -3059.52
         5         0.0078       -2858.17
         5         0.0081       -2676.49
         5         0.0084       -2511.44
         5         0.0087       -2360.64
         5          0.009       -2222.18
         5         0.0093       -2094.53
         5         0.0096       -1976.42
         5         0.0099       -1866.81
         5         0.0102       -1764.84
         5         0.0105       -1669.76
         5         0.0108       -1580.93
         5         0.0111       -1497.74
         5         0.0114       -1419.69
         5         0.0117       -1346.37
         5          0.012       -1277.38
         5         0.0123        -1212.4
         5         0.0126       -1151.11
         5         0.0129       -1093.25
         5         0.0132        -1038.6
         5         0.0135       -986.939
         5         0.0138       -938.095
         5         0.0141       -891.891
         5         0.0144        -848.17
         5         0.0147        -806.79
         5          0.015       -767.622
         5         0.0153       -730.543
         5         0.0156       -695.444
         5         0.0159       -662.222
         5         0.0162       -630.778
         5         0.0165       -601.025
         5         0.0168       -572.896
         5         0.0171       -546.307
         5         0.0174       -521.172
         5         0.0177       -497.426
         5          0.018       -475.025
         5         0.0183       -453.893
         5         0.0186       -433.975
         5         0.0189       -415.221
         5         0.0192       -397.579
         5         0.0195       -381.028
         5         0.0198       -365.531
         5         0.0201        -351.07
         5         0.0204       -337.687
         5         0.0207       -325.141
         5          0.021       -313.341
         5         0.0213       -302.251
         5         0.0216       -291.841
         5         0.0219        -282.09
         5         0.0222       -272.953
         5         0.0225       -264.384
         5         0.0228       -256.347
         5         0.0231       -248.813
         5         0.0234       -241.754
         5         0.0237        -235.14
         5          0.024       -228.944
         5         0.0243        -223.15
         5         0.0246       -217.735
         5         0.0249       -212.676
         5         0.0252       -207.955
         5         0.0255       -203.557
         5         0.0258       -199.466
         5         0.0261       -195.668
         5         0.0264       -192.149
         5         0.0267       -188.907
         5          0.027       -185.922
         5         0.0273       -183.182
         5         0.0276       -180.679
         5         0.0279       -178.405
         5         0.0282       -176.355
         5         0.0285       -174.521
         5         0.0288       -172.895
         5         0.0291       -171.473
         5         0.0294       -170.249
         5         0.0297       -169.219
         5           0.03       -168.379
         5         0.0303       -167.724
         5         0.0306        -167.26
         5         0.0309        -166.98
         5         0.0312       -166.886
         6        -0.0315       -158.347
         6        -0.0312       -158.429
         6        -0.0309       -158.674
         6        -0.0306       -159.084
         6        -0.0303       -159.658
         6          -0.03       -160.399
         6        -0.0297       -161.309
         6        -0.0294       -162.389
         6        -0.0291       -163.645
         6        -0.0288       -165.081
         6        -0.0285       -166.702
         6        -0.0282        -168.51
         6        -0.0279       -170.511
         6        -0.0276        -172.71
         6        -0.0273       -175.117
         6         -0.027        -177.74
         6        -0.0267       -180.588
         6        -0.0264       -183.669
         6        -0.0261       -186.993
         6        -0.0258        -190.57
         6        -0.0255        -194.41
         6        -0.0252       -198.528
         6        -0.0249       -202.942
         6        -0.0246       -207.662
         6        -0.0243       -212.702
         6         -0.024       -218.084
         6        -0.0237       -223.829
         6        -0.0234       -229.953
         6        -0.0231       -236.477
         6        -0.0228        -243.43
         6        -0.0225       -250.836
         6        -0.0222       -258.721
         6        -0.0219       -267.112
         6        -0.0216       -276.039
         6        -0.0213       -285.541
         6         -0.021       -295.657
         6        -0.0207       -306.417
         6        -0.0204       -317.859
         6        -0.0201       -330.022
         6        -0.0198       -342.938
         6        -0.0195        -356.79
         6        -0.0192       -371.717
         6        -0.0189       -387.654
         6        -0.0186       -404.642
         6        -0.0183        -422.73
         6         -0.018       -441.943
         6        -0.0177       -462.335
         6        -0.0174       -483.958
         6        -0.0171       -506.855
         6        -0.0168        -531.09
         6        -0.0165        -556.73
         6        -0.0162       -583.845
         6        -0.0159       -612.515
         6        -0.0156       -642.821
         6        -0.0153       -674.849
         6         -0.015       -708.682
         6        -0.0147       -744.415
         6        -0.0144       -782.158
         6        -0.0141       -822.027
         6        -0.0138       -864.137
         6        -0.0135       -908.622
         6        -0.0132       -955.638
         6        -0.0129       -1005.34
         6        -0.0126       -1057.89
         6        -0.0123       -1113.51
         6         -0.012       -1172.39
         6        -0.0117       -1234.79
         6        -0.0114       -1300.98
         6        -0.0111       -1371.28
         6        -0.0108       -1446.02
         6        -0.0105       -1525.61
         6        -0.0102        -1610.5
         6        -0.0099       -1701.22
         6        -0.0096       -1798.36
         6        -0.0093       -1902.61
         6         -0.009       -2014.76
         6        -0.0087       -2135.75
         6        -0.0084       -2266.69
         6        -0.0081       -2408.93
         6        -0.0078       -2564.11
         6        -0.0075       -2734.27
         6        -0.0072       -2921.98
         6        -0.0069       -3130.53
         6        -0.0066       -3364.28
         6        -0.0063       -3629.16
         6         -0.006       -3933.59
         6        -0.0057       -4290.51
         6        -0.0054       -4723.08
         6        -0.0051          -5000
         6        -0.0048          -5000
         6        -0.0045          -5000
         6        -0.0042       -4987.77
         6        -0.0039       -4907.24
         6        -0.0036       -4837.88
         6        -0.0033       -4779.44
         6         -0.003       -4731.13
         6        -0.0027       -4691.78
         6        -0.0024       -4660.09
         6        -0.0021       -4634.77
         6        -0.0018        -4614.6
         6        -0.0015       -4598.48
         6        -0.0012       -4585.39
         6        -0.0009       -4574.36
         6        -0.0006       -4564.69
         6        -0.0003       -4555.71
         6              0        -4547.8
         6         0.0003       -4544.96
         6         0.0006       -4550.39
         6         0.0009       -4558.86
         6         0.0012       -4568.18
         6         0.0015       -4578.26
         6         0.0018       -4589.79
         6         0.0021       -4603.77
         6         0.0024       -4621.14
         6         0.0027       -4642.85
         6          0.003       -4670.09
         6         0.0033       -4704.11
         6         0.0036       -4746.21
         6         0.0039       -4797.67
         6         0.0042       -4859.57
         6         0.0045       -4932.49
         6         0.0048          -5000
         6         0.0051          -5000
         6         0.0054          -5000
         6         0.0057          -5000
         6          0.006       -4571.58
         6         0.0063       -4166.87
         6         0.0066       -3828.53
         6         0.0069       -3537.95
         6         0.0072       -3283.95
         6         0.0075       -3058.99
         6         0.0078       -2857.69
         6         0.0081       -2676.09
         6         0.0084       -2511.13
         6         0.0087       -2360.43
         6          0.009       -2222.09
         6         0.0093       -2094.59
         6         0.0096       -1976.65
         6         0.0099       -1867.23
         6         0.0102       -1765.44
         6         0.0105       -1670.52
         6         0.0108       -1581.82
         6         0.0111       -1498.76
         6         0.0114       -1420.86
         6         0.0117       -1347.68
         6          0.012       -1278.82
         6         0.0123       -1213.96
         6         0.0126       -1152.79
         6         0.0129       -1095.06
         6         0.0132       -1040.53
         6         0.0135       -988.977
         6         0.0138       -940.222
         6         0.0141       -894.089
         6         0.0144       -850.422
         6         0.0147       -809.086
         6          0.015       -769.956
         6         0.0153       -732.918
         6         0.0156       -697.863
         6         0.0159       -664.685
         6         0.0162       -633.286
         6         0.0165       -603.575
         6         0.0168       -575.477
         6         0.0171       -548.908
         6         0.0174       -523.795
         6         0.0177       -500.063
         6          0.018       -477.647
         6         0.0183       -456.488
         6         0.0186        -436.53
         6         0.0189       -417.717
         6         0.0192       -400.007
         6         0.0195       -383.392
         6         0.0198       -367.848
         6         0.0201       -353.339
         6         0.0204       -339.896
         6         0.0207       -327.319
         6          0.021       -315.501
         6         0.0213       -304.404
         6         0.0216       -293.996
         6         0.0219       -284.234
         6         0.0222       -275.081
         6         0.0225       -266.504
         6         0.0228       -258.464
         6         0.0231       -250.925
         6         0.0234       -243.856
         6         0.0237       -237.237
         6          0.024       -231.042
         6         0.0243       -225.249
         6         0.0246       -219.831
         6         0.0249       -214.769
         6         0.0252       -210.055
         6         0.0255       -205.661
         6         0.0258       -201.573
         6         0.0261       -197.778
         6         0.0264       -194.261
         6         0.0267       -191.015
         6          0.027       -188.024
         6         0.0273       -185.284
         6         0.0276       -182.785
         6         0.0279       -180.514
         6         0.0282       -178.466
         6         0.0285       -176.634
         6         0.0288       -175.012
         6         0.0291       -173.593
         6         0.0294       -172.373
         6         0.0297       -171.348
         6           0.03       -170.515
         6         0.0303       -169.871
         6         0.0306       -169.412
         6         0.0309       -169.137
         6         0.0312       -169.046
         7        -0.0315        -158.98
         7        -0.0312       -159.061
         7        -0.0309       -159.302
         7        -0.0306       -159.701
         7        -0.0303       -160.261
         7          -0.03       -160.982
         7        -0.0297       -161.868
         7        -0.0294       -162.919
         7        -0.0291        -164.14
         7        -0.0288       -165.534
         7        -0.0285       -167.109
         7        -0.0282        -168.87
         7        -0.0279       -170.819
         7        -0.0276       -172.961
         7        -0.0273       -175.305
         7         -0.027       -177.863
         7        -0.0267       -180.647
         7        -0.0264       -183.656
         7        -0.0261       -186.901
         7        -0.0258       -190.394
         7        -0.0255       -194.146
         7        -0.0252       -198.171
         7        -0.0249       -202.485
         7        -0.0246         -207.1
         7        -0.0243       -212.036
         7         -0.024       -217.312
         7        -0.0237       -222.941
         7        -0.0234       -228.948
         7        -0.0231       -235.357
         7        -0.0228       -242.193
         7        -0.0225       -249.478
         7        -0.0222       -257.239
         7        -0.0219       -265.507
         7        -0.0216       -274.313
         7        -0.0213       -283.698
         7         -0.021       -293.709
         7        -0.0207       -304.367
         7        -0.0204       -315.717
         7        -0.0201       -327.813
         7        -0.0198       -340.692
         7        -0.0195       -354.502
         7        -0.0192       -369.375
         7        -0.0189       -385.283
         7        -0.0186       -402.239
         7        -0.0183       -420.296
         7         -0.018       -439.499
         7        -0.0177       -459.884
         7        -0.0174       -481.501
         7        -0.0171       -504.404
         7        -0.0168       -528.653
         7        -0.0165       -554.315
         7        -0.0162       -581.459
         7        -0.0159       -610.155
         7        -0.0156       -640.486
         7        -0.0153       -672.535
         7         -0.015       -706.404
         7        -0.0147       -742.199
         7        -0.0144       -780.013
         7        -0.0141       -819.949
         7        -0.0138       -862.133
         7        -0.0135       -906.702
         7        -0.0132        -953.81
         7        -0.0129       -1003.62
         7        -0.0126       -1056.29
         7        -0.0123       -1112.03
         7         -0.012       -1171.05
         7        -0.0117       -1233.59
         7        -0.0114       -1299.93
         7        -0.0111       -1370.38
         7        -0.0108       -1445.27
         7        -0.0105       -1525.02
         7        -0.0102       -1610.08
         7        -0.0099       -1700.98
         7        -0.0096        -1798.3
         7        -0.0093       -1902.72
         7         -0.009       -2015.05
         7        -0.0087       -2136.21
         7        -0.0084       -2267.31
         7        -0.0081       -2409.69
         7        -0.0078       -2564.98
         7        -0.0075       -2735.23
         7        -0.0072       -2922.99
         7        -0.0069       -3131.55
         7        -0.0066       -3365.27
         7        -0.0063       -3630.05
         7         -0.006       -3934.32
         7        -0.0057       -4291.02
         7        -0.0054       -4723.29
         7        -0.0051          -5000
         7        -0.0048          -5000
         7        -0.0045          -5000
         7        -0.0042          -4988
         7        -0.0039          -4909
         7        -0.0036       -4841.17
         7        -0.0033       -4784.32
         7         -0.003       -4737.71
         7        -0.0027       -4700.22
         7        -0.0024       -4670.62
         7        -0.0021       -4647.65
         7        -0.0018       -4630.12
         7        -0.0015       -4616.92
         7        -0.0012       -4607.02
         7        -0.0009       -4599.52
         7        -0.0006       -4593.88
         7        -0.0003       -4589.99
         7              0       -4588.13
         7         0.0003       -4587.72
         7         0.0006       -4588.45
         7         0.0009       -4590.93
         7         0.0012       -4595.54
         7         0.0015       -4601.83
         7         0.0018       -4610.09
         7         0.0021       -4621.03
         7         0.0024       -4635.55
         7         0.0027       -4654.74
         7          0.003       -4679.75
         7         0.0033       -4711.81
         7         0.0036       -4752.15
         7         0.0039       -4801.99
         7         0.0042       -4862.34
         7         0.0045       -4933.75
         7         0.0048          -5000
         7         0.0051          -5000
         7         0.0054          -5000
         7         0.0057          -5000
         7          0.006       -4572.02
         7         0.0063       -4167.69
         7         0.0066       -3829.63
         7         0.0069       -3539.26
         7         0.0072       -3285.39
         7         0.0075        -3060.5
         7         0.0078       -2859.23
         7         0.0081        -2677.6
         7         0.0084        -2512.6
         7         0.0087       -2361.83
         7          0.009       -2223.41
         7         0.0093        -2095.8
         7         0.0096       -1977.74
         7         0.0099       -1868.19
         7         0.0102       -1766.26
         7         0.0105       -1671.19
         7         0.0108       -1582.34
         7         0.0111       -1499.12
         7         0.0114       -1421.06
         7         0.0117       -1347.71
         7          0.012       -1278.71
         7         0.0123        -1213.7
         7         0.0126        -1152.4
         7         0.0129       -1094.55
         7         0.0132        -1039.9
         7         0.0135       -988.252
         7         0.0138        -939.41
         7         0.0141       -893.205
         7         0.0144       -849.486
         7         0.0147       -808.106
         7          0.015       -768.933
         7         0.0153       -731.852
         7         0.0156        -696.75
         7         0.0159        -663.53
         7         0.0162       -632.093
         7         0.0165       -602.347
         7         0.0168        -574.21
         7         0.0171       -547.605
         7         0.0174       -522.455
         7         0.0177         -498.7
         7          0.018       -476.274
         7         0.0183       -455.119
         7         0.0186       -435.174
         7         0.0189       -416.387
         7         0.0192       -398.738
         7         0.0195       -382.195
         7         0.0198       -366.699
         7         0.0201       -352.235
         7         0.0204       -338.854
         7         0.0207       -326.324
         7          0.021       -314.563
         7         0.0213       -303.527
         7         0.0216       -293.181
         7         0.0219       -283.495
         7         0.0222       -274.422
         7         0.0225       -265.931
         7         0.0228       -257.978
         7         0.0231       -250.529
         7         0.0234       -243.553
         7         0.0237       -237.025
         7          0.024       -230.914
         7         0.0243       -225.198
         7         0.0246       -219.856
         7         0.0249       -214.877
         7         0.0252       -210.232
         7         0.0255       -205.903
         7         0.0258       -201.878
         7         0.0261       -198.147
         7         0.0264       -194.694
         7         0.0267       -191.502
         7          0.027       -188.569
         7         0.0273        -185.88
         7         0.0276       -183.423
         7         0.0279        -181.19
         7         0.0282       -179.173
         7         0.0285       -177.369
         7         0.0288       -175.774
         7         0.0291       -174.377
         7         0.0294       -173.173
         7         0.0297       -172.173
         7           0.03        -171.36
         7         0.0303       -170.729
         7         0.0306       -170.278
         7         0.0309       -170.009
         7         0.0312        -169.92
         8        -0.0315       -159.851
         8        -0.0312        -159.93
         8        -0.0309       -160.166
         8        -0.0306       -160.568
         8        -0.0303       -161.134
         8          -0.03       -161.863
         8        -0.0297       -162.756
         8        -0.0294       -163.819
         8        -0.0291       -165.052
         8        -0.0288       -166.462
         8        -0.0285       -168.052
         8        -0.0282       -169.829
         8        -0.0279       -171.797
         8        -0.0276       -173.963
         8        -0.0273       -176.333
         8         -0.027       -178.914
         8        -0.0267       -181.716
         8        -0.0264       -184.746
         8        -0.0261       -188.014
         8        -0.0258       -191.533
         8        -0.0255       -195.313
         8        -0.0252       -199.367
         8        -0.0249       -203.709
         8        -0.0246       -208.355
         8        -0.0243        -213.32
         8         -0.024       -218.619
         8        -0.0237       -224.272
         8        -0.0234       -230.307
         8        -0.0231       -236.742
         8        -0.0228       -243.602
         8        -0.0225       -250.905
         8        -0.0222       -258.682
         8        -0.0219       -266.965
         8        -0.0216       -275.785
         8        -0.0213       -285.184
         8         -0.021       -295.199
         8        -0.0207       -305.851
         8        -0.0204       -317.181
         8        -0.0201       -329.227
         8        -0.0198       -342.048
         8        -0.0195       -355.778
         8        -0.0192       -370.546
         8        -0.0189       -386.342
         8        -0.0186       -403.176
         8        -0.0183       -421.093
         8         -0.018       -440.141
         8        -0.0177       -460.363
         8        -0.0174       -481.817
         8        -0.0171       -504.557
         8        -0.0168       -528.638
         8        -0.0165       -554.124
         8        -0.0162       -581.079
         8        -0.0159        -609.58
         8        -0.0156       -639.708
         8        -0.0153       -671.559
         8         -0.015        -705.22
         8        -0.0147       -740.793
         8        -0.0144       -778.382
         8        -0.0141       -818.096
         8        -0.0138       -860.052
         8        -0.0135       -904.389
         8        -0.0132       -951.254
         8        -0.0129       -1000.81
         8        -0.0126       -1053.23
         8        -0.0123       -1108.71
         8         -0.012       -1167.48
         8        -0.0117       -1229.78
         8        -0.0114       -1295.89
         8        -0.0111       -1366.11
         8        -0.0108       -1440.79
         8        -0.0105       -1520.33
         8        -0.0102       -1605.19
         8        -0.0099       -1695.89
         8        -0.0096       -1793.05
         8        -0.0093       -1897.34
         8         -0.009       -2009.55
         8        -0.0087       -2130.63
         8        -0.0084       -2261.69
         8        -0.0081       -2404.09
         8        -0.0078       -2559.48
         8        -0.0075       -2729.88
         8        -0.0072       -2917.88
         8        -0.0069       -3126.77
         8        -0.0066       -3360.93
         8        -0.0063       -3626.29
         8         -0.006       -3931.32
         8        -0.0057       -4288.98
         8        -0.0054       -4722.48
         8        -0.0051          -5000
         8        -0.0048          -5000
         8        -0.0045          -5000
         8        -0.0042       -4987.67
         8        -0.0039       -4906.47
         8        -0.0036       -4836.46
         8        -0.0033       -4777.38
         8         -0.003       -4728.41
         8        -0.0027       -4688.36
         8        -0.0024       -4655.89
         8        -0.0021       -4629.61
         8        -0.0018       -4608.24
         8        -0.0015       -4590.51
         8        -0.0012       -4575.06
         8        -0.0009       -4560.55
         8        -0.0006        -4545.8
         8        -0.0003        -4530.3
         8              0       -4516.21
         8         0.0003       -4511.41
         8         0.0006        -4522.3
         8         0.0009       -4537.69
         8         0.0012       -4552.65
         8         0.0015       -4566.94
         8         0.0018       -4581.36
         8         0.0021       -4597.17
         8         0.0024       -4615.73
         8         0.0027        -4638.4
         8          0.003       -4666.41
         8         0.0033       -4701.11
         8         0.0036       -4743.87
         8         0.0039       -4795.94
         8         0.0042       -4858.44
         8         0.0045       -4931.97
         8         0.0048          -5000
         8         0.0051          -5000
         8         0.0054          -5000
         8         0.0057          -5000
         8          0.006        -4570.7
         8         0.0063       -4165.17
         8         0.0066       -3826.16
         8         0.0069       -3535.04
         8         0.0072        -3280.6
         8         0.0075       -3055.27
         8         0.0078       -2853.67
         8         0.0081       -2671.82
         8         0.0084       -2506.65
         8         0.0087       -2355.78
         8          0.009       -2217.32
         8         0.0093       -2089.72
         8         0.0096       -1971.69
         8         0.0099       -1862.22
         8         0.0102        -1760.4
         8         0.0105       -1665.47
         8         0.0108       -1576.78
         8         0.0111       -1493.75
         8         0.0114       -1415.88
         8         0.0117       -1342.74
         8          0.012       -1273.93
         8         0.0123       -1209.13
         8         0.0126       -1148.05
         8         0.0129       -1090.42
         8         0.0132       -1035.99
         8         0.0135       -984.557
         8         0.0138       -935.922
         8         0.0141       -889.925
         8         0.0144       -846.413
         8         0.0147       -805.242
         8          0.015       -766.286
         8         0.0153       -729.419
         8         0.0156       -694.527
         8         0.0159       -661.513
         8         0.0162       -630.281
         8         0.0165       -600.742
         8         0.0168       -572.812
         8         0.0171       -546.415
         8         0.0174        -521.47
         8         0.0177       -497.908
         8          0.018       -475.665
         8         0.0183       -454.679
         8         0.0186       -434.885
         8         0.0189       -416.231
         8         0.0192       -398.696
         8         0.0195       -382.253
         8         0.0198        -366.85
         8         0.0201       -352.467
         8         0.0204       -339.144
         8         0.0207        -326.68
         8          0.021       -314.977
         8         0.0213       -303.996
         8         0.0216       -293.699
         8         0.0219        -284.05
         8         0.0222       -275.009
         8         0.0225       -266.532
         8         0.0228       -258.591
         8         0.0231       -251.151
         8         0.0234       -244.182
         8         0.0237        -237.66
         8          0.024       -231.557
         8         0.0243       -225.854
         8         0.0246       -220.526
         8         0.0249       -215.551
         8         0.0252        -210.91
         8         0.0255       -206.595
         8         0.0258       -202.583
         8         0.0261       -198.864
         8         0.0264       -195.424
         8         0.0267       -192.249
         8          0.027       -189.326
         8         0.0273       -186.646
         8         0.0276       -184.199
         8         0.0279       -181.977
         8         0.0282       -179.972
         8         0.0285       -178.178
         8         0.0288       -176.586
         8         0.0291       -175.202
         8         0.0294       -174.017
         8         0.0297       -173.019
         8           0.03       -172.207
         8         0.0303       -171.577
         8         0.0306       -171.128
         8         0.0309       -170.858
         8         0.0312       -170.764
         9        -0.0315       -157.124
         9        -0.0312       -157.199
         9        -0.0309       -157.429
         9        -0.0306       -157.812
         9        -0.0303       -158.354
         9          -0.03       -159.052
         9        -0.0297       -159.908
         9        -0.0294       -160.924
         9        -0.0291       -162.103
         9        -0.0288       -163.451
         9        -0.0285       -164.969
         9        -0.0282       -166.665
         9        -0.0279       -168.548
         9        -0.0276       -170.628
         9        -0.0273       -172.902
         9         -0.027        -175.38
         9        -0.0267        -178.07
         9        -0.0264        -180.98
         9        -0.0261       -184.121
         9        -0.0258       -187.507
         9        -0.0255       -191.146
         9        -0.0252       -195.051
         9        -0.0249       -199.239
         9        -0.0246       -203.725
         9        -0.0243       -208.524
         9         -0.024       -213.654
         9        -0.0237       -219.135
         9        -0.0234       -224.987
         9        -0.0231        -231.23
         9        -0.0228       -237.888
         9        -0.0225       -244.989
         9        -0.0222       -252.559
         9        -0.0219       -260.626
         9        -0.0216       -269.219
         9        -0.0213       -278.375
         9         -0.021        -288.15
         9        -0.0207       -298.559
         9        -0.0204       -309.639
         9        -0.0201       -321.434
         9        -0.0198       -333.992
         9        -0.0195       -347.477
         9        -0.0192       -362.026
         9        -0.0189       -377.582
         9        -0.0186       -394.168
         9        -0.0183       -411.843
         9         -0.018       -430.644
         9        -0.0177       -450.611
         9        -0.0174         -471.8
         9        -0.0171       -494.263
         9        -0.0168       -518.058
         9        -0.0165       -543.262
         9        -0.0162       -569.935
         9        -0.0159       -598.146
         9        -0.0156       -627.989
         9        -0.0153       -659.546
         9         -0.015        -692.91
         9        -0.0147       -728.187
         9        -0.0144       -765.478
         9        -0.0141       -804.894
         9        -0.0138       -846.562
         9        -0.0135       -890.619
         9        -0.0132       -937.225
         9        -0.0129       -986.537
         9        -0.0126       -1038.73
         9        -0.0123       -1094.01
         9         -0.012       -1152.59
         9        -0.0117       -1214.72
         9        -0.0114       -1280.69
         9        -0.0111        -1350.8
         9        -0.0108        -1425.4
         9        -0.0105       -1504.89
         9        -0.0102       -1589.75
         9        -0.0099       -1680.51
         9        -0.0096       -1777.78
         9        -0.0093       -1882.24
         9         -0.009       -1994.68
         9        -0.0087       -2116.05
         9        -0.0084       -2247.47
         9        -0.0081       -2390.32
         9        -0.0078       -2546.24
         9        -0.0075       -2717.32
         9        -0.0072       -2906.13
         9        -0.0069       -3116.01
         9        -0.0066       -3351.36
         9        -0.0063       -3618.15
         9         -0.006        -3924.9
         9        -0.0057       -4284.65
         9        -0.0054       -4720.78
         9        -0.0051          -5000
         9        -0.0048          -5000
         9        -0.0045          -5000
         9        -0.0042       -4987.31
         9        -0.0039       -4903.72
         9        -0.0036       -4831.46
         9        -0.0033        -4770.2
         9         -0.003       -4719.12
         9        -0.0027       -4676.99
         9        -0.0024        -4642.5
         9        -0.0021       -4614.32
         9        -0.0018       -4591.19
         9        -0.0015       -4571.94
         9        -0.0012       -4555.59
         9        -0.0009       -4541.47
         9        -0.0006       -4529.44
         9        -0.0003       -4519.48
         9              0        -4512.1
         9         0.0003       -4509.34
         9         0.0006       -4514.28
         9         0.0009          -4524
         9         0.0012       -4535.74
         9         0.0015       -4548.85
         9         0.0018       -4563.54
         9         0.0021       -4580.45
         9         0.0024       -4600.55
         9         0.0027       -4624.94
         9          0.003       -4654.79
         9         0.0033       -4691.38
         9         0.0036       -4736.04
         9         0.0039       -4790.08
         9         0.0042       -4854.58
         9         0.0045       -4930.18
         9         0.0048          -5000
         9         0.0051          -5000
         9         0.0054          -5000
         9         0.0057          -5000
         9          0.006       -4568.26
         9         0.0063       -4160.45
         9         0.0066       -3819.59
         9         0.0069       -3526.94
         9         0.0072       -3271.21
         9         0.0075        -3044.8
         9         0.0078       -2842.29
         9         0.0081       -2659.68
         9         0.0084        -2493.9
         9         0.0087       -2342.54
         9          0.009       -2203.67
         9         0.0093       -2075.75
         9         0.0096       -1957.49
         9         0.0099       -1847.82
         9         0.0102       -1745.86
         9         0.0105       -1650.85
         9         0.0108       -1562.13
         9         0.0111       -1479.12
         9         0.0114       -1401.31
         9         0.0117       -1328.26
         9          0.012       -1259.57
         9         0.0123       -1194.92
         9         0.0126          -1134
         9         0.0129       -1076.56
         9         0.0132       -1022.34
         9         0.0135       -971.128
         9         0.0138       -922.739
         9         0.0141        -876.99
         9         0.0144       -833.726
         9         0.0147         -792.8
         9          0.015       -754.088
         9         0.0153       -717.471
         9         0.0156       -682.838
         9         0.0159       -650.089
         9         0.0162       -619.123
         9         0.0165       -589.838
         9         0.0168       -562.154
         9         0.0171       -535.999
         9         0.0174       -511.293
         9         0.0177       -487.972
         9          0.018       -465.963
         9         0.0183       -445.204
         9         0.0186       -425.645
         9         0.0189       -407.231
         9         0.0192       -389.936
         9         0.0195       -373.742
         9         0.0198       -358.608
         9         0.0201       -344.503
         9         0.0204       -331.422
         9         0.0207        -319.18
         9          0.021       -307.694
         9         0.0213       -296.927
         9         0.0216       -286.834
         9         0.0219       -277.382
         9         0.0222       -268.532
         9         0.0225       -260.249
         9         0.0228       -252.499
         9         0.0231       -245.245
         9         0.0234        -238.46
         9         0.0237       -232.112
         9          0.024       -226.182
         9         0.0243       -220.636
         9         0.0246       -215.461
         9         0.0249       -210.632
         9         0.0252       -206.133
         9         0.0255       -201.957
         9         0.0258       -198.085
         9         0.0261       -194.491
         9         0.0264       -191.166
         9         0.0267         -188.1
         9          0.027       -185.279
         9         0.0273       -182.691
         9         0.0276       -180.329
         9         0.0279       -178.184
         9         0.0282       -176.253
         9         0.0285       -174.525
         9         0.0288       -172.996
         9         0.0291       -171.658
         9         0.0294       -170.506
         9         0.0297       -169.538
         9           0.03       -168.748
         9         0.0303       -168.133
         9         0.0306       -167.697
         9         0.0309       -167.436
         9         0.0312       -167.346
        10        -0.0315       -154.668
        10        -0.0312        -154.75
        10        -0.0309       -154.996
        10        -0.0306       -155.406
        10        -0.0303       -155.981
        10          -0.03       -156.723
        10        -0.0297       -157.633
        10        -0.0294       -158.715
        10        -0.0291       -159.972
        10        -0.0288       -161.407
        10        -0.0285       -163.026
        10        -0.0282       -164.832
        10        -0.0279       -166.832
        10        -0.0276       -169.031
        10        -0.0273       -171.438
        10         -0.027       -174.063
        10        -0.0267       -176.913
        10        -0.0264       -179.992
        10        -0.0261       -183.314
        10        -0.0258       -186.892
        10        -0.0255       -190.741
        10        -0.0252       -194.866
        10        -0.0249       -199.282
        10        -0.0246       -204.006
        10        -0.0243       -209.057
        10         -0.024       -214.451
        10        -0.0237       -220.207
        10        -0.0234       -226.343
        10        -0.0231       -232.883
        10        -0.0228        -239.85
        10        -0.0225       -247.275
        10        -0.0222       -255.185
        10        -0.0219       -263.602
        10        -0.0216       -272.557
        10        -0.0213       -282.085
        10         -0.021       -292.232
        10        -0.0207       -303.036
        10        -0.0204       -314.523
        10        -0.0201       -326.728
        10        -0.0198       -339.693
        10        -0.0195       -353.588
        10        -0.0192       -368.545
        10        -0.0189       -384.519
        10        -0.0186       -401.534
        10        -0.0183       -419.632
        10         -0.018       -438.859
        10        -0.0177       -459.267
        10        -0.0174       -480.901
        10        -0.0171       -503.818
        10        -0.0168        -528.09
        10        -0.0165       -553.782
        10        -0.0162       -580.956
        10        -0.0159       -609.692
        10        -0.0156       -640.072
        10        -0.0153       -672.179
        10         -0.015       -706.093
        10        -0.0147       -741.924
        10        -0.0144        -779.78
        10        -0.0141       -819.769
        10        -0.0138       -862.003
        10        -0.0135       -906.615
        10        -0.0132       -953.765
        10        -0.0129       -1003.61
        10        -0.0126       -1056.32
        10        -0.0123       -1112.09
        10         -0.012       -1171.13
        10        -0.0117       -1233.69
        10        -0.0114       -1300.05
        10        -0.0111        -1370.5
        10        -0.0108       -1445.41
        10        -0.0105       -1525.18
        10        -0.0102       -1610.26
        10        -0.0099       -1701.16
        10        -0.0096       -1798.51
        10        -0.0093       -1902.99
        10         -0.009       -2015.35
        10        -0.0087       -2136.53
        10        -0.0084       -2267.63
        10        -0.0081       -2409.99
        10        -0.0078       -2565.27
        10        -0.0075       -2735.51
        10        -0.0072       -2923.27
        10        -0.0069       -3131.83
        10        -0.0066       -3365.54
        10        -0.0063       -3630.32
        10         -0.006       -3934.57
        10        -0.0057       -4291.21
        10        -0.0054       -4723.37
        10        -0.0051          -5000
        10        -0.0048          -5000
        10        -0.0045          -5000
        10        -0.0042          -4988
        10        -0.0039          -4909
        10        -0.0036       -4841.13
        10        -0.0033       -4784.24
        10         -0.003        -4737.6
        10        -0.0027       -4700.08
        10        -0.0024       -4670.39
        10        -0.0021       -4647.28
        10        -0.0018       -4629.53
        10        -0.0015       -4615.98
        10        -0.0012       -4605.52
        10        -0.0009       -4597.16
        10        -0.0006       -4590.13
        10        -0.0003       -4583.72
        10              0       -4578.39
        10         0.0003       -4576.48
        10         0.0006       -4579.39
        10         0.0009       -4585.19
        10         0.0012       -4591.95
        10         0.0015       -4599.52
        10         0.0018       -4608.56
        10         0.0021       -4619.96
        10         0.0024        -4634.8
        10         0.0027        -4654.2
        10          0.003       -4679.39
        10         0.0033       -4711.56
        10         0.0036       -4751.96
        10         0.0039       -4801.87
        10         0.0042       -4862.28
        10         0.0045       -4933.73
        10         0.0048          -5000
        10         0.0051          -5000
        10         0.0054          -5000
        10         0.0057          -5000
        10          0.006       -4572.04
        10         0.0063       -4167.71
        10         0.0066       -3829.64
        10         0.0069       -3539.24
        10         0.0072       -3285.35
        10         0.0075       -3060.45
        10         0.0078       -2859.17
        10         0.0081       -2677.53
        10         0.0084       -2512.52
        10         0.0087       -2361.74
        10          0.009       -2223.31
        10         0.0093       -2095.68
        10         0.0096        -1977.6
        10         0.0099       -1868.01
        10         0.0102       -1766.06
        10         0.0105       -1670.99
        10         0.0108       -1582.14
        10         0.0111       -1498.95
        10         0.0114       -1420.92
        10         0.0117       -1347.61
        10          0.012       -1278.62
        10         0.0123       -1213.61
        10         0.0126        -1152.3
        10         0.0129       -1094.43
        10         0.0132       -1039.76
        10         0.0135        -988.08
        10         0.0138       -939.206
        10         0.0141       -892.966
        10         0.0144         -849.2
        10         0.0147       -807.777
        10          0.015       -768.572
        10         0.0153       -731.451
        10         0.0156       -696.299
        10         0.0159       -663.023
        10         0.0162       -631.533
        10         0.0165       -601.741
        10         0.0168       -573.563
        10         0.0171       -546.916
        10         0.0174       -521.735
        10         0.0177       -497.954
        10          0.018       -475.502
        10         0.0183       -454.321
        10         0.0186       -434.352
        10         0.0189       -415.542
        10         0.0192       -397.853
        10         0.0195        -381.24
        10         0.0198       -365.663
        10         0.0201       -351.101
        10         0.0204       -337.544
        10         0.0207       -324.844
        10          0.021       -312.928
        10         0.0213       -301.741
        10         0.0216       -291.247
        10         0.0219       -281.413
        10         0.0222        -272.21
        10         0.0225       -263.584
        10         0.0228       -255.491
        10         0.0231       -247.897
        10         0.0234       -240.784
        10         0.0237       -234.131
        10          0.024       -227.911
        10         0.0243       -222.087
        10         0.0246       -216.641
        10         0.0249       -211.555
        10         0.0252       -206.809
        10         0.0255       -202.386
        10         0.0258       -198.272
        10         0.0261       -194.451
        10         0.0264        -190.92
        10         0.0267       -187.657
        10          0.027       -184.652
        10         0.0273       -181.893
        10         0.0276       -179.372
        10         0.0279       -177.081
        10         0.0282       -175.013
        10         0.0285       -173.159
        10         0.0288       -171.517
        10         0.0291       -170.085
        10         0.0294        -168.85
        10         0.0297       -167.811
        10           0.03       -166.965
        10         0.0303       -166.309
        10         0.0306       -165.841
        10         0.0309        -165.56
        10         0.0312       -165.467
        11        -0.0315       -158.034
        11        -0.0312       -158.113
        11        -0.0309       -158.352
        11        -0.0306       -158.772
        11        -0.0303       -159.354
        11          -0.03       -160.103
        11        -0.0297        -161.02
        11        -0.0294       -162.115
        11        -0.0291       -163.387
        11        -0.0288       -164.835
        11        -0.0285       -166.465
        11        -0.0282       -168.284
        11        -0.0279       -170.297
        11        -0.0276       -172.512
        11        -0.0273       -174.935
        11         -0.027       -177.573
        11        -0.0267       -180.433
        11        -0.0264       -183.524
        11        -0.0261       -186.859
        11        -0.0258        -190.45
        11        -0.0255       -194.304
        11        -0.0252       -198.433
        11        -0.0249       -202.856
        11        -0.0246       -207.582
        11        -0.0243       -212.628
        11         -0.024        -218.01
        11        -0.0237       -223.754
        11        -0.0234       -229.878
        11        -0.0231       -236.414
        11        -0.0228       -243.373
        11        -0.0225       -250.777
        11        -0.0222       -258.656
        11        -0.0219       -267.038
        11        -0.0216       -275.956
        11        -0.0213       -285.445
        11         -0.021       -295.535
        11        -0.0207       -306.261
        11        -0.0204       -317.676
        11        -0.0201       -329.817
        11        -0.0198       -342.732
        11        -0.0195       -356.589
        11        -0.0192       -371.507
        11        -0.0189       -387.451
        11        -0.0186       -404.462
        11        -0.0183       -422.571
        11         -0.018       -441.807
        11        -0.0177       -462.208
        11        -0.0174        -483.82
        11        -0.0171       -506.707
        11        -0.0168       -530.935
        11        -0.0165       -556.573
        11        -0.0162       -583.691
        11        -0.0159       -612.365
        11        -0.0156       -642.667
        11        -0.0153       -674.683
        11         -0.015       -708.504
        11        -0.0147       -744.231
        11        -0.0144       -781.969
        11        -0.0141       -821.826
        11        -0.0138       -863.929
        11        -0.0135       -908.411
        11        -0.0132       -955.416
        11        -0.0129        -1005.1
        11        -0.0126       -1057.64
        11        -0.0123       -1113.24
        11         -0.012       -1172.11
        11        -0.0117        -1234.5
        11        -0.0114       -1300.68
        11        -0.0111       -1370.95
        11        -0.0108       -1445.68
        11        -0.0105       -1525.25
        11        -0.0102       -1610.11
        11        -0.0099       -1700.81
        11        -0.0096       -1797.95
        11        -0.0093        -1902.2
        11         -0.009       -2014.35
        11        -0.0087       -2135.35
        11        -0.0084        -2266.3
        11        -0.0081       -2408.55
        11        -0.0078       -2563.76
        11        -0.0075       -2733.95
        11        -0.0072       -2921.69
        11        -0.0069       -3130.28
        11        -0.0066       -3364.06
        11        -0.0063       -3628.96
        11         -0.006       -3933.43
        11        -0.0057       -4290.39
        11        -0.0054       -4723.03
        11        -0.0051          -5000
        11        -0.0048          -5000
        11        -0.0045          -5000
        11        -0.0042       -4987.78
        11        -0.0039       -4907.29
        11        -0.0036       -4837.97
        11        -0.0033       -4779.58
        11         -0.003       -4731.34
        11        -0.0027       -4692.06
        11        -0.0024       -4660.48
        11        -0.0021       -4635.24
        11        -0.0018       -4615.15
        11        -0.0015       -4599.06
        11        -0.0012       -4585.92
        11        -0.0009       -4574.84
        11        -0.0006       -4565.03
        11        -0.0003       -4555.85
        11              0       -4548.03
        11         0.0003       -4545.07
        11         0.0006       -4550.22
        11         0.0009       -4558.82
        11         0.0012       -4568.52
        11         0.0015          -4579
        11         0.0018       -4590.88
        11         0.0021       -4604.94
        11         0.0024       -4622.19
        11         0.0027       -4643.76
        11          0.003       -4670.85
        11         0.0033       -4704.74
        11         0.0036       -4746.72
        11         0.0039       -4798.06
        11         0.0042       -4859.82
        11         0.0045        -4932.6
        11         0.0048          -5000
        11         0.0051          -5000
        11         0.0054          -5000
        11         0.0057          -5000
        11          0.006       -4571.56
        11         0.0063       -4166.84
        11         0.0066       -3828.49
        11         0.0069       -3537.93
        11         0.0072       -3283.94
        11         0.0075          -3059
        11         0.0078       -2857.72
        11         0.0081       -2676.13
        11         0.0084       -2511.18
        11         0.0087        -2360.5
        11          0.009       -2222.18
        11         0.0093        -2094.7
        11         0.0096       -1976.78
        11         0.0099       -1867.36
        11         0.0102       -1765.57
        11         0.0105       -1670.66
        11         0.0108       -1581.97
        11         0.0111       -1498.93
        11         0.0114       -1421.03
        11         0.0117       -1347.85
        11          0.012       -1278.99
        11         0.0123       -1214.13
        11         0.0126       -1152.96
        11         0.0129       -1095.23
        11         0.0132        -1040.7
        11         0.0135       -989.163
        11         0.0138       -940.422
        11         0.0141       -894.303
        11         0.0144       -850.668
        11         0.0147       -809.366
        11          0.015       -770.268
        11         0.0153       -733.258
        11         0.0156       -698.232
        11         0.0159       -665.082
        11         0.0162       -633.703
        11         0.0165        -604.01
        11         0.0168       -575.925
        11         0.0171       -549.364
        11         0.0174       -524.264
        11         0.0177       -500.553
        11          0.018        -478.16
        11         0.0183       -457.029
        11         0.0186       -437.103
        11         0.0189       -418.326
        11         0.0192       -400.661
        11         0.0195       -384.068
        11         0.0198       -368.518
        11         0.0201       -353.997
        11         0.0204       -340.492
        11         0.0207       -327.864
        11          0.021       -316.027
        11         0.0213       -304.918
        11         0.0216       -294.496
        11         0.0219       -284.715
        11         0.0222       -275.538
        11         0.0225       -266.937
        11         0.0228       -258.874
        11         0.0231       -251.313
        11         0.0234       -244.226
        11         0.0237       -237.581
        11          0.024       -231.356
        11         0.0243       -225.534
        11         0.0246       -220.099
        11         0.0249       -215.018
        11         0.0252       -210.278
        11         0.0255       -205.867
        11         0.0258       -201.764
        11         0.0261       -197.952
        11         0.0264       -194.427
        11         0.0267       -191.166
        11          0.027       -188.166
        11         0.0273       -185.418
        11         0.0276       -182.909
        11         0.0279        -180.63
        11         0.0282       -178.573
        11         0.0285        -176.73
        11         0.0288       -175.095
        11         0.0291       -173.664
        11         0.0294       -172.432
        11         0.0297       -171.394
        11           0.03       -170.548
        11         0.0303       -169.891
        11         0.0306       -169.419
        11         0.0309       -169.141
        11         0.0312       -169.049
        12        -0.0315        -159.18
        12        -0.0312        -159.26
        12        -0.0309       -159.501
        12        -0.0306       -159.902
        12        -0.0303       -160.466
        12          -0.03       -161.192
        12        -0.0297       -162.082
        12        -0.0294        -163.14
        12        -0.0291       -164.369
        12        -0.0288       -165.772
        12        -0.0285       -167.353
        12        -0.0282       -169.118
        12        -0.0279       -171.072
        12        -0.0276       -173.221
        12        -0.0273       -175.572
        12         -0.027       -178.133
        12        -0.0267       -180.912
        12        -0.0264       -183.919
        12        -0.0261       -187.164
        12        -0.0258       -190.662
        12        -0.0255       -194.423
        12        -0.0252       -198.455
        12        -0.0249       -202.772
        12        -0.0246       -207.399
        12        -0.0243       -212.347
        12         -0.024        -217.63
        12        -0.0237       -223.267
        12        -0.0234       -229.278
        12        -0.0231       -235.688
        12        -0.0228       -242.518
        12        -0.0225       -249.794
        12        -0.0222       -257.548
        12        -0.0219        -265.81
        12        -0.0216       -274.614
        12        -0.0213       -283.989
        12         -0.021       -293.971
        12        -0.0207       -304.611
        12        -0.0204        -315.96
        12        -0.0201       -328.057
        12        -0.0198       -340.941
        12        -0.0195       -354.755
        12        -0.0192       -369.615
        12        -0.0189         -385.5
        12        -0.0186       -402.426
        12        -0.0183       -420.446
        12         -0.018       -439.614
        12        -0.0177       -459.963
        12        -0.0174       -481.536
        12        -0.0171       -504.395
        12        -0.0168       -528.601
        12        -0.0165       -554.213
        12        -0.0162        -581.31
        12        -0.0159       -609.967
        12        -0.0156       -640.256
        12        -0.0153       -672.263
        12         -0.015       -706.081
        12        -0.0147       -741.823
        12        -0.0144       -779.583
        12        -0.0141       -819.464
        12        -0.0138       -861.588
        12        -0.0135       -906.092
        12        -0.0132       -953.139
        12        -0.0129       -1002.89
        12        -0.0126       -1055.49
        12        -0.0123       -1111.16
        12         -0.012       -1170.09
        12        -0.0117       -1232.56
        12        -0.0114       -1298.83
        12        -0.0111       -1369.22
        12        -0.0108       -1444.07
        12        -0.0105       -1523.78
        12        -0.0102        -1608.8
        12        -0.0099       -1699.66
        12        -0.0096       -1796.95
        12        -0.0093       -1901.36
        12         -0.009       -2013.67
        12        -0.0087       -2134.83
        12        -0.0084       -2265.93
        12        -0.0081       -2408.32
        12        -0.0078       -2563.65
        12        -0.0075       -2733.95
        12        -0.0072       -2921.78
        12        -0.0069       -3130.45
        12        -0.0066       -3364.29
        12        -0.0063       -3629.22
        12         -0.006       -3933.68
        12        -0.0057       -4290.59
        12        -0.0054       -4723.12
        12        -0.0051          -5000
        12        -0.0048          -5000
        12        -0.0045          -5000
        12        -0.0042       -4987.94
        12        -0.0039       -4908.59
        12        -0.0036       -4840.42
        12        -0.0033       -4783.24
        12         -0.003       -4736.29
        12        -0.0027       -4698.42
        12        -0.0024       -4668.43
        12        -0.0021       -4645.04
        12        -0.0018       -4627.01
        12        -0.0015       -4613.25
        12        -0.0012       -4602.88
        12        -0.0009       -4595.02
        12        -0.0006       -4589.09
        12        -0.0003       -4584.99
        12              0       -4582.84
        12         0.0003       -4582.23
        12         0.0006       -4583.09
        12         0.0009          -4586
        12         0.0012        -4590.7
        12         0.0015        -4597.3
        12         0.0018       -4606.05
        12         0.0021       -4617.53
        12         0.0024       -4632.59
        12         0.0027       -4652.27
        12          0.003       -4677.72
        12         0.0033       -4710.18
        12         0.0036       -4750.88
        12         0.0039       -4801.04
        12         0.0042       -4861.71
        12         0.0045       -4933.46
        12         0.0048          -5000
        12         0.0051          -5000
        12         0.0054          -5000
        12         0.0057          -5000
        12          0.006       -4571.66
        12         0.0063       -4167.01
        12         0.0066       -3828.69
        12         0.0069        -3538.1
        12         0.0072       -3284.06
        12         0.0075       -3059.04
        12         0.0078       -2857.65
        12         0.0081       -2675.94
        12         0.0084       -2510.87
        12         0.0087       -2360.06
        12          0.009       -2221.61
        12         0.0093       -2093.98
        12         0.0096        -1975.9
        12         0.0099       -1866.33
        12         0.0102       -1764.39
        12         0.0105       -1669.33
        12         0.0108        -1580.5
        12         0.0111       -1497.32
        12         0.0114       -1419.29
        12         0.0117       -1345.98
        12          0.012          -1277
        12         0.0123       -1212.02
        12         0.0126       -1150.76
        12         0.0129       -1092.93
        12         0.0132       -1038.32
        12         0.0135       -986.708
        12         0.0138       -937.905
        12         0.0141       -891.748
        12         0.0144       -848.073
        12         0.0147       -806.739
        12          0.015       -767.617
        12         0.0153       -730.586
        12         0.0156       -695.535
        12         0.0159       -662.353
        12         0.0162        -630.95
        12         0.0165       -601.243
        12         0.0168       -573.139
        12         0.0171       -546.567
        12         0.0174       -521.461
        12         0.0177       -497.755
        12          0.018       -475.378
        12         0.0183       -454.266
        12         0.0186       -434.364
        12         0.0189       -415.633
        12         0.0192       -398.035
        12         0.0195       -381.524
        12         0.0198       -366.043
        12         0.0201        -351.61
        12         0.0204       -338.254
        12         0.0207       -325.753
        12          0.021       -314.017
        12         0.0213       -303.009
        12         0.0216       -292.689
        12         0.0219       -283.026
        12         0.0222       -273.979
        12         0.0225       -265.508
        12         0.0228       -257.575
        12         0.0231       -250.152
        12         0.0234       -243.205
        12         0.0237       -236.699
        12          0.024       -230.615
        12         0.0243       -224.927
        12         0.0246       -219.608
        12         0.0249       -214.647
        12         0.0252        -210.02
        12         0.0255       -205.714
        12         0.0258        -201.71
        12         0.0261           -198
        12         0.0264       -194.572
        12         0.0267       -191.407
        12          0.027       -188.493
        12         0.0273       -185.819
        12         0.0276       -183.377
        12         0.0279       -181.157
        12         0.0282       -179.152
        12         0.0285       -177.355
        12         0.0288       -175.762
        12         0.0291       -174.373
        12         0.0294       -173.181
        12         0.0297       -172.179
        12           0.03       -171.365
        12         0.0303       -170.735
        12         0.0306       -170.286
        12         0.0309       -170.017
        12         0.0312       -169.928
        13        -0.0315       -158.968
        13        -0.0312        -159.05
        13        -0.0309       -159.293
        13        -0.0306       -159.697
        13        -0.0303       -160.262
        13          -0.03       -160.992
        13        -0.0297       -161.887
        13        -0.0294       -162.954
        13        -0.0291       -164.197
        13        -0.0288       -165.621
        13        -0.0285       -167.223
        13        -0.0282       -169.011
        13        -0.0279        -170.99
        13        -0.0276       -173.166
        13        -0.0273       -175.545
        13         -0.027       -178.137
        13        -0.0267       -180.959
        13        -0.0264       -184.009
        13        -0.0261       -187.299
        13        -0.0258       -190.839
        13        -0.0255       -194.642
        13        -0.0252        -198.72
        13        -0.0249       -203.089
        13        -0.0246       -207.763
        13        -0.0243       -212.759
        13         -0.024       -218.098
        13        -0.0237       -223.797
        13        -0.0234       -229.879
        13        -0.0231       -236.363
        13        -0.0228       -243.275
        13        -0.0225       -250.644
        13        -0.0222       -258.492
        13        -0.0219       -266.849
        13        -0.0216       -275.744
        13        -0.0213       -285.215
        13         -0.021       -295.304
        13        -0.0207       -306.041
        13        -0.0204       -317.481
        13        -0.0201       -329.655
        13        -0.0198       -342.611
        13        -0.0195        -356.49
        13        -0.0192       -371.406
        13        -0.0189       -387.342
        13        -0.0186       -404.333
        13        -0.0183       -422.419
        13         -0.018       -441.635
        13        -0.0177       -462.023
        13        -0.0174       -483.633
        13        -0.0171       -506.526
        13        -0.0168       -530.768
        13        -0.0165       -556.424
        13        -0.0162        -583.56
        13        -0.0159       -612.253
        13        -0.0156       -642.583
        13        -0.0153       -674.636
        13         -0.015       -708.503
        13        -0.0147       -744.278
        13        -0.0144       -782.061
        13        -0.0141       -821.977
        13        -0.0138        -864.15
        13        -0.0135       -908.701
        13        -0.0132       -955.769
        13        -0.0129       -1005.52
        13        -0.0126       -1058.13
        13        -0.0123        -1113.8
        13         -0.012       -1172.74
        13        -0.0117       -1235.19
        13        -0.0114       -1301.44
        13        -0.0111        -1371.8
        13        -0.0108        -1446.6
        13        -0.0105       -1526.25
        13        -0.0102       -1611.19
        13        -0.0099       -1701.96
        13        -0.0096       -1799.17
        13        -0.0093        -1903.5
        13         -0.009       -2015.72
        13        -0.0087       -2136.77
        13        -0.0084       -2267.76
        13        -0.0081       -2410.03
        13        -0.0078       -2565.23
        13        -0.0075       -2735.39
        13        -0.0072       -2923.08
        13        -0.0069       -3131.58
        13        -0.0066       -3365.25
        13        -0.0063          -3630
        13         -0.006       -3934.27
        13        -0.0057       -4290.98
        13        -0.0054       -4723.27
        13        -0.0051          -5000
        13        -0.0048          -5000
        13        -0.0045          -5000
        13        -0.0042       -4987.91
        13        -0.0039       -4908.34
        13        -0.0036       -4839.92
        13        -0.0033       -4782.44
        13         -0.003       -4735.15
        13        -0.0027       -4696.88
        13        -0.0024       -4666.37
        13        -0.0021       -4642.29
        13        -0.0018       -4623.42
        13        -0.0015       -4608.57
        13        -0.0012       -4596.59
        13        -0.0009       -4586.36
        13        -0.0006       -4577.06
        13        -0.0003       -4568.23
        13              0       -4560.37
        13         0.0003       -4557.07
        13         0.0006       -4561.73
        13         0.0009       -4570.05
        13         0.0012       -4579.28
        13         0.0015       -4589.07
        13         0.0018       -4599.92
        13         0.0021       -4612.83
        13         0.0024       -4628.95
        13         0.0027       -4649.48
        13          0.003       -4675.61
        13         0.0033       -4708.57
        13         0.0036       -4749.69
        13         0.0039       -4800.23
        13         0.0042       -4861.23
        13         0.0045       -4933.25
        13         0.0048          -5000
        13         0.0051          -5000
        13         0.0054          -5000
        13         0.0057          -5000
        13          0.006       -4572.02
        13         0.0063        -4167.7
        13         0.0066       -3829.66
        13         0.0069       -3539.33
        13         0.0072       -3285.52
        13         0.0075        -3060.7
        13         0.0078       -2859.51
        13         0.0081       -2677.97
        13         0.0084       -2513.06
        13         0.0087        -2362.4
        13          0.009       -2224.08
        13         0.0093       -2096.58
        13         0.0096       -1978.62
        13         0.0099       -1869.16
        13         0.0102       -1767.33
        13         0.0105       -1672.36
        13         0.0108       -1583.61
        13         0.0111        -1500.5
        13         0.0114       -1422.54
        13         0.0117       -1349.27
        13          0.012       -1280.35
        13         0.0123       -1215.42
        13         0.0126       -1154.19
        13         0.0129       -1096.39
        13         0.0132       -1041.79
        13         0.0135       -990.164
        13         0.0138       -941.346
        13         0.0141       -895.168
        13         0.0144       -851.469
        13         0.0147       -810.105
        13          0.015       -770.943
        13         0.0153        -733.87
        13         0.0156        -698.78
        13         0.0159       -665.563
        13         0.0162       -634.128
        13         0.0165       -604.382
        13         0.0168       -576.245
        13         0.0171        -549.64
        13         0.0174       -524.492
        13         0.0177       -500.735
        13          0.018       -478.307
        13         0.0183       -457.143
        13         0.0186       -437.183
        13         0.0189       -418.381
        13         0.0192       -400.695
        13         0.0195       -384.086
        13         0.0198       -368.518
        13         0.0201       -353.988
        13         0.0204        -340.54
        13         0.0207       -327.946
        13          0.021        -316.11
        13         0.0213           -305
        13         0.0216       -294.581
        13         0.0219       -284.814
        13         0.0222       -275.658
        13         0.0225       -267.079
        13         0.0228       -259.039
        13         0.0231       -251.501
        13         0.0234       -244.438
        13         0.0237       -237.824
        13          0.024       -231.639
        13         0.0243       -225.855
        13         0.0246        -220.45
        13         0.0249       -215.403
        13         0.0252       -210.694
        13         0.0255       -206.308
        13         0.0258       -202.229
        13         0.0261       -198.454
        13         0.0264       -194.956
        13         0.0267       -191.725
        13          0.027        -188.75
        13         0.0273        -186.02
        13         0.0276       -183.526
        13         0.0279        -181.26
        13         0.0282       -179.212
        13         0.0285       -177.377
        13         0.0288       -175.757
        13         0.0291       -174.336
        13         0.0294       -173.114
        13         0.0297        -172.09
        13           0.03       -171.261
        13         0.0303       -170.618
        13         0.0306       -170.165
        13         0.0309       -169.894
        13         0.0312       -169.803
        14        -0.0315       -159.518
        14        -0.0312       -159.598
        14        -0.0309       -159.839
        14        -0.0306        -160.24
        14        -0.0303       -160.805
        14          -0.03       -161.532
        14        -0.0297       -162.424
        14        -0.0294       -163.481
        14        -0.0291       -164.713
        14        -0.0288       -166.121
        14        -0.0285       -167.707
        14        -0.0282       -169.477
        14        -0.0279       -171.436
        14        -0.0276       -173.589
        14        -0.0273       -175.944
        14         -0.027       -178.507
        14        -0.0267       -181.288
        14        -0.0264       -184.295
        14        -0.0261       -187.538
        14        -0.0258       -191.027
        14        -0.0255       -194.776
        14        -0.0252       -198.798
        14        -0.0249       -203.106
        14        -0.0246       -207.714
        14        -0.0243       -212.638
        14         -0.024       -217.897
        14        -0.0237       -223.513
        14        -0.0234       -229.507
        14        -0.0231       -235.897
        14        -0.0228       -242.706
        14        -0.0225       -249.962
        14        -0.0222       -257.695
        14        -0.0219       -265.932
        14        -0.0216       -274.703
        14        -0.0213       -284.048
        14         -0.021       -293.998
        14        -0.0207       -304.589
        14        -0.0204       -315.853
        14        -0.0201       -327.821
        14        -0.0198       -340.526
        14        -0.0195       -354.177
        14        -0.0192       -368.944
        14        -0.0189       -384.737
        14        -0.0186        -401.58
        14        -0.0183       -419.519
        14         -0.018       -438.587
        14        -0.0177       -458.816
        14        -0.0174        -480.26
        14        -0.0171       -502.976
        14        -0.0168        -527.03
        14        -0.0165       -552.488
        14        -0.0162       -579.424
        14        -0.0159       -607.912
        14        -0.0156       -638.028
        14        -0.0153       -669.859
        14         -0.015       -703.494
        14        -0.0147       -739.038
        14        -0.0144       -776.594
        14        -0.0141       -816.276
        14        -0.0138       -858.215
        14        -0.0135       -902.539
        14        -0.0132       -949.387
        14        -0.0129       -998.919
        14        -0.0126       -1051.31
        14        -0.0123       -1106.77
        14         -0.012       -1165.51
        14        -0.0117       -1227.77
        14        -0.0114       -1293.84
        14        -0.0111       -1364.03
        14        -0.0108       -1438.69
        14        -0.0105       -1518.23
        14        -0.0102       -1603.09
        14        -0.0099       -1693.81
        14        -0.0096       -1790.97
        14        -0.0093       -1895.27
        14         -0.009       -2007.51
        14        -0.0087       -2128.61
        14        -0.0084       -2259.72
        14        -0.0081       -2402.17
        14        -0.0078       -2557.61
        14        -0.0075        -2728.1
        14        -0.0072       -2916.22
        14        -0.0069       -3125.26
        14        -0.0066       -3359.59
        14        -0.0063       -3625.16
        14         -0.006       -3930.43
        14        -0.0057       -4288.39
        14        -0.0054       -4722.25
        14        -0.0051          -5000
        14        -0.0048          -5000
        14        -0.0045          -5000
        14        -0.0042       -4987.61
        14        -0.0039       -4905.99
        14        -0.0036        -4835.6
        14        -0.0033       -4776.16
        14         -0.003       -4726.87
        14        -0.0027       -4686.51
        14        -0.0024       -4653.74
        14        -0.0021       -4627.24
        14        -0.0018        -4605.7
        14        -0.0015       -4587.97
        14        -0.0012        -4572.9
        14        -0.0009       -4559.56
        14        -0.0006       -4547.39
        14        -0.0003       -4536.34
        14              0       -4528.58
        14         0.0003       -4527.33
        14         0.0006       -4532.44
        14         0.0009       -4541.51
        14         0.0012       -4552.94
        14         0.0015       -4565.29
        14         0.0018       -4578.71
        14         0.0021       -4594.32
        14         0.0024       -4613.07
        14         0.0027          -4636
        14          0.003       -4664.35
        14         0.0033       -4699.39
        14         0.0036       -4742.47
        14         0.0039        -4794.9
        14         0.0042       -4857.75
        14         0.0045       -4931.65
        14         0.0048          -5000
        14         0.0051          -5000
        14         0.0054          -5000
        14         0.0057          -5000
        14          0.006       -4570.37
        14         0.0063       -4164.54
        14         0.0066        -3825.3
        14         0.0069       -3534.01
        14         0.0072       -3279.42
        14         0.0075       -3053.98
        14         0.0078       -2852.29
        14         0.0081       -2670.37
        14         0.0084       -2505.15
        14         0.0087       -2354.25
        14          0.009       -2215.77
        14         0.0093       -2088.15
        14         0.0096       -1970.13
        14         0.0099       -1860.66
        14         0.0102       -1758.85
        14         0.0105       -1663.94
        14         0.0108       -1575.27
        14         0.0111       -1492.28
        14         0.0114       -1414.44
        14         0.0117       -1341.33
        14          0.012       -1272.56
        14         0.0123       -1207.82
        14         0.0126       -1146.79
        14         0.0129       -1089.19
        14         0.0132       -1034.78
        14         0.0135       -983.367
        14         0.0138       -934.755
        14         0.0141       -888.779
        14         0.0144       -845.285
        14         0.0147       -804.125
        14          0.015       -765.171
        14         0.0153       -728.307
        14         0.0156       -693.423
        14         0.0159       -660.423
        14         0.0162       -629.205
        14         0.0165        -599.68
        14         0.0168        -571.77
        14         0.0171        -545.38
        14         0.0174       -520.439
        14         0.0177       -496.879
        14          0.018       -474.636
        14         0.0183       -453.649
        14         0.0186       -433.861
        14         0.0189       -415.216
        14         0.0192       -397.682
        14         0.0195       -381.235
        14         0.0198       -365.834
        14         0.0201        -351.47
        14         0.0204       -338.215
        14         0.0207       -325.797
        14          0.021       -314.136
        14         0.0213       -303.193
        14         0.0216       -292.929
        14         0.0219       -283.307
        14         0.0222       -274.293
        14         0.0225       -265.843
        14         0.0228       -257.919
        14         0.0231       -250.505
        14         0.0234       -243.574
        14         0.0237       -237.081
        14          0.024       -231.009
        14         0.0243       -225.336
        14         0.0246       -220.034
        14         0.0249       -215.087
        14         0.0252       -210.474
        14         0.0255       -206.176
        14         0.0258       -202.181
        14         0.0261       -198.472
        14         0.0264       -195.037
        14         0.0267       -191.862
        14          0.027       -188.937
        14         0.0273       -186.252
        14         0.0276       -183.799
        14         0.0279       -181.571
        14         0.0282        -179.56
        14         0.0285       -177.753
        14         0.0288       -176.155
        14         0.0291       -174.768
        14         0.0294       -173.569
        14         0.0297       -172.559
        14           0.03       -171.737
        14         0.0303       -171.101
        14         0.0306       -170.648
        14         0.0309       -170.376
        14         0.0312       -170.286
        15        -0.0315       -158.018
        15        -0.0312       -158.099
        15        -0.0309        -158.34
        15        -0.0306       -158.742
        15        -0.0303       -159.307
        15          -0.03       -160.035
        15        -0.0297        -160.93
        15        -0.0294       -161.993
        15        -0.0291        -163.23
        15        -0.0288       -164.645
        15        -0.0285        -166.24
        15        -0.0282       -168.021
        15        -0.0279       -169.994
        15        -0.0276       -172.165
        15        -0.0273       -174.541
        15         -0.027       -177.132
        15        -0.0267        -179.95
        15        -0.0264       -182.997
        15        -0.0261       -186.285
        15        -0.0258       -189.827
        15        -0.0255       -193.634
        15        -0.0252        -197.72
        15        -0.0249       -202.096
        15        -0.0246       -206.777
        15        -0.0243       -211.778
        15         -0.024       -217.118
        15        -0.0237       -222.819
        15        -0.0234         -228.9
        15        -0.0231       -235.383
        15        -0.0228       -242.295
        15        -0.0225        -249.66
        15        -0.0222       -257.505
        15        -0.0219       -265.867
        15        -0.0216       -274.776
        15        -0.0213       -284.259
        15         -0.021       -294.356
        15        -0.0207       -305.106
        15        -0.0204       -316.553
        15        -0.0201       -328.737
        15        -0.0198        -341.69
        15        -0.0195       -355.567
        15        -0.0192       -370.511
        15        -0.0189       -386.502
        15        -0.0186       -403.547
        15        -0.0183       -421.674
        15         -0.018       -440.937
        15        -0.0177       -461.383
        15        -0.0174        -483.06
        15        -0.0171       -506.024
        15        -0.0168       -530.338
        15        -0.0165       -556.069
        15        -0.0162       -583.277
        15        -0.0159        -612.04
        15        -0.0156       -642.444
        15        -0.0153       -674.575
        15         -0.015       -708.526
        15        -0.0147       -744.388
        15        -0.0144       -782.272
        15        -0.0141       -822.285
        15        -0.0138       -864.548
        15        -0.0135       -909.192
        15        -0.0132       -956.361
        15        -0.0129       -1006.22
        15        -0.0126       -1058.94
        15        -0.0123       -1114.72
        15         -0.012       -1173.77
        15        -0.0117       -1236.33
        15        -0.0114       -1302.69
        15        -0.0111       -1373.15
        15        -0.0108       -1448.06
        15        -0.0105       -1527.82
        15        -0.0102       -1612.87
        15        -0.0099       -1703.74
        15        -0.0096       -1801.04
        15        -0.0093       -1905.44
        15         -0.009       -2017.73
        15        -0.0087       -2138.82
        15        -0.0084       -2269.83
        15        -0.0081       -2412.11
        15        -0.0078        -2567.3
        15        -0.0075       -2737.43
        15        -0.0072       -2925.06
        15        -0.0069       -3133.47
        15        -0.0066       -3366.99
        15        -0.0063       -3631.54
        15         -0.006       -3935.53
        15        -0.0057       -4291.84
        15        -0.0054       -4723.61
        15        -0.0051          -5000
        15        -0.0048          -5000
        15        -0.0045          -5000
        15        -0.0042       -4988.05
        15        -0.0039       -4909.38
        15        -0.0036       -4841.84
        15        -0.0033       -4785.28
        15         -0.003       -4738.97
        15        -0.0027       -4701.81
        15        -0.0024       -4672.56
        15        -0.0021       -4649.96
        15        -0.0018       -4632.78
        15        -0.0015       -4619.91
        15        -0.0012       -4610.24
        15        -0.0009       -4602.87
        15        -0.0006        -4597.3
        15        -0.0003       -4593.27
        15              0       -4590.55
        15         0.0003       -4589.06
        15         0.0006        -4589.8
        15         0.0009       -4592.94
        15         0.0012        -4597.7
        15         0.0015       -4604.11
        15         0.0018       -4612.37
        15         0.0021       -4623.16
        15         0.0024       -4637.48
        15         0.0027       -4656.44
        15          0.003       -4681.21
        15         0.0033       -4713.01
        15         0.0036        -4753.1
        15         0.0039       -4802.71
        15         0.0042       -4862.82
        15         0.0045       -4933.98
        15         0.0048          -5000
        15         0.0051          -5000
        15         0.0054          -5000
        15         0.0057          -5000
        15          0.006       -4572.41
        15         0.0063       -4168.43
        15         0.0066       -3830.64
        15         0.0069       -3540.49
        15         0.0072        -3286.8
        15         0.0075       -3062.06
        15         0.0078       -2860.92
        15         0.0081       -2679.41
        15         0.0084       -2514.49
        15         0.0087       -2363.79
        15          0.009       -2225.42
        15         0.0093       -2097.84
        15         0.0096       -1979.79
        15         0.0099       -1870.23
        15         0.0102       -1768.28
        15         0.0105       -1673.21
        15         0.0108       -1584.35
        15         0.0111       -1501.14
        15         0.0114       -1423.08
        15         0.0117       -1349.72
        15          0.012       -1280.69
        15         0.0123       -1215.65
        15         0.0126       -1154.29
        15         0.0129       -1096.36
        15         0.0132       -1041.65
        15         0.0135       -989.921
        15         0.0138           -941
        15         0.0141       -894.712
        15         0.0144        -850.91
        15         0.0147       -809.452
        15          0.015       -770.206
        15         0.0153       -733.051
        15         0.0156       -697.879
        15         0.0159        -664.59
        15         0.0162        -633.08
        15         0.0165        -603.27
        15         0.0168        -575.07
        15         0.0171       -548.399
        15         0.0174       -523.189
        15         0.0177       -499.374
        15          0.018       -476.885
        15         0.0183       -455.661
        15         0.0186        -435.65
        15         0.0189       -416.805
        15         0.0192       -399.084
        15         0.0195       -382.448
        15         0.0198        -366.87
        15         0.0201       -352.342
        15         0.0204       -338.886
        15         0.0207       -326.297
        15          0.021       -314.482
        15         0.0213         -303.4
        15         0.0216       -293.008
        15         0.0219       -283.263
        15         0.0222       -274.128
        15         0.0225       -265.567
        15         0.0228       -257.552
        15         0.0231       -250.049
        15         0.0234       -243.019
        15         0.0237       -236.436
        15          0.024       -230.274
        15         0.0243       -224.509
        15         0.0246       -219.118
        15         0.0249       -214.084
        15         0.0252       -209.389
        15         0.0255       -205.023
        15         0.0258       -200.964
        15         0.0261       -197.198
        15         0.0264       -193.711
        15         0.0267       -190.492
        15          0.027       -187.529
        15         0.0273       -184.811
        15         0.0276       -182.329
        15         0.0279       -180.075
        15         0.0282       -178.042
        15         0.0285       -176.223
        15         0.0288       -174.611
        15         0.0291         -173.2
        15         0.0294       -171.988
        15         0.0297        -170.97
        15           0.03       -170.142
        15         0.0303       -169.501
        15         0.0306       -169.045
        15         0.0309       -168.772
        15         0.0312       -168.681
        16        -0.0315       -159.259
        16        -0.0312        -159.34
        16        -0.0309       -159.583
        16        -0.0306       -159.989
        16        -0.0303       -160.559
        16          -0.03       -161.293
        16        -0.0297       -162.203
        16        -0.0294       -163.283
        16        -0.0291       -164.535
        16        -0.0288       -165.969
        16        -0.0285       -167.588
        16        -0.0282       -169.392
        16        -0.0279       -171.389
        16        -0.0276       -173.585
        16        -0.0273       -175.988
        16         -0.027       -178.604
        16        -0.0267       -181.442
        16        -0.0264       -184.514
        16        -0.0261       -187.833
        16        -0.0258       -191.404
        16        -0.0255       -195.239
        16        -0.0252       -199.352
        16        -0.0249       -203.766
        16        -0.0246       -208.483
        16        -0.0243       -213.529
        16         -0.024       -218.915
        16        -0.0237        -224.66
        16        -0.0234       -230.794
        16        -0.0231       -237.329
        16        -0.0228       -244.291
        16        -0.0225       -251.712
        16        -0.0222       -259.612
        16        -0.0219       -268.023
        16        -0.0216       -276.975
        16        -0.0213       -286.502
        16         -0.021       -296.644
        16        -0.0207       -307.433
        16        -0.0204       -318.906
        16        -0.0201       -331.107
        16        -0.0198       -344.078
        16        -0.0195       -357.965
        16        -0.0192       -372.903
        16        -0.0189       -388.873
        16        -0.0186       -405.912
        16        -0.0183       -424.061
        16         -0.018       -443.342
        16        -0.0177       -463.787
        16        -0.0174       -485.449
        16        -0.0171       -508.392
        16        -0.0168       -532.675
        16        -0.0165       -558.366
        16        -0.0162       -585.534
        16        -0.0159       -614.254
        16        -0.0156       -644.609
        16        -0.0153       -676.677
        16         -0.015       -710.555
        16        -0.0147       -746.342
        16        -0.0144       -784.143
        16        -0.0141       -824.066
        16        -0.0138       -866.227
        16        -0.0135       -910.768
        16        -0.0132       -957.839
        16        -0.0129        -1007.6
        16        -0.0126        -1060.2
        16        -0.0123       -1115.86
        16         -0.012       -1174.79
        16        -0.0117       -1237.24
        16        -0.0114       -1303.48
        16        -0.0111       -1373.83
        16        -0.0108       -1448.63
        16        -0.0105       -1528.26
        16        -0.0102       -1613.18
        16        -0.0099       -1703.92
        16        -0.0096       -1801.07
        16        -0.0093       -1905.32
        16         -0.009       -2017.46
        16        -0.0087       -2138.41
        16        -0.0084       -2269.31
        16        -0.0081       -2411.48
        16        -0.0078       -2566.58
        16        -0.0075       -2736.63
        16        -0.0072       -2924.21
        16        -0.0069       -3132.59
        16        -0.0066       -3366.12
        16        -0.0063       -3630.71
        16         -0.006       -3934.81
        16        -0.0057       -4291.33
        16        -0.0054        -4723.4
        16        -0.0051          -5000
        16        -0.0048          -5000
        16        -0.0045          -5000
        16        -0.0042       -4987.91
        16        -0.0039       -4908.29
        16        -0.0036       -4839.83
        16        -0.0033        -4782.3
        16         -0.003       -4734.93
        16        -0.0027       -4696.56
        16        -0.0024        -4665.9
        16        -0.0021       -4641.66
        16        -0.0018       -4622.63
        16        -0.0015       -4607.64
        16        -0.0012       -4595.52
        16        -0.0009       -4585.41
        16        -0.0006       -4576.78
        16        -0.0003       -4569.37
        16              0       -4563.82
        16         0.0003        -4562.2
        16         0.0006       -4566.05
        16         0.0009       -4572.76
        16         0.0012       -4580.75
        16         0.0015        -4589.8
        16         0.0018       -4600.32
        16         0.0021       -4613.09
        16         0.0024       -4629.15
        16         0.0027       -4649.65
        16          0.003       -4675.76
        16         0.0033       -4708.72
        16         0.0036       -4749.84
        16         0.0039       -4800.35
        16         0.0042       -4861.31
        16         0.0045       -4933.29
        16         0.0048          -5000
        16         0.0051          -5000
        16         0.0054          -5000
        16         0.0057          -5000
        16          0.006       -4572.21
        16         0.0063       -4168.08
        16         0.0066        -3830.2
        16         0.0069       -3540.01
        16         0.0072       -3286.33
        16         0.0075       -3061.63
        16         0.0078       -2860.54
        16         0.0081        -2679.1
        16         0.0084       -2514.26
        16         0.0087       -2363.67
        16          0.009       -2225.41
        16         0.0093       -2097.96
        16         0.0096       -1980.05
        16         0.0099       -1870.64
        16         0.0102       -1768.84
        16         0.0105        -1673.9
        16         0.0108       -1585.16
        16         0.0111       -1502.07
        16         0.0114       -1424.12
        16         0.0117       -1350.87
        16          0.012       -1281.95
        16         0.0123       -1217.02
        16         0.0126       -1155.78
        16         0.0129       -1097.98
        16         0.0132       -1043.37
        16         0.0135       -991.754
        16         0.0138        -942.93
        16         0.0141       -896.728
        16         0.0144       -852.995
        16         0.0147       -811.598
        16          0.015       -772.401
        16         0.0153         -735.3
        16         0.0156        -700.19
        16         0.0159       -666.956
        16         0.0162       -635.502
        16         0.0165       -605.745
        16         0.0168       -577.596
        16         0.0171       -550.975
        16         0.0174       -525.814
        16         0.0177       -502.041
        16          0.018       -479.591
        16         0.0183       -458.401
        16         0.0186       -438.418
        16         0.0189       -419.578
        16         0.0192       -401.851
        16         0.0195       -385.206
        16         0.0198       -369.607
        16         0.0201       -355.035
        16         0.0204       -341.543
        16         0.0207       -328.898
        16          0.021       -317.017
        16         0.0213       -305.869
        16         0.0216        -295.42
        16         0.0219       -285.619
        16         0.0222       -276.424
        16         0.0225       -267.798
        16         0.0228       -259.714
        16         0.0231       -252.141
        16         0.0234       -245.052
        16         0.0237        -238.42
        16          0.024       -232.213
        16         0.0243       -226.402
        16         0.0246       -220.969
        16         0.0249       -215.897
        16         0.0252       -211.166
        16         0.0255       -206.757
        16         0.0258        -202.66
        16         0.0261       -198.858
        16         0.0264       -195.337
        16         0.0267       -192.084
        16          0.027       -189.089
        16         0.0273       -186.343
        16         0.0276       -183.837
        16         0.0279       -181.561
        16         0.0282       -179.506
        16         0.0285       -177.666
        16         0.0288       -176.036
        16         0.0291       -174.609
        16         0.0294       -173.381
        16         0.0297       -172.349
        16           0.03        -171.51
        16         0.0303       -170.864
        16         0.0306       -170.403
        16         0.0309       -170.126
        16         0.0312       -170.034
        17        -0.0315       -157.464
        17        -0.0312       -157.541
        17        -0.0309       -157.771
        17        -0.0306       -158.155
        17        -0.0303       -158.694
        17          -0.03        -159.39
        17        -0.0297       -160.245
        17        -0.0294       -161.262
        17        -0.0291       -162.447
        17        -0.0288       -163.802
        17        -0.0285       -165.328
        17        -0.0282       -167.032
        17        -0.0279       -168.919
        17        -0.0276       -170.997
        17        -0.0273       -173.273
        17         -0.027       -175.751
        17        -0.0267       -178.444
        17        -0.0264       -181.362
        17        -0.0261       -184.509
        17        -0.0258       -187.897
        17        -0.0255       -191.546
        17        -0.0252       -195.462
        17        -0.0249       -199.657
        17        -0.0246       -204.148
        17        -0.0243        -208.95
        17         -0.024       -214.081
        17        -0.0237        -219.56
        17        -0.0234       -225.406
        17        -0.0231       -231.645
        17        -0.0228       -238.299
        17        -0.0225       -245.397
        17        -0.0222       -252.964
        17        -0.0219        -261.03
        17        -0.0216       -269.628
        17        -0.0213       -278.798
        17         -0.021        -288.57
        17        -0.0207       -298.983
        17        -0.0204       -310.069
        17        -0.0201       -321.872
        17        -0.0198       -334.441
        17        -0.0195       -347.942
        17        -0.0192       -362.494
        17        -0.0189       -378.065
        17        -0.0186       -394.677
        17        -0.0183       -412.377
        17         -0.018       -431.205
        17        -0.0177       -451.202
        17        -0.0174       -472.414
        17        -0.0171       -494.903
        17        -0.0168       -518.725
        17        -0.0165       -543.946
        17        -0.0162       -570.641
        17        -0.0159       -598.886
        17        -0.0156        -628.76
        17        -0.0153       -660.346
        17         -0.015       -693.743
        17        -0.0147       -729.053
        17        -0.0144       -766.378
        17        -0.0141       -805.836
        17        -0.0138        -847.55
        17        -0.0135       -891.643
        17        -0.0132       -938.267
        17        -0.0129       -987.592
        17        -0.0126       -1039.79
        17        -0.0123       -1095.06
        17         -0.012       -1153.64
        17        -0.0117       -1215.78
        17        -0.0114       -1281.75
        17        -0.0111       -1351.86
        17        -0.0108       -1426.46
        17        -0.0105       -1505.95
        17        -0.0102       -1590.81
        17        -0.0099       -1681.55
        17        -0.0096       -1778.78
        17        -0.0093        -1883.2
        17         -0.009       -1995.61
        17        -0.0087       -2116.96
        17        -0.0084       -2248.36
        17        -0.0081       -2391.19
        17        -0.0078        -2547.1
        17        -0.0075       -2718.14
        17        -0.0072       -2906.92
        17        -0.0069       -3116.77
        17        -0.0066       -3352.05
        17        -0.0063       -3618.76
        17         -0.006       -3925.41
        17        -0.0057       -4285.02
        17        -0.0054       -4720.94
        17        -0.0051          -5000
        17        -0.0048          -5000
        17        -0.0045          -5000
        17        -0.0042        -4987.3
        17        -0.0039       -4903.63
        17        -0.0036       -4831.24
        17        -0.0033       -4769.78
        17         -0.003        -4718.4
        17        -0.0027       -4675.82
        17        -0.0024       -4640.72
        17        -0.0021       -4611.75
        17        -0.0018       -4587.56
        17        -0.0015       -4566.84
        17        -0.0012       -4548.41
        17        -0.0009       -4531.36
        17        -0.0006       -4515.59
        17        -0.0003       -4501.86
        17              0       -4491.47
        17         0.0003       -4487.81
        17         0.0006       -4492.46
        17         0.0009       -4503.38
        17         0.0012       -4517.46
        17         0.0015       -4533.55
        17         0.0018       -4551.16
        17         0.0021       -4570.71
        17         0.0024       -4592.93
        17         0.0027       -4618.98
        17          0.003       -4650.15
        17         0.0033        -4687.8
        17         0.0036       -4733.34
        17         0.0039       -4788.12
        17         0.0042       -4853.32
        17         0.0045        -4929.6
        17         0.0048          -5000
        17         0.0051          -5000
        17         0.0054          -5000
        17         0.0057          -5000
        17          0.006       -4567.98
        17         0.0063       -4159.97
        17         0.0066          -3819
        17         0.0069        -3526.3
        17         0.0072       -3270.55
        17         0.0075       -3044.15
        17         0.0078       -2841.67
        17         0.0081        -2659.1
        17         0.0084       -2493.35
        17         0.0087       -2342.04
        17          0.009       -2203.23
        17         0.0093       -2075.36
        17         0.0096       -1957.15
        17         0.0099       -1847.55
        17         0.0102       -1745.67
        17         0.0105       -1650.74
        17         0.0108        -1562.1
        17         0.0111       -1479.16
        17         0.0114       -1401.42
        17         0.0117       -1328.42
        17          0.012        -1259.8
        17         0.0123       -1195.22
        17         0.0126       -1134.37
        17         0.0129       -1076.97
        17         0.0132       -1022.79
        17         0.0135       -971.603
        17         0.0138       -923.234
        17         0.0141       -877.511
        17         0.0144       -834.278
        17         0.0147       -793.389
        17          0.015       -754.708
        17         0.0153       -718.118
        17         0.0156       -683.506
        17         0.0159       -650.766
        17         0.0162       -619.805
        17         0.0165       -590.535
        17         0.0168       -562.865
        17         0.0171       -536.716
        17         0.0174       -512.014
        17         0.0177       -488.691
        17          0.018        -466.68
        17         0.0183       -445.914
        17         0.0186       -426.343
        17         0.0189       -407.916
        17         0.0192       -390.611
        17         0.0195       -374.408
        17         0.0198       -359.255
        17         0.0201       -345.122
        17         0.0204       -332.062
        17         0.0207       -319.839
        17          0.021       -308.361
        17         0.0213       -297.588
        17         0.0216       -287.486
        17         0.0219       -278.029
        17         0.0222       -269.178
        17         0.0225        -260.89
        17         0.0228       -253.132
        17         0.0231       -245.873
        17         0.0234        -239.09
        17         0.0237       -232.761
        17          0.024       -226.836
        17         0.0243       -221.295
        17         0.0246        -216.12
        17         0.0249       -211.288
        17         0.0252       -206.782
        17         0.0255       -202.598
        17         0.0258       -198.707
        17         0.0261       -195.096
        17         0.0264       -191.759
        17         0.0267       -188.682
        17          0.027        -185.85
        17         0.0273       -183.253
        17         0.0276       -180.884
        17         0.0279       -178.734
        17         0.0282       -176.794
        17         0.0285       -175.057
        17         0.0288       -173.515
        17         0.0291       -172.164
        17         0.0294       -171.002
        17         0.0297        -170.03
        17           0.03       -169.241
        17         0.0303       -168.629
        17         0.0306       -168.195
        17         0.0309       -167.936
        17         0.0312        -167.85
        18        -0.0315       -153.234
        18        -0.0312       -153.315
        18        -0.0309       -153.558
        18        -0.0306       -153.963
        18        -0.0303       -154.532
        18          -0.03       -155.266
        18        -0.0297       -156.168
        18        -0.0294        -157.24
        18        -0.0291       -158.485
        18        -0.0288       -159.914
        18        -0.0285       -161.525
        18        -0.0282       -163.321
        18        -0.0279       -165.315
        18        -0.0276       -167.507
        18        -0.0273       -169.904
        18         -0.027       -172.514
        18        -0.0267       -175.349
        18        -0.0264        -178.42
        18        -0.0261       -181.733
        18        -0.0258       -185.296
        18        -0.0255        -189.12
        18        -0.0252       -193.215
        18        -0.0249        -197.61
        18        -0.0246       -202.304
        18        -0.0243       -207.316
        18         -0.024       -212.665
        18        -0.0237       -218.371
        18        -0.0234       -224.453
        18        -0.0231       -230.932
        18        -0.0228       -237.837
        18        -0.0225       -245.203
        18        -0.0222       -253.054
        18        -0.0219        -261.41
        18        -0.0216       -270.304
        18        -0.0213       -279.762
        18         -0.021       -289.823
        18        -0.0207       -300.537
        18        -0.0204        -311.95
        18        -0.0201       -324.092
        18        -0.0198       -337.002
        18        -0.0195       -350.844
        18        -0.0192       -365.751
        18        -0.0189       -381.704
        18        -0.0186        -398.75
        18        -0.0183       -416.907
        18         -0.018       -436.202
        18        -0.0177       -456.681
        18        -0.0174       -478.382
        18        -0.0171        -501.36
        18        -0.0168       -525.674
        18        -0.0165       -551.394
        18        -0.0162       -578.589
        18        -0.0159       -607.337
        18        -0.0156       -637.721
        18        -0.0153       -669.822
        18         -0.015       -703.729
        18        -0.0147        -739.54
        18        -0.0144       -777.363
        18        -0.0141       -817.312
        18        -0.0138       -859.507
        18        -0.0135       -904.081
        18        -0.0132       -951.184
        18        -0.0129       -1000.97
        18        -0.0126       -1053.62
        18        -0.0123       -1109.33
        18         -0.012       -1168.31
        18        -0.0117        -1230.8
        18        -0.0114        -1297.1
        18        -0.0111       -1367.51
        18        -0.0108        -1442.4
        18        -0.0105       -1522.16
        18        -0.0102       -1607.22
        18        -0.0099        -1698.1
        18        -0.0096       -1795.41
        18        -0.0093       -1899.82
        18         -0.009       -2012.16
        18        -0.0087       -2133.34
        18        -0.0084       -2264.48
        18        -0.0081       -2406.92
        18        -0.0078       -2562.32
        18        -0.0075        -2732.7
        18        -0.0072       -2920.63
        18        -0.0069       -3129.41
        18        -0.0066       -3363.37
        18        -0.0063       -3628.43
        18         -0.006       -3933.05
        18        -0.0057       -4290.16
        18        -0.0054       -4722.94
        18        -0.0051          -5000
        18        -0.0048          -5000
        18        -0.0045          -5000
        18        -0.0042       -4987.93
        18        -0.0039       -4908.45
        18        -0.0036       -4840.14
        18        -0.0033        -4782.8
        18         -0.003        -4735.7
        18        -0.0027        -4697.7
        18        -0.0024       -4667.55
        18        -0.0021       -4643.92
        18        -0.0018       -4625.63
        18        -0.0015       -4611.54
        18        -0.0012       -4600.58
        18        -0.0009       -4591.87
        18        -0.0006       -4584.67
        18        -0.0003       -4578.84
        18              0       -4574.76
        18         0.0003       -4574.03
        18         0.0006       -4576.46
        18         0.0009       -4581.09
        18         0.0012       -4587.32
        18         0.0015       -4594.93
        18         0.0018       -4604.19
        18         0.0021       -4616.02
        18         0.0024       -4631.35
        18         0.0027       -4651.24
        18          0.003       -4676.87
        18         0.0033       -4709.49
        18         0.0036       -4750.34
        18         0.0039       -4800.66
        18         0.0042       -4861.47
        18         0.0045       -4933.35
        18         0.0048          -5000
        18         0.0051          -5000
        18         0.0054          -5000
        18         0.0057          -5000
        18          0.006       -4571.51
        18         0.0063       -4166.71
        18         0.0066       -3828.25
        18         0.0069       -3537.55
        18         0.0072        -3283.4
        18         0.0075       -3058.28
        18         0.0078       -2856.82
        18         0.0081       -2675.04
        18         0.0084       -2509.91
        18         0.0087       -2359.05
        18          0.009       -2220.55
        18         0.0093       -2092.86
        18         0.0096       -1974.71
        18         0.0099       -1865.05
        18         0.0102       -1763.02
        18         0.0105       -1667.88
        18         0.0108       -1578.98
        18         0.0111       -1495.76
        18         0.0114       -1417.69
        18         0.0117       -1344.35
        18          0.012       -1275.35
        18         0.0123       -1210.36
        18         0.0126       -1149.09
        18         0.0129       -1091.25
        18         0.0132       -1036.62
        18         0.0135       -984.987
        18         0.0138       -936.163
        18         0.0141       -889.984
        18         0.0144       -846.287
        18         0.0147       -804.917
        18          0.015       -765.754
        18         0.0153       -728.684
        18         0.0156       -693.592
        18         0.0159       -660.378
        18         0.0162       -628.945
        18         0.0165       -599.204
        18         0.0168       -571.072
        18         0.0171       -544.468
        18         0.0174       -519.314
        18         0.0177       -495.542
        18          0.018       -473.097
        18         0.0183       -451.928
        18         0.0186        -431.99
        18         0.0189       -413.239
        18         0.0192       -395.616
        18         0.0195       -379.066
        18         0.0198       -363.545
        18         0.0201        -349.02
        18         0.0204       -335.536
        18         0.0207       -322.914
        18          0.021       -311.083
        18         0.0213       -299.991
        18         0.0216       -289.571
        18         0.0219       -279.796
        18         0.0222       -270.645
        18         0.0225       -262.067
        18         0.0228       -254.021
        18         0.0231       -246.472
        18         0.0234       -239.396
        18         0.0237       -232.777
        18          0.024       -226.598
        18         0.0243       -220.827
        18         0.0246       -215.433
        18         0.0249       -210.391
        18         0.0252       -205.685
        18         0.0255       -201.298
        18         0.0258       -197.218
        18         0.0261       -193.429
        18         0.0264       -189.917
        18         0.0267       -186.677
        18          0.027        -183.69
        18         0.0273       -180.953
        18         0.0276       -178.455
        18         0.0279       -176.184
        18         0.0282       -174.134
        18         0.0285       -172.295
        18         0.0288       -170.668
        18         0.0291       -169.246
        18         0.0294       -168.017
        18         0.0297        -166.99
        18           0.03       -166.155
        18         0.0303       -165.511
        18         0.0306       -165.053
        18         0.0309       -164.779
        18         0.0312       -164.688
        19        -0.0315        -155.44
        19        -0.0312       -155.521
        19        -0.0309       -155.764
        19        -0.0306       -156.172
        19        -0.0303       -156.743
        19          -0.03       -157.481
        19        -0.0297       -158.391
        19        -0.0294       -159.469
        19        -0.0291       -160.728
        19        -0.0288       -162.163
        19        -0.0285        -163.78
        19        -0.0282       -165.589
        19        -0.0279       -167.588
        19        -0.0276       -169.791
        19        -0.0273       -172.204
        19         -0.027        -174.83
        19        -0.0267       -177.678
        19        -0.0264       -180.756
        19        -0.0261       -184.075
        19        -0.0258       -187.645
        19        -0.0255        -191.48
        19        -0.0252       -195.594
        19        -0.0249           -200
        19        -0.0246       -204.711
        19        -0.0243       -209.746
        19         -0.024       -215.123
        19        -0.0237       -220.859
        19        -0.0234       -226.979
        19        -0.0231       -233.501
        19        -0.0228       -240.455
        19        -0.0225       -247.865
        19        -0.0222       -255.766
        19        -0.0219       -264.175
        19        -0.0216       -273.124
        19        -0.0213       -282.647
        19         -0.021       -292.787
        19        -0.0207       -303.574
        19        -0.0204       -315.049
        19        -0.0201       -327.259
        19        -0.0198       -340.257
        19        -0.0195       -354.197
        19        -0.0192       -369.201
        19        -0.0189        -385.24
        19        -0.0186       -402.332
        19        -0.0183       -420.513
        19         -0.018       -439.828
        19        -0.0177       -460.323
        19        -0.0174       -482.042
        19        -0.0171       -505.039
        19        -0.0168       -529.377
        19        -0.0165       -555.123
        19        -0.0162       -582.345
        19        -0.0159       -611.121
        19        -0.0156       -641.537
        19        -0.0153       -673.678
        19         -0.015       -707.634
        19        -0.0147       -743.497
        19        -0.0144       -781.381
        19        -0.0141       -821.389
        19        -0.0138       -863.643
        19        -0.0135       -908.279
        19        -0.0132       -955.438
        19        -0.0129       -1005.28
        19        -0.0126       -1057.99
        19        -0.0123       -1113.74
        19         -0.012       -1172.77
        19        -0.0117       -1235.31
        19        -0.0114       -1301.65
        19        -0.0111       -1372.09
        19        -0.0108       -1446.99
        19        -0.0105       -1526.73
        19        -0.0102       -1611.78
        19        -0.0099       -1702.65
        19        -0.0096       -1799.93
        19        -0.0093        -1904.3
        19         -0.009       -2016.57
        19        -0.0087       -2137.66
        19        -0.0084       -2268.69
        19        -0.0081          -2411
        19        -0.0078       -2566.22
        19        -0.0075       -2736.39
        19        -0.0072       -2924.07
        19        -0.0069       -3132.55
        19        -0.0066       -3366.15
        19        -0.0063        -3630.8
        19         -0.006       -3934.91
        19        -0.0057       -4291.42
        19        -0.0054       -4723.45
        19        -0.0051          -5000
        19        -0.0048          -5000
        19        -0.0045          -5000
        19        -0.0042       -4988.01
        19        -0.0039       -4909.13
        19        -0.0036        -4841.4
        19        -0.0033       -4784.64
        19         -0.003       -4738.12
        19        -0.0027       -4700.67
        19        -0.0024       -4671.03
        19        -0.0021       -4647.94
        19        -0.0018       -4630.22
        19        -0.0015       -4616.75
        19        -0.0012       -4606.51
        19        -0.0009       -4598.54
        19        -0.0006       -4592.36
        19        -0.0003        -4587.8
        19              0       -4584.97
        19         0.0003       -4584.17
        19         0.0006       -4585.52
        19         0.0009       -4589.24
        19         0.0012       -4594.65
        19         0.0015       -4601.55
        19         0.0018       -4610.17
        19         0.0021       -4621.28
        19         0.0024       -4635.94
        19         0.0027       -4655.21
        19          0.003       -4680.26
        19         0.0033       -4712.28
        19         0.0036       -4752.56
        19         0.0039       -4802.31
        19         0.0042       -4862.56
        19         0.0045       -4933.86
        19         0.0048          -5000
        19         0.0051          -5000
        19         0.0054          -5000
        19         0.0057          -5000
        19          0.006       -4572.32
        19         0.0063       -4168.26
        19         0.0066       -3830.42
        19         0.0069       -3540.23
        19         0.0072       -3286.51
        19         0.0075       -3061.75
        19         0.0078        -2860.6
        19         0.0081       -2679.09
        19         0.0084       -2514.18
        19         0.0087       -2363.51
        19          0.009       -2225.17
        19         0.0093       -2097.63
        19         0.0096       -1979.62
        19         0.0099       -1870.11
        19         0.0102       -1768.21
        19         0.0105       -1673.18
        19         0.0108       -1584.35
        19         0.0111       -1501.17
        19         0.0114       -1423.12
        19         0.0117       -1349.78
        19          0.012       -1280.76
        19         0.0123       -1215.73
        19         0.0126        -1154.4
        19         0.0129       -1096.51
        19         0.0132       -1041.83
        19         0.0135       -990.129
        19         0.0138       -941.229
        19         0.0141       -894.955
        19         0.0144       -851.158
        19         0.0147       -809.695
        19          0.015       -770.435
        19         0.0153       -733.261
        19         0.0156       -698.082
        19         0.0159       -664.789
        19         0.0162       -633.274
        19         0.0165       -603.452
        19         0.0168        -575.24
        19         0.0171        -548.56
        19         0.0174       -523.337
        19         0.0177       -499.502
        19          0.018       -476.988
        19         0.0183       -455.745
        19         0.0186       -435.711
        19         0.0189       -416.823
        19         0.0192       -399.042
        19         0.0195       -382.335
        19         0.0198       -366.664
        19         0.0201       -352.018
        19         0.0204       -338.462
        19         0.0207       -325.768
        19          0.021       -313.859
        19         0.0213       -302.696
        19         0.0216       -292.221
        19         0.0219       -282.397
        19         0.0222       -273.188
        19         0.0225       -264.556
        19         0.0228       -256.477
        19         0.0231       -248.927
        19         0.0234        -241.84
        19         0.0237       -235.205
        19          0.024       -228.997
        19         0.0243        -223.19
        19         0.0246        -217.77
        19         0.0249       -212.709
        19         0.0252       -207.989
        19         0.0255         -203.6
        19         0.0258       -199.517
        19         0.0261       -195.725
        19         0.0264        -192.21
        19         0.0267       -188.963
        19          0.027       -185.972
        19         0.0273       -183.226
        19         0.0276       -180.715
        19         0.0279       -178.432
        19         0.0282       -176.378
        19         0.0285       -174.539
        19         0.0288       -172.904
        19         0.0291       -171.476
        19         0.0294       -170.249
        19         0.0297       -169.214
        19           0.03       -168.373
        19         0.0303       -167.724
        19         0.0306        -167.26
        19         0.0309        -166.98
        19         0.0312       -166.885
        20        -0.0315       -158.972
        20        -0.0312       -159.051
        20        -0.0309        -159.29
        20        -0.0306       -159.689
        20        -0.0303       -160.248
        20          -0.03       -160.969
        20        -0.0297       -161.852
        20        -0.0294       -162.903
        20        -0.0291       -164.136
        20        -0.0288       -165.541
        20        -0.0285       -167.122
        20        -0.0282       -168.886
        20        -0.0279       -170.837
        20        -0.0276       -172.983
        20        -0.0273        -175.33
        20         -0.027       -177.886
        20        -0.0267        -180.66
        20        -0.0264       -183.661
        20        -0.0261         -186.9
        20        -0.0258        -190.39
        20        -0.0255       -194.138
        20        -0.0252       -198.159
        20        -0.0249       -202.465
        20        -0.0246       -207.072
        20        -0.0243       -211.994
        20         -0.024       -217.249
        20        -0.0237       -222.857
        20        -0.0234        -228.84
        20        -0.0231       -235.219
        20        -0.0228       -242.017
        20        -0.0225       -249.261
        20        -0.0222       -256.976
        20        -0.0219       -265.192
        20        -0.0216       -273.939
        20        -0.0213       -283.258
        20         -0.021       -293.189
        20        -0.0207        -303.77
        20        -0.0204       -315.036
        20        -0.0201       -327.027
        20        -0.0198       -339.787
        20        -0.0195       -353.472
        20        -0.0192       -368.204
        20        -0.0189       -383.953
        20        -0.0186       -400.748
        20        -0.0183       -418.642
        20         -0.018       -437.677
        20        -0.0177       -457.879
        20        -0.0174       -479.291
        20        -0.0171       -501.975
        20        -0.0168       -525.992
        20        -0.0165        -551.41
        20        -0.0162       -578.298
        20        -0.0159       -606.735
        20        -0.0156       -636.808
        20        -0.0153       -668.605
        20         -0.015       -702.216
        20        -0.0147       -737.732
        20        -0.0144       -775.255
        20        -0.0141       -814.907
        20        -0.0138       -856.815
        20        -0.0135       -901.104
        20        -0.0132        -947.92
        20        -0.0129       -997.429
        20        -0.0126       -1049.81
        20        -0.0123       -1105.25
        20         -0.012       -1163.99
        20        -0.0117       -1226.25
        20        -0.0114       -1292.34
        20        -0.0111       -1362.54
        20        -0.0108       -1437.22
        20        -0.0105       -1516.77
        20        -0.0102       -1601.64
        20        -0.0099       -1692.37
        20        -0.0096       -1789.55
        20        -0.0093       -1893.87
        20         -0.009       -2006.14
        20        -0.0087       -2127.28
        20        -0.0084       -2258.43
        20        -0.0081       -2400.92
        20        -0.0078       -2556.43
        20        -0.0075       -2726.99
        20        -0.0072       -2915.17
        20        -0.0069        -3124.3
        20        -0.0066       -3358.74
        20        -0.0063       -3624.43
        20         -0.006       -3929.85
        20        -0.0057       -4287.99
        20        -0.0054        -4722.1
        20        -0.0051          -5000
        20        -0.0048          -5000
        20        -0.0045          -5000
        20        -0.0042       -4987.59
        20        -0.0039       -4905.88
        20        -0.0036        -4835.4
        20        -0.0033       -4775.88
        20         -0.003       -4726.49
        20        -0.0027       -4685.99
        20        -0.0024       -4653.05
        20        -0.0021       -4626.32
        20        -0.0018       -4604.44
        20        -0.0015       -4586.12
        20        -0.0012       -4570.14
        20        -0.0009       -4555.47
        20        -0.0006       -4541.52
        20        -0.0003       -4528.12
        20              0        -4517.1
        20         0.0003       -4513.04
        20         0.0006       -4519.79
        20         0.0009       -4532.35
        20         0.0012       -4546.11
        20         0.0015       -4560.19
        20         0.0018       -4575.12
        20         0.0021       -4591.74
        20         0.0024       -4611.14
        20         0.0027       -4634.51
        20          0.003       -4663.16
        20         0.0033       -4698.45
        20         0.0036       -4741.73
        20         0.0039       -4794.34
        20         0.0042       -4857.38
        20         0.0045       -4931.47
        20         0.0048          -5000
        20         0.0051          -5000
        20         0.0054          -5000
        20         0.0057          -5000
        20          0.006       -4570.04
        20         0.0063       -4163.92
        20         0.0066       -3824.46
        20         0.0069       -3532.99
        20         0.0072       -3278.26
        20         0.0075        -3052.7
        20         0.0078       -2850.91
        20         0.0081        -2668.9
        20         0.0084       -2503.61
        20         0.0087       -2352.64
        20          0.009       -2214.11
        20         0.0093       -2086.45
        20         0.0096       -1968.41
        20         0.0099       -1858.93
        20         0.0102       -1757.11
        20         0.0105       -1662.19
        20         0.0108       -1573.51
        20         0.0111        -1490.5
        20         0.0114       -1412.67
        20         0.0117       -1339.56
        20          0.012        -1270.8
        20         0.0123       -1206.06
        20         0.0126       -1145.03
        20         0.0129       -1087.46
        20         0.0132        -1033.1
        20         0.0135       -981.734
        20         0.0138        -933.18
        20         0.0141       -887.256
        20         0.0144        -843.81
        20         0.0147       -802.704
        20          0.015       -763.806
        20         0.0153       -727.001
        20         0.0156       -692.174
        20         0.0159       -659.217
        20         0.0162       -628.035
        20         0.0165       -598.543
        20         0.0168        -570.66
        20         0.0171       -544.305
        20         0.0174       -519.407
        20         0.0177       -495.892
        20          0.018       -473.689
        20         0.0183       -452.738
        20         0.0186       -432.992
        20         0.0189       -414.396
        20         0.0192       -396.895
        20         0.0195       -380.482
        20         0.0198       -365.131
        20         0.0201       -350.814
        20         0.0204       -337.563
        20         0.0207       -325.149
        20          0.021       -313.496
        20         0.0213       -302.556
        20         0.0216       -292.301
        20         0.0219        -282.69
        20         0.0222       -273.674
        20         0.0225       -265.228
        20         0.0228       -257.328
        20         0.0231       -249.938
        20         0.0234       -243.022
        20         0.0237       -236.551
        20          0.024       -230.496
        20         0.0243       -224.831
        20         0.0246       -219.536
        20         0.0249       -214.592
        20         0.0252       -209.981
        20         0.0255       -205.689
        20         0.0258       -201.695
        20         0.0261       -197.986
        20         0.0264       -194.549
        20         0.0267        -191.38
        20          0.027       -188.462
        20         0.0273       -185.783
        20         0.0276       -183.345
        20         0.0279       -181.128
        20         0.0282       -179.125
        20         0.0285       -177.332
        20         0.0288        -175.74
        20         0.0291       -174.346
        20         0.0294       -173.145
        20         0.0297       -172.134
        20           0.03       -171.314
        20         0.0303        -170.68
        20         0.0306       -170.225
        20         0.0309       -169.953
        20         0.0312       -169.865
        21        -0.0315       -156.848
        21        -0.0312       -156.928
        21        -0.0309       -157.168
        21        -0.0306       -157.569
        21        -0.0303       -158.132
        21          -0.03       -158.858
        21        -0.0297       -159.756
        21        -0.0294       -160.822
        21        -0.0291        -162.06
        21        -0.0288       -163.473
        21        -0.0285       -165.071
        21        -0.0282       -166.854
        21        -0.0279       -168.828
        21        -0.0276       -170.999
        21        -0.0273       -173.375
        21         -0.027       -175.963
        21        -0.0267       -178.771
        21        -0.0264        -181.81
        21        -0.0261       -185.089
        21        -0.0258       -188.618
        21        -0.0255       -192.411
        21        -0.0252       -196.479
        21        -0.0249       -200.838
        21        -0.0246       -205.502
        21        -0.0243       -210.488
        21         -0.024       -215.812
        21        -0.0237       -221.495
        21        -0.0234       -227.555
        21        -0.0231       -234.012
        21        -0.0228       -240.892
        21        -0.0225       -248.226
        21        -0.0222       -256.046
        21        -0.0219       -264.377
        21        -0.0216       -273.246
        21        -0.0213       -282.691
        21         -0.021       -292.756
        21        -0.0207       -303.468
        21        -0.0204        -314.87
        21        -0.0201           -327
        21        -0.0198       -339.878
        21        -0.0195       -353.689
        21        -0.0192       -368.602
        21        -0.0189       -384.561
        21        -0.0186       -401.594
        21        -0.0183       -419.724
        21         -0.018       -438.979
        21        -0.0177       -459.415
        21        -0.0174        -481.08
        21        -0.0171       -504.026
        21        -0.0168        -528.31
        21        -0.0165       -553.998
        21        -0.0162       -581.161
        21        -0.0159       -609.875
        21        -0.0156       -640.233
        21        -0.0153        -672.31
        21         -0.015       -706.203
        21        -0.0147       -742.003
        21        -0.0144       -779.817
        21        -0.0141        -819.76
        21        -0.0138       -861.948
        21        -0.0135       -906.519
        21        -0.0132       -953.621
        21        -0.0129       -1003.41
        21        -0.0126       -1056.06
        21        -0.0123       -1111.76
        21         -0.012       -1170.74
        21        -0.0117       -1233.25
        21        -0.0114       -1299.55
        21        -0.0111       -1369.97
        21        -0.0108       -1444.85
        21        -0.0105       -1524.58
        21        -0.0102       -1609.61
        21        -0.0099       -1700.47
        21        -0.0096       -1797.75
        21        -0.0093       -1902.13
        21         -0.009       -2014.42
        21        -0.0087       -2135.53
        21        -0.0084       -2266.58
        21        -0.0081       -2408.93
        21        -0.0078       -2564.21
        21        -0.0075       -2734.47
        21        -0.0072       -2922.25
        21        -0.0069       -3130.87
        21        -0.0066       -3364.65
        21        -0.0063       -3629.52
        21         -0.006       -3933.92
        21        -0.0057       -4290.75
        21        -0.0054       -4723.18
        21        -0.0051          -5000
        21        -0.0048          -5000
        21        -0.0045          -5000
        21        -0.0042       -4987.96
        21        -0.0039       -4908.68
        21        -0.0036       -4840.56
        21        -0.0033       -4783.41
        21         -0.003       -4736.47
        21        -0.0027       -4698.62
        21        -0.0024       -4668.59
        21        -0.0021       -4645.16
        21        -0.0018       -4627.13
        21        -0.0015        -4613.5
        21        -0.0012       -4603.34
        21        -0.0009       -4595.64
        21        -0.0006       -4589.73
        21        -0.0003       -4585.67
        21              0       -4583.35
        21         0.0003       -4582.72
        21         0.0006       -4583.85
        21         0.0009       -4586.79
        21         0.0012       -4591.48
        21         0.0015        -4597.8
        21         0.0018       -4606.12
        21         0.0021       -4617.22
        21         0.0024       -4632.08
        21         0.0027       -4651.65
        21          0.003        -4677.1
        21         0.0033       -4709.63
        21         0.0036       -4750.44
        21         0.0039       -4800.73
        21         0.0042       -4861.52
        21         0.0045       -4933.38
        21         0.0048          -5000
        21         0.0051          -5000
        21         0.0054          -5000
        21         0.0057          -5000
        21          0.006       -4571.67
        21         0.0063       -4167.02
        21         0.0066       -3828.71
        21         0.0069       -3538.14
        21         0.0072       -3284.12
        21         0.0075       -3059.11
        21         0.0078       -2857.75
        21         0.0081       -2676.05
        21         0.0084          -2511
        21         0.0087       -2360.19
        21          0.009       -2221.73
        21         0.0093       -2094.09
        21         0.0096          -1976
        21         0.0099        -1866.4
        21         0.0102       -1764.43
        21         0.0105       -1669.33
        21         0.0108       -1580.47
        21         0.0111       -1497.27
        21         0.0114       -1419.22
        21         0.0117       -1345.89
        21          0.012       -1276.89
        21         0.0123        -1211.9
        21         0.0126       -1150.61
        21         0.0129       -1092.76
        21         0.0132       -1038.11
        21         0.0135       -986.454
        21         0.0138       -937.607
        21         0.0141       -891.393
        21         0.0144       -847.661
        21         0.0147       -806.268
        21          0.015       -767.084
        21         0.0153       -729.993
        21         0.0156       -694.892
        21         0.0159       -661.668
        21         0.0162       -630.225
        21         0.0165       -600.474
        21         0.0168       -572.337
        21         0.0171        -545.73
        21         0.0174       -520.578
        21         0.0177       -496.814
        21          0.018       -474.374
        21         0.0183       -453.197
        21         0.0186       -433.233
        21         0.0189       -414.448
        21         0.0192       -396.816
        21         0.0195       -380.283
        21         0.0198       -364.782
        21         0.0201       -350.308
        21         0.0204       -336.951
        21         0.0207       -324.426
        21          0.021       -312.653
        21         0.0213       -301.607
        21         0.0216       -291.243
        21         0.0219        -281.53
        21         0.0222       -272.438
        21         0.0225        -263.92
        21         0.0228       -255.932
        21         0.0231       -248.452
        21         0.0234       -241.445
        21         0.0237       -234.891
        21          0.024       -228.756
        21         0.0243       -223.017
        21         0.0246       -217.653
        21         0.0249       -212.643
        21         0.0252       -207.976
        21         0.0255       -203.632
        21         0.0258       -199.594
        21         0.0261       -195.852
        21         0.0264       -192.386
        21         0.0267       -189.184
        21          0.027       -186.232
        21         0.0273       -183.525
        21         0.0276       -181.054
        21         0.0279       -178.806
        21         0.0282       -176.781
        21         0.0285       -174.968
        21         0.0288       -173.368
        21         0.0291       -171.972
        21         0.0294       -170.771
        21         0.0297       -169.759
        21           0.03       -168.934
        21         0.0303       -168.294
        21         0.0306       -167.836
        21         0.0309       -167.565
        21         0.0312       -167.474
        22        -0.0315       -157.441
        22        -0.0312       -157.525
        22        -0.0309       -157.774
        22        -0.0306       -158.184
        22        -0.0303       -158.756
        22          -0.03       -159.493
        22        -0.0297         -160.4
        22        -0.0294       -161.481
        22        -0.0291       -162.739
        22        -0.0288       -164.174
        22        -0.0285       -165.795
        22        -0.0282       -167.604
        22        -0.0279       -169.609
        22        -0.0276       -171.812
        22        -0.0273        -174.22
        22         -0.027       -176.841
        22        -0.0267       -179.684
        22        -0.0264       -182.759
        22        -0.0261       -186.075
        22        -0.0258       -189.643
        22        -0.0255       -193.474
        22        -0.0252       -197.582
        22        -0.0249        -201.98
        22        -0.0246       -206.682
        22        -0.0243       -211.711
        22         -0.024       -217.086
        22        -0.0237        -222.82
        22        -0.0234       -228.934
        22        -0.0231       -235.453
        22        -0.0228       -242.404
        22        -0.0225       -249.809
        22        -0.0222       -257.694
        22        -0.0219       -266.094
        22        -0.0216       -275.033
        22        -0.0213       -284.544
        22         -0.021       -294.668
        22        -0.0207       -305.439
        22        -0.0204       -316.899
        22        -0.0201       -329.092
        22        -0.0198       -342.059
        22        -0.0195       -355.954
        22        -0.0192       -370.908
        22        -0.0189       -386.898
        22        -0.0186       -403.944
        22        -0.0183       -422.082
        22         -0.018       -441.359
        22        -0.0177       -461.812
        22        -0.0174       -483.489
        22        -0.0171       -506.442
        22        -0.0168       -530.733
        22        -0.0165       -556.431
        22        -0.0162       -583.609
        22        -0.0159       -612.337
        22        -0.0156       -642.692
        22        -0.0153       -674.764
        22         -0.015       -708.642
        22        -0.0147       -744.435
        22        -0.0144       -782.249
        22        -0.0141       -822.187
        22        -0.0138       -864.365
        22        -0.0135       -908.918
        22        -0.0132       -955.998
        22        -0.0129       -1005.77
        22        -0.0126       -1058.39
        22        -0.0123       -1114.08
        22         -0.012       -1173.03
        22        -0.0117       -1235.49
        22        -0.0114       -1301.75
        22        -0.0111        -1372.1
        22        -0.0108       -1446.91
        22        -0.0105       -1526.56
        22        -0.0102        -1611.5
        22        -0.0099       -1702.27
        22        -0.0096       -1799.47
        22        -0.0093       -1903.77
        22         -0.009       -2015.97
        22        -0.0087       -2137.01
        22        -0.0084       -2267.98
        22        -0.0081       -2410.24
        22        -0.0078       -2565.43
        22        -0.0075       -2735.58
        22        -0.0072       -2923.26
        22        -0.0069       -3131.75
        22        -0.0066       -3365.41
        22        -0.0063       -3630.14
        22         -0.006       -3934.38
        22        -0.0057       -4291.05
        22        -0.0054        -4723.3
        22        -0.0051          -5000
        22        -0.0048          -5000
        22        -0.0045          -5000
        22        -0.0042       -4987.92
        22        -0.0039       -4908.37
        22        -0.0036          -4840
        22        -0.0033       -4782.58
        22         -0.003       -4735.35
        22        -0.0027       -4697.13
        22        -0.0024       -4666.63
        22        -0.0021       -4642.57
        22        -0.0018       -4623.73
        22        -0.0015       -4608.88
        22        -0.0012       -4596.88
        22        -0.0009       -4586.91
        22        -0.0006        -4578.6
        22        -0.0003       -4571.68
        22              0       -4567.01
        22         0.0003        -4567.1
        22         0.0006       -4571.61
        22         0.0009       -4578.27
        22         0.0012       -4585.89
        22         0.0015       -4594.33
        22         0.0018       -4604.18
        22         0.0021       -4616.34
        22         0.0024       -4631.88
        22         0.0027       -4651.89
        22          0.003       -4677.56
        22         0.0033       -4710.15
        22         0.0036       -4750.93
        22         0.0039       -4801.14
        22         0.0042        -4861.8
        22         0.0045       -4933.51
        22         0.0048          -5000
        22         0.0051          -5000
        22         0.0054          -5000
        22         0.0057          -5000
        22          0.006       -4572.05
        22         0.0063       -4167.75
        22         0.0066       -3829.72
        22         0.0069       -3539.39
        22         0.0072       -3285.57
        22         0.0075       -3060.74
        22         0.0078       -2859.53
        22         0.0081       -2677.97
        22         0.0084       -2513.03
        22         0.0087       -2362.34
        22          0.009       -2223.98
        22         0.0093       -2096.43
        22         0.0096       -1978.42
        22         0.0099       -1868.91
        22         0.0102       -1767.03
        22         0.0105       -1672.02
        22         0.0108       -1583.22
        22         0.0111       -1500.08
        22         0.0114       -1422.08
        22         0.0117       -1348.79
        22          0.012       -1279.84
        22         0.0123       -1214.87
        22         0.0126        -1153.6
        22         0.0129       -1095.76
        22         0.0132       -1041.12
        22         0.0135       -989.459
        22         0.0138       -940.602
        22         0.0141       -894.378
        22         0.0144       -850.634
        22         0.0147       -809.226
        22          0.015       -770.022
        22         0.0153       -732.906
        22         0.0156       -697.774
        22         0.0159       -664.529
        22         0.0162       -633.072
        22         0.0165       -603.305
        22         0.0168       -575.141
        22         0.0171       -548.507
        22         0.0174       -523.334
        22         0.0177       -499.554
        22          0.018       -477.101
        22         0.0183       -455.908
        22         0.0186        -435.92
        22         0.0189       -417.086
        22         0.0192       -399.368
        22         0.0195       -382.731
        22         0.0198       -367.129
        22         0.0201       -352.559
        22         0.0204       -339.118
        22         0.0207       -326.519
        22          0.021       -314.676
        22         0.0213        -303.56
        22         0.0216       -293.136
        22         0.0219       -283.372
        22         0.0222       -274.227
        22         0.0225       -265.657
        22         0.0228        -257.62
        22         0.0231       -250.086
        22         0.0234       -243.026
        22         0.0237       -236.418
        22          0.024       -230.236
        22         0.0243        -224.46
        22         0.0246       -219.062
        22         0.0249        -214.02
        22         0.0252       -209.319
        22         0.0255       -204.941
        22         0.0258        -200.87
        22         0.0261       -197.093
        22         0.0264       -193.594
        22         0.0267       -190.363
        22          0.027       -187.388
        22         0.0273       -184.659
        22         0.0276       -182.166
        22         0.0279       -179.901
        22         0.0282       -177.858
        22         0.0285       -176.029
        22         0.0288       -174.409
        22         0.0291       -172.992
        22         0.0294       -171.773
        22         0.0297       -170.751
        22           0.03        -169.92
        22         0.0303       -169.276
        22         0.0306       -168.817
        22         0.0309       -168.543
        22         0.0312       -168.451
        23        -0.0315       -158.789
        23        -0.0312       -158.867
        23        -0.0309       -159.103
        23        -0.0306       -159.495
        23        -0.0303       -160.048
        23          -0.03        -160.76
        23        -0.0297       -161.635
        23        -0.0294       -162.676
        23        -0.0291       -163.884
        23        -0.0288       -165.265
        23        -0.0285       -166.823
        23        -0.0282       -168.564
        23        -0.0279       -170.493
        23        -0.0276       -172.615
        23        -0.0273       -174.936
        23         -0.027       -177.466
        23        -0.0267       -180.211
        23        -0.0264       -183.182
        23        -0.0261       -186.389
        23        -0.0258       -189.844
        23        -0.0255       -193.558
        23        -0.0252       -197.542
        23        -0.0249       -201.812
        23        -0.0246       -206.381
        23        -0.0243       -211.265
        23         -0.024       -216.483
        23        -0.0237       -222.053
        23        -0.0234       -227.996
        23        -0.0231       -234.336
        23        -0.0228       -241.096
        23        -0.0225         -248.3
        23        -0.0222       -255.985
        23        -0.0219       -264.173
        23        -0.0216       -272.891
        23        -0.0213       -282.178
        23         -0.021       -292.074
        23        -0.0207       -302.607
        23        -0.0204       -313.821
        23        -0.0201       -325.765
        23        -0.0198       -338.464
        23        -0.0195       -352.091
        23        -0.0192       -366.781
        23        -0.0189       -382.475
        23        -0.0186       -399.211
        23        -0.0183       -417.048
        23         -0.018       -436.013
        23        -0.0177       -456.138
        23        -0.0174        -477.48
        23        -0.0171       -500.104
        23        -0.0168       -524.065
        23        -0.0165       -549.435
        23        -0.0162        -576.28
        23        -0.0159       -604.673
        23        -0.0156       -634.698
        23        -0.0153       -666.443
        23         -0.015       -699.994
        23        -0.0147       -735.455
        23        -0.0144       -772.934
        23        -0.0141        -812.54
        23        -0.0138       -854.393
        23        -0.0135       -898.634
        23        -0.0132       -945.416
        23        -0.0129       -994.894
        23        -0.0126       -1047.24
        23        -0.0123       -1102.66
        23         -0.012       -1161.36
        23        -0.0117       -1223.61
        23        -0.0114       -1289.67
        23        -0.0111       -1359.86
        23        -0.0108       -1434.53
        23        -0.0105       -1514.07
        23        -0.0102       -1598.96
        23        -0.0099       -1689.72
        23        -0.0096       -1786.95
        23        -0.0093       -1891.33
        23         -0.009       -2003.66
        23        -0.0087       -2124.88
        23        -0.0084       -2256.11
        23        -0.0081        -2398.7
        23        -0.0078       -2554.32
        23        -0.0075       -2725.02
        23        -0.0072       -2913.36
        23        -0.0069       -3122.67
        23        -0.0066       -3357.32
        23        -0.0063       -3623.25
        23         -0.006       -3928.95
        23        -0.0057       -4287.41
        23        -0.0054       -4721.88
        23        -0.0051          -5000
        23        -0.0048          -5000
        23        -0.0045          -5000
        23        -0.0042       -4987.54
        23        -0.0039        -4905.5
        23        -0.0036       -4834.68
        23        -0.0033       -4774.81
        23         -0.003       -4725.05
        23        -0.0027        -4684.2
        23        -0.0024       -4650.95
        23        -0.0021       -4623.95
        23        -0.0018       -4601.84
        23        -0.0015       -4583.39
        23        -0.0012       -4567.32
        23        -0.0009       -4552.57
        23        -0.0006       -4538.72
        23        -0.0003       -4525.89
        23              0       -4515.27
        23         0.0003       -4510.73
        23         0.0006       -4515.69
        23         0.0009       -4526.26
        23         0.0012       -4539.32
        23         0.0015       -4553.62
        23         0.0018       -4569.12
        23         0.0021       -4586.43
        23         0.0024       -4606.47
        23         0.0027       -4630.44
        23          0.003        -4659.7
        23         0.0033       -4695.59
        23         0.0036       -4739.48
        23         0.0039       -4792.68
        23         0.0042       -4856.31
        23         0.0045       -4930.98
        23         0.0048          -5000
        23         0.0051          -5000
        23         0.0054          -5000
        23         0.0057          -5000
        23          0.006       -4569.44
        23         0.0063       -4162.77
        23         0.0066       -3822.88
        23         0.0069       -3531.05
        23         0.0072       -3276.02
        23         0.0075       -3050.21
        23         0.0078       -2848.22
        23         0.0081       -2666.04
        23         0.0084        -2500.6
        23         0.0087       -2349.52
        23          0.009       -2210.89
        23         0.0093       -2083.14
        23         0.0096       -1965.03
        23         0.0099       -1855.48
        23         0.0102       -1753.61
        23         0.0105       -1658.65
        23         0.0108       -1569.95
        23         0.0111       -1486.94
        23         0.0114       -1409.11
        23         0.0117       -1336.02
        23          0.012       -1267.28
        23         0.0123       -1202.56
        23         0.0126       -1141.58
        23         0.0129       -1084.04
        23         0.0132       -1029.72
        23         0.0135       -978.386
        23         0.0138       -929.864
        23         0.0141       -883.988
        23         0.0144       -840.601
        23         0.0147       -799.556
        23          0.015       -760.722
        23         0.0153       -723.974
        23         0.0156       -689.204
        23         0.0159       -656.316
        23         0.0162       -625.215
        23         0.0165       -595.807
        23         0.0168       -568.003
        23         0.0171       -541.727
        23         0.0174       -516.913
        23         0.0177       -493.481
        23          0.018       -471.367
        23         0.0183       -450.505
        23         0.0186        -430.84
        23         0.0189       -412.316
        23         0.0192       -394.893
        23         0.0195       -378.552
        23         0.0198       -363.254
        23         0.0201       -348.975
        23         0.0204       -335.766
        23         0.0207       -323.392
        23          0.021       -311.779
        23         0.0213       -300.884
        23         0.0216        -290.67
        23         0.0219       -281.098
        23         0.0222       -272.145
        23         0.0225       -263.762
        23         0.0228       -255.912
        23         0.0231       -248.561
        23         0.0234       -241.679
        23         0.0237       -235.234
        23          0.024       -229.208
        23         0.0243       -223.574
        23         0.0246       -218.312
        23         0.0249       -213.399
        23         0.0252       -208.823
        23         0.0255       -204.569
        23         0.0258       -200.614
        23         0.0261       -196.945
        23         0.0264       -193.547
        23         0.0267       -190.409
        23          0.027       -187.521
        23         0.0273       -184.879
        23         0.0276       -182.469
        23         0.0279       -180.281
        23         0.0282       -178.307
        23         0.0285       -176.541
        23         0.0288       -174.975
        23         0.0291       -173.607
        23         0.0294       -172.431
        23         0.0297       -171.444
        23           0.03       -170.639
        23         0.0303       -170.013
        23         0.0306       -169.572
        23         0.0309       -169.309
        23         0.0312        -169.22
        24        -0.0315       -155.063
        24        -0.0312       -155.141
        24        -0.0309       -155.375
        24        -0.0306       -155.766
        24        -0.0303       -156.317
        24          -0.03       -157.032
        24        -0.0297       -157.914
        24        -0.0294        -158.96
        24        -0.0291       -160.175
        24        -0.0288       -161.562
        24        -0.0285       -163.125
        24        -0.0282       -164.871
        24        -0.0279       -166.803
        24        -0.0276       -168.929
        24        -0.0273       -171.257
        24         -0.027       -173.794
        24        -0.0267       -176.551
        24        -0.0264       -179.535
        24        -0.0261       -182.755
        24        -0.0258       -186.222
        24        -0.0255       -189.947
        24        -0.0252       -193.945
        24        -0.0249       -198.227
        24        -0.0246       -202.811
        24        -0.0243       -207.714
        24         -0.024       -212.959
        24        -0.0237       -218.559
        24        -0.0234       -224.533
        24        -0.0231       -230.908
        24        -0.0228       -237.702
        24        -0.0225       -244.946
        24        -0.0222       -252.668
        24        -0.0219       -260.895
        24        -0.0216       -269.662
        24        -0.0213       -278.999
        24         -0.021       -288.938
        24        -0.0207       -299.521
        24        -0.0204       -310.784
        24        -0.0201       -322.768
        24        -0.0198       -335.518
        24        -0.0195       -349.168
        24        -0.0192       -363.848
        24        -0.0189       -379.571
        24        -0.0186       -396.372
        24        -0.0183       -414.274
        24         -0.018       -433.314
        24        -0.0177       -453.534
        24        -0.0174       -474.972
        24        -0.0171       -497.681
        24        -0.0168       -521.727
        24        -0.0165       -547.179
        24        -0.0162       -574.107
        24        -0.0159       -602.586
        24        -0.0156       -632.697
        24        -0.0153       -664.529
        24         -0.015       -698.171
        24        -0.0147       -733.721
        24        -0.0144       -771.287
        24        -0.0141       -810.979
        24        -0.0138       -852.922
        24        -0.0135       -897.252
        24        -0.0132       -944.126
        24        -0.0129       -993.705
        24        -0.0126       -1046.16
        24        -0.0123       -1101.69
        24         -0.012       -1160.51
        24        -0.0117       -1222.86
        24        -0.0114       -1289.01
        24        -0.0111       -1359.28
        24        -0.0108       -1434.04
        24        -0.0105       -1513.69
        24        -0.0102       -1598.68
        24        -0.0099       -1689.52
        24        -0.0096       -1786.82
        24        -0.0093       -1891.28
        24         -0.009       -2003.69
        24        -0.0087       -2124.98
        24        -0.0084       -2256.28
        24        -0.0081       -2398.94
        24        -0.0078       -2554.62
        24        -0.0075       -2725.36
        24        -0.0072       -2913.73
        24        -0.0069       -3123.05
        24        -0.0066       -3357.67
        24        -0.0063       -3623.56
        24         -0.006       -3929.19
        24        -0.0057       -4287.55
        24        -0.0054       -4721.92
        24        -0.0051          -5000
        24        -0.0048          -5000
        24        -0.0045          -5000
        24        -0.0042       -4987.67
        24        -0.0039       -4906.44
        24        -0.0036       -4836.44
        24        -0.0033       -4777.41
        24         -0.003       -4728.57
        24        -0.0027       -4688.74
        24        -0.0024       -4656.59
        24        -0.0021       -4630.82
        24        -0.0018       -4610.18
        24        -0.0015       -4593.45
        24        -0.0012       -4579.54
        24        -0.0009       -4567.59
        24        -0.0006       -4557.06
        24        -0.0003       -4548.04
        24              0       -4541.71
        24         0.0003       -4541.01
        24         0.0006       -4546.54
        24         0.0009       -4554.75
        24         0.0012       -4564.02
        24         0.0015       -4574.33
        24         0.0018       -4586.16
        24         0.0021       -4600.28
        24         0.0024       -4617.68
        24         0.0027       -4639.54
        24          0.003       -4667.06
        24         0.0033       -4701.45
        24         0.0036       -4744.01
        24         0.0039       -4795.98
        24         0.0042       -4858.43
        24         0.0045       -4931.95
        24         0.0048          -5000
        24         0.0051          -5000
        24         0.0054          -5000
        24         0.0057          -5000
        24          0.006       -4570.01
        24         0.0063       -4163.81
        24         0.0066       -3824.24
        24         0.0069       -3532.64
        24         0.0072       -3277.76
        24         0.0075       -3052.04
        24         0.0078        -2850.1
        24         0.0081       -2667.93
        24         0.0084       -2502.48
        24         0.0087       -2351.37
        24          0.009       -2212.67
        24         0.0093       -2084.85
        24         0.0096       -1966.62
        24         0.0099       -1856.94
        24         0.0102       -1754.91
        24         0.0105       -1659.79
        24         0.0108       -1570.93
        24         0.0111       -1487.76
        24         0.0114       -1409.77
        24         0.0117       -1336.52
        24          0.012       -1267.63
        24         0.0123       -1202.77
        24         0.0126       -1141.63
        24         0.0129       -1083.94
        24         0.0132       -1029.46
        24         0.0135       -977.978
        24         0.0138        -929.32
        24         0.0141       -883.308
        24         0.0144       -839.784
        24         0.0147       -798.607
        24          0.015        -759.65
        24         0.0153       -722.794
        24         0.0156       -687.919
        24         0.0159       -654.926
        24         0.0162       -623.715
        24         0.0165       -594.194
        24         0.0168       -566.279
        24         0.0171       -539.891
        24         0.0174       -514.954
        24         0.0177       -491.403
        24          0.018       -469.168
        24         0.0183       -448.191
        24         0.0186       -428.433
        24         0.0189       -409.854
        24         0.0192       -392.398
        24         0.0195       -376.015
        24         0.0198       -360.679
        24         0.0201       -346.365
        24         0.0204       -333.114
        24         0.0207       -320.712
        24          0.021       -309.073
        24         0.0213       -298.154
        24         0.0216       -287.922
        24         0.0219       -278.328
        24         0.0222       -269.326
        24         0.0225       -260.891
        24         0.0228       -252.998
        24         0.0231       -245.602
        24         0.0234       -238.679
        24         0.0237       -232.199
        24          0.024       -226.138
        24         0.0243       -220.472
        24         0.0246       -215.182
        24         0.0249       -210.251
        24         0.0252        -205.65
        24         0.0255       -201.371
        24         0.0258       -197.394
        24         0.0261       -193.702
        24         0.0264       -190.284
        24         0.0267       -187.134
        24          0.027       -184.235
        24         0.0273       -181.574
        24         0.0276       -179.143
        24         0.0279       -176.936
        24         0.0282       -174.944
        24         0.0285        -173.16
        24         0.0288       -171.578
        24         0.0291         -170.2
        24         0.0294       -169.019
        24         0.0297       -168.028
        24           0.03       -167.222
        24         0.0303       -166.597
        24         0.0306       -166.151
        24         0.0309       -165.883
        24         0.0312       -165.794
        25        -0.0315       -155.329
        25        -0.0312       -155.409
        25        -0.0309       -155.649
        25        -0.0306        -156.05
        25        -0.0303       -156.611
        25          -0.03       -157.338
        25        -0.0297       -158.231
        25        -0.0294       -159.292
        25        -0.0291       -160.524
        25        -0.0288        -161.93
        25        -0.0285       -163.515
        25        -0.0282       -165.283
        25        -0.0279        -167.24
        25        -0.0276       -169.392
        25        -0.0273       -171.746
        25         -0.027        -174.31
        25        -0.0267       -177.091
        25        -0.0264       -180.099
        25        -0.0261       -183.343
        25        -0.0258       -186.835
        25        -0.0255       -190.584
        25        -0.0252       -194.606
        25        -0.0249        -198.92
        25        -0.0246       -203.538
        25        -0.0243       -208.472
        25         -0.024        -213.74
        25        -0.0237       -219.361
        25        -0.0234       -225.357
        25        -0.0231        -231.75
        25        -0.0228        -238.56
        25        -0.0225       -245.814
        25        -0.0222        -253.54
        25        -0.0219       -261.768
        25        -0.0216       -270.534
        25        -0.0213       -279.868
        25         -0.021       -289.808
        25        -0.0207       -300.387
        25        -0.0204       -311.653
        25        -0.0201       -323.632
        25        -0.0198       -336.353
        25        -0.0195       -349.994
        25        -0.0192       -364.703
        25        -0.0189       -380.417
        25        -0.0186       -397.167
        25        -0.0183        -415.01
        25         -0.018       -433.985
        25        -0.0177       -454.126
        25        -0.0174       -475.486
        25        -0.0171       -498.125
        25        -0.0168       -522.103
        25        -0.0165        -547.49
        25        -0.0162       -574.359
        25        -0.0159       -602.782
        25        -0.0156       -632.839
        25        -0.0153       -664.623
        25         -0.015       -698.216
        25        -0.0147        -733.72
        25        -0.0144        -771.24
        25        -0.0141       -810.887
        25        -0.0138       -852.785
        25        -0.0135       -897.072
        25        -0.0132       -943.893
        25        -0.0129       -993.415
        25        -0.0126       -1045.82
        25        -0.0123        -1101.3
        25         -0.012       -1160.07
        25        -0.0117       -1222.38
        25        -0.0114       -1288.51
        25        -0.0111       -1358.78
        25        -0.0108       -1433.52
        25        -0.0105       -1513.15
        25        -0.0102       -1598.11
        25        -0.0099       -1688.95
        25        -0.0096       -1786.25
        25        -0.0093       -1890.71
        25         -0.009       -2003.12
        25        -0.0087       -2124.43
        25        -0.0084       -2255.73
        25        -0.0081       -2398.39
        25        -0.0078       -2554.06
        25        -0.0075        -2724.8
        25        -0.0072       -2913.19
        25        -0.0069       -3122.53
        25        -0.0066       -3357.19
        25        -0.0063       -3623.13
        25         -0.006       -3928.84
        25        -0.0057       -4287.31
        25        -0.0054       -4721.82
        25        -0.0051          -5000
        25        -0.0048          -5000
        25        -0.0045          -5000
        25        -0.0042       -4987.62
        25        -0.0039       -4906.07
        25        -0.0036       -4835.78
        25        -0.0033       -4776.49
        25         -0.003        -4727.4
        25        -0.0027        -4687.3
        25        -0.0024       -4654.93
        25        -0.0021       -4629.02
        25        -0.0018        -4608.4
        25        -0.0015          -4592
        25        -0.0012       -4578.94
        25        -0.0009       -4568.46
        25        -0.0006       -4560.11
        25        -0.0003       -4553.94
        25              0       -4550.16
        25         0.0003       -4549.63
        25         0.0006       -4552.85
        25         0.0009          -4559
        25         0.0012       -4567.06
        25         0.0015       -4576.67
        25         0.0018       -4588.06
        25         0.0021        -4601.9
        25         0.0024       -4619.15
        25         0.0027       -4640.85
        25          0.003       -4668.17
        25         0.0033       -4702.35
        25         0.0036       -4744.69
        25         0.0039       -4796.48
        25         0.0042       -4858.76
        25         0.0045       -4932.11
        25         0.0048          -5000
        25         0.0051          -5000
        25         0.0054          -5000
        25         0.0057          -5000
        25          0.006       -4570.24
        25         0.0063       -4164.22
        25         0.0066       -3824.77
        25         0.0069       -3533.26
        25         0.0072       -3278.45
        25         0.0075       -3052.78
        25         0.0078       -2850.87
        25         0.0081       -2668.72
        25         0.0084       -2503.29
        25         0.0087       -2352.19
        25          0.009        -2213.5
        25         0.0093       -2085.69
        25         0.0096       -1967.47
        25         0.0099       -1857.81
        25         0.0102       -1755.82
        25         0.0105       -1660.75
        25         0.0108       -1571.93
        25         0.0111       -1488.78
        25         0.0114       -1410.81
        25         0.0117       -1337.58
        25          0.012       -1268.72
        25         0.0123       -1203.87
        25         0.0126       -1142.75
        25         0.0129       -1085.09
        25         0.0132       -1030.64
        25         0.0135       -979.205
        25         0.0138       -930.589
        25         0.0141       -884.612
        25         0.0144       -841.116
        25         0.0147       -799.963
        25          0.015       -761.023
        25         0.0153       -724.177
        25         0.0156       -689.318
        25         0.0159       -656.337
        25         0.0162       -625.132
        25         0.0165       -595.615
        25         0.0168       -567.703
        25         0.0171        -541.32
        25         0.0174       -516.392
        25         0.0177       -492.851
        25          0.018        -470.63
        25         0.0183       -449.666
        25         0.0186       -429.901
        25         0.0189       -411.281
        25         0.0192       -393.775
        25         0.0195       -377.352
        25         0.0198       -361.973
        25         0.0201        -347.62
        25         0.0204       -334.314
        25         0.0207       -321.837
        25          0.021       -310.115
        25         0.0213       -299.131
        25         0.0216       -288.848
        25         0.0219       -279.232
        25         0.0222       -270.231
        25         0.0225       -261.797
        25         0.0228        -253.91
        25         0.0231       -246.524
        25         0.0234         -239.6
        25         0.0237       -233.121
        25          0.024       -227.053
        25         0.0243       -221.373
        25         0.0246       -216.065
        25         0.0249       -211.107
        25         0.0252       -206.478
        25         0.0255       -202.167
        25         0.0258       -198.163
        25         0.0261       -194.443
        25         0.0264       -190.994
        25         0.0267       -187.806
        25          0.027       -184.871
        25         0.0273       -182.178
        25         0.0276       -179.717
        25         0.0279        -177.48
        25         0.0282       -175.468
        25         0.0285       -173.673
        25         0.0288       -172.081
        25         0.0291        -170.69
        25         0.0294        -169.49
        25         0.0297       -168.477
        25           0.03       -167.657
        25         0.0303       -167.021
        25         0.0306       -166.566
        25         0.0309         -166.3
        25         0.0312       -166.211
        26        -0.0315       -156.215
        26        -0.0312       -156.295
        26        -0.0309       -156.536
        26        -0.0306       -156.939
        26        -0.0303       -157.505
        26          -0.03       -158.236
        26        -0.0297       -159.134
        26        -0.0294         -160.2
        26        -0.0291       -161.438
        26        -0.0288       -162.852
        26        -0.0285       -164.445
        26        -0.0282       -166.229
        26        -0.0279       -168.204
        26        -0.0276       -170.375
        26        -0.0273       -172.749
        26         -0.027       -175.333
        26        -0.0267       -178.134
        26        -0.0264       -181.172
        26        -0.0261       -184.447
        26        -0.0258       -187.969
        26        -0.0255       -191.751
        26        -0.0252       -195.806
        26        -0.0249       -200.148
        26        -0.0246       -204.793
        26        -0.0243       -209.758
        26         -0.024       -215.058
        26        -0.0237       -220.711
        26        -0.0234       -226.742
        26        -0.0231       -233.171
        26        -0.0228       -240.024
        26        -0.0225       -247.319
        26        -0.0222       -255.082
        26        -0.0219       -263.348
        26        -0.0216       -272.159
        26        -0.0213       -281.545
        26         -0.021       -291.532
        26        -0.0207       -302.157
        26        -0.0204       -313.478
        26        -0.0201       -325.522
        26        -0.0198       -338.324
        26        -0.0195       -352.037
        26        -0.0192       -366.782
        26        -0.0189       -382.541
        26        -0.0186       -399.342
        26        -0.0183       -417.227
        26         -0.018       -436.231
        26        -0.0177       -456.402
        26        -0.0174       -477.795
        26        -0.0171       -500.468
        26        -0.0168       -524.485
        26        -0.0165       -549.904
        26        -0.0162       -576.799
        26        -0.0159       -605.244
        26        -0.0156       -635.321
        26        -0.0153       -667.116
        26         -0.015        -700.71
        26        -0.0147       -736.213
        26        -0.0144       -773.735
        26        -0.0141       -813.391
        26        -0.0138       -855.302
        26        -0.0135       -899.599
        26        -0.0132       -946.423
        26        -0.0129       -995.944
        26        -0.0126       -1048.34
        26        -0.0123       -1103.81
        26         -0.012       -1162.58
        26        -0.0117       -1224.87
        26        -0.0114       -1290.98
        26        -0.0111       -1361.22
        26        -0.0108       -1435.93
        26        -0.0105       -1515.52
        26        -0.0102       -1600.45
        26        -0.0099       -1691.26
        26        -0.0096       -1788.56
        26        -0.0093       -1893.02
        26         -0.009       -2005.41
        26        -0.0087       -2126.66
        26        -0.0084       -2257.89
        26        -0.0081       -2400.47
        26        -0.0078       -2556.06
        26        -0.0075        -2726.7
        26        -0.0072       -2914.96
        26        -0.0069       -3124.17
        26        -0.0066       -3358.68
        26        -0.0063       -3624.44
        26         -0.006       -3929.92
        26        -0.0057       -4288.08
        26        -0.0054       -4722.14
        26        -0.0051          -5000
        26        -0.0048          -5000
        26        -0.0045          -5000
        26        -0.0042       -4987.58
        26        -0.0039       -4905.82
        26        -0.0036       -4835.24
        26        -0.0033        -4775.6
        26         -0.003       -4726.07
        26        -0.0027       -4685.48
        26        -0.0024       -4652.46
        26        -0.0021       -4625.65
        26        -0.0018       -4603.71
        26        -0.0015       -4585.34
        26        -0.0012       -4569.31
        26        -0.0009       -4554.41
        26        -0.0006       -4539.76
        26        -0.0003       -4525.29
        26              0       -4512.68
        26         0.0003       -4508.48
        26         0.0006       -4516.69
        26         0.0009       -4530.46
        26         0.0012       -4544.96
        26         0.0015       -4559.47
        26         0.0018       -4574.58
        26         0.0021       -4591.25
        26         0.0024       -4610.65
        26         0.0027       -4634.03
        26          0.003       -4662.73
        26         0.0033       -4698.07
        26         0.0036       -4741.43
        26         0.0039       -4794.13
        26         0.0042       -4857.24
        26         0.0045       -4931.41
        26         0.0048          -5000
        26         0.0051          -5000
        26         0.0054          -5000
        26         0.0057          -5000
        26          0.006       -4569.94
        26         0.0063       -4163.71
        26         0.0066       -3824.13
        26         0.0069       -3532.53
        26         0.0072       -3277.66
        26         0.0075       -3051.97
        26         0.0078       -2850.05
        26         0.0081       -2667.91
        26         0.0084        -2502.5
        26         0.0087       -2351.44
        26          0.009       -2212.82
        26         0.0093       -2085.11
        26         0.0096       -1967.03
        26         0.0099        -1857.5
        26         0.0102       -1755.64
        26         0.0105       -1660.68
        26         0.0108       -1571.97
        26         0.0111       -1488.94
        26         0.0114       -1411.08
        26         0.0117       -1337.97
        26          0.012       -1269.22
        26         0.0123       -1204.49
        26         0.0126       -1143.47
        26         0.0129        -1085.9
        26         0.0132       -1031.54
        26         0.0135       -980.178
        26         0.0138       -931.627
        26         0.0141       -885.712
        26         0.0144        -842.28
        26         0.0147       -801.196
        26          0.015       -762.323
        26         0.0153       -725.537
        26         0.0156       -690.728
        26         0.0159       -657.793
        26         0.0162       -626.635
        26         0.0165       -597.167
        26         0.0168       -569.315
        26         0.0171       -542.985
        26         0.0174       -518.103
        26         0.0177       -494.601
        26          0.018       -472.416
        26         0.0183       -451.487
        26         0.0186       -431.759
        26         0.0189       -413.179
        26         0.0192       -395.691
        26         0.0195       -379.255
        26         0.0198       -363.859
        26         0.0201       -349.482
        26         0.0204       -336.132
        26         0.0207       -323.623
        26          0.021       -311.866
        26         0.0213       -300.821
        26         0.0216       -290.487
        26         0.0219       -280.804
        26         0.0222        -271.75
        26         0.0225       -263.277
        26         0.0228       -255.321
        26         0.0231       -247.864
        26         0.0234       -240.875
        26         0.0237       -234.325
        26          0.024       -228.188
        26         0.0243       -222.457
        26         0.0246       -217.098
        26         0.0249       -212.094
        26         0.0252       -207.424
        26         0.0255       -203.071
        26         0.0258       -199.021
        26         0.0261       -195.262
        26         0.0264       -191.781
        26         0.0267       -188.565
        26          0.027       -185.604
        26         0.0273       -182.886
        26         0.0276       -180.402
        26         0.0279       -178.145
        26         0.0282        -176.11
        26         0.0285       -174.288
        26         0.0288       -172.674
        26         0.0291       -171.261
        26         0.0294       -170.047
        26         0.0297       -169.028
        26           0.03       -168.201
        26         0.0303       -167.562
        26         0.0306       -167.105
        26         0.0309       -166.833
        26         0.0312       -166.742
        27        -0.0315       -155.529
        27        -0.0312       -155.608
        27        -0.0309       -155.842
        27        -0.0306       -156.233
        27        -0.0303       -156.782
        27          -0.03       -157.489
        27        -0.0297        -158.36
        27        -0.0294       -159.397
        27        -0.0291       -160.605
        27        -0.0288       -161.987
        27        -0.0285       -163.545
        27        -0.0282       -165.287
        27        -0.0279       -167.216
        27        -0.0276       -169.338
        27        -0.0273        -171.66
        27         -0.027       -174.191
        27        -0.0267       -176.939
        27        -0.0264       -179.913
        27        -0.0261       -183.123
        27        -0.0258       -186.577
        27        -0.0255       -190.288
        27        -0.0252        -194.27
        27        -0.0249        -198.54
        27        -0.0246       -203.111
        27        -0.0243       -207.994
        27         -0.024       -213.205
        27        -0.0237        -218.77
        27        -0.0234       -224.707
        27        -0.0231       -231.042
        27        -0.0228       -237.799
        27        -0.0225       -244.996
        27        -0.0222       -252.672
        27        -0.0219       -260.856
        27        -0.0216       -269.564
        27        -0.0213       -278.832
        27         -0.021       -288.703
        27        -0.0207       -299.225
        27        -0.0204       -310.443
        27        -0.0201       -322.387
        27        -0.0198       -335.093
        27        -0.0195       -348.712
        27        -0.0192       -363.399
        27        -0.0189       -379.141
        27        -0.0186       -395.958
        27        -0.0183       -413.876
        27         -0.018       -432.907
        27        -0.0177       -453.092
        27        -0.0174       -474.486
        27        -0.0171        -497.15
        27        -0.0168        -521.15
        27        -0.0165       -546.553
        27        -0.0162       -573.421
        27        -0.0159        -601.83
        27        -0.0156       -631.869
        27        -0.0153       -663.626
        27         -0.015       -697.196
        27        -0.0147       -732.677
        27        -0.0144       -770.174
        27        -0.0141       -809.796
        27        -0.0138       -851.664
        27        -0.0135       -895.923
        27        -0.0132       -942.716
        27        -0.0129       -992.202
        27        -0.0126       -1044.56
        27        -0.0123       -1099.98
        27         -0.012        -1158.7
        27        -0.0117       -1220.96
        27        -0.0114       -1287.03
        27        -0.0111       -1357.24
        27        -0.0108       -1431.92
        27        -0.0105       -1511.48
        27        -0.0102       -1596.38
        27        -0.0099       -1687.15
        27        -0.0096        -1784.4
        27        -0.0093        -1888.8
        27         -0.009       -2001.15
        27        -0.0087       -2122.41
        27        -0.0084       -2253.69
        27        -0.0081       -2396.36
        27        -0.0078       -2552.07
        27        -0.0075       -2722.88
        27        -0.0072       -2911.36
        27        -0.0069       -3120.83
        27        -0.0066       -3355.66
        27        -0.0063       -3621.81
        27         -0.006       -3927.78
        27        -0.0057       -4286.59
        27        -0.0054       -4721.53
        27        -0.0051          -5000
        27        -0.0048          -5000
        27        -0.0045          -5000
        27        -0.0042       -4987.52
        27        -0.0039       -4905.34
        27        -0.0036       -4834.42
        27        -0.0033       -4774.47
        27         -0.003       -4724.69
        27        -0.0027       -4683.86
        27        -0.0024       -4650.68
        27        -0.0021       -4623.86
        27        -0.0018       -4602.17
        27        -0.0015       -4584.41
        27        -0.0012       -4569.57
        27        -0.0009       -4556.86
        27        -0.0006       -4545.93
        27        -0.0003       -4536.94
        27              0       -4530.77
        27         0.0003       -4530.19
        27         0.0006       -4535.69
        27         0.0009       -4544.01
        27         0.0012       -4553.97
        27         0.0015       -4565.18
        27         0.0018       -4577.91
        27         0.0021       -4592.95
        27         0.0024       -4611.28
        27         0.0027       -4634.03
        27          0.003        -4662.4
        27         0.0033       -4697.61
        27         0.0036       -4740.96
        27         0.0039       -4793.71
        27         0.0042       -4856.95
        27         0.0045       -4931.27
        27         0.0048          -5000
        27         0.0051          -5000
        27         0.0054          -5000
        27         0.0057          -5000
        27          0.006       -4569.53
        27         0.0063       -4162.88
        27         0.0066       -3822.95
        27         0.0069       -3531.04
        27         0.0072       -3275.91
        27         0.0075       -3050.01
        27         0.0078       -2847.91
        27         0.0081       -2665.63
        27         0.0084       -2500.09
        27         0.0087       -2348.91
        27          0.009       -2210.17
        27         0.0093       -2082.32
        27         0.0096       -1964.08
        27         0.0099       -1854.39
        27         0.0102       -1752.37
        27         0.0105       -1657.29
        27         0.0108       -1568.49
        27         0.0111       -1485.38
        27         0.0114       -1407.47
        27         0.0117       -1334.31
        27          0.012       -1265.51
        27         0.0123       -1200.73
        27         0.0126       -1139.67
        27         0.0129       -1082.07
        27         0.0132       -1027.68
        27         0.0135       -976.312
        27         0.0138       -927.753
        27         0.0141        -881.83
        27         0.0144       -838.389
        27         0.0147       -797.286
        27          0.015       -758.397
        27         0.0153        -721.61
        27         0.0156       -686.807
        27         0.0159       -653.893
        27         0.0162       -622.767
        27         0.0165       -593.335
        27         0.0168       -565.503
        27         0.0171         -539.2
        27         0.0174        -514.35
        27         0.0177       -490.877
        27          0.018       -468.714
        27         0.0183       -447.803
        27         0.0186       -428.091
        27         0.0189       -409.541
        27         0.0192       -392.121
        27         0.0195       -375.788
        27         0.0198       -360.498
        27         0.0201       -346.216
        27         0.0204       -332.948
        27         0.0207        -320.53
        27          0.021        -308.89
        27         0.0213       -297.977
        27         0.0216        -287.76
        27         0.0219       -278.195
        27         0.0222       -269.237
        27         0.0225       -260.841
        27         0.0228       -252.973
        27         0.0231       -245.606
        27         0.0234       -238.713
        27         0.0237       -232.266
        27          0.024        -226.23
        27         0.0243       -220.581
        27         0.0246       -215.311
        27         0.0249       -210.393
        27         0.0252        -205.81
        27         0.0255       -201.545
        27         0.0258       -197.582
        27         0.0261       -193.903
        27         0.0264       -190.499
        27         0.0267       -187.356
        27          0.027        -184.46
        27         0.0273       -181.802
        27         0.0276       -179.375
        27         0.0279       -177.171
        27         0.0282       -175.184
        27         0.0285       -173.407
        27         0.0288       -171.834
        27         0.0291       -170.459
        27         0.0294       -169.279
        27         0.0297       -168.288
        27           0.03        -167.48
        27         0.0303        -166.85
        27         0.0306       -166.405
        27         0.0309        -166.14
        27         0.0312       -166.053
        28        -0.0315       -155.095
        28        -0.0312       -155.176
        28        -0.0309       -155.418
        28        -0.0306       -155.823
        28        -0.0303        -156.39
        28          -0.03       -157.128
        28        -0.0297       -158.033
        28        -0.0294       -159.107
        28        -0.0291       -160.355
        28        -0.0288       -161.779
        28        -0.0285       -163.385
        28        -0.0282       -165.177
        28        -0.0279       -167.161
        28        -0.0276       -169.343
        28        -0.0273        -171.73
        28         -0.027       -174.328
        28        -0.0267       -177.147
        28        -0.0264       -180.196
        28        -0.0261       -183.483
        28        -0.0258        -187.02
        28        -0.0255       -190.818
        28        -0.0252       -194.888
        28        -0.0249       -199.257
        28        -0.0246       -203.939
        28        -0.0243       -208.941
        28         -0.024       -214.281
        28        -0.0237        -219.98
        28        -0.0234       -226.056
        28        -0.0231       -232.533
        28        -0.0228       -239.439
        28        -0.0225       -246.796
        28        -0.0222       -254.631
        28        -0.0219       -262.978
        28        -0.0216       -271.867
        28        -0.0213       -281.327
        28         -0.021       -291.412
        28        -0.0207       -302.157
        28        -0.0204       -313.587
        28        -0.0201       -325.742
        28        -0.0198       -338.673
        28        -0.0195       -352.507
        28        -0.0192       -367.373
        28        -0.0189       -383.277
        28        -0.0186       -400.234
        28        -0.0183       -418.282
        28         -0.018       -437.481
        28        -0.0177       -457.872
        28        -0.0174       -479.496
        28        -0.0171       -502.409
        28        -0.0168       -526.666
        28        -0.0165       -552.334
        28        -0.0162       -579.481
        28        -0.0159       -608.177
        28        -0.0156       -638.507
        28        -0.0153       -670.562
        28         -0.015       -704.426
        28        -0.0147       -740.206
        28        -0.0144       -778.002
        28        -0.0141       -817.932
        28        -0.0138       -860.115
        28        -0.0135       -904.678
        28        -0.0132       -951.776
        28        -0.0129       -1001.57
        28        -0.0126       -1054.22
        28        -0.0123       -1109.95
        28         -0.012       -1168.95
        28        -0.0117       -1231.47
        28        -0.0114        -1297.8
        28        -0.0111       -1368.23
        28        -0.0108       -1443.12
        28        -0.0105       -1522.86
        28        -0.0102       -1607.92
        28        -0.0099       -1698.83
        28        -0.0096       -1796.18
        28        -0.0093       -1900.66
        28         -0.009       -2013.03
        28        -0.0087       -2134.22
        28        -0.0084       -2265.36
        28        -0.0081       -2407.79
        28        -0.0078       -2563.15
        28        -0.0075       -2733.49
        28        -0.0072       -2921.37
        28        -0.0069       -3130.07
        28        -0.0066       -3363.95
        28        -0.0063       -3628.93
        28         -0.006       -3933.46
        28        -0.0057       -4290.45
        28        -0.0054       -4723.07
        28        -0.0051          -5000
        28        -0.0048          -5000
        28        -0.0045          -5000
        28        -0.0042       -4987.95
        28        -0.0039       -4908.65
        28        -0.0036       -4840.53
        28        -0.0033       -4783.38
        28         -0.003       -4736.47
        28        -0.0027       -4698.66
        28        -0.0024       -4668.67
        28        -0.0021       -4645.26
        28        -0.0018        -4627.2
        28        -0.0015       -4613.43
        28        -0.0012       -4602.98
        28        -0.0009       -4595.04
        28        -0.0006       -4589.06
        28        -0.0003        -4584.6
        28              0       -4581.59
        28         0.0003       -4580.49
        28         0.0006       -4582.19
        28         0.0009       -4586.17
        28         0.0012       -4591.66
        28         0.0015       -4598.68
        28         0.0018       -4607.54
        28         0.0021       -4618.95
        28         0.0024       -4633.89
        28         0.0027        -4653.4
        28          0.003       -4678.69
        28         0.0033       -4710.95
        28         0.0036       -4751.47
        28         0.0039       -4801.48
        28         0.0042          -4862
        28         0.0045        -4933.6
        28         0.0048          -5000
        28         0.0051          -5000
        28         0.0054          -5000
        28         0.0057          -5000
        28          0.006       -4571.69
        28         0.0063       -4167.04
        28         0.0066       -3828.71
        28         0.0069       -3538.11
        28         0.0072       -3284.04
        28         0.0075       -3058.98
        28         0.0078       -2857.55
        28         0.0081        -2675.8
        28         0.0084       -2510.69
        28         0.0087       -2359.84
        28          0.009       -2221.34
        28         0.0093       -2093.66
        28         0.0096       -1975.55
        28         0.0099       -1865.94
        28         0.0102       -1763.97
        28         0.0105       -1668.89
        28         0.0108       -1580.03
        28         0.0111        -1496.8
        28         0.0114       -1418.73
        28         0.0117       -1345.37
        28          0.012       -1276.35
        28         0.0123       -1211.34
        28         0.0126       -1150.04
        28         0.0129       -1092.18
        28         0.0132       -1037.53
        28         0.0135       -985.861
        28         0.0138       -937.002
        28         0.0141       -890.778
        28         0.0144       -847.039
        28         0.0147       -805.647
        28          0.015       -766.465
        28         0.0153       -729.369
        28         0.0156       -694.258
        28         0.0159       -661.028
        28         0.0162       -629.584
        28         0.0165       -599.837
        28         0.0168       -571.703
        28         0.0171         -545.1
        28         0.0174       -519.954
        28         0.0177       -496.193
        28          0.018       -473.753
        28         0.0183         -452.6
        28         0.0186       -432.654
        28         0.0189       -413.853
        28         0.0192       -396.152
        28         0.0195       -379.521
        28         0.0198       -363.959
        28         0.0201       -349.447
        28         0.0204       -336.003
        28         0.0207       -323.429
        28          0.021       -311.613
        28         0.0213       -300.502
        28         0.0216       -290.065
        28         0.0219       -280.287
        28         0.0222       -271.163
        28         0.0225       -262.614
        28         0.0228       -254.596
        28         0.0231        -247.06
        28         0.0234       -239.998
        28         0.0237       -233.415
        28          0.024       -227.256
        28         0.0243       -221.499
        28         0.0246       -216.113
        28         0.0249       -211.083
        28         0.0252       -206.386
        28         0.0255       -202.012
        28         0.0258       -197.942
        28         0.0261       -194.158
        28         0.0264       -190.656
        28         0.0267       -187.419
        28          0.027       -184.444
        28         0.0273       -181.718
        28         0.0276       -179.229
        28         0.0279       -176.967
        28         0.0282       -174.926
        28         0.0285       -173.104
        28         0.0288       -171.489
        28         0.0291       -170.075
        28         0.0294       -168.856
        28         0.0297       -167.829
        28           0.03       -166.991
        28         0.0303       -166.341
        28         0.0306       -165.882
        28         0.0309       -165.608
        28         0.0312       -165.516
        29        -0.0315       -158.966
        29        -0.0312       -159.048
        29        -0.0309       -159.292
        29        -0.0306         -159.7
        29        -0.0303       -160.273
        29          -0.03       -161.011
        29        -0.0297       -161.917
        29        -0.0294       -162.994
        29        -0.0291       -164.246
        29        -0.0288       -165.678
        29        -0.0285       -167.294
        29        -0.0282       -169.097
        29        -0.0279       -171.093
        29        -0.0276        -173.29
        29        -0.0273       -175.691
        29         -0.027       -178.305
        29        -0.0267       -181.139
        29        -0.0264       -184.202
        29        -0.0261       -187.503
        29        -0.0258       -191.054
        29        -0.0255       -194.866
        29        -0.0252       -198.953
        29        -0.0249       -203.335
        29        -0.0246       -208.019
        29        -0.0243       -213.023
        29         -0.024       -218.363
        29        -0.0237       -224.062
        29        -0.0234       -230.139
        29        -0.0231       -236.616
        29        -0.0228       -243.519
        29        -0.0225       -250.872
        29        -0.0222       -258.699
        29        -0.0219       -267.034
        29        -0.0216       -275.911
        29        -0.0213       -285.362
        29         -0.021       -295.428
        29        -0.0207       -306.141
        29        -0.0204       -317.536
        29        -0.0201       -329.648
        29        -0.0198       -342.523
        29        -0.0195       -356.319
        29        -0.0192       -371.165
        29        -0.0189       -387.024
        29        -0.0186       -403.926
        29        -0.0183       -421.907
        29         -0.018       -441.001
        29        -0.0177       -461.253
        29        -0.0174        -482.72
        29        -0.0171       -505.461
        29        -0.0168       -529.543
        29        -0.0165        -555.04
        29        -0.0162       -582.014
        29        -0.0159       -610.529
        29        -0.0156       -640.676
        29        -0.0153       -672.539
        29         -0.015       -706.204
        29        -0.0147       -741.779
        29        -0.0144       -779.369
        29        -0.0141       -819.083
        29        -0.0138       -861.046
        29        -0.0135       -905.394
        29        -0.0132       -952.276
        29        -0.0129       -1001.85
        29        -0.0126       -1054.28
        29        -0.0123       -1109.78
        29         -0.012       -1168.56
        29        -0.0117       -1230.86
        29        -0.0114       -1296.97
        29        -0.0111        -1367.2
        29        -0.0108        -1441.9
        29        -0.0105       -1521.45
        29        -0.0102       -1606.32
        29        -0.0099       -1697.04
        29        -0.0096        -1794.2
        29        -0.0093       -1898.49
        29         -0.009       -2010.71
        29        -0.0087       -2131.78
        29        -0.0084       -2262.82
        29        -0.0081       -2405.19
        29        -0.0078       -2560.53
        29        -0.0075       -2730.89
        29        -0.0072       -2918.84
        29        -0.0069       -3127.68
        29        -0.0066       -3361.77
        29        -0.0063       -3627.03
        29         -0.006       -3931.93
        29        -0.0057       -4289.41
        29        -0.0054       -4722.66
        29        -0.0051          -5000
        29        -0.0048          -5000
        29        -0.0045          -5000
        29        -0.0042       -4987.71
        29        -0.0039       -4906.77
        29        -0.0036       -4837.03
        29        -0.0033       -4778.21
        29         -0.003       -4729.53
        29        -0.0027       -4689.81
        29        -0.0024       -4657.74
        29        -0.0021       -4631.98
        29        -0.0018       -4611.19
        29        -0.0015       -4594.13
        29        -0.0012       -4579.56
        29        -0.0009       -4566.38
        29        -0.0006       -4553.81
        29        -0.0003       -4541.64
        29              0       -4531.06
        29         0.0003       -4526.97
        29         0.0006       -4532.94
        29         0.0009       -4543.89
        29         0.0012       -4555.88
        29         0.0015       -4568.61
        29         0.0018       -4582.42
        29         0.0021       -4598.03
        29         0.0024       -4616.46
        29         0.0027       -4638.97
        29          0.003       -4666.84
        29         0.0033       -4701.43
        29         0.0036       -4744.08
        29         0.0039       -4796.06
        29         0.0042       -4858.49
        29         0.0045       -4931.98
        29         0.0048          -5000
        29         0.0051          -5000
        29         0.0054          -5000
        29         0.0057          -5000
        29          0.006       -4570.76
        29         0.0063       -4165.29
        29         0.0066       -3826.34
        29         0.0069       -3535.28
        29         0.0072       -3280.87
        29         0.0075       -3055.57
        29         0.0078       -2853.99
        29         0.0081       -2672.16
        29         0.0084       -2507.02
        29         0.0087       -2356.19
        29          0.009       -2217.76
        29         0.0093       -2090.19
        29         0.0096       -1972.22
        29         0.0099       -1862.79
        29         0.0102          -1761
        29         0.0105       -1666.11
        29         0.0108       -1577.44
        29         0.0111       -1494.44
        29         0.0114       -1416.61
        29         0.0117        -1343.5
        29          0.012       -1274.73
        29         0.0123       -1209.97
        29         0.0126       -1148.92
        29         0.0129        -1091.3
        29         0.0132       -1036.89
        29         0.0135       -985.469
        29         0.0138       -936.856
        29         0.0141       -890.878
        29         0.0144       -847.378
        29         0.0147       -806.214
        29          0.015       -767.256
        29         0.0153       -730.386
        29         0.0156       -695.499
        29         0.0159       -662.492
        29         0.0162       -631.268
        29         0.0165        -601.73
        29         0.0168       -573.796
        29         0.0171       -547.387
        29         0.0174       -522.432
        29         0.0177       -498.864
        29          0.018       -476.611
        29         0.0183       -455.617
        29         0.0186        -435.83
        29         0.0189       -417.186
        29         0.0192       -399.638
        29         0.0195       -383.151
        29         0.0198       -367.691
        29         0.0201       -353.236
        29         0.0204       -339.825
        29         0.0207       -327.261
        29          0.021       -315.477
        29         0.0213        -304.42
        29         0.0216       -294.043
        29         0.0219       -284.308
        29         0.0222       -275.176
        29         0.0225        -266.62
        29         0.0228       -258.604
        29         0.0231       -251.097
        29         0.0234       -244.065
        29         0.0237       -237.478
        29          0.024       -231.312
        29         0.0243        -225.55
        29         0.0246       -220.168
        29         0.0249        -215.14
        29         0.0252       -210.456
        29         0.0255       -206.094
        29         0.0258       -202.043
        29         0.0261       -198.281
        29         0.0264       -194.798
        29         0.0267       -191.579
        29          0.027       -188.614
        29         0.0273       -185.893
        29         0.0276       -183.407
        29         0.0279       -181.146
        29         0.0282       -179.103
        29         0.0285       -177.278
        29         0.0288        -175.66
        29         0.0291       -174.245
        29         0.0294       -173.027
        29         0.0297       -172.003
        29           0.03       -171.168
        29         0.0303       -170.525
        29         0.0306       -170.066
        29         0.0309       -169.792
        29         0.0312         -169.7
        30        -0.0315       -157.647
        30        -0.0312       -157.725
        30        -0.0309       -157.958
        30        -0.0306       -158.349
        30        -0.0303       -158.897
        30          -0.03       -159.605
        30        -0.0297       -160.473
        30        -0.0294       -161.511
        30        -0.0291       -162.716
        30        -0.0288       -164.093
        30        -0.0285       -165.645
        30        -0.0282       -167.378
        30        -0.0279       -169.297
        30        -0.0276       -171.406
        30        -0.0273       -173.714
        30         -0.027       -176.226
        30        -0.0267       -178.949
        30        -0.0264       -181.904
        30        -0.0261        -185.09
        30        -0.0258        -188.52
        30        -0.0255       -192.205
        30        -0.0252       -196.159
        30        -0.0249       -200.395
        30        -0.0246        -204.93
        30        -0.0243        -209.78
        30         -0.024       -214.967
        30        -0.0237       -220.506
        30        -0.0234       -226.418
        30        -0.0231       -232.722
        30        -0.0228       -239.441
        30        -0.0225       -246.603
        30        -0.0222       -254.239
        30        -0.0219       -262.388
        30        -0.0216       -271.072
        30        -0.0213       -280.335
        30         -0.021       -290.207
        30        -0.0207       -300.718
        30        -0.0204       -311.915
        30        -0.0201       -323.832
        30        -0.0198       -336.503
        30        -0.0195         -350.1
        30        -0.0192       -364.784
        30        -0.0189        -380.53
        30        -0.0186       -397.355
        30        -0.0183       -415.276
        30         -0.018       -434.323
        30        -0.0177        -454.54
        30        -0.0174       -475.971
        30        -0.0171       -498.676
        30        -0.0168       -522.721
        30        -0.0165       -548.165
        30        -0.0162       -575.079
        30        -0.0159       -603.547
        30        -0.0156       -633.646
        30        -0.0153       -665.465
        30         -0.015       -699.088
        30        -0.0147       -734.615
        30        -0.0144       -772.153
        30        -0.0141       -811.825
        30        -0.0138       -853.757
        30        -0.0135       -898.072
        30        -0.0132       -944.922
        30        -0.0129       -994.477
        30        -0.0126        -1046.9
        30        -0.0123        -1102.4
        30         -0.012        -1161.2
        30        -0.0117       -1223.54
        30        -0.0114       -1289.69
        30        -0.0111       -1359.97
        30        -0.0108       -1434.72
        30        -0.0105       -1514.34
        30        -0.0102       -1599.31
        30        -0.0099       -1690.13
        30        -0.0096       -1787.42
        30        -0.0093       -1891.84
        30         -0.009       -2004.21
        30        -0.0087       -2125.47
        30        -0.0084       -2256.73
        30        -0.0081       -2399.36
        30        -0.0078          -2555
        30        -0.0075        -2725.7
        30        -0.0072       -2914.03
        30        -0.0069       -3123.31
        30        -0.0066       -3357.89
        30        -0.0063       -3623.74
        30         -0.006       -3929.33
        30        -0.0057       -4287.64
        30        -0.0054       -4721.96
        30        -0.0051          -5000
        30        -0.0048          -5000
        30        -0.0045          -5000
        30        -0.0042       -4987.64
        30        -0.0039       -4906.25
        30        -0.0036       -4836.09
        30        -0.0033       -4776.92
        30         -0.003       -4727.94
        30        -0.0027       -4687.98
        30        -0.0024       -4655.78
        30        -0.0021        -4630.1
        30        -0.0018       -4609.74
        30        -0.0015       -4593.64
        30        -0.0012       -4580.82
        30        -0.0009       -4570.44
        30        -0.0006       -4561.65
        30        -0.0003       -4554.62
        30              0       -4549.66
        30         0.0003       -4549.39
        30         0.0006       -4553.31
        30         0.0009       -4558.79
        30         0.0012       -4565.85
        30         0.0015       -4574.54
        30         0.0018       -4585.26
        30         0.0021       -4598.79
        30         0.0024       -4616.05
        30         0.0027       -4637.95
        30          0.003       -4665.59
        30         0.0033        -4700.2
        30         0.0036          -4743
        30         0.0039       -4795.22
        30         0.0042       -4857.92
        30         0.0045       -4931.71
        30         0.0048          -5000
        30         0.0051          -5000
        30         0.0054          -5000
        30         0.0057          -5000
        30          0.006       -4569.98
        30         0.0063       -4163.77
        30         0.0066       -3824.19
        30         0.0069       -3532.59
        30         0.0072       -3277.71
        30         0.0075          -3052
        30         0.0078       -2850.07
        30         0.0081       -2667.91
        30         0.0084       -2502.47
        30         0.0087       -2351.37
        30          0.009       -2212.69
        30         0.0093       -2084.89
        30         0.0096       -1966.68
        30         0.0099       -1857.01
        30         0.0102       -1755.01
        30         0.0105       -1659.92
        30         0.0108       -1571.11
        30         0.0111       -1487.99
        30         0.0114       -1410.04
        30         0.0117       -1336.83
        30          0.012       -1267.99
        30         0.0123       -1203.17
        30         0.0126       -1142.07
        30         0.0129       -1084.42
        30         0.0132       -1029.98
        30         0.0135       -978.549
        30         0.0138       -929.928
        30         0.0141       -883.944
        30         0.0144       -840.448
        30         0.0147       -799.293
        30          0.015       -760.351
        30         0.0153       -723.498
        30         0.0156       -688.629
        30         0.0159       -655.642
        30         0.0162       -624.442
        30         0.0165       -594.936
        30         0.0168       -567.039
        30         0.0171       -540.665
        30         0.0174       -515.743
        30         0.0177       -492.206
        30          0.018       -469.988
        30         0.0183       -449.024
        30         0.0186       -429.267
        30         0.0189       -410.691
        30         0.0192       -393.269
        30         0.0195       -376.946
        30         0.0198       -361.657
        30         0.0201       -347.405
        30         0.0204       -334.233
        30         0.0207       -321.914
        30          0.021       -310.351
        30         0.0213       -299.505
        30         0.0216       -289.337
        30         0.0219       -279.805
        30         0.0222       -270.874
        30         0.0225       -262.502
        30         0.0228       -254.658
        30         0.0231       -247.315
        30         0.0234       -240.455
        30         0.0237       -234.034
        30          0.024       -228.043
        30         0.0243       -222.443
        30         0.0246       -217.208
        30         0.0249       -212.327
        30         0.0252       -207.773
        30         0.0255        -203.54
        30         0.0258       -199.615
        30         0.0261       -195.975
        30         0.0264       -192.606
        30         0.0267       -189.494
        30          0.027       -186.629
        30         0.0273           -184
        30         0.0276       -181.601
        30         0.0279       -179.424
        30         0.0282       -177.464
        30         0.0285        -175.71
        30         0.0288       -174.156
        30         0.0291       -172.797
        30         0.0294       -171.628
        30         0.0297       -170.645
        30           0.03       -169.845
        30         0.0303       -169.225
        30         0.0306       -168.784
        30         0.0309        -168.52
        30         0.0312       -168.432
        31        -0.0315       -156.828
        31        -0.0312       -156.909
        31        -0.0309       -157.152
        31        -0.0306       -157.557
        31        -0.0303       -158.125
        31          -0.03       -158.859
        31        -0.0297       -159.761
        31        -0.0294       -160.834
        31        -0.0291       -162.082
        31        -0.0288       -163.507
        31        -0.0285       -165.114
        31        -0.0282       -166.907
        31        -0.0279       -168.893
        31        -0.0276       -171.077
        31        -0.0273       -173.465
        31         -0.027       -176.066
        31        -0.0267       -178.886
        31        -0.0264       -181.942
        31        -0.0261       -185.237
        31        -0.0258       -188.782
        31        -0.0255       -192.592
        31        -0.0252       -196.679
        31        -0.0249       -201.056
        31        -0.0246       -205.739
        31        -0.0243       -210.746
        31         -0.024       -216.093
        31        -0.0237       -221.801
        31        -0.0234       -227.892
        31        -0.0231       -234.386
        31        -0.0228       -241.306
        31        -0.0225       -248.675
        31        -0.0222       -256.524
        31        -0.0219       -264.881
        31        -0.0216       -273.777
        31        -0.0213       -283.244
        31         -0.021       -293.325
        31        -0.0207       -304.057
        31        -0.0204       -315.477
        31        -0.0201       -327.624
        31        -0.0198       -340.533
        31        -0.0195       -354.351
        31        -0.0192       -369.224
        31        -0.0189       -385.122
        31        -0.0186       -402.069
        31        -0.0183         -420.1
        31         -0.018       -439.265
        31        -0.0177       -459.611
        31        -0.0174       -481.187
        31        -0.0171       -504.049
        31        -0.0168       -528.259
        31        -0.0165       -553.879
        31        -0.0162       -580.973
        31        -0.0159       -609.617
        31        -0.0156       -639.896
        31        -0.0153       -671.898
        31         -0.015       -705.722
        31        -0.0147       -741.466
        31        -0.0144       -779.219
        31        -0.0141       -819.099
        31        -0.0138       -861.239
        31        -0.0135       -905.766
        31        -0.0132        -952.82
        31        -0.0129       -1002.56
        31        -0.0126       -1055.17
        31        -0.0123       -1110.84
        31         -0.012        -1169.8
        31        -0.0117       -1232.28
        31        -0.0114       -1298.56
        31        -0.0111       -1368.95
        31        -0.0108       -1443.79
        31        -0.0105       -1523.49
        31        -0.0102        -1608.5
        31        -0.0099       -1699.34
        31        -0.0096       -1796.63
        31        -0.0093       -1901.03
        31         -0.009       -2013.35
        31        -0.0087        -2134.5
        31        -0.0084        -2265.6
        31        -0.0081          -2408
        31        -0.0078       -2563.33
        31        -0.0075       -2733.66
        31        -0.0072       -2921.52
        31        -0.0069       -3130.22
        31        -0.0066        -3364.1
        31        -0.0063       -3629.08
        31         -0.006       -3933.59
        31        -0.0057       -4290.55
        31        -0.0054       -4723.11
        31        -0.0051          -5000
        31        -0.0048          -5000
        31        -0.0045          -5000
        31        -0.0042       -4987.93
        31        -0.0039        -4908.5
        31        -0.0036       -4840.21
        31        -0.0033       -4782.91
        31         -0.003       -4735.87
        31        -0.0027       -4697.97
        31        -0.0024       -4667.95
        31        -0.0021       -4644.56
        31        -0.0018       -4626.53
        31        -0.0015       -4612.75
        31        -0.0012        -4602.2
        31        -0.0009        -4593.9
        31        -0.0006       -4587.17
        31        -0.0003       -4581.83
        31              0       -4577.92
        31         0.0003       -4575.89
        31         0.0006       -4577.27
        31         0.0009       -4581.73
        31         0.0012        -4587.9
        31         0.0015       -4595.36
        31         0.0018       -4604.52
        31         0.0021        -4616.2
        31         0.0024       -4631.39
        31         0.0027       -4651.17
        31          0.003       -4676.74
        31         0.0033       -4709.34
        31         0.0036       -4750.21
        31         0.0039       -4800.55
        31         0.0042       -4861.41
        31         0.0045       -4933.33
        31         0.0048          -5000
        31         0.0051          -5000
        31         0.0054          -5000
        31         0.0057          -5000
        31          0.006       -4571.64
        31         0.0063       -4166.96
        31         0.0066        -3828.6
        31         0.0069       -3537.98
        31         0.0072        -3283.9
        31         0.0075       -3058.85
        31         0.0078       -2857.45
        31         0.0081       -2675.72
        31         0.0084       -2510.62
        31         0.0087       -2359.78
        31          0.009       -2221.31
        31         0.0093       -2093.65
        31         0.0096       -1975.54
        31         0.0099       -1865.93
        31         0.0102       -1763.96
        31         0.0105       -1668.89
        31         0.0108       -1580.07
        31         0.0111       -1496.89
        31         0.0114       -1418.86
        31         0.0117       -1345.54
        31          0.012       -1276.56
        31         0.0123        -1211.6
        31         0.0126       -1150.34
        31         0.0129       -1092.53
        31         0.0132       -1037.91
        31         0.0135       -986.299
        31         0.0138       -937.493
        31         0.0141       -891.325
        31         0.0144       -847.642
        31         0.0147       -806.303
        31          0.015       -767.177
        31         0.0153       -730.147
        31         0.0156       -695.098
        31         0.0159       -661.927
        31         0.0162       -630.542
        31         0.0165       -600.852
        31         0.0168       -572.777
        31         0.0171       -546.236
        31         0.0174       -521.157
        31         0.0177       -497.464
        31          0.018       -475.096
        31         0.0183       -453.995
        31         0.0186       -434.104
        31         0.0189       -415.374
        31         0.0192       -397.748
        31         0.0195       -381.189
        31         0.0198       -365.687
        31         0.0201       -351.217
        31         0.0204       -337.772
        31         0.0207       -325.181
        31          0.021        -313.37
        31         0.0213       -302.283
        31         0.0216       -291.884
        31         0.0219       -282.142
        31         0.0222       -273.011
        31         0.0225       -264.452
        31         0.0228       -256.437
        31         0.0231       -248.922
        31         0.0234       -241.887
        31         0.0237       -235.303
        31          0.024       -229.137
        31         0.0243       -223.368
        31         0.0246       -217.978
        31         0.0249       -212.943
        31         0.0252       -208.247
        31         0.0255       -203.877
        31         0.0258       -199.817
        31         0.0261       -196.049
        31         0.0264       -192.559
        31         0.0267       -189.334
        31          0.027       -186.363
        31         0.0273       -183.636
        31         0.0276       -181.144
        31         0.0279        -178.89
        31         0.0282       -176.858
        31         0.0285       -175.038
        31         0.0288       -173.423
        31         0.0291        -172.01
        31         0.0294       -170.794
        31         0.0297       -169.771
        31           0.03        -168.94
        31         0.0303       -168.294
        31         0.0306       -167.834
        31         0.0309       -167.564
        31         0.0312       -167.473
        32        -0.0315       -158.844
        32        -0.0312       -158.925
        32        -0.0309       -159.169
        32        -0.0306       -159.575
        32        -0.0303       -160.145
        32          -0.03       -160.881
        32        -0.0297       -161.787
        32        -0.0294       -162.864
        32        -0.0291       -164.115
        32        -0.0288       -165.544
        32        -0.0285       -167.155
        32        -0.0282       -168.952
        32        -0.0279       -170.942
        32        -0.0276        -173.13
        32        -0.0273       -175.523
        32         -0.027       -178.129
        32        -0.0267       -180.957
        32        -0.0264       -184.014
        32        -0.0261       -187.312
        32        -0.0258       -190.859
        32        -0.0255       -194.668
        32        -0.0252        -198.75
        32        -0.0249        -203.12
        32        -0.0246       -207.793
        32        -0.0243       -212.786
        32         -0.024       -218.111
        32        -0.0237       -223.793
        32        -0.0234        -229.85
        32        -0.0231       -236.304
        32        -0.0228       -243.184
        32        -0.0225       -250.512
        32        -0.0222       -258.315
        32        -0.0219       -266.624
        32        -0.0216       -275.467
        32        -0.0213       -284.878
        32         -0.021       -294.887
        32        -0.0207       -305.533
        32        -0.0204       -316.859
        32        -0.0201       -328.902
        32        -0.0198       -341.691
        32        -0.0195       -355.422
        32        -0.0192       -370.245
        32        -0.0189       -386.103
        32        -0.0186       -403.029
        32        -0.0183       -421.042
        32         -0.018       -440.177
        32        -0.0177       -460.484
        32        -0.0174       -482.004
        32        -0.0171       -504.795
        32        -0.0168       -528.921
        32        -0.0165        -554.45
        32        -0.0162       -581.454
        32        -0.0159       -610.007
        32        -0.0156       -640.185
        32        -0.0153       -672.085
        32         -0.015       -705.796
        32        -0.0147       -741.409
        32        -0.0144       -779.028
        32        -0.0141       -818.773
        32        -0.0138       -860.771
        32        -0.0135       -905.155
        32        -0.0132        -952.06
        32        -0.0129       -1001.64
        32        -0.0126       -1054.08
        32        -0.0123       -1109.58
        32         -0.012       -1168.35
        32        -0.0117       -1230.66
        32        -0.0114       -1296.76
        32        -0.0111       -1366.99
        32        -0.0108       -1441.67
        32        -0.0105       -1521.21
        32        -0.0102       -1606.06
        32        -0.0099       -1696.75
        32        -0.0096        -1793.9
        32        -0.0093       -1898.18
        32         -0.009       -2010.38
        32        -0.0087       -2131.44
        32        -0.0084       -2262.48
        32        -0.0081       -2404.86
        32        -0.0078       -2560.21
        32        -0.0075       -2730.58
        32        -0.0072       -2918.55
        32        -0.0069       -3127.42
        32        -0.0066       -3361.53
        32        -0.0063       -3626.84
        32         -0.006       -3931.78
        32        -0.0057       -4289.31
        32        -0.0054       -4722.62
        32        -0.0051          -5000
        32        -0.0048          -5000
        32        -0.0045          -5000
        32        -0.0042        -4987.7
        32        -0.0039       -4906.68
        32        -0.0036       -4836.84
        32        -0.0033       -4777.93
        32         -0.003       -4729.14
        32        -0.0027       -4689.28
        32        -0.0024       -4657.02
        32        -0.0021       -4631.02
        32        -0.0018       -4609.99
        32        -0.0015       -4592.68
        32        -0.0012       -4577.92
        32        -0.0009       -4564.63
        32        -0.0006       -4552.02
        32        -0.0003       -4539.92
        32              0       -4529.63
        32         0.0003       -4526.26
        32         0.0006        -4532.4
        32         0.0009        -4543.4
        32         0.0012       -4555.91
        32         0.0015        -4568.8
        32         0.0018       -4582.47
        32         0.0021       -4597.95
        32         0.0024       -4616.39
        32         0.0027       -4638.99
        32          0.003       -4666.97
        32         0.0033       -4701.62
        32         0.0036       -4744.29
        32         0.0039       -4796.27
        32         0.0042       -4858.65
        32         0.0045       -4932.06
        32         0.0048          -5000
        32         0.0051          -5000
        32         0.0054          -5000
        32         0.0057          -5000
        32          0.006       -4570.96
        32         0.0063       -4165.67
        32         0.0066       -3826.86
        32         0.0069        -3535.9
        32         0.0072       -3281.59
        32         0.0075       -3056.37
        32         0.0078       -2854.87
        32         0.0081       -2673.09
        32         0.0084       -2507.99
        32         0.0087       -2357.18
        32          0.009       -2218.77
        32         0.0093       -2091.21
        32         0.0096       -1973.22
        32         0.0099       -1863.75
        32         0.0102       -1761.94
        32         0.0105       -1667.02
        32         0.0108       -1578.34
        32         0.0111       -1495.32
        32         0.0114       -1417.45
        32         0.0117        -1344.3
        32          0.012        -1275.5
        32         0.0123       -1210.71
        32         0.0126       -1149.62
        32         0.0129       -1091.97
        32         0.0132       -1037.51
        32         0.0135       -986.045
        32         0.0138       -937.379
        32         0.0141       -891.349
        32         0.0144         -847.8
        32         0.0147       -806.587
        32          0.015       -767.588
        32         0.0153       -730.682
        32         0.0156       -695.755
        32         0.0159       -662.699
        32         0.0162       -631.421
        32         0.0165       -601.836
        32         0.0168       -573.857
        32         0.0171       -547.401
        32         0.0174       -522.394
        32         0.0177       -498.763
        32          0.018       -476.449
        32         0.0183       -455.389
        32         0.0186       -435.529
        32         0.0189       -416.831
        32         0.0192       -399.254
        32         0.0195       -382.765
        32         0.0198       -367.317
        32         0.0201       -352.888
        32         0.0204       -339.546
        32         0.0207       -327.052
        32          0.021       -315.304
        32         0.0213       -304.274
        32         0.0216       -293.932
        32         0.0219       -284.232
        32         0.0222        -275.14
        32         0.0225       -266.616
        32         0.0228       -258.625
        32         0.0231       -251.139
        32         0.0234       -244.127
        32         0.0237       -237.559
        32          0.024       -231.413
        32         0.0243       -225.664
        32         0.0246       -220.289
        32         0.0249       -215.269
        32         0.0252       -210.586
        32         0.0255       -206.223
        32         0.0258       -202.164
        32         0.0261       -198.393
        32         0.0264       -194.903
        32         0.0267       -191.682
        32          0.027       -188.719
        32         0.0273       -185.999
        32         0.0276       -183.512
        32         0.0279       -181.252
        32         0.0282       -179.211
        32         0.0285       -177.382
        32         0.0288        -175.76
        32         0.0291        -174.34
        32         0.0294       -173.117
        32         0.0297       -172.087
        32           0.03        -171.25
        32         0.0303       -170.602
        32         0.0306       -170.141
        32         0.0309       -169.865
        32         0.0312       -169.773
        33        -0.0315       -157.879
        33        -0.0312       -157.957
        33        -0.0309       -158.192
        33        -0.0306       -158.588
        33        -0.0303        -159.14
        33          -0.03       -159.861
        33        -0.0297       -160.745
        33        -0.0294       -161.791
        33        -0.0291       -163.003
        33        -0.0288       -164.385
        33        -0.0285       -165.942
        33        -0.0282       -167.677
        33        -0.0279       -169.603
        33        -0.0276       -171.732
        33        -0.0273       -174.059
        33         -0.027       -176.594
        33        -0.0267       -179.345
        33        -0.0264       -182.322
        33        -0.0261       -185.536
        33        -0.0258       -188.998
        33        -0.0255       -192.724
        33        -0.0252       -196.721
        33        -0.0249       -201.002
        33        -0.0246       -205.583
        33        -0.0243       -210.477
        33         -0.024       -215.704
        33        -0.0237        -221.28
        33        -0.0234       -227.231
        33        -0.0231        -233.58
        33        -0.0228       -240.347
        33        -0.0225       -247.562
        33        -0.0222       -255.259
        33        -0.0219       -263.473
        33        -0.0216       -272.227
        33        -0.0213       -281.554
        33         -0.021       -291.488
        33        -0.0207       -302.066
        33        -0.0204        -313.33
        33        -0.0201        -325.32
        33        -0.0198       -338.071
        33        -0.0195        -351.73
        33        -0.0192        -366.45
        33        -0.0189       -382.209
        33        -0.0186       -399.028
        33        -0.0183       -416.945
        33         -0.018       -435.997
        33        -0.0177       -456.223
        33        -0.0174       -477.672
        33        -0.0171         -500.4
        33        -0.0168       -524.472
        33        -0.0165       -549.952
        33        -0.0162       -576.908
        33        -0.0159       -605.417
        33        -0.0156       -635.552
        33        -0.0153       -667.416
        33         -0.015       -701.108
        33        -0.0147       -736.708
        33        -0.0144       -774.321
        33        -0.0141       -814.064
        33        -0.0138       -856.059
        33        -0.0135       -900.447
        33        -0.0132       -947.377
        33        -0.0129       -997.002
        33        -0.0126       -1049.49
        33        -0.0123       -1105.05
        33         -0.012       -1163.88
        33        -0.0117       -1226.24
        33        -0.0114       -1292.42
        33        -0.0111       -1362.72
        33        -0.0108       -1437.49
        33        -0.0105       -1517.13
        33        -0.0102       -1602.08
        33        -0.0099       -1692.89
        33        -0.0096       -1790.15
        33        -0.0093       -1894.54
        33         -0.009       -2006.87
        33        -0.0087       -2128.07
        33        -0.0084       -2259.26
        33        -0.0081       -2401.79
        33        -0.0078       -2557.31
        33        -0.0075       -2727.87
        33        -0.0072       -2916.03
        33        -0.0069       -3125.12
        33        -0.0066       -3359.48
        33        -0.0063       -3625.07
        33         -0.006       -3930.36
        33        -0.0057       -4288.32
        33        -0.0054       -4722.22
        33        -0.0051          -5000
        33        -0.0048          -5000
        33        -0.0045          -5000
        33        -0.0042       -4987.68
        33        -0.0039       -4906.59
        33        -0.0036       -4836.72
        33        -0.0033       -4777.82
        33         -0.003        -4729.1
        33        -0.0027       -4689.41
        33        -0.0024       -4657.43
        33        -0.0021       -4631.92
        33        -0.0018       -4611.71
        33        -0.0015       -4595.57
        33        -0.0012       -4582.36
        33        -0.0009        -4571.3
        33        -0.0006        -4561.5
        33        -0.0003       -4553.12
        33              0        -4547.5
        33         0.0003       -4546.87
        33         0.0006       -4551.49
        33         0.0009       -4558.66
        33         0.0012       -4567.09
        33         0.0015       -4576.63
        33         0.0018       -4587.84
        33         0.0021       -4601.57
        33         0.0024        -4618.7
        33         0.0027       -4640.33
        33          0.003       -4667.68
        33         0.0033       -4701.97
        33         0.0036       -4744.42
        33         0.0039       -4796.28
        33         0.0042       -4858.64
        33         0.0045       -4932.05
        33         0.0048          -5000
        33         0.0051          -5000
        33         0.0054          -5000
        33         0.0057          -5000
        33          0.006       -4570.61
        33         0.0063       -4164.98
        33         0.0066       -3825.86
        33         0.0069       -3534.64
        33         0.0072       -3280.08
        33         0.0075       -3054.64
        33         0.0078       -2852.94
        33         0.0081       -2670.97
        33         0.0084        -2505.7
        33         0.0087       -2354.75
        33          0.009        -2216.2
        33         0.0093        -2088.5
        33         0.0096       -1970.38
        33         0.0099       -1860.79
        33         0.0102       -1758.85
        33         0.0105       -1663.83
        33         0.0108       -1575.07
        33         0.0111       -1491.98
        33         0.0114       -1414.05
        33         0.0117       -1340.85
        33          0.012          -1272
        33         0.0123       -1207.16
        33         0.0126       -1146.03
        33         0.0129       -1088.36
        33         0.0132       -1033.89
        33         0.0135       -982.424
        33         0.0138       -933.767
        33         0.0141        -887.75
        33         0.0144       -844.213
        33         0.0147       -803.019
        33          0.015       -764.035
        33         0.0153       -727.138
        33         0.0156       -692.213
        33         0.0159       -659.172
        33         0.0162       -627.919
        33         0.0165       -598.358
        33         0.0168       -570.403
        33         0.0171       -543.971
        33         0.0174       -518.988
        33         0.0177       -495.396
        33          0.018       -473.134
        33         0.0183       -452.133
        33         0.0186        -432.34
        33         0.0189       -413.713
        33         0.0192       -396.208
        33         0.0195        -379.78
        33         0.0198       -364.394
        33         0.0201       -350.036
        33         0.0204       -336.729
        33         0.0207       -324.276
        33          0.021       -312.588
        33         0.0213       -301.628
        33         0.0216       -291.351
        33         0.0219       -281.719
        33         0.0222       -272.696
        33         0.0225       -264.244
        33         0.0228        -256.33
        33         0.0231       -248.923
        33         0.0234       -241.988
        33         0.0237       -235.494
        33          0.024       -229.417
        33         0.0243        -223.74
        33         0.0246       -218.436
        33         0.0249       -213.493
        33         0.0252       -208.888
        33         0.0255       -204.604
        33         0.0258       -200.621
        33         0.0261       -196.926
        33         0.0264       -193.505
        33         0.0267       -190.346
        33          0.027       -187.437
        33         0.0273       -184.768
        33         0.0276       -182.328
        33         0.0279        -180.11
        33         0.0282       -178.116
        33         0.0285       -176.334
        33         0.0288       -174.755
        33         0.0291       -173.376
        33         0.0294        -172.19
        33         0.0297       -171.193
        33           0.03       -170.384
        33         0.0303       -169.757
        33         0.0306       -169.312
        33         0.0309       -169.047
        33         0.0312       -168.958
        34        -0.0315       -157.591
        34        -0.0312       -157.672
        34        -0.0309       -157.915
        34        -0.0306       -158.321
        34        -0.0303        -158.89
        34          -0.03       -159.625
        34        -0.0297       -160.528
        34        -0.0294       -161.602
        34        -0.0291       -162.849
        34        -0.0288       -164.275
        34        -0.0285       -165.883
        34        -0.0282       -167.679
        34        -0.0279       -169.669
        34        -0.0276       -171.858
        34        -0.0273       -174.253
        34         -0.027       -176.862
        34        -0.0267       -179.693
        34        -0.0264       -182.756
        34        -0.0261        -186.06
        34        -0.0258       -189.619
        34        -0.0255       -193.442
        34        -0.0252       -197.542
        34        -0.0249       -201.933
        34        -0.0246        -206.63
        34        -0.0243       -211.653
        34         -0.024       -217.025
        34        -0.0237       -222.757
        34        -0.0234       -228.877
        34        -0.0231       -235.402
        34        -0.0228       -242.355
        34        -0.0225       -249.762
        34        -0.0222       -257.651
        34        -0.0219       -266.052
        34        -0.0216       -274.994
        34        -0.0213       -284.518
        34         -0.021       -294.659
        34        -0.0207       -305.452
        34        -0.0204       -316.945
        34        -0.0201       -329.169
        34        -0.0198       -342.183
        34        -0.0195       -356.123
        34        -0.0192       -371.089
        34        -0.0189       -387.073
        34        -0.0186       -404.099
        34        -0.0183       -422.212
        34         -0.018       -441.464
        34        -0.0177       -461.898
        34        -0.0174       -483.562
        34        -0.0171       -506.509
        34        -0.0168        -530.81
        34        -0.0165       -556.532
        34        -0.0162       -583.733
        34        -0.0159       -612.486
        34        -0.0156       -642.876
        34        -0.0153       -674.982
        34         -0.015       -708.893
        34        -0.0147       -744.714
        34        -0.0144       -782.563
        34        -0.0141       -822.549
        34        -0.0138       -864.786
        34        -0.0135       -909.407
        34        -0.0132       -956.562
        34        -0.0129       -1006.41
        34        -0.0126       -1059.12
        34        -0.0123       -1114.89
        34         -0.012       -1173.93
        34        -0.0117       -1236.48
        34        -0.0114       -1302.82
        34        -0.0111       -1373.26
        34        -0.0108       -1448.16
        34        -0.0105       -1527.91
        34        -0.0102       -1612.95
        34        -0.0099       -1703.81
        34        -0.0096        -1801.1
        34        -0.0093       -1905.49
        34         -0.009       -2017.77
        34        -0.0087       -2138.86
        34        -0.0084       -2269.87
        34        -0.0081       -2412.15
        34        -0.0078       -2567.34
        34        -0.0075       -2737.46
        34        -0.0072       -2925.07
        34        -0.0069       -3133.47
        34        -0.0066       -3366.98
        34        -0.0063       -3631.51
        34         -0.006       -3935.49
        34        -0.0057       -4291.82
        34        -0.0054       -4723.61
        34        -0.0051          -5000
        34        -0.0048          -5000
        34        -0.0045          -5000
        34        -0.0042       -4988.05
        34        -0.0039       -4909.39
        34        -0.0036       -4841.86
        34        -0.0033        -4785.3
        34         -0.003          -4739
        34        -0.0027       -4701.83
        34        -0.0024       -4672.51
        34        -0.0021       -4649.84
        34        -0.0018       -4632.62
        34        -0.0015       -4619.69
        34        -0.0012       -4609.93
        34        -0.0009       -4602.48
        34        -0.0006       -4596.91
        34        -0.0003       -4593.01
        34              0       -4590.54
        34         0.0003       -4589.74
        34         0.0006       -4591.15
        34         0.0009       -4594.35
        34         0.0012       -4599.08
        34         0.0015       -4605.29
        34         0.0018       -4613.27
        34         0.0021       -4623.86
        34         0.0024       -4638.06
        34         0.0027       -4656.94
        34          0.003       -4681.66
        34         0.0033       -4713.42
        34         0.0036       -4753.44
        34         0.0039       -4802.96
        34         0.0042       -4862.99
        34         0.0045       -4934.05
        34         0.0048          -5000
        34         0.0051          -5000
        34         0.0054          -5000
        34         0.0057          -5000
        34          0.006        -4572.4
        34         0.0063       -4168.42
        34         0.0066       -3830.63
        34         0.0069       -3540.47
        34         0.0072       -3286.77
        34         0.0075       -3062.02
        34         0.0078       -2860.87
        34         0.0081       -2679.35
        34         0.0084       -2514.43
        34         0.0087       -2363.73
        34          0.009       -2225.37
        34         0.0093       -2097.79
        34         0.0096       -1979.76
        34         0.0099       -1870.23
        34         0.0102       -1768.31
        34         0.0105       -1673.26
        34         0.0108       -1584.41
        34         0.0111        -1501.2
        34         0.0114       -1423.13
        34         0.0117       -1349.77
        34          0.012       -1280.74
        34         0.0123       -1215.71
        34         0.0126       -1154.39
        34         0.0129        -1096.5
        34         0.0132        -1041.8
        34         0.0135       -990.093
        34         0.0138       -941.192
        34         0.0141       -894.927
        34         0.0144       -851.146
        34         0.0147       -809.705
        34          0.015        -770.47
        34         0.0153       -733.329
        34         0.0156       -698.174
        34         0.0159       -664.897
        34         0.0162         -633.4
        34         0.0165       -603.596
        34         0.0168       -575.406
        34         0.0171       -548.758
        34         0.0174       -523.573
        34         0.0177       -499.776
        34          0.018       -477.304
        34         0.0183       -456.092
        34         0.0186        -436.09
        34         0.0189       -417.246
        34         0.0192       -399.513
        34         0.0195       -382.859
        34         0.0198       -367.256
        34         0.0201       -352.692
        34         0.0204       -339.216
        34         0.0207       -326.596
        34          0.021       -314.756
        34         0.0213       -303.632
        34         0.0216       -293.185
        34         0.0219       -283.393
        34         0.0222       -274.234
        34         0.0225       -265.664
        34         0.0228       -257.632
        34         0.0231       -250.099
        34         0.0234       -243.036
        34         0.0237       -236.422
        34          0.024       -230.231
        34         0.0243       -224.442
        34         0.0246       -219.029
        34         0.0249       -213.972
        34         0.0252        -209.25
        34         0.0255       -204.856
        34         0.0258       -200.777
        34         0.0261       -196.996
        34         0.0264       -193.491
        34         0.0267       -190.258
        34          0.027       -187.277
        34         0.0273        -184.54
        34         0.0276       -182.039
        34         0.0279       -179.771
        34         0.0282       -177.723
        34         0.0285       -175.888
        34         0.0288       -174.263
        34         0.0291       -172.843
        34         0.0294       -171.621
        34         0.0297       -170.594
        34           0.03       -169.758
        34         0.0303       -169.109
        34         0.0306       -168.647
        34         0.0309        -168.37
        34         0.0312       -168.277
        35        -0.0315       -159.769
        35        -0.0312       -159.849
        35        -0.0309       -160.088
        35        -0.0306       -160.488
        35        -0.0303       -161.048
        35          -0.03       -161.772
        35        -0.0297       -162.663
        35        -0.0294       -163.728
        35        -0.0291       -164.963
        35        -0.0288       -166.372
        35        -0.0285       -167.959
        35        -0.0282        -169.73
        35        -0.0279       -171.689
        35        -0.0276       -173.843
        35        -0.0273       -176.199
        35         -0.027       -178.769
        35        -0.0267       -181.561
        35        -0.0264       -184.578
        35        -0.0261       -187.833
        35        -0.0258       -191.337
        35        -0.0255       -195.103
        35        -0.0252       -199.141
        35        -0.0249       -203.465
        35        -0.0246       -208.098
        35        -0.0243       -213.048
        35         -0.024       -218.331
        35        -0.0237        -223.97
        35        -0.0234       -229.985
        35        -0.0231       -236.397
        35        -0.0228       -243.237
        35        -0.0225       -250.527
        35        -0.0222       -258.293
        35        -0.0219       -266.559
        35        -0.0216       -275.357
        35        -0.0213       -284.736
        35         -0.021       -294.725
        35        -0.0207        -305.36
        35        -0.0204       -316.683
        35        -0.0201       -328.735
        35        -0.0198        -341.56
        35        -0.0195       -355.304
        35        -0.0192       -370.107
        35        -0.0189       -385.939
        35        -0.0186       -402.816
        35        -0.0183       -420.772
        35         -0.018       -439.842
        35        -0.0177       -460.076
        35        -0.0174       -481.535
        35        -0.0171       -504.283
        35        -0.0168       -528.374
        35        -0.0165       -553.868
        35        -0.0162       -580.834
        35        -0.0159       -609.345
        35        -0.0156       -639.485
        35        -0.0153       -671.344
        35         -0.015       -705.014
        35        -0.0147        -740.59
        35        -0.0144       -778.187
        35        -0.0141       -817.909
        35        -0.0138       -859.878
        35        -0.0135        -904.23
        35        -0.0132       -951.117
        35        -0.0129        -1000.7
        35        -0.0126       -1053.14
        35        -0.0123       -1108.65
        35         -0.012       -1167.44
        35        -0.0117       -1229.75
        35        -0.0114       -1295.87
        35        -0.0111       -1366.12
        35        -0.0108       -1440.83
        35        -0.0105       -1520.39
        35        -0.0102       -1605.28
        35        -0.0099       -1696.03
        35        -0.0096       -1793.21
        35        -0.0093       -1897.53
        35         -0.009       -2009.77
        35        -0.0087       -2130.88
        35        -0.0084       -2261.97
        35        -0.0081        -2404.4
        35        -0.0078        -2559.8
        35        -0.0075       -2730.23
        35        -0.0072       -2918.24
        35        -0.0069       -3127.15
        35        -0.0066        -3361.3
        35        -0.0063       -3626.64
        35         -0.006       -3931.62
        35        -0.0057        -4289.2
        35        -0.0054       -4722.58
        35        -0.0051          -5000
        35        -0.0048          -5000
        35        -0.0045          -5000
        35        -0.0042       -4987.71
        35        -0.0039        -4906.8
        35        -0.0036       -4837.08
        35        -0.0033       -4778.31
        35         -0.003       -4729.68
        35        -0.0027       -4690.01
        35        -0.0024       -4657.98
        35        -0.0021       -4632.27
        35        -0.0018       -4611.63
        35        -0.0015        -4594.8
        35        -0.0012       -4580.61
        35        -0.0009       -4568.09
        35        -0.0006       -4556.82
        35        -0.0003       -4546.59
        35              0       -4538.18
        35         0.0003       -4534.62
        35         0.0006       -4538.22
        35         0.0009       -4546.68
        35         0.0012       -4557.02
        35         0.0015       -4568.76
        35         0.0018       -4582.17
        35         0.0021       -4597.62
        35         0.0024       -4616.08
        35         0.0027       -4638.67
        35          0.003       -4666.63
        35         0.0033        -4701.3
        35         0.0036       -4744.01
        35         0.0039       -4796.04
        35         0.0042        -4858.5
        35         0.0045       -4931.99
        35         0.0048          -5000
        35         0.0051          -5000
        35         0.0054          -5000
        35         0.0057          -5000
        35          0.006       -4570.61
        35         0.0063       -4165.02
        35         0.0066       -3825.99
        35         0.0069       -3534.86
        35         0.0072       -3280.41
        35         0.0075       -3055.07
        35         0.0078       -2853.47
        35         0.0081       -2671.61
        35         0.0084       -2506.44
        35         0.0087       -2355.57
        35          0.009       -2217.11
        35         0.0093       -2089.51
        35         0.0096       -1971.49
        35         0.0099       -1862.01
        35         0.0102       -1760.18
        35         0.0105       -1665.26
        35         0.0108       -1576.57
        35         0.0111       -1493.57
        35         0.0114       -1415.73
        35         0.0117       -1342.62
        35          0.012       -1273.86
        35         0.0123        -1209.1
        35         0.0126       -1148.05
        35         0.0129       -1090.44
        35         0.0132       -1036.02
        35         0.0135       -984.605
        35         0.0138       -935.991
        35         0.0141       -890.009
        35         0.0144       -846.514
        35         0.0147       -805.361
        35          0.015       -766.418
        35         0.0153       -729.561
        35         0.0156       -694.677
        35         0.0159        -661.67
        35         0.0162       -630.449
        35         0.0165       -600.918
        35         0.0168       -572.994
        35         0.0171         -546.6
        35         0.0174        -521.66
        35         0.0177       -498.106
        35          0.018       -475.868
        35         0.0183       -454.884
        35         0.0186       -435.102
        35         0.0189       -416.471
        35         0.0192       -398.943
        35         0.0195        -382.48
        35         0.0198       -367.055
        35         0.0201       -352.647
        35         0.0204       -339.322
        35         0.0207        -326.85
        35          0.021       -315.134
        35         0.0213       -304.131
        35         0.0216       -293.809
        35         0.0219       -284.129
        35         0.0222       -275.057
        35         0.0225       -266.555
        35         0.0228       -258.594
        35         0.0231        -251.14
        35         0.0234       -244.163
        35         0.0237       -237.631
        35          0.024       -231.524
        35         0.0243       -225.817
        35         0.0246       -220.482
        35         0.0249       -215.503
        35         0.0252        -210.86
        35         0.0255       -206.536
        35         0.0258       -202.516
        35         0.0261       -198.793
        35         0.0264       -195.347
        35         0.0267       -192.167
        35          0.027        -189.24
        35         0.0273       -186.558
        35         0.0276        -184.11
        35         0.0279       -181.887
        35         0.0282       -179.882
        35         0.0285       -178.089
        35         0.0288         -176.5
        35         0.0291       -175.107
        35         0.0294       -173.906
        35         0.0297       -172.899
        35           0.03       -172.084
        35         0.0303       -171.452
        35         0.0306       -171.002
        35         0.0309       -170.733
        35         0.0312       -170.643
        36        -0.0315       -154.157
        36        -0.0312       -154.233
        36        -0.0309        -154.47
        36        -0.0306       -154.861
        36        -0.0303       -155.406
        36          -0.03       -156.109
        36        -0.0297       -156.974
        36        -0.0294       -158.002
        36        -0.0291       -159.194
        36        -0.0288       -160.558
        36        -0.0285       -162.097
        36        -0.0282       -163.813
        36        -0.0279       -165.719
        36        -0.0276       -167.814
        36        -0.0273       -170.109
        36         -0.027       -172.611
        36        -0.0267       -175.326
        36        -0.0264       -178.263
        36        -0.0261       -181.431
        36        -0.0258        -184.84
        36        -0.0255       -188.503
        36        -0.0252       -192.431
        36        -0.0249       -196.638
        36        -0.0246       -201.137
        36        -0.0243       -205.945
        36         -0.024       -211.085
        36        -0.0237       -216.575
        36        -0.0234       -222.439
        36        -0.0231       -228.691
        36        -0.0228       -235.361
        36        -0.0225       -242.469
        36        -0.0222        -250.04
        36        -0.0219       -258.112
        36        -0.0216        -266.72
        36        -0.0213       -275.889
        36         -0.021        -285.65
        36        -0.0207       -296.053
        36        -0.0204       -307.135
        36        -0.0201       -318.934
        36        -0.0198        -331.48
        36        -0.0195       -344.927
        36        -0.0192       -359.416
        36        -0.0189        -374.95
        36        -0.0186        -391.55
        36        -0.0183       -409.236
        36         -0.018       -428.049
        36        -0.0177       -448.031
        36        -0.0174       -469.232
        36        -0.0171         -491.7
        36        -0.0168       -515.499
        36        -0.0165       -540.697
        36        -0.0162       -567.361
        36        -0.0159       -595.574
        36        -0.0156       -625.414
        36        -0.0153       -656.971
        36         -0.015       -690.334
        36        -0.0147       -725.604
        36        -0.0144       -762.883
        36        -0.0141       -802.287
        36        -0.0138       -843.943
        36        -0.0135        -887.99
        36        -0.0132       -934.579
        36        -0.0129       -983.871
        36        -0.0126       -1036.05
        36        -0.0123       -1091.29
        36         -0.012       -1149.84
        36        -0.0117       -1211.93
        36        -0.0114       -1277.85
        36        -0.0111       -1347.92
        36        -0.0108       -1422.49
        36        -0.0105       -1501.98
        36        -0.0102       -1586.82
        36        -0.0099       -1677.57
        36        -0.0096       -1774.82
        36        -0.0093       -1879.28
        36         -0.009       -1991.74
        36        -0.0087       -2113.17
        36        -0.0084       -2244.68
        36        -0.0081       -2387.63
        36        -0.0078       -2543.68
        36        -0.0075       -2714.89
        36        -0.0072       -2903.86
        36        -0.0069       -3113.93
        36        -0.0066       -3349.49
        36        -0.0063       -3616.54
        36         -0.006       -3923.62
        36        -0.0057       -4283.78
        36        -0.0054       -4720.43
        36        -0.0051          -5000
        36        -0.0048          -5000
        36        -0.0045          -5000
        36        -0.0042       -4987.25
        36        -0.0039       -4903.23
        36        -0.0036       -4830.55
        36        -0.0033       -4768.84
        36         -0.003       -4717.26
        36        -0.0027       -4674.56
        36        -0.0024       -4639.34
        36        -0.0021       -4610.24
        36        -0.0018       -4585.97
        36        -0.0015       -4565.25
        36        -0.0012       -4546.87
        36        -0.0009       -4530.09
        36        -0.0006       -4514.65
        36        -0.0003       -4501.06
        36              0       -4490.98
        36         0.0003       -4488.76
        36         0.0006       -4496.38
        36         0.0009       -4508.65
        36         0.0012       -4522.61
        36         0.0015       -4537.93
        36         0.0018       -4554.58
        36         0.0021       -4573.08
        36         0.0024       -4594.46
        36         0.0027        -4619.9
        36          0.003       -4650.68
        36         0.0033       -4688.12
        36         0.0036       -4733.55
        36         0.0039       -4788.28
        36         0.0042       -4853.43
        36         0.0045       -4929.65
        36         0.0048          -5000
        36         0.0051          -5000
        36         0.0054          -5000
        36         0.0057          -5000
        36          0.006       -4567.84
        36         0.0063       -4159.63
        36         0.0066       -3818.44
        36         0.0069        -3525.5
        36         0.0072       -3269.52
        36         0.0075       -3042.91
        36         0.0078       -2840.23
        36         0.0081       -2657.46
        36         0.0084       -2491.54
        36         0.0087       -2340.06
        36          0.009       -2201.09
        36         0.0093       -2073.07
        36         0.0096       -1954.71
        36         0.0099       -1844.95
        36         0.0102        -1742.9
        36         0.0105       -1647.82
        36         0.0108       -1559.04
        36         0.0111       -1475.99
        36         0.0114       -1398.16
        36         0.0117        -1325.1
        36          0.012       -1256.42
        36         0.0123       -1191.77
        36         0.0126       -1130.86
        36         0.0129       -1073.42
        36         0.0132        -1019.2
        36         0.0135       -968.013
        36         0.0138        -919.64
        36         0.0141        -873.92
        36         0.0144       -830.689
        36         0.0147         -789.8
        36          0.015       -751.116
        36         0.0153       -714.519
        36         0.0156       -679.912
        36         0.0159       -647.185
        36         0.0162       -616.241
        36         0.0165       -586.984
        36         0.0168       -559.326
        36         0.0171       -533.194
        36         0.0174        -508.52
        36         0.0177       -485.229
        36          0.018        -463.25
        36         0.0183       -442.528
        36         0.0186       -423.012
        36         0.0189       -404.655
        36         0.0192       -387.427
        36         0.0195       -371.283
        36         0.0198        -356.17
        36         0.0201       -342.072
        36         0.0204       -329.035
        36         0.0207       -316.823
        36          0.021       -305.348
        36         0.0213       -294.575
        36         0.0216       -284.468
        36         0.0219       -275.002
        36         0.0222       -266.143
        36         0.0225       -257.841
        36         0.0228       -250.061
        36         0.0231       -242.784
        36         0.0234       -235.975
        36         0.0237       -229.602
        36          0.024       -223.638
        36         0.0243        -218.07
        36         0.0246       -212.874
        36         0.0249       -208.027
        36         0.0252       -203.508
        36         0.0255       -199.307
        36         0.0258         -195.4
        36         0.0261       -191.774
        36         0.0264       -188.417
        36         0.0267       -185.317
        36          0.027       -182.463
        36         0.0273       -179.845
        36         0.0276       -177.454
        36         0.0279       -175.282
        36         0.0282       -173.325
        36         0.0285       -171.579
        36         0.0288       -170.036
        36         0.0291       -168.686
        36         0.0294       -167.523
        36         0.0297       -166.546
        36           0.03       -165.756
        36         0.0303       -165.143
        36         0.0306       -164.706
        36         0.0309       -164.445
        36         0.0312       -164.358
        37        -0.0315        -153.15
        37        -0.0312       -153.231
        37        -0.0309       -153.472
        37        -0.0306       -153.875
        37        -0.0303       -154.446
        37          -0.03       -155.188
        37        -0.0297       -156.096
        37        -0.0294       -157.177
        37        -0.0291       -158.434
        37        -0.0288        -159.87
        37        -0.0285       -161.488
        37        -0.0282       -163.294
        37        -0.0279       -165.294
        37        -0.0276       -167.498
        37        -0.0273       -169.905
        37         -0.027       -172.522
        37        -0.0267       -175.361
        37        -0.0264       -178.436
        37        -0.0261       -181.753
        37        -0.0258       -185.321
        37        -0.0255       -189.153
        37        -0.0252       -193.272
        37        -0.0249        -197.68
        37        -0.0246       -202.391
        37        -0.0243       -207.425
        37         -0.024       -212.798
        37        -0.0237       -218.538
        37        -0.0234       -224.672
        37        -0.0231       -231.212
        37        -0.0228       -238.174
        37        -0.0225       -245.588
        37        -0.0222       -253.485
        37        -0.0219       -261.899
        37        -0.0216       -270.852
        37        -0.0213       -280.377
        37         -0.021       -290.512
        37        -0.0207       -301.304
        37        -0.0204       -312.796
        37        -0.0201       -325.014
        37        -0.0198       -337.981
        37        -0.0195       -351.877
        37        -0.0192       -366.838
        37        -0.0189       -382.806
        37        -0.0186       -399.812
        37        -0.0183       -417.893
        37         -0.018       -437.091
        37        -0.0177       -457.463
        37        -0.0174       -479.063
        37        -0.0171       -501.946
        37        -0.0168       -526.174
        37        -0.0165       -551.816
        37        -0.0162        -578.94
        37        -0.0159        -607.61
        37        -0.0156       -637.904
        37        -0.0153       -669.924
        37         -0.015       -703.769
        37        -0.0147       -739.534
        37        -0.0144       -777.317
        37        -0.0141       -817.221
        37        -0.0138       -859.378
        37        -0.0135       -903.926
        37        -0.0132       -950.997
        37        -0.0129       -1000.75
        37        -0.0126       -1053.38
        37        -0.0123       -1109.07
        37         -0.012       -1168.05
        37        -0.0117       -1230.56
        37        -0.0114       -1296.87
        37        -0.0111        -1367.3
        37        -0.0108       -1442.19
        37        -0.0105       -1521.92
        37        -0.0102       -1606.97
        37        -0.0099       -1697.88
        37        -0.0096       -1795.24
        37        -0.0093       -1899.73
        37         -0.009       -2012.13
        37        -0.0087       -2133.34
        37        -0.0084        -2264.5
        37        -0.0081       -2406.94
        37        -0.0078       -2562.33
        37        -0.0075       -2732.71
        37        -0.0072       -2920.63
        37        -0.0069        -3129.4
        37        -0.0066       -3363.37
        37        -0.0063       -3628.45
        37         -0.006        -3933.1
        37        -0.0057       -4290.22
        37        -0.0054       -4722.99
        37        -0.0051          -5000
        37        -0.0048          -5000
        37        -0.0045          -5000
        37        -0.0042        -4987.9
        37        -0.0039       -4908.26
        37        -0.0036        -4839.8
        37        -0.0033       -4782.34
        37         -0.003       -4735.15
        37        -0.0027       -4697.11
        37        -0.0024       -4666.94
        37        -0.0021       -4643.36
        37        -0.0018        -4625.2
        37        -0.0015       -4611.27
        37        -0.0012       -4600.47
        37        -0.0009       -4591.78
        37        -0.0006       -4584.53
        37        -0.0003       -4578.48
        37              0       -4573.84
        37         0.0003       -4572.84
        37         0.0006       -4575.79
        37         0.0009        -4581.4
        37         0.0012       -4587.98
        37         0.0015       -4595.51
        37         0.0018       -4604.68
        37         0.0021       -4616.34
        37         0.0024       -4631.49
        37         0.0027       -4651.22
        37          0.003       -4676.72
        37         0.0033       -4709.24
        37         0.0036       -4750.07
        37         0.0039        -4800.4
        37         0.0042       -4861.27
        37         0.0045       -4933.24
        37         0.0048          -5000
        37         0.0051          -5000
        37         0.0054          -5000
        37         0.0057          -5000
        37          0.006       -4571.42
        37         0.0063       -4166.55
        37         0.0066       -3828.07
        37         0.0069       -3537.36
        37         0.0072       -3283.21
        37         0.0075       -3058.09
        37         0.0078       -2856.63
        37         0.0081       -2674.85
        37         0.0084       -2509.71
        37         0.0087       -2358.85
        37          0.009       -2220.34
        37         0.0093       -2092.67
        37         0.0096       -1974.54
        37         0.0099       -1864.94
        37         0.0102       -1762.97
        37         0.0105       -1667.88
        37         0.0108       -1579.03
        37         0.0111       -1495.82
        37         0.0114       -1417.77
        37         0.0117       -1344.44
        37          0.012       -1275.46
        37         0.0123       -1210.49
        37         0.0126       -1149.23
        37         0.0129        -1091.4
        37         0.0132       -1036.77
        37         0.0135       -985.133
        37         0.0138       -936.302
        37         0.0141       -890.107
        37         0.0144         -846.4
        37         0.0147       -805.041
        37          0.015       -765.888
        37         0.0153       -728.819
        37         0.0156       -693.719
        37         0.0159        -660.49
        37         0.0162       -629.041
        37         0.0165       -599.286
        37         0.0168        -571.14
        37         0.0171       -544.522
        37         0.0174       -519.361
        37         0.0177        -495.59
        37          0.018       -473.143
        37         0.0183       -451.954
        37         0.0186        -431.98
        37         0.0189       -413.166
        37         0.0192       -395.476
        37         0.0195       -378.871
        37         0.0198       -363.319
        37         0.0201       -348.783
        37         0.0204       -335.245
        37         0.0207        -322.56
        37          0.021       -310.648
        37         0.0213       -299.451
        37         0.0216       -288.928
        37         0.0219       -279.144
        37         0.0222       -270.021
        37         0.0225       -261.442
        37         0.0228       -253.378
        37         0.0231       -245.817
        37         0.0234       -238.724
        37         0.0237       -232.098
        37          0.024       -225.902
        37         0.0243         -220.1
        37         0.0246       -214.675
        37         0.0249       -209.609
        37         0.0252       -204.875
        37         0.0255       -200.458
        37         0.0258       -196.351
        37         0.0261       -192.541
        37         0.0264        -189.01
        37         0.0267       -185.747
        37          0.027        -182.74
        37         0.0273       -179.981
        37         0.0276       -177.462
        37         0.0279       -175.172
        37         0.0282       -173.105
        37         0.0285       -171.256
        37         0.0288       -169.626
        37         0.0291       -168.201
        37         0.0294       -166.975
        37         0.0297       -165.945
        37           0.03       -165.106
        37         0.0303       -164.456
        37         0.0306       -163.993
        37         0.0309       -163.717
        37         0.0312       -163.625
        38        -0.0315       -156.427
        38        -0.0312       -156.509
        38        -0.0309       -156.756
        38        -0.0306       -157.167
        38        -0.0303       -157.745
        38          -0.03       -158.491
        38        -0.0297       -159.407
        38        -0.0294       -160.494
        38        -0.0291       -161.757
        38        -0.0288       -163.197
        38        -0.0285       -164.827
        38        -0.0282       -166.645
        38        -0.0279       -168.657
        38        -0.0276       -170.869
        38        -0.0273       -173.289
        38         -0.027       -175.923
        38        -0.0267        -178.78
        38        -0.0264        -181.87
        38        -0.0261       -185.206
        38        -0.0258       -188.794
        38        -0.0255       -192.646
        38        -0.0252       -196.775
        38        -0.0249       -201.193
        38        -0.0246       -205.917
        38        -0.0243       -210.969
        38         -0.024       -216.363
        38        -0.0237       -222.113
        38        -0.0234       -228.239
        38        -0.0231       -234.771
        38        -0.0228       -241.731
        38        -0.0225       -249.145
        38        -0.0222       -257.044
        38        -0.0219       -265.456
        38        -0.0216       -274.408
        38        -0.0213       -283.933
        38         -0.021       -294.073
        38        -0.0207       -304.865
        38        -0.0204       -316.351
        38        -0.0201       -328.571
        38        -0.0198       -341.546
        38        -0.0195        -355.47
        38        -0.0192       -370.496
        38        -0.0189       -386.541
        38        -0.0186        -403.64
        38        -0.0183       -421.821
        38         -0.018       -441.114
        38        -0.0177       -461.573
        38        -0.0174       -483.257
        38        -0.0171        -506.22
        38        -0.0168       -530.529
        38        -0.0165       -556.246
        38        -0.0162       -583.438
        38        -0.0159       -612.182
        38        -0.0156       -642.554
        38        -0.0153       -674.647
        38         -0.015       -708.547
        38        -0.0147       -744.346
        38        -0.0144        -782.16
        38        -0.0141       -822.099
        38        -0.0138       -864.278
        38        -0.0135       -908.833
        38        -0.0132       -955.914
        38        -0.0129       -1005.69
        38        -0.0126       -1058.32
        38        -0.0123          -1114
        38         -0.012       -1172.96
        38        -0.0117       -1235.43
        38        -0.0114        -1301.7
        38        -0.0111       -1372.07
        38        -0.0108       -1446.88
        38        -0.0105       -1526.54
        38        -0.0102       -1611.51
        38        -0.0099       -1702.29
        38        -0.0096        -1799.5
        38        -0.0093        -1903.8
        38         -0.009       -2015.99
        38        -0.0087       -2137.01
        38        -0.0084       -2267.96
        38        -0.0081       -2410.21
        38        -0.0078       -2565.39
        38        -0.0075       -2735.54
        38        -0.0072       -2923.22
        38        -0.0069       -3131.71
        38        -0.0066       -3365.36
        38        -0.0063        -3630.1
        38         -0.006       -3934.35
        38        -0.0057       -4291.03
        38        -0.0054        -4723.3
        38        -0.0051          -5000
        38        -0.0048          -5000
        38        -0.0045          -5000
        38        -0.0042       -4987.89
        38        -0.0039       -4908.14
        38        -0.0036       -4839.55
        38        -0.0033       -4781.91
        38         -0.003       -4734.46
        38        -0.0027       -4696.06
        38        -0.0024       -4665.41
        38        -0.0021       -4641.27
        38        -0.0018       -4622.41
        38        -0.0015       -4607.64
        38        -0.0012       -4595.85
        38        -0.0009       -4586.01
        38        -0.0006       -4577.54
        38        -0.0003       -4570.42
        38              0       -4565.15
        38         0.0003       -4562.49
        38         0.0006       -4564.74
        38         0.0009       -4570.41
        38         0.0012       -4578.05
        38         0.0015       -4587.27
        38         0.0018       -4598.03
        38         0.0021       -4611.02
        38         0.0024       -4627.29
        38         0.0027          -4648
        38          0.003       -4674.31
        38         0.0033       -4707.48
        38         0.0036       -4748.82
        38         0.0039       -4799.57
        38         0.0042       -4860.79
        38         0.0045       -4933.04
        38         0.0048          -5000
        38         0.0051          -5000
        38         0.0054          -5000
        38         0.0057          -5000
        38          0.006       -4571.87
        38         0.0063       -4167.43
        38         0.0066       -3829.29
        38         0.0069       -3538.89
        38         0.0072       -3285.02
        38         0.0075       -3060.15
        38         0.0078       -2858.92
        38         0.0081       -2677.36
        38         0.0084       -2512.43
        38         0.0087       -2361.75
        38          0.009       -2223.42
        38         0.0093        -2095.9
        38         0.0096       -1977.94
        38         0.0099       -1868.49
        38         0.0102       -1766.67
        38         0.0105       -1671.74
        38         0.0108       -1583.02
        38         0.0111       -1499.94
        38         0.0114          -1422
        38         0.0117       -1348.75
        38          0.012       -1279.84
        38         0.0123       -1214.93
        38         0.0126       -1153.72
        38         0.0129       -1095.93
        38         0.0132       -1041.34
        38         0.0135       -989.732
        38         0.0138       -940.919
        38         0.0141       -894.728
        38         0.0144       -851.011
        38         0.0147       -809.624
        38          0.015       -770.437
        38         0.0153       -733.337
        38         0.0156       -698.217
        38         0.0159       -664.972
        38         0.0162       -633.508
        38         0.0165       -603.737
        38         0.0168       -575.569
        38         0.0171       -548.928
        38         0.0174       -523.736
        38         0.0177       -499.931
        38          0.018       -477.452
        38         0.0183       -456.232
        38         0.0186       -436.227
        38         0.0189       -417.376
        38         0.0192       -399.634
        38         0.0195       -382.971
        38         0.0198       -367.358
        38         0.0201       -352.776
        38         0.0204        -339.27
        38         0.0207       -326.617
        38          0.021       -314.724
        38         0.0213       -303.554
        38         0.0216       -293.075
        38         0.0219       -283.248
        38         0.0222        -274.04
        38         0.0225       -265.401
        38         0.0228       -257.294
        38         0.0231       -249.697
        38         0.0234       -242.582
        38         0.0237       -235.919
        38          0.024       -229.681
        38         0.0243       -223.842
        38         0.0246       -218.382
        38         0.0249       -213.282
        38         0.0252       -208.526
        38         0.0255       -204.097
        38         0.0258        -199.98
        38         0.0261        -196.16
        38         0.0264       -192.622
        38         0.0267       -189.351
        38          0.027        -186.34
        38         0.0273       -183.582
        38         0.0276        -181.06
        38         0.0279       -178.768
        38         0.0282       -176.705
        38         0.0285       -174.859
        38         0.0288       -173.222
        38         0.0291        -171.79
        38         0.0294       -170.558
        38         0.0297       -169.523
        38           0.03        -168.68
        38         0.0303       -168.027
        38         0.0306       -167.562
        38         0.0309       -167.284
        38         0.0312       -167.191
        39        -0.0315       -158.336
        39        -0.0312       -158.417
        39        -0.0309       -158.664
        39        -0.0306       -159.065
        39        -0.0303       -159.626
        39          -0.03       -160.348
        39        -0.0297       -161.233
        39        -0.0294       -162.291
        39        -0.0291       -163.518
        39        -0.0288       -164.922
        39        -0.0285        -166.51
        39        -0.0282       -168.281
        39        -0.0279       -170.239
        39        -0.0276       -172.393
        39        -0.0273       -174.751
        39         -0.027       -177.323
        39        -0.0267       -180.113
        39        -0.0264        -183.13
        39        -0.0261       -186.385
        39        -0.0258       -189.887
        39        -0.0255       -193.649
        39        -0.0252       -197.682
        39        -0.0249       -202.001
        39        -0.0246        -206.62
        39        -0.0243       -211.558
        39         -0.024       -216.835
        39        -0.0237       -222.464
        39        -0.0234       -228.466
        39        -0.0231       -234.869
        39        -0.0228       -241.698
        39        -0.0225       -248.976
        39        -0.0222       -256.734
        39        -0.0219       -264.999
        39        -0.0216       -273.801
        39        -0.0213       -283.173
        39         -0.021       -293.162
        39        -0.0207       -303.795
        39        -0.0204       -315.109
        39        -0.0201       -327.145
        39        -0.0198       -339.933
        39        -0.0195       -353.642
        39        -0.0192       -368.447
        39        -0.0189       -384.303
        39        -0.0186       -401.208
        39        -0.0183       -419.197
        39         -0.018       -438.319
        39        -0.0177       -458.605
        39        -0.0174       -480.116
        39        -0.0171       -502.911
        39        -0.0168       -527.038
        39        -0.0165       -552.563
        39        -0.0162       -579.559
        39        -0.0159       -608.098
        39        -0.0156       -638.268
        39        -0.0153       -670.158
        39         -0.015        -703.86
        39        -0.0147       -739.469
        39        -0.0144        -777.09
        39        -0.0141       -816.843
        39        -0.0138       -858.847
        39        -0.0135        -903.23
        39        -0.0132       -950.139
        39        -0.0129        -999.75
        39        -0.0126       -1052.23
        39        -0.0123       -1107.76
        39         -0.012       -1166.57
        39        -0.0117       -1228.92
        39        -0.0114       -1295.07
        39        -0.0111       -1365.34
        39        -0.0108       -1440.07
        39        -0.0105       -1519.67
        39        -0.0102       -1604.58
        39        -0.0099       -1695.34
        39        -0.0096       -1792.54
        39        -0.0093       -1896.85
        39         -0.009       -2009.08
        39        -0.0087       -2130.18
        39        -0.0084       -2261.27
        39        -0.0081       -2403.68
        39        -0.0078       -2559.08
        39        -0.0075       -2729.51
        39        -0.0072       -2917.54
        39        -0.0069       -3126.48
        39        -0.0066       -3360.67
        39        -0.0063       -3626.07
        39         -0.006       -3931.13
        39        -0.0057       -4288.83
        39        -0.0054       -4722.42
        39        -0.0051          -5000
        39        -0.0048          -5000
        39        -0.0045          -5000
        39        -0.0042       -4987.69
        39        -0.0039       -4906.67
        39        -0.0036       -4836.86
        39        -0.0033       -4778.02
        39         -0.003       -4729.34
        39        -0.0027       -4689.64
        39        -0.0024       -4657.58
        39        -0.0021       -4631.85
        39        -0.0018       -4611.13
        39        -0.0015       -4594.12
        39        -0.0012       -4579.74
        39        -0.0009       -4567.03
        39        -0.0006       -4555.54
        39        -0.0003       -4545.45
        39              0       -4538.34
        39         0.0003       -4537.58
        39         0.0006       -4543.21
        39         0.0009        -4552.4
        39         0.0012       -4562.86
        39         0.0015       -4574.42
        39         0.0018       -4587.24
        39         0.0021       -4601.94
        39         0.0024       -4619.62
        39         0.0027       -4641.52
        39          0.003        -4668.9
        39         0.0033       -4703.08
        39         0.0036       -4745.35
        39         0.0039       -4797.02
        39         0.0042       -4859.13
        39         0.0045       -4932.28
        39         0.0048          -5000
        39         0.0051          -5000
        39         0.0054          -5000
        39         0.0057          -5000
        39          0.006       -4570.96
        39         0.0063       -4165.64
        39         0.0066       -3826.79
        39         0.0069        -3535.8
        39         0.0072       -3281.44
        39         0.0075       -3056.17
        39         0.0078       -2854.61
        39         0.0081       -2672.78
        39         0.0084       -2507.62
        39         0.0087       -2356.75
        39          0.009       -2218.29
        39         0.0093       -2090.67
        39         0.0096       -1972.64
        39         0.0099       -1863.13
        39         0.0102       -1761.27
        39         0.0105        -1666.3
        39         0.0108       -1577.57
        39         0.0111       -1494.51
        39         0.0114       -1416.61
        39         0.0117       -1343.42
        39          0.012       -1274.58
        39         0.0123       -1209.74
        39         0.0126       -1148.61
        39         0.0129       -1090.91
        39         0.0132       -1036.42
        39         0.0135       -984.915
        39         0.0138       -936.222
        39         0.0141       -890.172
        39         0.0144       -846.608
        39         0.0147       -805.382
        39          0.015       -766.365
        39         0.0153        -729.44
        39         0.0156       -694.498
        39         0.0159       -661.438
        39         0.0162       -630.161
        39         0.0165       -600.575
        39         0.0168       -572.592
        39         0.0171       -546.135
        39         0.0174       -521.133
        39         0.0177       -497.518
        39          0.018       -475.222
        39         0.0183       -454.177
        39         0.0186       -434.326
        39         0.0189       -415.631
        39         0.0192       -398.061
        39         0.0195       -381.574
        39         0.0198       -366.129
        39         0.0201       -351.702
        39         0.0204       -338.333
        39         0.0207       -325.822
        39          0.021        -314.07
        39         0.0213       -303.048
        39         0.0216       -292.713
        39         0.0219       -283.037
        39         0.0222       -273.984
        39         0.0225       -265.499
        39         0.0228       -257.554
        39         0.0231       -250.107
        39         0.0234       -243.126
        39         0.0237       -236.596
        39          0.024       -230.494
        39         0.0243       -224.789
        39         0.0246       -219.459
        39         0.0249       -214.483
        39         0.0252        -209.84
        39         0.0255       -205.523
        39         0.0258       -201.512
        39         0.0261       -197.808
        39         0.0264       -194.378
        39         0.0267       -191.208
        39          0.027       -188.288
        39         0.0273       -185.607
        39         0.0276        -183.16
        39         0.0279       -180.942
        39         0.0282        -178.94
        39         0.0285       -177.147
        39         0.0288       -175.556
        39         0.0291       -174.164
        39         0.0294       -172.966
        39         0.0297       -171.958
        39           0.03       -171.137
        39         0.0303         -170.5
        39         0.0306       -170.048
        39         0.0309       -169.778
        39         0.0312       -169.688
        40        -0.0315       -157.298
        40        -0.0312       -157.378
        40        -0.0309       -157.618
        40        -0.0306       -158.017
        40        -0.0303       -158.577
        40          -0.03       -159.298
        40        -0.0297       -160.183
        40        -0.0294       -161.235
        40        -0.0291       -162.468
        40        -0.0288       -163.874
        40        -0.0285       -165.457
        40        -0.0282       -167.223
        40        -0.0279       -169.177
        40        -0.0276       -171.323
        40        -0.0273       -173.675
        40         -0.027       -176.246
        40        -0.0267       -179.032
        40        -0.0264       -182.043
        40        -0.0261       -185.291
        40        -0.0258       -188.794
        40        -0.0255       -192.561
        40        -0.0252       -196.604
        40        -0.0249       -200.937
        40        -0.0246       -205.573
        40        -0.0243       -210.528
        40         -0.024       -215.823
        40        -0.0237       -221.477
        40        -0.0234       -227.508
        40        -0.0231       -233.944
        40        -0.0228       -240.804
        40        -0.0225       -248.118
        40        -0.0222       -255.918
        40        -0.0219       -264.234
        40        -0.0216       -273.089
        40        -0.0213       -282.514
        40         -0.021       -292.556
        40        -0.0207       -303.242
        40        -0.0204        -314.62
        40        -0.0201       -326.748
        40        -0.0198       -339.675
        40        -0.0195       -353.522
        40        -0.0192       -368.376
        40        -0.0189       -384.243
        40        -0.0186       -401.154
        40        -0.0183       -419.162
        40         -0.018       -438.323
        40        -0.0177       -458.675
        40        -0.0174       -480.256
        40        -0.0171        -503.12
        40        -0.0168        -527.33
        40        -0.0165        -552.95
        40        -0.0162       -580.048
        40        -0.0159       -608.695
        40        -0.0156       -638.972
        40        -0.0153       -670.967
        40         -0.015       -704.779
        40        -0.0147       -740.509
        40        -0.0144       -778.258
        40        -0.0141        -818.14
        40        -0.0138       -860.279
        40        -0.0135       -904.807
        40        -0.0132       -951.872
        40        -0.0129       -1001.63
        40        -0.0126       -1054.25
        40        -0.0123       -1109.93
        40         -0.012       -1168.89
        40        -0.0117       -1231.37
        40        -0.0114       -1297.67
        40        -0.0111       -1368.09
        40        -0.0108       -1442.97
        40        -0.0105       -1522.71
        40        -0.0102       -1607.75
        40        -0.0099       -1698.64
        40        -0.0096       -1795.97
        40        -0.0093       -1900.41
        40         -0.009       -2012.75
        40        -0.0087       -2133.92
        40        -0.0084       -2265.02
        40        -0.0081       -2407.42
        40        -0.0078       -2562.76
        40        -0.0075       -2733.08
        40        -0.0072       -2920.95
        40        -0.0069       -3129.66
        40        -0.0066       -3363.57
        40        -0.0063        -3628.6
        40         -0.006       -3933.18
        40        -0.0057       -4290.26
        40        -0.0054       -4722.99
        40        -0.0051          -5000
        40        -0.0048          -5000
        40        -0.0045          -5000
        40        -0.0042       -4987.88
        40        -0.0039       -4908.15
        40        -0.0036        -4839.6
        40        -0.0033       -4782.06
        40         -0.003       -4734.74
        40        -0.0027       -4696.51
        40        -0.0024       -4666.13
        40        -0.0021       -4642.38
        40        -0.0018       -4624.14
        40        -0.0015       -4610.36
        40        -0.0012       -4599.97
        40        -0.0009       -4592.06
        40        -0.0006          -4586
        40        -0.0003       -4581.32
        40              0       -4578.18
        40         0.0003        -4577.3
        40         0.0006       -4579.02
        40         0.0009       -4582.77
        40         0.0012       -4587.93
        40         0.0015       -4594.61
        40         0.0018        -4603.3
        40         0.0021       -4614.78
        40         0.0024          -4630
        40         0.0027       -4649.95
        40          0.003       -4675.77
        40         0.0033       -4708.62
        40         0.0036       -4749.68
        40         0.0039       -4800.18
        40         0.0042       -4861.18
        40         0.0045       -4933.23
        40         0.0048          -5000
        40         0.0051          -5000
        40         0.0054          -5000
        40         0.0057          -5000
        40          0.006       -4571.48
        40         0.0063       -4166.66
        40         0.0066        -3828.2
        40         0.0069       -3537.49
        40         0.0072       -3283.35
        40         0.0075       -3058.23
        40         0.0078       -2856.77
        40         0.0081       -2674.99
        40         0.0084       -2509.84
        40         0.0087       -2358.97
        40          0.009       -2220.45
        40         0.0093       -2092.77
        40         0.0096       -1974.65
        40         0.0099       -1865.05
        40         0.0102       -1763.08
        40         0.0105       -1668.01
        40         0.0108       -1579.17
        40         0.0111       -1495.99
        40         0.0114       -1417.95
        40         0.0117       -1344.62
        40          0.012       -1275.62
        40         0.0123       -1210.64
        40         0.0126       -1149.37
        40         0.0129       -1091.53
        40         0.0132       -1036.91
        40         0.0135       -985.277
        40         0.0138        -936.45
        40         0.0141       -890.254
        40         0.0144        -846.54
        40         0.0147       -805.169
        40          0.015       -766.016
        40         0.0153       -728.953
        40         0.0156       -693.878
        40         0.0159        -660.68
        40         0.0162       -629.264
        40         0.0165       -599.542
        40         0.0168       -571.432
        40         0.0171       -544.856
        40         0.0174        -519.74
        40         0.0177       -496.007
        40          0.018       -473.597
        40         0.0183        -452.45
        40         0.0186       -432.521
        40         0.0189       -413.752
        40         0.0192       -396.097
        40         0.0195       -379.541
        40         0.0198       -364.065
        40         0.0201       -349.667
        40         0.0204       -336.415
        40         0.0207       -323.981
        40          0.021       -312.286
        40         0.0213       -301.303
        40         0.0216       -291.006
        40         0.0219        -281.37
        40         0.0222       -272.347
        40         0.0225       -263.885
        40         0.0228       -255.946
        40         0.0231       -248.509
        40         0.0234       -241.558
        40         0.0237       -235.056
        40          0.024       -228.971
        40         0.0243       -223.279
        40         0.0246        -217.96
        40         0.0249       -212.996
        40         0.0252       -208.367
        40         0.0255        -204.06
        40         0.0258       -200.056
        40         0.0261       -196.345
        40         0.0264       -192.912
        40         0.0267        -189.74
        40          0.027       -186.822
        40         0.0273       -184.151
        40         0.0276       -181.718
        40         0.0279       -179.508
        40         0.0282       -177.517
        40         0.0285       -175.734
        40         0.0288       -174.155
        40         0.0291       -172.774
        40         0.0294       -171.587
        40         0.0297        -170.59
        40           0.03       -169.779
        40         0.0303       -169.151
        40         0.0306       -168.702
        40         0.0309       -168.433
        40         0.0312       -168.343
